ISO-10303-21;
HEADER;
FILE_DESCRIPTION(('Open CASCADE Model'),'2;1');
FILE_NAME('Open CASCADE Shape Model','2026-08-22T20:24:11',('Author'),(
    'Open CASCADE'),'Open CASCADE STEP processor 7.9','build123d',
  'Unknown');
FILE_SCHEMA(('AUTOMOTIVE_DESIGN { 1 0 10303 214 1 1 1 1 }'));
ENDSEC;
DATA;
#1 = APPLICATION_PROTOCOL_DEFINITION('international standard',
  'automotive_design',2000,#2);
#2 = APPLICATION_CONTEXT(
  'core data for automotive mechanical design processes');
#3 = SHAPE_DEFINITION_REPRESENTATION(#4,#10);
#4 = PRODUCT_DEFINITION_SHAPE('','',#5);
#5 = PRODUCT_DEFINITION('design','',#6,#9);
#6 = PRODUCT_DEFINITION_FORMATION('','',#7);
#7 = PRODUCT('=>[0:1:1:2]','=>[0:1:1:2]','',(#8));
#8 = PRODUCT_CONTEXT('',#2,'mechanical');
#9 = PRODUCT_DEFINITION_CONTEXT('part definition',#2,'design');
#10 = SHAPE_REPRESENTATION('',(#11,#15),#19);
#11 = AXIS2_PLACEMENT_3D('',#12,#13,#14);
#12 = CARTESIAN_POINT('',(0.,0.,0.));
#13 = DIRECTION('',(0.,0.,1.));
#14 = DIRECTION('',(1.,0.,-0.));
#15 = AXIS2_PLACEMENT_3D('',#16,#17,#18);
#16 = CARTESIAN_POINT('',(0.,1.59872115546E-14,142.26666666666));
#17 = DIRECTION('',(0.,-1.224646799147E-16,-1.));
#18 = DIRECTION('',(1.,0.,0.));
#19 = ( GEOMETRIC_REPRESENTATION_CONTEXT(3) 
GLOBAL_UNCERTAINTY_ASSIGNED_CONTEXT((#23)) GLOBAL_UNIT_ASSIGNED_CONTEXT(
(#20,#21,#22)) REPRESENTATION_CONTEXT('Context #1',
  '3D Context with UNIT and UNCERTAINTY') );
#20 = ( LENGTH_UNIT() NAMED_UNIT(*) SI_UNIT(.MILLI.,.METRE.) );
#21 = ( NAMED_UNIT(*) PLANE_ANGLE_UNIT() SI_UNIT($,.RADIAN.) );
#22 = ( NAMED_UNIT(*) SI_UNIT($,.STERADIAN.) SOLID_ANGLE_UNIT() );
#23 = UNCERTAINTY_MEASURE_WITH_UNIT(LENGTH_MEASURE(2.E-07),#20,
  'distance_accuracy_value','confusion accuracy');
#24 = PRODUCT_RELATED_PRODUCT_CATEGORY('part',$,(#7));
#25 = SHAPE_DEFINITION_REPRESENTATION(#26,#32);
#26 = PRODUCT_DEFINITION_SHAPE('','',#27);
#27 = PRODUCT_DEFINITION('design','',#28,#31);
#28 = PRODUCT_DEFINITION_FORMATION('','',#29);
#29 = PRODUCT('COMPOUND','COMPOUND','',(#30));
#30 = PRODUCT_CONTEXT('',#2,'mechanical');
#31 = PRODUCT_DEFINITION_CONTEXT('part definition',#2,'design');
#32 = ADVANCED_BREP_SHAPE_REPRESENTATION('',(#11,#33),#11128);
#33 = MANIFOLD_SOLID_BREP('',#34);
#34 = CLOSED_SHELL('',(#35,#155,#241,#327,#502,#662,#689,#716,#743,#770,
    #777,#832,#887,#922,#926,#981,#1209,#1285,#1386,#1477,#1525,#1573,
    #1676,#1769,#1796,#1823,#2375,#2383,#2411,#2418,#2494,#2548,#2602,
    #2651,#2700,#2754,#2808,#2835,#2890,#2945,#3000,#3055,#3110,#3165,
    #3220,#3466,#3470,#3474,#3478,#3482,#3486,#3490,#3494,#3569,#3639,
    #3709,#3759,#3829,#4075,#4151,#4201,#4251,#4300,#4349,#4399,#4449,
    #4476,#4722,#4797,#4867,#4937,#4987,#5057,#5319,#5395,#5449,#5503,
    #5552,#5601,#5655,#5709,#5736,#5982,#6427,#7038,#7463,#7513,#8124,
    #8128,#8206,#8514,#8564,#8806,#8892,#9228,#9282,#9569,#9597,#9624,
    #9651,#9678,#9682,#9686,#9713,#9740,#9767,#9794,#9821,#9849,#9876,
    #9903,#9907,#9914,#9921,#9928,#9935,#9962,#9969,#9976,#9983,#9990,
    #10045,#10080,#10135,#10385,#10461,#10515,#10569,#10618,#10667,
    #10721,#10775,#10802,#10920,#10996,#11045,#11094,#11121));
#35 = ADVANCED_FACE('',(#36),#50,.T.);
#36 = FACE_BOUND('',#37,.T.);
#37 = EDGE_LOOP('',(#38,#73,#101,#129));
#38 = ORIENTED_EDGE('',*,*,#39,.T.);
#39 = EDGE_CURVE('',#40,#42,#44,.T.);
#40 = VERTEX_POINT('',#41);
#41 = CARTESIAN_POINT('',(-10.,-8.,139.));
#42 = VERTEX_POINT('',#43);
#43 = CARTESIAN_POINT('',(-10.,-8.,140.46666666666));
#44 = SURFACE_CURVE('',#45,(#49,#61),.PCURVE_S1.);
#45 = LINE('',#46,#47);
#46 = CARTESIAN_POINT('',(-10.,-8.,139.));
#47 = VECTOR('',#48,1.);
#48 = DIRECTION('',(0.,0.,1.));
#49 = PCURVE('',#50,#55);
#50 = PLANE('',#51);
#51 = AXIS2_PLACEMENT_3D('',#52,#53,#54);
#52 = CARTESIAN_POINT('',(-10.,-8.,139.));
#53 = DIRECTION('',(-1.,0.,0.));
#54 = DIRECTION('',(0.,1.,0.));
#55 = DEFINITIONAL_REPRESENTATION('',(#56),#60);
#56 = LINE('',#57,#58);
#57 = CARTESIAN_POINT('',(0.,0.));
#58 = VECTOR('',#59,1.);
#59 = DIRECTION('',(0.,-1.));
#60 = ( GEOMETRIC_REPRESENTATION_CONTEXT(2) 
PARAMETRIC_REPRESENTATION_CONTEXT() REPRESENTATION_CONTEXT('2D SPACE',''
  ) );
#61 = PCURVE('',#62,#67);
#62 = CYLINDRICAL_SURFACE('',#63,2.);
#63 = AXIS2_PLACEMENT_3D('',#64,#65,#66);
#64 = CARTESIAN_POINT('',(-8.,-8.,139.));
#65 = DIRECTION('',(0.,0.,-1.));
#66 = DIRECTION('',(-1.,0.,0.));
#67 = DEFINITIONAL_REPRESENTATION('',(#68),#72);
#68 = LINE('',#69,#70);
#69 = CARTESIAN_POINT('',(6.28318530718,0.));
#70 = VECTOR('',#71,1.);
#71 = DIRECTION('',(0.,-1.));
#72 = ( GEOMETRIC_REPRESENTATION_CONTEXT(2) 
PARAMETRIC_REPRESENTATION_CONTEXT() REPRESENTATION_CONTEXT('2D SPACE',''
  ) );
#73 = ORIENTED_EDGE('',*,*,#74,.T.);
#74 = EDGE_CURVE('',#42,#75,#77,.T.);
#75 = VERTEX_POINT('',#76);
#76 = CARTESIAN_POINT('',(-10.,7.999999998794,140.46666666666));
#77 = SURFACE_CURVE('',#78,(#82,#89),.PCURVE_S1.);
#78 = LINE('',#79,#80);
#79 = CARTESIAN_POINT('',(-10.,7.283063041541E-14,140.46666666666));
#80 = VECTOR('',#81,1.);
#81 = DIRECTION('',(0.,1.,0.));
#82 = PCURVE('',#50,#83);
#83 = DEFINITIONAL_REPRESENTATION('',(#84),#88);
#84 = LINE('',#85,#86);
#85 = CARTESIAN_POINT('',(8.,-1.466666666667));
#86 = VECTOR('',#87,1.);
#87 = DIRECTION('',(1.,0.));
#88 = ( GEOMETRIC_REPRESENTATION_CONTEXT(2) 
PARAMETRIC_REPRESENTATION_CONTEXT() REPRESENTATION_CONTEXT('2D SPACE',''
  ) );
#89 = PCURVE('',#90,#95);
#90 = PLANE('',#91);
#91 = AXIS2_PLACEMENT_3D('',#92,#93,#94);
#92 = CARTESIAN_POINT('',(-1.75319293366E-10,-1.927056754723E-10,
    140.46666666666));
#93 = DIRECTION('',(0.,0.,1.));
#94 = DIRECTION('',(1.,0.,0.));
#95 = DEFINITIONAL_REPRESENTATION('',(#96),#100);
#96 = LINE('',#97,#98);
#97 = CARTESIAN_POINT('',(-9.999999999825,1.927785061027E-10));
#98 = VECTOR('',#99,1.);
#99 = DIRECTION('',(0.,1.));
#100 = ( GEOMETRIC_REPRESENTATION_CONTEXT(2) 
PARAMETRIC_REPRESENTATION_CONTEXT() REPRESENTATION_CONTEXT('2D SPACE',''
  ) );
#101 = ORIENTED_EDGE('',*,*,#102,.F.);
#102 = EDGE_CURVE('',#103,#75,#105,.T.);
#103 = VERTEX_POINT('',#104);
#104 = CARTESIAN_POINT('',(-10.,7.999999998794,139.));
#105 = SURFACE_CURVE('',#106,(#110,#117),.PCURVE_S1.);
#106 = LINE('',#107,#108);
#107 = CARTESIAN_POINT('',(-10.,7.999999998794,139.));
#108 = VECTOR('',#109,1.);
#109 = DIRECTION('',(0.,0.,1.));
#110 = PCURVE('',#50,#111);
#111 = DEFINITIONAL_REPRESENTATION('',(#112),#116);
#112 = LINE('',#113,#114);
#113 = CARTESIAN_POINT('',(15.999999998794,0.));
#114 = VECTOR('',#115,1.);
#115 = DIRECTION('',(0.,-1.));
#116 = ( GEOMETRIC_REPRESENTATION_CONTEXT(2) 
PARAMETRIC_REPRESENTATION_CONTEXT() REPRESENTATION_CONTEXT('2D SPACE',''
  ) );
#117 = PCURVE('',#118,#123);
#118 = CYLINDRICAL_SURFACE('',#119,2.);
#119 = AXIS2_PLACEMENT_3D('',#120,#121,#122);
#120 = CARTESIAN_POINT('',(-8.,7.999999998794,139.));
#121 = DIRECTION('',(0.,0.,-1.));
#122 = DIRECTION('',(-1.,0.,0.));
#123 = DEFINITIONAL_REPRESENTATION('',(#124),#128);
#124 = LINE('',#125,#126);
#125 = CARTESIAN_POINT('',(0.,0.));
#126 = VECTOR('',#127,1.);
#127 = DIRECTION('',(0.,-1.));
#128 = ( GEOMETRIC_REPRESENTATION_CONTEXT(2) 
PARAMETRIC_REPRESENTATION_CONTEXT() REPRESENTATION_CONTEXT('2D SPACE',''
  ) );
#129 = ORIENTED_EDGE('',*,*,#130,.F.);
#130 = EDGE_CURVE('',#40,#103,#131,.T.);
#131 = SURFACE_CURVE('',#132,(#136,#143),.PCURVE_S1.);
#132 = LINE('',#133,#134);
#133 = CARTESIAN_POINT('',(-10.,7.283063041541E-14,139.));
#134 = VECTOR('',#135,1.);
#135 = DIRECTION('',(0.,1.,0.));
#136 = PCURVE('',#50,#137);
#137 = DEFINITIONAL_REPRESENTATION('',(#138),#142);
#138 = LINE('',#139,#140);
#139 = CARTESIAN_POINT('',(8.,0.));
#140 = VECTOR('',#141,1.);
#141 = DIRECTION('',(1.,0.));
#142 = ( GEOMETRIC_REPRESENTATION_CONTEXT(2) 
PARAMETRIC_REPRESENTATION_CONTEXT() REPRESENTATION_CONTEXT('2D SPACE',''
  ) );
#143 = PCURVE('',#144,#149);
#144 = PLANE('',#145);
#145 = AXIS2_PLACEMENT_3D('',#146,#147,#148);
#146 = CARTESIAN_POINT('',(-1.75319293366E-10,-1.927056754723E-10,139.)
  );
#147 = DIRECTION('',(0.,0.,1.));
#148 = DIRECTION('',(1.,0.,0.));
#149 = DEFINITIONAL_REPRESENTATION('',(#150),#154);
#150 = LINE('',#151,#152);
#151 = CARTESIAN_POINT('',(-9.999999999825,1.927785061027E-10));
#152 = VECTOR('',#153,1.);
#153 = DIRECTION('',(0.,1.));
#154 = ( GEOMETRIC_REPRESENTATION_CONTEXT(2) 
PARAMETRIC_REPRESENTATION_CONTEXT() REPRESENTATION_CONTEXT('2D SPACE',''
  ) );
#155 = ADVANCED_FACE('',(#156),#62,.T.);
#156 = FACE_BOUND('',#157,.T.);
#157 = EDGE_LOOP('',(#158,#188,#214,#215));
#158 = ORIENTED_EDGE('',*,*,#159,.T.);
#159 = EDGE_CURVE('',#160,#162,#164,.T.);
#160 = VERTEX_POINT('',#161);
#161 = CARTESIAN_POINT('',(-8.,-10.,139.));
#162 = VERTEX_POINT('',#163);
#163 = CARTESIAN_POINT('',(-8.,-10.,140.46666666666));
#164 = SURFACE_CURVE('',#165,(#169,#176),.PCURVE_S1.);
#165 = LINE('',#166,#167);
#166 = CARTESIAN_POINT('',(-8.,-10.,139.));
#167 = VECTOR('',#168,1.);
#168 = DIRECTION('',(0.,0.,1.));
#169 = PCURVE('',#62,#170);
#170 = DEFINITIONAL_REPRESENTATION('',(#171),#175);
#171 = LINE('',#172,#173);
#172 = CARTESIAN_POINT('',(4.712388980385,0.));
#173 = VECTOR('',#174,1.);
#174 = DIRECTION('',(0.,-1.));
#175 = ( GEOMETRIC_REPRESENTATION_CONTEXT(2) 
PARAMETRIC_REPRESENTATION_CONTEXT() REPRESENTATION_CONTEXT('2D SPACE',''
  ) );
#176 = PCURVE('',#177,#182);
#177 = PLANE('',#178);
#178 = AXIS2_PLACEMENT_3D('',#179,#180,#181);
#179 = CARTESIAN_POINT('',(-8.,-10.,139.));
#180 = DIRECTION('',(0.,1.,0.));
#181 = DIRECTION('',(1.,0.,0.));
#182 = DEFINITIONAL_REPRESENTATION('',(#183),#187);
#183 = LINE('',#184,#185);
#184 = CARTESIAN_POINT('',(0.,0.));
#185 = VECTOR('',#186,1.);
#186 = DIRECTION('',(0.,-1.));
#187 = ( GEOMETRIC_REPRESENTATION_CONTEXT(2) 
PARAMETRIC_REPRESENTATION_CONTEXT() REPRESENTATION_CONTEXT('2D SPACE',''
  ) );
#188 = ORIENTED_EDGE('',*,*,#189,.T.);
#189 = EDGE_CURVE('',#162,#42,#190,.T.);
#190 = SURFACE_CURVE('',#191,(#196,#203),.PCURVE_S1.);
#191 = CIRCLE('',#192,2.);
#192 = AXIS2_PLACEMENT_3D('',#193,#194,#195);
#193 = CARTESIAN_POINT('',(-8.,-8.,140.46666666666));
#194 = DIRECTION('',(0.,0.,-1.));
#195 = DIRECTION('',(-1.,0.,0.));
#196 = PCURVE('',#62,#197);
#197 = DEFINITIONAL_REPRESENTATION('',(#198),#202);
#198 = LINE('',#199,#200);
#199 = CARTESIAN_POINT('',(0.,-1.466666666667));
#200 = VECTOR('',#201,1.);
#201 = DIRECTION('',(1.,0.));
#202 = ( GEOMETRIC_REPRESENTATION_CONTEXT(2) 
PARAMETRIC_REPRESENTATION_CONTEXT() REPRESENTATION_CONTEXT('2D SPACE',''
  ) );
#203 = PCURVE('',#90,#204);
#204 = DEFINITIONAL_REPRESENTATION('',(#205),#213);
#205 = ( BOUNDED_CURVE() B_SPLINE_CURVE(2,(#206,#207,#208,#209,#210,#211
,#212),.UNSPECIFIED.,.T.,.F.) B_SPLINE_CURVE_WITH_KNOTS((1,2,2,2,2,1),(
    -2.094395102393,0.,2.094395102393,4.188790204786,6.28318530718,
8.377580409573),.UNSPECIFIED.) CURVE() GEOMETRIC_REPRESENTATION_ITEM() 
RATIONAL_B_SPLINE_CURVE((1.,0.5,1.,0.5,1.,0.5,1.)) REPRESENTATION_ITEM(
  '') );
#206 = CARTESIAN_POINT('',(-9.999999999825,-7.999999999807));
#207 = CARTESIAN_POINT('',(-9.999999999825,-4.53589838467));
#208 = CARTESIAN_POINT('',(-6.999999999825,-6.267949192238));
#209 = CARTESIAN_POINT('',(-3.999999999825,-7.999999999807));
#210 = CARTESIAN_POINT('',(-6.999999999825,-9.732050807376));
#211 = CARTESIAN_POINT('',(-9.999999999825,-11.46410161494));
#212 = CARTESIAN_POINT('',(-9.999999999825,-7.999999999807));
#213 = ( GEOMETRIC_REPRESENTATION_CONTEXT(2) 
PARAMETRIC_REPRESENTATION_CONTEXT() REPRESENTATION_CONTEXT('2D SPACE',''
  ) );
#214 = ORIENTED_EDGE('',*,*,#39,.F.);
#215 = ORIENTED_EDGE('',*,*,#216,.F.);
#216 = EDGE_CURVE('',#160,#40,#217,.T.);
#217 = SURFACE_CURVE('',#218,(#223,#230),.PCURVE_S1.);
#218 = CIRCLE('',#219,2.);
#219 = AXIS2_PLACEMENT_3D('',#220,#221,#222);
#220 = CARTESIAN_POINT('',(-8.,-8.,139.));
#221 = DIRECTION('',(0.,0.,-1.));
#222 = DIRECTION('',(-1.,0.,0.));
#223 = PCURVE('',#62,#224);
#224 = DEFINITIONAL_REPRESENTATION('',(#225),#229);
#225 = LINE('',#226,#227);
#226 = CARTESIAN_POINT('',(0.,0.));
#227 = VECTOR('',#228,1.);
#228 = DIRECTION('',(1.,0.));
#229 = ( GEOMETRIC_REPRESENTATION_CONTEXT(2) 
PARAMETRIC_REPRESENTATION_CONTEXT() REPRESENTATION_CONTEXT('2D SPACE',''
  ) );
#230 = PCURVE('',#144,#231);
#231 = DEFINITIONAL_REPRESENTATION('',(#232),#240);
#232 = ( BOUNDED_CURVE() B_SPLINE_CURVE(2,(#233,#234,#235,#236,#237,#238
,#239),.UNSPECIFIED.,.T.,.F.) B_SPLINE_CURVE_WITH_KNOTS((1,2,2,2,2,1),(
    -2.094395102393,0.,2.094395102393,4.188790204786,6.28318530718,
8.377580409573),.UNSPECIFIED.) CURVE() GEOMETRIC_REPRESENTATION_ITEM() 
RATIONAL_B_SPLINE_CURVE((1.,0.5,1.,0.5,1.,0.5,1.)) REPRESENTATION_ITEM(
  '') );
#233 = CARTESIAN_POINT('',(-9.999999999825,-7.999999999807));
#234 = CARTESIAN_POINT('',(-9.999999999825,-4.53589838467));
#235 = CARTESIAN_POINT('',(-6.999999999825,-6.267949192238));
#236 = CARTESIAN_POINT('',(-3.999999999825,-7.999999999807));
#237 = CARTESIAN_POINT('',(-6.999999999825,-9.732050807376));
#238 = CARTESIAN_POINT('',(-9.999999999825,-11.46410161494));
#239 = CARTESIAN_POINT('',(-9.999999999825,-7.999999999807));
#240 = ( GEOMETRIC_REPRESENTATION_CONTEXT(2) 
PARAMETRIC_REPRESENTATION_CONTEXT() REPRESENTATION_CONTEXT('2D SPACE',''
  ) );
#241 = ADVANCED_FACE('',(#242),#118,.T.);
#242 = FACE_BOUND('',#243,.T.);
#243 = EDGE_LOOP('',(#244,#245,#273,#301));
#244 = ORIENTED_EDGE('',*,*,#102,.T.);
#245 = ORIENTED_EDGE('',*,*,#246,.T.);
#246 = EDGE_CURVE('',#75,#247,#249,.T.);
#247 = VERTEX_POINT('',#248);
#248 = CARTESIAN_POINT('',(-8.,9.999999999397,140.46666666666));
#249 = SURFACE_CURVE('',#250,(#255,#262),.PCURVE_S1.);
#250 = CIRCLE('',#251,2.);
#251 = AXIS2_PLACEMENT_3D('',#252,#253,#254);
#252 = CARTESIAN_POINT('',(-8.,7.999999998794,140.46666666666));
#253 = DIRECTION('',(0.,0.,-1.));
#254 = DIRECTION('',(-1.,0.,0.));
#255 = PCURVE('',#118,#256);
#256 = DEFINITIONAL_REPRESENTATION('',(#257),#261);
#257 = LINE('',#258,#259);
#258 = CARTESIAN_POINT('',(0.,-1.466666666667));
#259 = VECTOR('',#260,1.);
#260 = DIRECTION('',(1.,0.));
#261 = ( GEOMETRIC_REPRESENTATION_CONTEXT(2) 
PARAMETRIC_REPRESENTATION_CONTEXT() REPRESENTATION_CONTEXT('2D SPACE',''
  ) );
#262 = PCURVE('',#90,#263);
#263 = DEFINITIONAL_REPRESENTATION('',(#264),#272);
#264 = ( BOUNDED_CURVE() B_SPLINE_CURVE(2,(#265,#266,#267,#268,#269,#270
,#271),.UNSPECIFIED.,.T.,.F.) B_SPLINE_CURVE_WITH_KNOTS((1,2,2,2,2,1),(
    -2.094395102393,0.,2.094395102393,4.188790204786,6.28318530718,
8.377580409573),.UNSPECIFIED.) CURVE() GEOMETRIC_REPRESENTATION_ITEM() 
RATIONAL_B_SPLINE_CURVE((1.,0.5,1.,0.5,1.,0.5,1.)) REPRESENTATION_ITEM(
  '') );
#265 = CARTESIAN_POINT('',(-9.999999999825,7.999999998986));
#266 = CARTESIAN_POINT('',(-9.999999999825,11.464101614124));
#267 = CARTESIAN_POINT('',(-6.999999999825,9.732050806555));
#268 = CARTESIAN_POINT('',(-3.999999999825,7.999999998986));
#269 = CARTESIAN_POINT('',(-6.999999999825,6.267949191418));
#270 = CARTESIAN_POINT('',(-9.999999999825,4.535898383849));
#271 = CARTESIAN_POINT('',(-9.999999999825,7.999999998986));
#272 = ( GEOMETRIC_REPRESENTATION_CONTEXT(2) 
PARAMETRIC_REPRESENTATION_CONTEXT() REPRESENTATION_CONTEXT('2D SPACE',''
  ) );
#273 = ORIENTED_EDGE('',*,*,#274,.F.);
#274 = EDGE_CURVE('',#275,#247,#277,.T.);
#275 = VERTEX_POINT('',#276);
#276 = CARTESIAN_POINT('',(-8.,9.999999999397,139.));
#277 = SURFACE_CURVE('',#278,(#282,#289),.PCURVE_S1.);
#278 = LINE('',#279,#280);
#279 = CARTESIAN_POINT('',(-8.,9.999999999397,139.));
#280 = VECTOR('',#281,1.);
#281 = DIRECTION('',(0.,0.,1.));
#282 = PCURVE('',#118,#283);
#283 = DEFINITIONAL_REPRESENTATION('',(#284),#288);
#284 = LINE('',#285,#286);
#285 = CARTESIAN_POINT('',(1.570796326795,0.));
#286 = VECTOR('',#287,1.);
#287 = DIRECTION('',(0.,-1.));
#288 = ( GEOMETRIC_REPRESENTATION_CONTEXT(2) 
PARAMETRIC_REPRESENTATION_CONTEXT() REPRESENTATION_CONTEXT('2D SPACE',''
  ) );
#289 = PCURVE('',#290,#295);
#290 = PLANE('',#291);
#291 = AXIS2_PLACEMENT_3D('',#292,#293,#294);
#292 = CARTESIAN_POINT('',(-8.,10.,139.));
#293 = DIRECTION('',(0.,1.,0.));
#294 = DIRECTION('',(1.,0.,0.));
#295 = DEFINITIONAL_REPRESENTATION('',(#296),#300);
#296 = LINE('',#297,#298);
#297 = CARTESIAN_POINT('',(0.,0.));
#298 = VECTOR('',#299,1.);
#299 = DIRECTION('',(0.,-1.));
#300 = ( GEOMETRIC_REPRESENTATION_CONTEXT(2) 
PARAMETRIC_REPRESENTATION_CONTEXT() REPRESENTATION_CONTEXT('2D SPACE',''
  ) );
#301 = ORIENTED_EDGE('',*,*,#302,.F.);
#302 = EDGE_CURVE('',#103,#275,#303,.T.);
#303 = SURFACE_CURVE('',#304,(#309,#316),.PCURVE_S1.);
#304 = CIRCLE('',#305,2.);
#305 = AXIS2_PLACEMENT_3D('',#306,#307,#308);
#306 = CARTESIAN_POINT('',(-8.,7.999999998794,139.));
#307 = DIRECTION('',(0.,0.,-1.));
#308 = DIRECTION('',(-1.,0.,0.));
#309 = PCURVE('',#118,#310);
#310 = DEFINITIONAL_REPRESENTATION('',(#311),#315);
#311 = LINE('',#312,#313);
#312 = CARTESIAN_POINT('',(0.,0.));
#313 = VECTOR('',#314,1.);
#314 = DIRECTION('',(1.,0.));
#315 = ( GEOMETRIC_REPRESENTATION_CONTEXT(2) 
PARAMETRIC_REPRESENTATION_CONTEXT() REPRESENTATION_CONTEXT('2D SPACE',''
  ) );
#316 = PCURVE('',#144,#317);
#317 = DEFINITIONAL_REPRESENTATION('',(#318),#326);
#318 = ( BOUNDED_CURVE() B_SPLINE_CURVE(2,(#319,#320,#321,#322,#323,#324
,#325),.UNSPECIFIED.,.T.,.F.) B_SPLINE_CURVE_WITH_KNOTS((1,2,2,2,2,1),(
    -2.094395102393,0.,2.094395102393,4.188790204786,6.28318530718,
8.377580409573),.UNSPECIFIED.) CURVE() GEOMETRIC_REPRESENTATION_ITEM() 
RATIONAL_B_SPLINE_CURVE((1.,0.5,1.,0.5,1.,0.5,1.)) REPRESENTATION_ITEM(
  '') );
#319 = CARTESIAN_POINT('',(-9.999999999825,7.999999998986));
#320 = CARTESIAN_POINT('',(-9.999999999825,11.464101614124));
#321 = CARTESIAN_POINT('',(-6.999999999825,9.732050806555));
#322 = CARTESIAN_POINT('',(-3.999999999825,7.999999998986));
#323 = CARTESIAN_POINT('',(-6.999999999825,6.267949191418));
#324 = CARTESIAN_POINT('',(-9.999999999825,4.535898383849));
#325 = CARTESIAN_POINT('',(-9.999999999825,7.999999998986));
#326 = ( GEOMETRIC_REPRESENTATION_CONTEXT(2) 
PARAMETRIC_REPRESENTATION_CONTEXT() REPRESENTATION_CONTEXT('2D SPACE',''
  ) );
#327 = ADVANCED_FACE('',(#328,#471),#144,.F.);
#328 = FACE_BOUND('',#329,.F.);
#329 = EDGE_LOOP('',(#330,#331,#332,#355,#388,#416,#449,#470));
#330 = ORIENTED_EDGE('',*,*,#130,.F.);
#331 = ORIENTED_EDGE('',*,*,#216,.F.);
#332 = ORIENTED_EDGE('',*,*,#333,.T.);
#333 = EDGE_CURVE('',#160,#334,#336,.T.);
#334 = VERTEX_POINT('',#335);
#335 = CARTESIAN_POINT('',(7.999999998794,-10.,139.));
#336 = SURFACE_CURVE('',#337,(#341,#348),.PCURVE_S1.);
#337 = LINE('',#338,#339);
#338 = CARTESIAN_POINT('',(0.,-10.,139.));
#339 = VECTOR('',#340,1.);
#340 = DIRECTION('',(1.,0.,0.));
#341 = PCURVE('',#144,#342);
#342 = DEFINITIONAL_REPRESENTATION('',(#343),#347);
#343 = LINE('',#344,#345);
#344 = CARTESIAN_POINT('',(1.75319293366E-10,-9.999999999807));
#345 = VECTOR('',#346,1.);
#346 = DIRECTION('',(1.,0.));
#347 = ( GEOMETRIC_REPRESENTATION_CONTEXT(2) 
PARAMETRIC_REPRESENTATION_CONTEXT() REPRESENTATION_CONTEXT('2D SPACE',''
  ) );
#348 = PCURVE('',#177,#349);
#349 = DEFINITIONAL_REPRESENTATION('',(#350),#354);
#350 = LINE('',#351,#352);
#351 = CARTESIAN_POINT('',(8.,0.));
#352 = VECTOR('',#353,1.);
#353 = DIRECTION('',(1.,0.));
#354 = ( GEOMETRIC_REPRESENTATION_CONTEXT(2) 
PARAMETRIC_REPRESENTATION_CONTEXT() REPRESENTATION_CONTEXT('2D SPACE',''
  ) );
#355 = ORIENTED_EDGE('',*,*,#356,.F.);
#356 = EDGE_CURVE('',#357,#334,#359,.T.);
#357 = VERTEX_POINT('',#358);
#358 = CARTESIAN_POINT('',(9.999999999397,-8.,139.));
#359 = SURFACE_CURVE('',#360,(#365,#376),.PCURVE_S1.);
#360 = CIRCLE('',#361,2.);
#361 = AXIS2_PLACEMENT_3D('',#362,#363,#364);
#362 = CARTESIAN_POINT('',(7.999999998794,-8.,139.));
#363 = DIRECTION('',(0.,0.,-1.));
#364 = DIRECTION('',(-1.,0.,0.));
#365 = PCURVE('',#144,#366);
#366 = DEFINITIONAL_REPRESENTATION('',(#367),#375);
#367 = ( BOUNDED_CURVE() B_SPLINE_CURVE(2,(#368,#369,#370,#371,#372,#373
,#374),.UNSPECIFIED.,.T.,.F.) B_SPLINE_CURVE_WITH_KNOTS((1,2,2,2,2,1),(
    -2.094395102393,0.,2.094395102393,4.188790204786,6.28318530718,
8.377580409573),.UNSPECIFIED.) CURVE() GEOMETRIC_REPRESENTATION_ITEM() 
RATIONAL_B_SPLINE_CURVE((1.,0.5,1.,0.5,1.,0.5,1.)) REPRESENTATION_ITEM(
  '') );
#368 = CARTESIAN_POINT('',(5.999999998969,-7.999999999807));
#369 = CARTESIAN_POINT('',(5.999999998969,-4.535898384669));
#370 = CARTESIAN_POINT('',(8.999999998969,-6.267949192238));
#371 = CARTESIAN_POINT('',(11.999999998969,-7.999999999807));
#372 = CARTESIAN_POINT('',(8.999999998969,-9.732050807376));
#373 = CARTESIAN_POINT('',(5.999999998969,-11.46410161494));
#374 = CARTESIAN_POINT('',(5.999999998969,-7.999999999807));
#375 = ( GEOMETRIC_REPRESENTATION_CONTEXT(2) 
PARAMETRIC_REPRESENTATION_CONTEXT() REPRESENTATION_CONTEXT('2D SPACE',''
  ) );
#376 = PCURVE('',#377,#382);
#377 = CYLINDRICAL_SURFACE('',#378,2.);
#378 = AXIS2_PLACEMENT_3D('',#379,#380,#381);
#379 = CARTESIAN_POINT('',(7.999999998794,-8.,139.));
#380 = DIRECTION('',(0.,0.,-1.));
#381 = DIRECTION('',(-1.,0.,0.));
#382 = DEFINITIONAL_REPRESENTATION('',(#383),#387);
#383 = LINE('',#384,#385);
#384 = CARTESIAN_POINT('',(0.,0.));
#385 = VECTOR('',#386,1.);
#386 = DIRECTION('',(1.,0.));
#387 = ( GEOMETRIC_REPRESENTATION_CONTEXT(2) 
PARAMETRIC_REPRESENTATION_CONTEXT() REPRESENTATION_CONTEXT('2D SPACE',''
  ) );
#388 = ORIENTED_EDGE('',*,*,#389,.T.);
#389 = EDGE_CURVE('',#357,#390,#392,.T.);
#390 = VERTEX_POINT('',#391);
#391 = CARTESIAN_POINT('',(10.,7.999999998794,139.));
#392 = SURFACE_CURVE('',#393,(#397,#404),.PCURVE_S1.);
#393 = LINE('',#394,#395);
#394 = CARTESIAN_POINT('',(10.,7.283063041541E-14,139.));
#395 = VECTOR('',#396,1.);
#396 = DIRECTION('',(0.,1.,0.));
#397 = PCURVE('',#144,#398);
#398 = DEFINITIONAL_REPRESENTATION('',(#399),#403);
#399 = LINE('',#400,#401);
#400 = CARTESIAN_POINT('',(10.000000000175,1.927785061027E-10));
#401 = VECTOR('',#402,1.);
#402 = DIRECTION('',(0.,1.));
#403 = ( GEOMETRIC_REPRESENTATION_CONTEXT(2) 
PARAMETRIC_REPRESENTATION_CONTEXT() REPRESENTATION_CONTEXT('2D SPACE',''
  ) );
#404 = PCURVE('',#405,#410);
#405 = PLANE('',#406);
#406 = AXIS2_PLACEMENT_3D('',#407,#408,#409);
#407 = CARTESIAN_POINT('',(10.,-8.,139.));
#408 = DIRECTION('',(-1.,0.,0.));
#409 = DIRECTION('',(0.,1.,0.));
#410 = DEFINITIONAL_REPRESENTATION('',(#411),#415);
#411 = LINE('',#412,#413);
#412 = CARTESIAN_POINT('',(8.,0.));
#413 = VECTOR('',#414,1.);
#414 = DIRECTION('',(1.,0.));
#415 = ( GEOMETRIC_REPRESENTATION_CONTEXT(2) 
PARAMETRIC_REPRESENTATION_CONTEXT() REPRESENTATION_CONTEXT('2D SPACE',''
  ) );
#416 = ORIENTED_EDGE('',*,*,#417,.F.);
#417 = EDGE_CURVE('',#418,#390,#420,.T.);
#418 = VERTEX_POINT('',#419);
#419 = CARTESIAN_POINT('',(8.,9.999999999397,139.));
#420 = SURFACE_CURVE('',#421,(#426,#437),.PCURVE_S1.);
#421 = CIRCLE('',#422,2.);
#422 = AXIS2_PLACEMENT_3D('',#423,#424,#425);
#423 = CARTESIAN_POINT('',(8.,7.999999998794,139.));
#424 = DIRECTION('',(0.,0.,-1.));
#425 = DIRECTION('',(-1.,0.,0.));
#426 = PCURVE('',#144,#427);
#427 = DEFINITIONAL_REPRESENTATION('',(#428),#436);
#428 = ( BOUNDED_CURVE() B_SPLINE_CURVE(2,(#429,#430,#431,#432,#433,#434
,#435),.UNSPECIFIED.,.T.,.F.) B_SPLINE_CURVE_WITH_KNOTS((1,2,2,2,2,1),(
    -2.094395102393,0.,2.094395102393,4.188790204786,6.28318530718,
8.377580409573),.UNSPECIFIED.) CURVE() GEOMETRIC_REPRESENTATION_ITEM() 
RATIONAL_B_SPLINE_CURVE((1.,0.5,1.,0.5,1.,0.5,1.)) REPRESENTATION_ITEM(
  '') );
#429 = CARTESIAN_POINT('',(6.000000000175,7.999999998986));
#430 = CARTESIAN_POINT('',(6.000000000175,11.464101614124));
#431 = CARTESIAN_POINT('',(9.000000000175,9.732050806555));
#432 = CARTESIAN_POINT('',(12.000000000175,7.999999998986));
#433 = CARTESIAN_POINT('',(9.000000000175,6.267949191418));
#434 = CARTESIAN_POINT('',(6.000000000175,4.535898383849));
#435 = CARTESIAN_POINT('',(6.000000000175,7.999999998986));
#436 = ( GEOMETRIC_REPRESENTATION_CONTEXT(2) 
PARAMETRIC_REPRESENTATION_CONTEXT() REPRESENTATION_CONTEXT('2D SPACE',''
  ) );
#437 = PCURVE('',#438,#443);
#438 = CYLINDRICAL_SURFACE('',#439,2.);
#439 = AXIS2_PLACEMENT_3D('',#440,#441,#442);
#440 = CARTESIAN_POINT('',(8.,7.999999998794,139.));
#441 = DIRECTION('',(0.,0.,-1.));
#442 = DIRECTION('',(-1.,0.,0.));
#443 = DEFINITIONAL_REPRESENTATION('',(#444),#448);
#444 = LINE('',#445,#446);
#445 = CARTESIAN_POINT('',(0.,0.));
#446 = VECTOR('',#447,1.);
#447 = DIRECTION('',(1.,0.));
#448 = ( GEOMETRIC_REPRESENTATION_CONTEXT(2) 
PARAMETRIC_REPRESENTATION_CONTEXT() REPRESENTATION_CONTEXT('2D SPACE',''
  ) );
#449 = ORIENTED_EDGE('',*,*,#450,.F.);
#450 = EDGE_CURVE('',#275,#418,#451,.T.);
#451 = SURFACE_CURVE('',#452,(#456,#463),.PCURVE_S1.);
#452 = LINE('',#453,#454);
#453 = CARTESIAN_POINT('',(0.,10.,139.));
#454 = VECTOR('',#455,1.);
#455 = DIRECTION('',(1.,0.,0.));
#456 = PCURVE('',#144,#457);
#457 = DEFINITIONAL_REPRESENTATION('',(#458),#462);
#458 = LINE('',#459,#460);
#459 = CARTESIAN_POINT('',(1.75319293366E-10,10.000000000193));
#460 = VECTOR('',#461,1.);
#461 = DIRECTION('',(1.,0.));
#462 = ( GEOMETRIC_REPRESENTATION_CONTEXT(2) 
PARAMETRIC_REPRESENTATION_CONTEXT() REPRESENTATION_CONTEXT('2D SPACE',''
  ) );
#463 = PCURVE('',#290,#464);
#464 = DEFINITIONAL_REPRESENTATION('',(#465),#469);
#465 = LINE('',#466,#467);
#466 = CARTESIAN_POINT('',(8.,0.));
#467 = VECTOR('',#468,1.);
#468 = DIRECTION('',(1.,0.));
#469 = ( GEOMETRIC_REPRESENTATION_CONTEXT(2) 
PARAMETRIC_REPRESENTATION_CONTEXT() REPRESENTATION_CONTEXT('2D SPACE',''
  ) );
#470 = ORIENTED_EDGE('',*,*,#302,.F.);
#471 = FACE_BOUND('',#472,.F.);
#472 = EDGE_LOOP('',(#473));
#473 = ORIENTED_EDGE('',*,*,#474,.F.);
#474 = EDGE_CURVE('',#475,#475,#477,.T.);
#475 = VERTEX_POINT('',#476);
#476 = CARTESIAN_POINT('',(2.,-4.898587196589E-16,139.));
#477 = SURFACE_CURVE('',#478,(#483,#490),.PCURVE_S1.);
#478 = CIRCLE('',#479,2.);
#479 = AXIS2_PLACEMENT_3D('',#480,#481,#482);
#480 = CARTESIAN_POINT('',(0.,0.,139.));
#481 = DIRECTION('',(0.,0.,1.));
#482 = DIRECTION('',(1.,0.,-0.));
#483 = PCURVE('',#144,#484);
#484 = DEFINITIONAL_REPRESENTATION('',(#485),#489);
#485 = CIRCLE('',#486,2.);
#486 = AXIS2_PLACEMENT_2D('',#487,#488);
#487 = CARTESIAN_POINT('',(1.75319293366E-10,1.927056754723E-10));
#488 = DIRECTION('',(1.,0.));
#489 = ( GEOMETRIC_REPRESENTATION_CONTEXT(2) 
PARAMETRIC_REPRESENTATION_CONTEXT() REPRESENTATION_CONTEXT('2D SPACE',''
  ) );
#490 = PCURVE('',#491,#496);
#491 = CYLINDRICAL_SURFACE('',#492,2.);
#492 = AXIS2_PLACEMENT_3D('',#493,#494,#495);
#493 = CARTESIAN_POINT('',(0.,0.,138.99));
#494 = DIRECTION('',(0.,0.,1.));
#495 = DIRECTION('',(1.,0.,-0.));
#496 = DEFINITIONAL_REPRESENTATION('',(#497),#501);
#497 = LINE('',#498,#499);
#498 = CARTESIAN_POINT('',(0.,9.999999999991E-03));
#499 = VECTOR('',#500,1.);
#500 = DIRECTION('',(1.,0.));
#501 = ( GEOMETRIC_REPRESENTATION_CONTEXT(2) 
PARAMETRIC_REPRESENTATION_CONTEXT() REPRESENTATION_CONTEXT('2D SPACE',''
  ) );
#502 = ADVANCED_FACE('',(#503,#631),#90,.T.);
#503 = FACE_BOUND('',#504,.T.);
#504 = EDGE_LOOP('',(#505,#506,#507,#530,#558,#581,#609,#630));
#505 = ORIENTED_EDGE('',*,*,#74,.F.);
#506 = ORIENTED_EDGE('',*,*,#189,.F.);
#507 = ORIENTED_EDGE('',*,*,#508,.T.);
#508 = EDGE_CURVE('',#162,#509,#511,.T.);
#509 = VERTEX_POINT('',#510);
#510 = CARTESIAN_POINT('',(7.999999998794,-10.,140.46666666666));
#511 = SURFACE_CURVE('',#512,(#516,#523),.PCURVE_S1.);
#512 = LINE('',#513,#514);
#513 = CARTESIAN_POINT('',(0.,-10.,140.46666666666));
#514 = VECTOR('',#515,1.);
#515 = DIRECTION('',(1.,0.,0.));
#516 = PCURVE('',#90,#517);
#517 = DEFINITIONAL_REPRESENTATION('',(#518),#522);
#518 = LINE('',#519,#520);
#519 = CARTESIAN_POINT('',(1.75319293366E-10,-9.999999999807));
#520 = VECTOR('',#521,1.);
#521 = DIRECTION('',(1.,0.));
#522 = ( GEOMETRIC_REPRESENTATION_CONTEXT(2) 
PARAMETRIC_REPRESENTATION_CONTEXT() REPRESENTATION_CONTEXT('2D SPACE',''
  ) );
#523 = PCURVE('',#177,#524);
#524 = DEFINITIONAL_REPRESENTATION('',(#525),#529);
#525 = LINE('',#526,#527);
#526 = CARTESIAN_POINT('',(8.,-1.466666666667));
#527 = VECTOR('',#528,1.);
#528 = DIRECTION('',(1.,0.));
#529 = ( GEOMETRIC_REPRESENTATION_CONTEXT(2) 
PARAMETRIC_REPRESENTATION_CONTEXT() REPRESENTATION_CONTEXT('2D SPACE',''
  ) );
#530 = ORIENTED_EDGE('',*,*,#531,.F.);
#531 = EDGE_CURVE('',#532,#509,#534,.T.);
#532 = VERTEX_POINT('',#533);
#533 = CARTESIAN_POINT('',(9.999999999397,-8.,140.46666666666));
#534 = SURFACE_CURVE('',#535,(#540,#551),.PCURVE_S1.);
#535 = CIRCLE('',#536,2.);
#536 = AXIS2_PLACEMENT_3D('',#537,#538,#539);
#537 = CARTESIAN_POINT('',(7.999999998794,-8.,140.46666666666));
#538 = DIRECTION('',(0.,0.,-1.));
#539 = DIRECTION('',(-1.,0.,0.));
#540 = PCURVE('',#90,#541);
#541 = DEFINITIONAL_REPRESENTATION('',(#542),#550);
#542 = ( BOUNDED_CURVE() B_SPLINE_CURVE(2,(#543,#544,#545,#546,#547,#548
,#549),.UNSPECIFIED.,.T.,.F.) B_SPLINE_CURVE_WITH_KNOTS((1,2,2,2,2,1),(
    -2.094395102393,0.,2.094395102393,4.188790204786,6.28318530718,
8.377580409573),.UNSPECIFIED.) CURVE() GEOMETRIC_REPRESENTATION_ITEM() 
RATIONAL_B_SPLINE_CURVE((1.,0.5,1.,0.5,1.,0.5,1.)) REPRESENTATION_ITEM(
  '') );
#543 = CARTESIAN_POINT('',(5.999999998969,-7.999999999807));
#544 = CARTESIAN_POINT('',(5.999999998969,-4.535898384669));
#545 = CARTESIAN_POINT('',(8.999999998969,-6.267949192238));
#546 = CARTESIAN_POINT('',(11.999999998969,-7.999999999807));
#547 = CARTESIAN_POINT('',(8.999999998969,-9.732050807376));
#548 = CARTESIAN_POINT('',(5.999999998969,-11.46410161494));
#549 = CARTESIAN_POINT('',(5.999999998969,-7.999999999807));
#550 = ( GEOMETRIC_REPRESENTATION_CONTEXT(2) 
PARAMETRIC_REPRESENTATION_CONTEXT() REPRESENTATION_CONTEXT('2D SPACE',''
  ) );
#551 = PCURVE('',#377,#552);
#552 = DEFINITIONAL_REPRESENTATION('',(#553),#557);
#553 = LINE('',#554,#555);
#554 = CARTESIAN_POINT('',(0.,-1.466666666667));
#555 = VECTOR('',#556,1.);
#556 = DIRECTION('',(1.,0.));
#557 = ( GEOMETRIC_REPRESENTATION_CONTEXT(2) 
PARAMETRIC_REPRESENTATION_CONTEXT() REPRESENTATION_CONTEXT('2D SPACE',''
  ) );
#558 = ORIENTED_EDGE('',*,*,#559,.T.);
#559 = EDGE_CURVE('',#532,#560,#562,.T.);
#560 = VERTEX_POINT('',#561);
#561 = CARTESIAN_POINT('',(10.,7.999999998794,140.46666666666));
#562 = SURFACE_CURVE('',#563,(#567,#574),.PCURVE_S1.);
#563 = LINE('',#564,#565);
#564 = CARTESIAN_POINT('',(10.,7.283063041541E-14,140.46666666666));
#565 = VECTOR('',#566,1.);
#566 = DIRECTION('',(0.,1.,0.));
#567 = PCURVE('',#90,#568);
#568 = DEFINITIONAL_REPRESENTATION('',(#569),#573);
#569 = LINE('',#570,#571);
#570 = CARTESIAN_POINT('',(10.000000000175,1.927785061027E-10));
#571 = VECTOR('',#572,1.);
#572 = DIRECTION('',(0.,1.));
#573 = ( GEOMETRIC_REPRESENTATION_CONTEXT(2) 
PARAMETRIC_REPRESENTATION_CONTEXT() REPRESENTATION_CONTEXT('2D SPACE',''
  ) );
#574 = PCURVE('',#405,#575);
#575 = DEFINITIONAL_REPRESENTATION('',(#576),#580);
#576 = LINE('',#577,#578);
#577 = CARTESIAN_POINT('',(8.,-1.466666666667));
#578 = VECTOR('',#579,1.);
#579 = DIRECTION('',(1.,0.));
#580 = ( GEOMETRIC_REPRESENTATION_CONTEXT(2) 
PARAMETRIC_REPRESENTATION_CONTEXT() REPRESENTATION_CONTEXT('2D SPACE',''
  ) );
#581 = ORIENTED_EDGE('',*,*,#582,.F.);
#582 = EDGE_CURVE('',#583,#560,#585,.T.);
#583 = VERTEX_POINT('',#584);
#584 = CARTESIAN_POINT('',(8.,9.999999999397,140.46666666666));
#585 = SURFACE_CURVE('',#586,(#591,#602),.PCURVE_S1.);
#586 = CIRCLE('',#587,2.);
#587 = AXIS2_PLACEMENT_3D('',#588,#589,#590);
#588 = CARTESIAN_POINT('',(8.,7.999999998794,140.46666666666));
#589 = DIRECTION('',(0.,0.,-1.));
#590 = DIRECTION('',(-1.,0.,0.));
#591 = PCURVE('',#90,#592);
#592 = DEFINITIONAL_REPRESENTATION('',(#593),#601);
#593 = ( BOUNDED_CURVE() B_SPLINE_CURVE(2,(#594,#595,#596,#597,#598,#599
,#600),.UNSPECIFIED.,.T.,.F.) B_SPLINE_CURVE_WITH_KNOTS((1,2,2,2,2,1),(
    -2.094395102393,0.,2.094395102393,4.188790204786,6.28318530718,
8.377580409573),.UNSPECIFIED.) CURVE() GEOMETRIC_REPRESENTATION_ITEM() 
RATIONAL_B_SPLINE_CURVE((1.,0.5,1.,0.5,1.,0.5,1.)) REPRESENTATION_ITEM(
  '') );
#594 = CARTESIAN_POINT('',(6.000000000175,7.999999998986));
#595 = CARTESIAN_POINT('',(6.000000000175,11.464101614124));
#596 = CARTESIAN_POINT('',(9.000000000175,9.732050806555));
#597 = CARTESIAN_POINT('',(12.000000000175,7.999999998986));
#598 = CARTESIAN_POINT('',(9.000000000175,6.267949191418));
#599 = CARTESIAN_POINT('',(6.000000000175,4.535898383849));
#600 = CARTESIAN_POINT('',(6.000000000175,7.999999998986));
#601 = ( GEOMETRIC_REPRESENTATION_CONTEXT(2) 
PARAMETRIC_REPRESENTATION_CONTEXT() REPRESENTATION_CONTEXT('2D SPACE',''
  ) );
#602 = PCURVE('',#438,#603);
#603 = DEFINITIONAL_REPRESENTATION('',(#604),#608);
#604 = LINE('',#605,#606);
#605 = CARTESIAN_POINT('',(0.,-1.466666666667));
#606 = VECTOR('',#607,1.);
#607 = DIRECTION('',(1.,0.));
#608 = ( GEOMETRIC_REPRESENTATION_CONTEXT(2) 
PARAMETRIC_REPRESENTATION_CONTEXT() REPRESENTATION_CONTEXT('2D SPACE',''
  ) );
#609 = ORIENTED_EDGE('',*,*,#610,.F.);
#610 = EDGE_CURVE('',#247,#583,#611,.T.);
#611 = SURFACE_CURVE('',#612,(#616,#623),.PCURVE_S1.);
#612 = LINE('',#613,#614);
#613 = CARTESIAN_POINT('',(0.,10.,140.46666666666));
#614 = VECTOR('',#615,1.);
#615 = DIRECTION('',(1.,0.,0.));
#616 = PCURVE('',#90,#617);
#617 = DEFINITIONAL_REPRESENTATION('',(#618),#622);
#618 = LINE('',#619,#620);
#619 = CARTESIAN_POINT('',(1.75319293366E-10,10.000000000193));
#620 = VECTOR('',#621,1.);
#621 = DIRECTION('',(1.,0.));
#622 = ( GEOMETRIC_REPRESENTATION_CONTEXT(2) 
PARAMETRIC_REPRESENTATION_CONTEXT() REPRESENTATION_CONTEXT('2D SPACE',''
  ) );
#623 = PCURVE('',#290,#624);
#624 = DEFINITIONAL_REPRESENTATION('',(#625),#629);
#625 = LINE('',#626,#627);
#626 = CARTESIAN_POINT('',(8.,-1.466666666667));
#627 = VECTOR('',#628,1.);
#628 = DIRECTION('',(1.,0.));
#629 = ( GEOMETRIC_REPRESENTATION_CONTEXT(2) 
PARAMETRIC_REPRESENTATION_CONTEXT() REPRESENTATION_CONTEXT('2D SPACE',''
  ) );
#630 = ORIENTED_EDGE('',*,*,#246,.F.);
#631 = FACE_BOUND('',#632,.T.);
#632 = EDGE_LOOP('',(#633));
#633 = ORIENTED_EDGE('',*,*,#634,.F.);
#634 = EDGE_CURVE('',#635,#635,#637,.T.);
#635 = VERTEX_POINT('',#636);
#636 = CARTESIAN_POINT('',(2.,-4.898587196589E-16,140.46666666666));
#637 = SURFACE_CURVE('',#638,(#643,#650),.PCURVE_S1.);
#638 = CIRCLE('',#639,2.);
#639 = AXIS2_PLACEMENT_3D('',#640,#641,#642);
#640 = CARTESIAN_POINT('',(0.,0.,140.46666666666));
#641 = DIRECTION('',(0.,0.,1.));
#642 = DIRECTION('',(1.,0.,-0.));
#643 = PCURVE('',#90,#644);
#644 = DEFINITIONAL_REPRESENTATION('',(#645),#649);
#645 = CIRCLE('',#646,2.);
#646 = AXIS2_PLACEMENT_2D('',#647,#648);
#647 = CARTESIAN_POINT('',(1.75319293366E-10,1.927056754723E-10));
#648 = DIRECTION('',(1.,0.));
#649 = ( GEOMETRIC_REPRESENTATION_CONTEXT(2) 
PARAMETRIC_REPRESENTATION_CONTEXT() REPRESENTATION_CONTEXT('2D SPACE',''
  ) );
#650 = PCURVE('',#651,#656);
#651 = CYLINDRICAL_SURFACE('',#652,2.);
#652 = AXIS2_PLACEMENT_3D('',#653,#654,#655);
#653 = CARTESIAN_POINT('',(0.,0.,138.99));
#654 = DIRECTION('',(0.,0.,1.));
#655 = DIRECTION('',(1.,0.,-0.));
#656 = DEFINITIONAL_REPRESENTATION('',(#657),#661);
#657 = LINE('',#658,#659);
#658 = CARTESIAN_POINT('',(0.,1.476666666667));
#659 = VECTOR('',#660,1.);
#660 = DIRECTION('',(1.,0.));
#661 = ( GEOMETRIC_REPRESENTATION_CONTEXT(2) 
PARAMETRIC_REPRESENTATION_CONTEXT() REPRESENTATION_CONTEXT('2D SPACE',''
  ) );
#662 = ADVANCED_FACE('',(#663),#177,.F.);
#663 = FACE_BOUND('',#664,.F.);
#664 = EDGE_LOOP('',(#665,#666,#667,#688));
#665 = ORIENTED_EDGE('',*,*,#159,.T.);
#666 = ORIENTED_EDGE('',*,*,#508,.T.);
#667 = ORIENTED_EDGE('',*,*,#668,.F.);
#668 = EDGE_CURVE('',#334,#509,#669,.T.);
#669 = SURFACE_CURVE('',#670,(#674,#681),.PCURVE_S1.);
#670 = LINE('',#671,#672);
#671 = CARTESIAN_POINT('',(7.999999998794,-10.,139.));
#672 = VECTOR('',#673,1.);
#673 = DIRECTION('',(0.,0.,1.));
#674 = PCURVE('',#177,#675);
#675 = DEFINITIONAL_REPRESENTATION('',(#676),#680);
#676 = LINE('',#677,#678);
#677 = CARTESIAN_POINT('',(15.999999998794,0.));
#678 = VECTOR('',#679,1.);
#679 = DIRECTION('',(0.,-1.));
#680 = ( GEOMETRIC_REPRESENTATION_CONTEXT(2) 
PARAMETRIC_REPRESENTATION_CONTEXT() REPRESENTATION_CONTEXT('2D SPACE',''
  ) );
#681 = PCURVE('',#377,#682);
#682 = DEFINITIONAL_REPRESENTATION('',(#683),#687);
#683 = LINE('',#684,#685);
#684 = CARTESIAN_POINT('',(4.712388980385,0.));
#685 = VECTOR('',#686,1.);
#686 = DIRECTION('',(0.,-1.));
#687 = ( GEOMETRIC_REPRESENTATION_CONTEXT(2) 
PARAMETRIC_REPRESENTATION_CONTEXT() REPRESENTATION_CONTEXT('2D SPACE',''
  ) );
#688 = ORIENTED_EDGE('',*,*,#333,.F.);
#689 = ADVANCED_FACE('',(#690),#290,.T.);
#690 = FACE_BOUND('',#691,.T.);
#691 = EDGE_LOOP('',(#692,#693,#694,#715));
#692 = ORIENTED_EDGE('',*,*,#274,.T.);
#693 = ORIENTED_EDGE('',*,*,#610,.T.);
#694 = ORIENTED_EDGE('',*,*,#695,.F.);
#695 = EDGE_CURVE('',#418,#583,#696,.T.);
#696 = SURFACE_CURVE('',#697,(#701,#708),.PCURVE_S1.);
#697 = LINE('',#698,#699);
#698 = CARTESIAN_POINT('',(8.,9.999999999397,139.));
#699 = VECTOR('',#700,1.);
#700 = DIRECTION('',(0.,0.,1.));
#701 = PCURVE('',#290,#702);
#702 = DEFINITIONAL_REPRESENTATION('',(#703),#707);
#703 = LINE('',#704,#705);
#704 = CARTESIAN_POINT('',(16.,0.));
#705 = VECTOR('',#706,1.);
#706 = DIRECTION('',(0.,-1.));
#707 = ( GEOMETRIC_REPRESENTATION_CONTEXT(2) 
PARAMETRIC_REPRESENTATION_CONTEXT() REPRESENTATION_CONTEXT('2D SPACE',''
  ) );
#708 = PCURVE('',#438,#709);
#709 = DEFINITIONAL_REPRESENTATION('',(#710),#714);
#710 = LINE('',#711,#712);
#711 = CARTESIAN_POINT('',(1.570796326795,0.));
#712 = VECTOR('',#713,1.);
#713 = DIRECTION('',(0.,-1.));
#714 = ( GEOMETRIC_REPRESENTATION_CONTEXT(2) 
PARAMETRIC_REPRESENTATION_CONTEXT() REPRESENTATION_CONTEXT('2D SPACE',''
  ) );
#715 = ORIENTED_EDGE('',*,*,#450,.F.);
#716 = ADVANCED_FACE('',(#717),#377,.T.);
#717 = FACE_BOUND('',#718,.T.);
#718 = EDGE_LOOP('',(#719,#740,#741,#742));
#719 = ORIENTED_EDGE('',*,*,#720,.T.);
#720 = EDGE_CURVE('',#357,#532,#721,.T.);
#721 = SURFACE_CURVE('',#722,(#726,#733),.PCURVE_S1.);
#722 = LINE('',#723,#724);
#723 = CARTESIAN_POINT('',(9.999999999397,-8.,139.));
#724 = VECTOR('',#725,1.);
#725 = DIRECTION('',(0.,0.,1.));
#726 = PCURVE('',#377,#727);
#727 = DEFINITIONAL_REPRESENTATION('',(#728),#732);
#728 = LINE('',#729,#730);
#729 = CARTESIAN_POINT('',(3.14159265359,0.));
#730 = VECTOR('',#731,1.);
#731 = DIRECTION('',(0.,-1.));
#732 = ( GEOMETRIC_REPRESENTATION_CONTEXT(2) 
PARAMETRIC_REPRESENTATION_CONTEXT() REPRESENTATION_CONTEXT('2D SPACE',''
  ) );
#733 = PCURVE('',#405,#734);
#734 = DEFINITIONAL_REPRESENTATION('',(#735),#739);
#735 = LINE('',#736,#737);
#736 = CARTESIAN_POINT('',(0.,0.));
#737 = VECTOR('',#738,1.);
#738 = DIRECTION('',(0.,-1.));
#739 = ( GEOMETRIC_REPRESENTATION_CONTEXT(2) 
PARAMETRIC_REPRESENTATION_CONTEXT() REPRESENTATION_CONTEXT('2D SPACE',''
  ) );
#740 = ORIENTED_EDGE('',*,*,#531,.T.);
#741 = ORIENTED_EDGE('',*,*,#668,.F.);
#742 = ORIENTED_EDGE('',*,*,#356,.F.);
#743 = ADVANCED_FACE('',(#744),#438,.T.);
#744 = FACE_BOUND('',#745,.T.);
#745 = EDGE_LOOP('',(#746,#747,#748,#769));
#746 = ORIENTED_EDGE('',*,*,#695,.T.);
#747 = ORIENTED_EDGE('',*,*,#582,.T.);
#748 = ORIENTED_EDGE('',*,*,#749,.F.);
#749 = EDGE_CURVE('',#390,#560,#750,.T.);
#750 = SURFACE_CURVE('',#751,(#755,#762),.PCURVE_S1.);
#751 = LINE('',#752,#753);
#752 = CARTESIAN_POINT('',(10.,7.999999998794,139.));
#753 = VECTOR('',#754,1.);
#754 = DIRECTION('',(0.,0.,1.));
#755 = PCURVE('',#438,#756);
#756 = DEFINITIONAL_REPRESENTATION('',(#757),#761);
#757 = LINE('',#758,#759);
#758 = CARTESIAN_POINT('',(3.14159265359,0.));
#759 = VECTOR('',#760,1.);
#760 = DIRECTION('',(0.,-1.));
#761 = ( GEOMETRIC_REPRESENTATION_CONTEXT(2) 
PARAMETRIC_REPRESENTATION_CONTEXT() REPRESENTATION_CONTEXT('2D SPACE',''
  ) );
#762 = PCURVE('',#405,#763);
#763 = DEFINITIONAL_REPRESENTATION('',(#764),#768);
#764 = LINE('',#765,#766);
#765 = CARTESIAN_POINT('',(15.999999998794,0.));
#766 = VECTOR('',#767,1.);
#767 = DIRECTION('',(0.,-1.));
#768 = ( GEOMETRIC_REPRESENTATION_CONTEXT(2) 
PARAMETRIC_REPRESENTATION_CONTEXT() REPRESENTATION_CONTEXT('2D SPACE',''
  ) );
#769 = ORIENTED_EDGE('',*,*,#417,.F.);
#770 = ADVANCED_FACE('',(#771),#405,.F.);
#771 = FACE_BOUND('',#772,.F.);
#772 = EDGE_LOOP('',(#773,#774,#775,#776));
#773 = ORIENTED_EDGE('',*,*,#720,.T.);
#774 = ORIENTED_EDGE('',*,*,#559,.T.);
#775 = ORIENTED_EDGE('',*,*,#749,.F.);
#776 = ORIENTED_EDGE('',*,*,#389,.F.);
#777 = ADVANCED_FACE('',(#778),#491,.T.);
#778 = FACE_BOUND('',#779,.T.);
#779 = EDGE_LOOP('',(#780,#781,#804,#831));
#780 = ORIENTED_EDGE('',*,*,#474,.F.);
#781 = ORIENTED_EDGE('',*,*,#782,.F.);
#782 = EDGE_CURVE('',#783,#475,#785,.T.);
#783 = VERTEX_POINT('',#784);
#784 = CARTESIAN_POINT('',(2.,-4.898587196589E-16,138.99));
#785 = SEAM_CURVE('',#786,(#790,#797),.PCURVE_S1.);
#786 = LINE('',#787,#788);
#787 = CARTESIAN_POINT('',(2.,-4.898587196589E-16,138.99));
#788 = VECTOR('',#789,1.);
#789 = DIRECTION('',(0.,0.,1.));
#790 = PCURVE('',#491,#791);
#791 = DEFINITIONAL_REPRESENTATION('',(#792),#796);
#792 = LINE('',#793,#794);
#793 = CARTESIAN_POINT('',(6.28318530718,-0.));
#794 = VECTOR('',#795,1.);
#795 = DIRECTION('',(0.,1.));
#796 = ( GEOMETRIC_REPRESENTATION_CONTEXT(2) 
PARAMETRIC_REPRESENTATION_CONTEXT() REPRESENTATION_CONTEXT('2D SPACE',''
  ) );
#797 = PCURVE('',#491,#798);
#798 = DEFINITIONAL_REPRESENTATION('',(#799),#803);
#799 = LINE('',#800,#801);
#800 = CARTESIAN_POINT('',(0.,-0.));
#801 = VECTOR('',#802,1.);
#802 = DIRECTION('',(0.,1.));
#803 = ( GEOMETRIC_REPRESENTATION_CONTEXT(2) 
PARAMETRIC_REPRESENTATION_CONTEXT() REPRESENTATION_CONTEXT('2D SPACE',''
  ) );
#804 = ORIENTED_EDGE('',*,*,#805,.T.);
#805 = EDGE_CURVE('',#783,#783,#806,.T.);
#806 = SURFACE_CURVE('',#807,(#812,#819),.PCURVE_S1.);
#807 = CIRCLE('',#808,2.);
#808 = AXIS2_PLACEMENT_3D('',#809,#810,#811);
#809 = CARTESIAN_POINT('',(0.,0.,138.99));
#810 = DIRECTION('',(0.,0.,1.));
#811 = DIRECTION('',(1.,0.,-0.));
#812 = PCURVE('',#491,#813);
#813 = DEFINITIONAL_REPRESENTATION('',(#814),#818);
#814 = LINE('',#815,#816);
#815 = CARTESIAN_POINT('',(0.,0.));
#816 = VECTOR('',#817,1.);
#817 = DIRECTION('',(1.,0.));
#818 = ( GEOMETRIC_REPRESENTATION_CONTEXT(2) 
PARAMETRIC_REPRESENTATION_CONTEXT() REPRESENTATION_CONTEXT('2D SPACE',''
  ) );
#819 = PCURVE('',#820,#825);
#820 = PLANE('',#821);
#821 = AXIS2_PLACEMENT_3D('',#822,#823,#824);
#822 = CARTESIAN_POINT('',(0.,0.,138.99));
#823 = DIRECTION('',(0.,0.,1.));
#824 = DIRECTION('',(1.,0.,-0.));
#825 = DEFINITIONAL_REPRESENTATION('',(#826),#830);
#826 = CIRCLE('',#827,2.);
#827 = AXIS2_PLACEMENT_2D('',#828,#829);
#828 = CARTESIAN_POINT('',(0.,0.));
#829 = DIRECTION('',(1.,0.));
#830 = ( GEOMETRIC_REPRESENTATION_CONTEXT(2) 
PARAMETRIC_REPRESENTATION_CONTEXT() REPRESENTATION_CONTEXT('2D SPACE',''
  ) );
#831 = ORIENTED_EDGE('',*,*,#782,.T.);
#832 = ADVANCED_FACE('',(#833),#651,.T.);
#833 = FACE_BOUND('',#834,.T.);
#834 = EDGE_LOOP('',(#835,#858,#885,#886));
#835 = ORIENTED_EDGE('',*,*,#836,.T.);
#836 = EDGE_CURVE('',#635,#837,#839,.T.);
#837 = VERTEX_POINT('',#838);
#838 = CARTESIAN_POINT('',(2.,-4.898587196589E-16,142.26666666666));
#839 = SEAM_CURVE('',#840,(#844,#851),.PCURVE_S1.);
#840 = LINE('',#841,#842);
#841 = CARTESIAN_POINT('',(2.,-4.898587196589E-16,138.99));
#842 = VECTOR('',#843,1.);
#843 = DIRECTION('',(0.,0.,1.));
#844 = PCURVE('',#651,#845);
#845 = DEFINITIONAL_REPRESENTATION('',(#846),#850);
#846 = LINE('',#847,#848);
#847 = CARTESIAN_POINT('',(6.28318530718,-0.));
#848 = VECTOR('',#849,1.);
#849 = DIRECTION('',(0.,1.));
#850 = ( GEOMETRIC_REPRESENTATION_CONTEXT(2) 
PARAMETRIC_REPRESENTATION_CONTEXT() REPRESENTATION_CONTEXT('2D SPACE',''
  ) );
#851 = PCURVE('',#651,#852);
#852 = DEFINITIONAL_REPRESENTATION('',(#853),#857);
#853 = LINE('',#854,#855);
#854 = CARTESIAN_POINT('',(0.,-0.));
#855 = VECTOR('',#856,1.);
#856 = DIRECTION('',(0.,1.));
#857 = ( GEOMETRIC_REPRESENTATION_CONTEXT(2) 
PARAMETRIC_REPRESENTATION_CONTEXT() REPRESENTATION_CONTEXT('2D SPACE',''
  ) );
#858 = ORIENTED_EDGE('',*,*,#859,.F.);
#859 = EDGE_CURVE('',#837,#837,#860,.T.);
#860 = SURFACE_CURVE('',#861,(#866,#873),.PCURVE_S1.);
#861 = CIRCLE('',#862,2.);
#862 = AXIS2_PLACEMENT_3D('',#863,#864,#865);
#863 = CARTESIAN_POINT('',(0.,0.,142.26666666666));
#864 = DIRECTION('',(0.,0.,1.));
#865 = DIRECTION('',(1.,0.,-0.));
#866 = PCURVE('',#651,#867);
#867 = DEFINITIONAL_REPRESENTATION('',(#868),#872);
#868 = LINE('',#869,#870);
#869 = CARTESIAN_POINT('',(0.,3.276666666667));
#870 = VECTOR('',#871,1.);
#871 = DIRECTION('',(1.,0.));
#872 = ( GEOMETRIC_REPRESENTATION_CONTEXT(2) 
PARAMETRIC_REPRESENTATION_CONTEXT() REPRESENTATION_CONTEXT('2D SPACE',''
  ) );
#873 = PCURVE('',#874,#879);
#874 = PLANE('',#875);
#875 = AXIS2_PLACEMENT_3D('',#876,#877,#878);
#876 = CARTESIAN_POINT('',(0.,0.,142.26666666666));
#877 = DIRECTION('',(0.,0.,1.));
#878 = DIRECTION('',(1.,0.,-0.));
#879 = DEFINITIONAL_REPRESENTATION('',(#880),#884);
#880 = CIRCLE('',#881,2.);
#881 = AXIS2_PLACEMENT_2D('',#882,#883);
#882 = CARTESIAN_POINT('',(0.,0.));
#883 = DIRECTION('',(1.,0.));
#884 = ( GEOMETRIC_REPRESENTATION_CONTEXT(2) 
PARAMETRIC_REPRESENTATION_CONTEXT() REPRESENTATION_CONTEXT('2D SPACE',''
  ) );
#885 = ORIENTED_EDGE('',*,*,#836,.F.);
#886 = ORIENTED_EDGE('',*,*,#634,.T.);
#887 = ADVANCED_FACE('',(#888,#891),#820,.F.);
#888 = FACE_BOUND('',#889,.F.);
#889 = EDGE_LOOP('',(#890));
#890 = ORIENTED_EDGE('',*,*,#805,.T.);
#891 = FACE_BOUND('',#892,.F.);
#892 = EDGE_LOOP('',(#893));
#893 = ORIENTED_EDGE('',*,*,#894,.F.);
#894 = EDGE_CURVE('',#895,#895,#897,.T.);
#895 = VERTEX_POINT('',#896);
#896 = CARTESIAN_POINT('',(1.5,-3.673940397442E-16,138.99));
#897 = SURFACE_CURVE('',#898,(#903,#910),.PCURVE_S1.);
#898 = CIRCLE('',#899,1.5);
#899 = AXIS2_PLACEMENT_3D('',#900,#901,#902);
#900 = CARTESIAN_POINT('',(0.,0.,138.99));
#901 = DIRECTION('',(0.,0.,1.));
#902 = DIRECTION('',(1.,0.,-0.));
#903 = PCURVE('',#820,#904);
#904 = DEFINITIONAL_REPRESENTATION('',(#905),#909);
#905 = CIRCLE('',#906,1.5);
#906 = AXIS2_PLACEMENT_2D('',#907,#908);
#907 = CARTESIAN_POINT('',(0.,0.));
#908 = DIRECTION('',(1.,0.));
#909 = ( GEOMETRIC_REPRESENTATION_CONTEXT(2) 
PARAMETRIC_REPRESENTATION_CONTEXT() REPRESENTATION_CONTEXT('2D SPACE',''
  ) );
#910 = PCURVE('',#911,#916);
#911 = CYLINDRICAL_SURFACE('',#912,1.5);
#912 = AXIS2_PLACEMENT_3D('',#913,#914,#915);
#913 = CARTESIAN_POINT('',(0.,0.,134.79));
#914 = DIRECTION('',(0.,0.,1.));
#915 = DIRECTION('',(1.,0.,-0.));
#916 = DEFINITIONAL_REPRESENTATION('',(#917),#921);
#917 = LINE('',#918,#919);
#918 = CARTESIAN_POINT('',(0.,4.2));
#919 = VECTOR('',#920,1.);
#920 = DIRECTION('',(1.,0.));
#921 = ( GEOMETRIC_REPRESENTATION_CONTEXT(2) 
PARAMETRIC_REPRESENTATION_CONTEXT() REPRESENTATION_CONTEXT('2D SPACE',''
  ) );
#922 = ADVANCED_FACE('',(#923),#874,.T.);
#923 = FACE_BOUND('',#924,.T.);
#924 = EDGE_LOOP('',(#925));
#925 = ORIENTED_EDGE('',*,*,#859,.T.);
#926 = ADVANCED_FACE('',(#927),#911,.T.);
#927 = FACE_BOUND('',#928,.T.);
#928 = EDGE_LOOP('',(#929,#952,#953,#954));
#929 = ORIENTED_EDGE('',*,*,#930,.T.);
#930 = EDGE_CURVE('',#931,#895,#933,.T.);
#931 = VERTEX_POINT('',#932);
#932 = CARTESIAN_POINT('',(1.5,-3.673940397442E-16,136.66666666666));
#933 = SEAM_CURVE('',#934,(#938,#945),.PCURVE_S1.);
#934 = LINE('',#935,#936);
#935 = CARTESIAN_POINT('',(1.5,-3.673940397442E-16,134.79));
#936 = VECTOR('',#937,1.);
#937 = DIRECTION('',(0.,0.,1.));
#938 = PCURVE('',#911,#939);
#939 = DEFINITIONAL_REPRESENTATION('',(#940),#944);
#940 = LINE('',#941,#942);
#941 = CARTESIAN_POINT('',(6.28318530718,-0.));
#942 = VECTOR('',#943,1.);
#943 = DIRECTION('',(0.,1.));
#944 = ( GEOMETRIC_REPRESENTATION_CONTEXT(2) 
PARAMETRIC_REPRESENTATION_CONTEXT() REPRESENTATION_CONTEXT('2D SPACE',''
  ) );
#945 = PCURVE('',#911,#946);
#946 = DEFINITIONAL_REPRESENTATION('',(#947),#951);
#947 = LINE('',#948,#949);
#948 = CARTESIAN_POINT('',(0.,-0.));
#949 = VECTOR('',#950,1.);
#950 = DIRECTION('',(0.,1.));
#951 = ( GEOMETRIC_REPRESENTATION_CONTEXT(2) 
PARAMETRIC_REPRESENTATION_CONTEXT() REPRESENTATION_CONTEXT('2D SPACE',''
  ) );
#952 = ORIENTED_EDGE('',*,*,#894,.F.);
#953 = ORIENTED_EDGE('',*,*,#930,.F.);
#954 = ORIENTED_EDGE('',*,*,#955,.T.);
#955 = EDGE_CURVE('',#931,#931,#956,.T.);
#956 = SURFACE_CURVE('',#957,(#962,#969),.PCURVE_S1.);
#957 = CIRCLE('',#958,1.5);
#958 = AXIS2_PLACEMENT_3D('',#959,#960,#961);
#959 = CARTESIAN_POINT('',(0.,0.,136.66666666666));
#960 = DIRECTION('',(0.,0.,1.));
#961 = DIRECTION('',(1.,0.,-0.));
#962 = PCURVE('',#911,#963);
#963 = DEFINITIONAL_REPRESENTATION('',(#964),#968);
#964 = LINE('',#965,#966);
#965 = CARTESIAN_POINT('',(0.,1.876666666667));
#966 = VECTOR('',#967,1.);
#967 = DIRECTION('',(1.,0.));
#968 = ( GEOMETRIC_REPRESENTATION_CONTEXT(2) 
PARAMETRIC_REPRESENTATION_CONTEXT() REPRESENTATION_CONTEXT('2D SPACE',''
  ) );
#969 = PCURVE('',#970,#975);
#970 = PLANE('',#971);
#971 = AXIS2_PLACEMENT_3D('',#972,#973,#974);
#972 = CARTESIAN_POINT('',(0.,0.,136.66666666666));
#973 = DIRECTION('',(0.,0.,1.));
#974 = DIRECTION('',(1.,0.,-0.));
#975 = DEFINITIONAL_REPRESENTATION('',(#976),#980);
#976 = CIRCLE('',#977,1.5);
#977 = AXIS2_PLACEMENT_2D('',#978,#979);
#978 = CARTESIAN_POINT('',(0.,0.));
#979 = DIRECTION('',(1.,0.));
#980 = ( GEOMETRIC_REPRESENTATION_CONTEXT(2) 
PARAMETRIC_REPRESENTATION_CONTEXT() REPRESENTATION_CONTEXT('2D SPACE',''
  ) );
#981 = ADVANCED_FACE('',(#982,#1206),#970,.T.);
#982 = FACE_BOUND('',#983,.T.);
#983 = EDGE_LOOP('',(#984,#1012,#1038,#1071,#1097,#1123,#1149,#1182));
#984 = ORIENTED_EDGE('',*,*,#985,.F.);
#985 = EDGE_CURVE('',#986,#988,#990,.T.);
#986 = VERTEX_POINT('',#987);
#987 = CARTESIAN_POINT('',(-1.666666666667,-4.666666666667,
    136.66666666666));
#988 = VERTEX_POINT('',#989);
#989 = CARTESIAN_POINT('',(-1.666666666667,4.666666666667,
    136.66666666666));
#990 = SURFACE_CURVE('',#991,(#995,#1001),.PCURVE_S1.);
#991 = LINE('',#992,#993);
#992 = CARTESIAN_POINT('',(-1.666666666667,-2.333333333333,
    136.66666666666));
#993 = VECTOR('',#994,1.);
#994 = DIRECTION('',(-0.,1.,0.));
#995 = PCURVE('',#970,#996);
#996 = DEFINITIONAL_REPRESENTATION('',(#997),#1000);
#997 = B_SPLINE_CURVE_WITH_KNOTS('',1,(#998,#999),.UNSPECIFIED.,.F.,.F.,
  (2,2),(-2.333333333333,7.),.PIECEWISE_BEZIER_KNOTS.);
#998 = CARTESIAN_POINT('',(-1.666666666667,-4.666666666667));
#999 = CARTESIAN_POINT('',(-1.666666666667,4.666666666667));
#1000 = ( GEOMETRIC_REPRESENTATION_CONTEXT(2) 
PARAMETRIC_REPRESENTATION_CONTEXT() REPRESENTATION_CONTEXT('2D SPACE',''
  ) );
#1001 = PCURVE('',#1002,#1007);
#1002 = PLANE('',#1003);
#1003 = AXIS2_PLACEMENT_3D('',#1004,#1005,#1006);
#1004 = CARTESIAN_POINT('',(-1.666666666667,-4.666666666667,134.79));
#1005 = DIRECTION('',(1.,0.,-0.));
#1006 = DIRECTION('',(0.,0.,1.));
#1007 = DEFINITIONAL_REPRESENTATION('',(#1008),#1011);
#1008 = B_SPLINE_CURVE_WITH_KNOTS('',1,(#1009,#1010),.UNSPECIFIED.,.F.,
  .F.,(2,2),(-2.333333333333,7.),.PIECEWISE_BEZIER_KNOTS.);
#1009 = CARTESIAN_POINT('',(1.876666666667,0.));
#1010 = CARTESIAN_POINT('',(1.876666666667,-9.333333333333));
#1011 = ( GEOMETRIC_REPRESENTATION_CONTEXT(2) 
PARAMETRIC_REPRESENTATION_CONTEXT() REPRESENTATION_CONTEXT('2D SPACE',''
  ) );
#1012 = ORIENTED_EDGE('',*,*,#1013,.T.);
#1013 = EDGE_CURVE('',#986,#1014,#1016,.T.);
#1014 = VERTEX_POINT('',#1015);
#1015 = CARTESIAN_POINT('',(-1.795054935712,-4.666666666667,
    136.66666666666));
#1016 = SURFACE_CURVE('',#1017,(#1021,#1027),.PCURVE_S1.);
#1017 = LINE('',#1018,#1019);
#1018 = CARTESIAN_POINT('',(-2.5,-4.666666666667,136.66666666666));
#1019 = VECTOR('',#1020,1.);
#1020 = DIRECTION('',(-1.,-0.,0.));
#1021 = PCURVE('',#970,#1022);
#1022 = DEFINITIONAL_REPRESENTATION('',(#1023),#1026);
#1023 = B_SPLINE_CURVE_WITH_KNOTS('',1,(#1024,#1025),.UNSPECIFIED.,.F.,
  .F.,(2,2),(-0.833333333333,2.5),.PIECEWISE_BEZIER_KNOTS.);
#1024 = CARTESIAN_POINT('',(-1.666666666667,-4.666666666667));
#1025 = CARTESIAN_POINT('',(-5.,-4.666666666667));
#1026 = ( GEOMETRIC_REPRESENTATION_CONTEXT(2) 
PARAMETRIC_REPRESENTATION_CONTEXT() REPRESENTATION_CONTEXT('2D SPACE',''
  ) );
#1027 = PCURVE('',#1028,#1033);
#1028 = PLANE('',#1029);
#1029 = AXIS2_PLACEMENT_3D('',#1030,#1031,#1032);
#1030 = CARTESIAN_POINT('',(-5.,-4.666666666667,134.79));
#1031 = DIRECTION('',(-0.,1.,0.));
#1032 = DIRECTION('',(0.,0.,1.));
#1033 = DEFINITIONAL_REPRESENTATION('',(#1034),#1037);
#1034 = B_SPLINE_CURVE_WITH_KNOTS('',1,(#1035,#1036),.UNSPECIFIED.,.F.,
  .F.,(2,2),(-0.833333333333,2.5),.PIECEWISE_BEZIER_KNOTS.);
#1035 = CARTESIAN_POINT('',(1.876666666667,3.333333333333));
#1036 = CARTESIAN_POINT('',(1.876666666667,0.));
#1037 = ( GEOMETRIC_REPRESENTATION_CONTEXT(2) 
PARAMETRIC_REPRESENTATION_CONTEXT() REPRESENTATION_CONTEXT('2D SPACE',''
  ) );
#1038 = ORIENTED_EDGE('',*,*,#1039,.F.);
#1039 = EDGE_CURVE('',#1040,#1014,#1042,.T.);
#1040 = VERTEX_POINT('',#1041);
#1041 = CARTESIAN_POINT('',(1.795054935711,-4.666666666667,
    136.66666666666));
#1042 = SURFACE_CURVE('',#1043,(#1048,#1059),.PCURVE_S1.);
#1043 = CIRCLE('',#1044,5.);
#1044 = AXIS2_PLACEMENT_3D('',#1045,#1046,#1047);
#1045 = CARTESIAN_POINT('',(0.,0.,136.66666666666));
#1046 = DIRECTION('',(0.,0.,-1.));
#1047 = DIRECTION('',(-0.359010987142,0.933333333333,0.));
#1048 = PCURVE('',#970,#1049);
#1049 = DEFINITIONAL_REPRESENTATION('',(#1050),#1058);
#1050 = ( BOUNDED_CURVE() B_SPLINE_CURVE(2,(#1051,#1052,#1053,#1054,
#1055,#1056,#1057),.UNSPECIFIED.,.T.,.F.) B_SPLINE_CURVE_WITH_KNOTS((1,2
    ,2,2,2,1),(-2.094395102393,0.,2.094395102393,4.188790204786,
6.28318530718,8.377580409573),.UNSPECIFIED.) CURVE() 
GEOMETRIC_REPRESENTATION_ITEM() RATIONAL_B_SPLINE_CURVE((1.,0.5,1.,0.5,
1.,0.5,1.)) REPRESENTATION_ITEM('') );
#1051 = CARTESIAN_POINT('',(-1.795054935712,4.666666666667));
#1052 = CARTESIAN_POINT('',(6.287848832943,7.775793017696));
#1053 = CARTESIAN_POINT('',(4.938979352183,-0.778770157819));
#1054 = CARTESIAN_POINT('',(3.590109871423,-9.333333333333));
#1055 = CARTESIAN_POINT('',(-3.143924416472,-3.887896508848));
#1056 = CARTESIAN_POINT('',(-9.877958704366,1.557540315637));
#1057 = CARTESIAN_POINT('',(-1.795054935712,4.666666666667));
#1058 = ( GEOMETRIC_REPRESENTATION_CONTEXT(2) 
PARAMETRIC_REPRESENTATION_CONTEXT() REPRESENTATION_CONTEXT('2D SPACE',''
  ) );
#1059 = PCURVE('',#1060,#1065);
#1060 = CYLINDRICAL_SURFACE('',#1061,5.);
#1061 = AXIS2_PLACEMENT_3D('',#1062,#1063,#1064);
#1062 = CARTESIAN_POINT('',(0.,0.,134.79));
#1063 = DIRECTION('',(0.,0.,1.));
#1064 = DIRECTION('',(1.,0.,-0.));
#1065 = DEFINITIONAL_REPRESENTATION('',(#1066),#1070);
#1066 = LINE('',#1067,#1068);
#1067 = CARTESIAN_POINT('',(8.221189654532,1.876666666667));
#1068 = VECTOR('',#1069,1.);
#1069 = DIRECTION('',(-1.,-0.));
#1070 = ( GEOMETRIC_REPRESENTATION_CONTEXT(2) 
PARAMETRIC_REPRESENTATION_CONTEXT() REPRESENTATION_CONTEXT('2D SPACE',''
  ) );
#1071 = ORIENTED_EDGE('',*,*,#1072,.T.);
#1072 = EDGE_CURVE('',#1040,#1073,#1075,.T.);
#1073 = VERTEX_POINT('',#1074);
#1074 = CARTESIAN_POINT('',(1.666666666667,-4.666666666667,
    136.66666666666));
#1075 = SURFACE_CURVE('',#1076,(#1080,#1086),.PCURVE_S1.);
#1076 = LINE('',#1077,#1078);
#1077 = CARTESIAN_POINT('',(0.833333333333,-4.666666666667,
    136.66666666666));
#1078 = VECTOR('',#1079,1.);
#1079 = DIRECTION('',(-1.,-0.,0.));
#1080 = PCURVE('',#970,#1081);
#1081 = DEFINITIONAL_REPRESENTATION('',(#1082),#1085);
#1082 = B_SPLINE_CURVE_WITH_KNOTS('',1,(#1083,#1084),.UNSPECIFIED.,.F.,
  .F.,(2,2),(-4.166666666667,-0.833333333333),.PIECEWISE_BEZIER_KNOTS.);
#1083 = CARTESIAN_POINT('',(5.,-4.666666666667));
#1084 = CARTESIAN_POINT('',(1.666666666667,-4.666666666667));
#1085 = ( GEOMETRIC_REPRESENTATION_CONTEXT(2) 
PARAMETRIC_REPRESENTATION_CONTEXT() REPRESENTATION_CONTEXT('2D SPACE',''
  ) );
#1086 = PCURVE('',#1087,#1092);
#1087 = PLANE('',#1088);
#1088 = AXIS2_PLACEMENT_3D('',#1089,#1090,#1091);
#1089 = CARTESIAN_POINT('',(1.666666666667,-4.666666666667,134.79));
#1090 = DIRECTION('',(-0.,1.,0.));
#1091 = DIRECTION('',(0.,0.,1.));
#1092 = DEFINITIONAL_REPRESENTATION('',(#1093),#1096);
#1093 = B_SPLINE_CURVE_WITH_KNOTS('',1,(#1094,#1095),.UNSPECIFIED.,.F.,
  .F.,(2,2),(-4.166666666667,-0.833333333333),.PIECEWISE_BEZIER_KNOTS.);
#1094 = CARTESIAN_POINT('',(1.876666666667,3.333333333333));
#1095 = CARTESIAN_POINT('',(1.876666666667,0.));
#1096 = ( GEOMETRIC_REPRESENTATION_CONTEXT(2) 
PARAMETRIC_REPRESENTATION_CONTEXT() REPRESENTATION_CONTEXT('2D SPACE',''
  ) );
#1097 = ORIENTED_EDGE('',*,*,#1098,.T.);
#1098 = EDGE_CURVE('',#1073,#1099,#1101,.T.);
#1099 = VERTEX_POINT('',#1100);
#1100 = CARTESIAN_POINT('',(1.666666666667,4.666666666667,
    136.66666666666));
#1101 = SURFACE_CURVE('',#1102,(#1106,#1112),.PCURVE_S1.);
#1102 = LINE('',#1103,#1104);
#1103 = CARTESIAN_POINT('',(1.666666666667,-2.333333333333,
    136.66666666666));
#1104 = VECTOR('',#1105,1.);
#1105 = DIRECTION('',(-0.,1.,0.));
#1106 = PCURVE('',#970,#1107);
#1107 = DEFINITIONAL_REPRESENTATION('',(#1108),#1111);
#1108 = B_SPLINE_CURVE_WITH_KNOTS('',1,(#1109,#1110),.UNSPECIFIED.,.F.,
  .F.,(2,2),(-2.333333333333,7.),.PIECEWISE_BEZIER_KNOTS.);
#1109 = CARTESIAN_POINT('',(1.666666666667,-4.666666666667));
#1110 = CARTESIAN_POINT('',(1.666666666667,4.666666666667));
#1111 = ( GEOMETRIC_REPRESENTATION_CONTEXT(2) 
PARAMETRIC_REPRESENTATION_CONTEXT() REPRESENTATION_CONTEXT('2D SPACE',''
  ) );
#1112 = PCURVE('',#1113,#1118);
#1113 = PLANE('',#1114);
#1114 = AXIS2_PLACEMENT_3D('',#1115,#1116,#1117);
#1115 = CARTESIAN_POINT('',(1.666666666667,-4.666666666667,134.79));
#1116 = DIRECTION('',(1.,0.,-0.));
#1117 = DIRECTION('',(0.,0.,1.));
#1118 = DEFINITIONAL_REPRESENTATION('',(#1119),#1122);
#1119 = B_SPLINE_CURVE_WITH_KNOTS('',1,(#1120,#1121),.UNSPECIFIED.,.F.,
  .F.,(2,2),(-2.333333333333,7.),.PIECEWISE_BEZIER_KNOTS.);
#1120 = CARTESIAN_POINT('',(1.876666666667,0.));
#1121 = CARTESIAN_POINT('',(1.876666666667,-9.333333333333));
#1122 = ( GEOMETRIC_REPRESENTATION_CONTEXT(2) 
PARAMETRIC_REPRESENTATION_CONTEXT() REPRESENTATION_CONTEXT('2D SPACE',''
  ) );
#1123 = ORIENTED_EDGE('',*,*,#1124,.F.);
#1124 = EDGE_CURVE('',#1125,#1099,#1127,.T.);
#1125 = VERTEX_POINT('',#1126);
#1126 = CARTESIAN_POINT('',(1.795054935711,4.666666666667,
    136.66666666666));
#1127 = SURFACE_CURVE('',#1128,(#1132,#1138),.PCURVE_S1.);
#1128 = LINE('',#1129,#1130);
#1129 = CARTESIAN_POINT('',(0.833333333333,4.666666666667,
    136.66666666666));
#1130 = VECTOR('',#1131,1.);
#1131 = DIRECTION('',(-1.,-0.,0.));
#1132 = PCURVE('',#970,#1133);
#1133 = DEFINITIONAL_REPRESENTATION('',(#1134),#1137);
#1134 = B_SPLINE_CURVE_WITH_KNOTS('',1,(#1135,#1136),.UNSPECIFIED.,.F.,
  .F.,(2,2),(-4.166666666667,-0.833333333333),.PIECEWISE_BEZIER_KNOTS.);
#1135 = CARTESIAN_POINT('',(5.,4.666666666667));
#1136 = CARTESIAN_POINT('',(1.666666666667,4.666666666667));
#1137 = ( GEOMETRIC_REPRESENTATION_CONTEXT(2) 
PARAMETRIC_REPRESENTATION_CONTEXT() REPRESENTATION_CONTEXT('2D SPACE',''
  ) );
#1138 = PCURVE('',#1139,#1144);
#1139 = PLANE('',#1140);
#1140 = AXIS2_PLACEMENT_3D('',#1141,#1142,#1143);
#1141 = CARTESIAN_POINT('',(1.666666666667,4.666666666667,134.79));
#1142 = DIRECTION('',(-0.,1.,0.));
#1143 = DIRECTION('',(0.,0.,1.));
#1144 = DEFINITIONAL_REPRESENTATION('',(#1145),#1148);
#1145 = B_SPLINE_CURVE_WITH_KNOTS('',1,(#1146,#1147),.UNSPECIFIED.,.F.,
  .F.,(2,2),(-4.166666666667,-0.833333333333),.PIECEWISE_BEZIER_KNOTS.);
#1146 = CARTESIAN_POINT('',(1.876666666667,3.333333333333));
#1147 = CARTESIAN_POINT('',(1.876666666667,0.));
#1148 = ( GEOMETRIC_REPRESENTATION_CONTEXT(2) 
PARAMETRIC_REPRESENTATION_CONTEXT() REPRESENTATION_CONTEXT('2D SPACE',''
  ) );
#1149 = ORIENTED_EDGE('',*,*,#1150,.F.);
#1150 = EDGE_CURVE('',#1151,#1125,#1153,.T.);
#1151 = VERTEX_POINT('',#1152);
#1152 = CARTESIAN_POINT('',(-1.795054935712,4.666666666667,
    136.66666666666));
#1153 = SURFACE_CURVE('',#1154,(#1159,#1170),.PCURVE_S1.);
#1154 = CIRCLE('',#1155,5.);
#1155 = AXIS2_PLACEMENT_3D('',#1156,#1157,#1158);
#1156 = CARTESIAN_POINT('',(0.,0.,136.66666666666));
#1157 = DIRECTION('',(0.,0.,-1.));
#1158 = DIRECTION('',(-0.359010987142,0.933333333333,0.));
#1159 = PCURVE('',#970,#1160);
#1160 = DEFINITIONAL_REPRESENTATION('',(#1161),#1169);
#1161 = ( BOUNDED_CURVE() B_SPLINE_CURVE(2,(#1162,#1163,#1164,#1165,
#1166,#1167,#1168),.UNSPECIFIED.,.T.,.F.) B_SPLINE_CURVE_WITH_KNOTS((1,2
    ,2,2,2,1),(-2.094395102393,0.,2.094395102393,4.188790204786,
6.28318530718,8.377580409573),.UNSPECIFIED.) CURVE() 
GEOMETRIC_REPRESENTATION_ITEM() RATIONAL_B_SPLINE_CURVE((1.,0.5,1.,0.5,
1.,0.5,1.)) REPRESENTATION_ITEM('') );
#1162 = CARTESIAN_POINT('',(-1.795054935712,4.666666666667));
#1163 = CARTESIAN_POINT('',(6.287848832943,7.775793017696));
#1164 = CARTESIAN_POINT('',(4.938979352183,-0.778770157819));
#1165 = CARTESIAN_POINT('',(3.590109871423,-9.333333333333));
#1166 = CARTESIAN_POINT('',(-3.143924416472,-3.887896508848));
#1167 = CARTESIAN_POINT('',(-9.877958704366,1.557540315637));
#1168 = CARTESIAN_POINT('',(-1.795054935712,4.666666666667));
#1169 = ( GEOMETRIC_REPRESENTATION_CONTEXT(2) 
PARAMETRIC_REPRESENTATION_CONTEXT() REPRESENTATION_CONTEXT('2D SPACE',''
  ) );
#1170 = PCURVE('',#1171,#1176);
#1171 = CYLINDRICAL_SURFACE('',#1172,5.);
#1172 = AXIS2_PLACEMENT_3D('',#1173,#1174,#1175);
#1173 = CARTESIAN_POINT('',(0.,0.,134.79));
#1174 = DIRECTION('',(0.,0.,1.));
#1175 = DIRECTION('',(1.,0.,-0.));
#1176 = DEFINITIONAL_REPRESENTATION('',(#1177),#1181);
#1177 = LINE('',#1178,#1179);
#1178 = CARTESIAN_POINT('',(8.221189654532,1.876666666667));
#1179 = VECTOR('',#1180,1.);
#1180 = DIRECTION('',(-1.,-0.));
#1181 = ( GEOMETRIC_REPRESENTATION_CONTEXT(2) 
PARAMETRIC_REPRESENTATION_CONTEXT() REPRESENTATION_CONTEXT('2D SPACE',''
  ) );
#1182 = ORIENTED_EDGE('',*,*,#1183,.F.);
#1183 = EDGE_CURVE('',#988,#1151,#1184,.T.);
#1184 = SURFACE_CURVE('',#1185,(#1189,#1195),.PCURVE_S1.);
#1185 = LINE('',#1186,#1187);
#1186 = CARTESIAN_POINT('',(-2.5,4.666666666667,136.66666666666));
#1187 = VECTOR('',#1188,1.);
#1188 = DIRECTION('',(-1.,-0.,0.));
#1189 = PCURVE('',#970,#1190);
#1190 = DEFINITIONAL_REPRESENTATION('',(#1191),#1194);
#1191 = B_SPLINE_CURVE_WITH_KNOTS('',1,(#1192,#1193),.UNSPECIFIED.,.F.,
  .F.,(2,2),(-0.833333333333,2.5),.PIECEWISE_BEZIER_KNOTS.);
#1192 = CARTESIAN_POINT('',(-1.666666666667,4.666666666667));
#1193 = CARTESIAN_POINT('',(-5.,4.666666666667));
#1194 = ( GEOMETRIC_REPRESENTATION_CONTEXT(2) 
PARAMETRIC_REPRESENTATION_CONTEXT() REPRESENTATION_CONTEXT('2D SPACE',''
  ) );
#1195 = PCURVE('',#1196,#1201);
#1196 = PLANE('',#1197);
#1197 = AXIS2_PLACEMENT_3D('',#1198,#1199,#1200);
#1198 = CARTESIAN_POINT('',(-5.,4.666666666667,134.79));
#1199 = DIRECTION('',(-0.,1.,0.));
#1200 = DIRECTION('',(0.,0.,1.));
#1201 = DEFINITIONAL_REPRESENTATION('',(#1202),#1205);
#1202 = B_SPLINE_CURVE_WITH_KNOTS('',1,(#1203,#1204),.UNSPECIFIED.,.F.,
  .F.,(2,2),(-0.833333333333,2.5),.PIECEWISE_BEZIER_KNOTS.);
#1203 = CARTESIAN_POINT('',(1.876666666667,3.333333333333));
#1204 = CARTESIAN_POINT('',(1.876666666667,0.));
#1205 = ( GEOMETRIC_REPRESENTATION_CONTEXT(2) 
PARAMETRIC_REPRESENTATION_CONTEXT() REPRESENTATION_CONTEXT('2D SPACE',''
  ) );
#1206 = FACE_BOUND('',#1207,.T.);
#1207 = EDGE_LOOP('',(#1208));
#1208 = ORIENTED_EDGE('',*,*,#955,.F.);
#1209 = ADVANCED_FACE('',(#1210),#1002,.T.);
#1210 = FACE_BOUND('',#1211,.T.);
#1211 = EDGE_LOOP('',(#1212,#1235,#1236,#1259));
#1212 = ORIENTED_EDGE('',*,*,#1213,.F.);
#1213 = EDGE_CURVE('',#986,#1214,#1216,.T.);
#1214 = VERTEX_POINT('',#1215);
#1215 = CARTESIAN_POINT('',(-1.666666666667,-4.666666666667,137.59));
#1216 = SURFACE_CURVE('',#1217,(#1221,#1228),.PCURVE_S1.);
#1217 = LINE('',#1218,#1219);
#1218 = CARTESIAN_POINT('',(-1.666666666667,-4.666666666667,134.79));
#1219 = VECTOR('',#1220,1.);
#1220 = DIRECTION('',(0.,0.,1.));
#1221 = PCURVE('',#1002,#1222);
#1222 = DEFINITIONAL_REPRESENTATION('',(#1223),#1227);
#1223 = LINE('',#1224,#1225);
#1224 = CARTESIAN_POINT('',(0.,0.));
#1225 = VECTOR('',#1226,1.);
#1226 = DIRECTION('',(1.,0.));
#1227 = ( GEOMETRIC_REPRESENTATION_CONTEXT(2) 
PARAMETRIC_REPRESENTATION_CONTEXT() REPRESENTATION_CONTEXT('2D SPACE',''
  ) );
#1228 = PCURVE('',#1028,#1229);
#1229 = DEFINITIONAL_REPRESENTATION('',(#1230),#1234);
#1230 = LINE('',#1231,#1232);
#1231 = CARTESIAN_POINT('',(0.,3.333333333333));
#1232 = VECTOR('',#1233,1.);
#1233 = DIRECTION('',(1.,0.));
#1234 = ( GEOMETRIC_REPRESENTATION_CONTEXT(2) 
PARAMETRIC_REPRESENTATION_CONTEXT() REPRESENTATION_CONTEXT('2D SPACE',''
  ) );
#1235 = ORIENTED_EDGE('',*,*,#985,.T.);
#1236 = ORIENTED_EDGE('',*,*,#1237,.T.);
#1237 = EDGE_CURVE('',#988,#1238,#1240,.T.);
#1238 = VERTEX_POINT('',#1239);
#1239 = CARTESIAN_POINT('',(-1.666666666667,4.666666666667,137.59));
#1240 = SURFACE_CURVE('',#1241,(#1245,#1252),.PCURVE_S1.);
#1241 = LINE('',#1242,#1243);
#1242 = CARTESIAN_POINT('',(-1.666666666667,4.666666666667,134.79));
#1243 = VECTOR('',#1244,1.);
#1244 = DIRECTION('',(0.,0.,1.));
#1245 = PCURVE('',#1002,#1246);
#1246 = DEFINITIONAL_REPRESENTATION('',(#1247),#1251);
#1247 = LINE('',#1248,#1249);
#1248 = CARTESIAN_POINT('',(0.,-9.333333333333));
#1249 = VECTOR('',#1250,1.);
#1250 = DIRECTION('',(1.,0.));
#1251 = ( GEOMETRIC_REPRESENTATION_CONTEXT(2) 
PARAMETRIC_REPRESENTATION_CONTEXT() REPRESENTATION_CONTEXT('2D SPACE',''
  ) );
#1252 = PCURVE('',#1196,#1253);
#1253 = DEFINITIONAL_REPRESENTATION('',(#1254),#1258);
#1254 = LINE('',#1255,#1256);
#1255 = CARTESIAN_POINT('',(0.,3.333333333333));
#1256 = VECTOR('',#1257,1.);
#1257 = DIRECTION('',(1.,0.));
#1258 = ( GEOMETRIC_REPRESENTATION_CONTEXT(2) 
PARAMETRIC_REPRESENTATION_CONTEXT() REPRESENTATION_CONTEXT('2D SPACE',''
  ) );
#1259 = ORIENTED_EDGE('',*,*,#1260,.F.);
#1260 = EDGE_CURVE('',#1214,#1238,#1261,.T.);
#1261 = SURFACE_CURVE('',#1262,(#1266,#1273),.PCURVE_S1.);
#1262 = LINE('',#1263,#1264);
#1263 = CARTESIAN_POINT('',(-1.666666666667,-4.666666666667,137.59));
#1264 = VECTOR('',#1265,1.);
#1265 = DIRECTION('',(-0.,1.,0.));
#1266 = PCURVE('',#1002,#1267);
#1267 = DEFINITIONAL_REPRESENTATION('',(#1268),#1272);
#1268 = LINE('',#1269,#1270);
#1269 = CARTESIAN_POINT('',(2.8,0.));
#1270 = VECTOR('',#1271,1.);
#1271 = DIRECTION('',(0.,-1.));
#1272 = ( GEOMETRIC_REPRESENTATION_CONTEXT(2) 
PARAMETRIC_REPRESENTATION_CONTEXT() REPRESENTATION_CONTEXT('2D SPACE',''
  ) );
#1273 = PCURVE('',#1274,#1279);
#1274 = PLANE('',#1275);
#1275 = AXIS2_PLACEMENT_3D('',#1276,#1277,#1278);
#1276 = CARTESIAN_POINT('',(-5.,-4.666666666667,137.59));
#1277 = DIRECTION('',(0.,0.,1.));
#1278 = DIRECTION('',(1.,0.,-0.));
#1279 = DEFINITIONAL_REPRESENTATION('',(#1280),#1284);
#1280 = LINE('',#1281,#1282);
#1281 = CARTESIAN_POINT('',(3.333333333333,0.));
#1282 = VECTOR('',#1283,1.);
#1283 = DIRECTION('',(0.,1.));
#1284 = ( GEOMETRIC_REPRESENTATION_CONTEXT(2) 
PARAMETRIC_REPRESENTATION_CONTEXT() REPRESENTATION_CONTEXT('2D SPACE',''
  ) );
#1285 = ADVANCED_FACE('',(#1286),#1028,.F.);
#1286 = FACE_BOUND('',#1287,.F.);
#1287 = EDGE_LOOP('',(#1288,#1316,#1344,#1365,#1366,#1367));
#1288 = ORIENTED_EDGE('',*,*,#1289,.T.);
#1289 = EDGE_CURVE('',#1290,#1292,#1294,.T.);
#1290 = VERTEX_POINT('',#1291);
#1291 = CARTESIAN_POINT('',(-1.795054935712,-4.666666666667,134.8));
#1292 = VERTEX_POINT('',#1293);
#1293 = CARTESIAN_POINT('',(-5.,-4.666666666667,134.8));
#1294 = SURFACE_CURVE('',#1295,(#1299,#1305),.PCURVE_S1.);
#1295 = LINE('',#1296,#1297);
#1296 = CARTESIAN_POINT('',(-2.50000000016,-4.666666666667,134.8));
#1297 = VECTOR('',#1298,1.);
#1298 = DIRECTION('',(-1.,-0.,0.));
#1299 = PCURVE('',#1028,#1300);
#1300 = DEFINITIONAL_REPRESENTATION('',(#1301),#1304);
#1301 = B_SPLINE_CURVE_WITH_KNOTS('',1,(#1302,#1303),.UNSPECIFIED.,.F.,
  .F.,(2,2),(-0.833333333494,2.49999999984),.PIECEWISE_BEZIER_KNOTS.);
#1302 = CARTESIAN_POINT('',(9.999999999991E-03,3.333333333333));
#1303 = CARTESIAN_POINT('',(9.999999999991E-03,0.));
#1304 = ( GEOMETRIC_REPRESENTATION_CONTEXT(2) 
PARAMETRIC_REPRESENTATION_CONTEXT() REPRESENTATION_CONTEXT('2D SPACE',''
  ) );
#1305 = PCURVE('',#1306,#1311);
#1306 = PLANE('',#1307);
#1307 = AXIS2_PLACEMENT_3D('',#1308,#1309,#1310);
#1308 = CARTESIAN_POINT('',(-3.206977073873E-10,-3.595544119933E-10,
    134.8));
#1309 = DIRECTION('',(0.,0.,1.));
#1310 = DIRECTION('',(1.,0.,0.));
#1311 = DEFINITIONAL_REPRESENTATION('',(#1312),#1315);
#1312 = B_SPLINE_CURVE_WITH_KNOTS('',1,(#1313,#1314),.UNSPECIFIED.,.F.,
  .F.,(2,2),(-0.833333333494,2.49999999984),.PIECEWISE_BEZIER_KNOTS.);
#1313 = CARTESIAN_POINT('',(-1.666666666346,-4.666666666307));
#1314 = CARTESIAN_POINT('',(-4.999999999679,-4.666666666307));
#1315 = ( GEOMETRIC_REPRESENTATION_CONTEXT(2) 
PARAMETRIC_REPRESENTATION_CONTEXT() REPRESENTATION_CONTEXT('2D SPACE',''
  ) );
#1316 = ORIENTED_EDGE('',*,*,#1317,.T.);
#1317 = EDGE_CURVE('',#1292,#1318,#1320,.T.);
#1318 = VERTEX_POINT('',#1319);
#1319 = CARTESIAN_POINT('',(-5.,-4.666666666667,137.59));
#1320 = SURFACE_CURVE('',#1321,(#1325,#1332),.PCURVE_S1.);
#1321 = LINE('',#1322,#1323);
#1322 = CARTESIAN_POINT('',(-5.,-4.666666666667,134.79));
#1323 = VECTOR('',#1324,1.);
#1324 = DIRECTION('',(0.,0.,1.));
#1325 = PCURVE('',#1028,#1326);
#1326 = DEFINITIONAL_REPRESENTATION('',(#1327),#1331);
#1327 = LINE('',#1328,#1329);
#1328 = CARTESIAN_POINT('',(0.,0.));
#1329 = VECTOR('',#1330,1.);
#1330 = DIRECTION('',(1.,0.));
#1331 = ( GEOMETRIC_REPRESENTATION_CONTEXT(2) 
PARAMETRIC_REPRESENTATION_CONTEXT() REPRESENTATION_CONTEXT('2D SPACE',''
  ) );
#1332 = PCURVE('',#1333,#1338);
#1333 = PLANE('',#1334);
#1334 = AXIS2_PLACEMENT_3D('',#1335,#1336,#1337);
#1335 = CARTESIAN_POINT('',(-5.,-4.666666666667,134.79));
#1336 = DIRECTION('',(1.,0.,-0.));
#1337 = DIRECTION('',(0.,0.,1.));
#1338 = DEFINITIONAL_REPRESENTATION('',(#1339),#1343);
#1339 = LINE('',#1340,#1341);
#1340 = CARTESIAN_POINT('',(0.,0.));
#1341 = VECTOR('',#1342,1.);
#1342 = DIRECTION('',(1.,0.));
#1343 = ( GEOMETRIC_REPRESENTATION_CONTEXT(2) 
PARAMETRIC_REPRESENTATION_CONTEXT() REPRESENTATION_CONTEXT('2D SPACE',''
  ) );
#1344 = ORIENTED_EDGE('',*,*,#1345,.T.);
#1345 = EDGE_CURVE('',#1318,#1214,#1346,.T.);
#1346 = SURFACE_CURVE('',#1347,(#1351,#1358),.PCURVE_S1.);
#1347 = LINE('',#1348,#1349);
#1348 = CARTESIAN_POINT('',(-5.,-4.666666666667,137.59));
#1349 = VECTOR('',#1350,1.);
#1350 = DIRECTION('',(1.,0.,-0.));
#1351 = PCURVE('',#1028,#1352);
#1352 = DEFINITIONAL_REPRESENTATION('',(#1353),#1357);
#1353 = LINE('',#1354,#1355);
#1354 = CARTESIAN_POINT('',(2.8,0.));
#1355 = VECTOR('',#1356,1.);
#1356 = DIRECTION('',(0.,1.));
#1357 = ( GEOMETRIC_REPRESENTATION_CONTEXT(2) 
PARAMETRIC_REPRESENTATION_CONTEXT() REPRESENTATION_CONTEXT('2D SPACE',''
  ) );
#1358 = PCURVE('',#1274,#1359);
#1359 = DEFINITIONAL_REPRESENTATION('',(#1360),#1364);
#1360 = LINE('',#1361,#1362);
#1361 = CARTESIAN_POINT('',(0.,0.));
#1362 = VECTOR('',#1363,1.);
#1363 = DIRECTION('',(1.,0.));
#1364 = ( GEOMETRIC_REPRESENTATION_CONTEXT(2) 
PARAMETRIC_REPRESENTATION_CONTEXT() REPRESENTATION_CONTEXT('2D SPACE',''
  ) );
#1365 = ORIENTED_EDGE('',*,*,#1213,.F.);
#1366 = ORIENTED_EDGE('',*,*,#1013,.T.);
#1367 = ORIENTED_EDGE('',*,*,#1368,.F.);
#1368 = EDGE_CURVE('',#1290,#1014,#1369,.T.);
#1369 = SURFACE_CURVE('',#1370,(#1374,#1380),.PCURVE_S1.);
#1370 = LINE('',#1371,#1372);
#1371 = CARTESIAN_POINT('',(-1.795054935712,-4.666666666667,134.79));
#1372 = VECTOR('',#1373,1.);
#1373 = DIRECTION('',(0.,0.,1.));
#1374 = PCURVE('',#1028,#1375);
#1375 = DEFINITIONAL_REPRESENTATION('',(#1376),#1379);
#1376 = B_SPLINE_CURVE_WITH_KNOTS('',1,(#1377,#1378),.UNSPECIFIED.,.F.,
  .F.,(2,2),(-2.399999999625E-06,1.876669066667),
  .PIECEWISE_BEZIER_KNOTS.);
#1377 = CARTESIAN_POINT('',(-2.399999999625E-06,3.204945064288));
#1378 = CARTESIAN_POINT('',(1.876669066667,3.204945064288));
#1379 = ( GEOMETRIC_REPRESENTATION_CONTEXT(2) 
PARAMETRIC_REPRESENTATION_CONTEXT() REPRESENTATION_CONTEXT('2D SPACE',''
  ) );
#1380 = PCURVE('',#1060,#1381);
#1381 = DEFINITIONAL_REPRESENTATION('',(#1382),#1385);
#1382 = B_SPLINE_CURVE_WITH_KNOTS('',1,(#1383,#1384),.UNSPECIFIED.,.F.,
  .F.,(2,2),(0.,1.876666666667),.PIECEWISE_BEZIER_KNOTS.);
#1383 = CARTESIAN_POINT('',(4.345180959827,0.));
#1384 = CARTESIAN_POINT('',(4.345180959827,1.876666666667));
#1385 = ( GEOMETRIC_REPRESENTATION_CONTEXT(2) 
PARAMETRIC_REPRESENTATION_CONTEXT() REPRESENTATION_CONTEXT('2D SPACE',''
  ) );
#1386 = ADVANCED_FACE('',(#1387),#1196,.T.);
#1387 = FACE_BOUND('',#1388,.T.);
#1388 = EDGE_LOOP('',(#1389,#1412,#1435,#1456,#1457,#1458));
#1389 = ORIENTED_EDGE('',*,*,#1390,.T.);
#1390 = EDGE_CURVE('',#1391,#1393,#1395,.T.);
#1391 = VERTEX_POINT('',#1392);
#1392 = CARTESIAN_POINT('',(-1.795054935712,4.666666666667,134.8));
#1393 = VERTEX_POINT('',#1394);
#1394 = CARTESIAN_POINT('',(-5.,4.666666666667,134.8));
#1395 = SURFACE_CURVE('',#1396,(#1400,#1406),.PCURVE_S1.);
#1396 = LINE('',#1397,#1398);
#1397 = CARTESIAN_POINT('',(-2.50000000016,4.666666666667,134.8));
#1398 = VECTOR('',#1399,1.);
#1399 = DIRECTION('',(-1.,-0.,0.));
#1400 = PCURVE('',#1196,#1401);
#1401 = DEFINITIONAL_REPRESENTATION('',(#1402),#1405);
#1402 = B_SPLINE_CURVE_WITH_KNOTS('',1,(#1403,#1404),.UNSPECIFIED.,.F.,
  .F.,(2,2),(-0.833333333494,2.49999999984),.PIECEWISE_BEZIER_KNOTS.);
#1403 = CARTESIAN_POINT('',(9.999999999991E-03,3.333333333333));
#1404 = CARTESIAN_POINT('',(9.999999999991E-03,0.));
#1405 = ( GEOMETRIC_REPRESENTATION_CONTEXT(2) 
PARAMETRIC_REPRESENTATION_CONTEXT() REPRESENTATION_CONTEXT('2D SPACE',''
  ) );
#1406 = PCURVE('',#1306,#1407);
#1407 = DEFINITIONAL_REPRESENTATION('',(#1408),#1411);
#1408 = B_SPLINE_CURVE_WITH_KNOTS('',1,(#1409,#1410),.UNSPECIFIED.,.F.,
  .F.,(2,2),(-0.833333333494,2.49999999984),.PIECEWISE_BEZIER_KNOTS.);
#1409 = CARTESIAN_POINT('',(-1.666666666346,4.666666667026));
#1410 = CARTESIAN_POINT('',(-4.999999999679,4.666666667026));
#1411 = ( GEOMETRIC_REPRESENTATION_CONTEXT(2) 
PARAMETRIC_REPRESENTATION_CONTEXT() REPRESENTATION_CONTEXT('2D SPACE',''
  ) );
#1412 = ORIENTED_EDGE('',*,*,#1413,.T.);
#1413 = EDGE_CURVE('',#1393,#1414,#1416,.T.);
#1414 = VERTEX_POINT('',#1415);
#1415 = CARTESIAN_POINT('',(-5.,4.666666666667,137.59));
#1416 = SURFACE_CURVE('',#1417,(#1421,#1428),.PCURVE_S1.);
#1417 = LINE('',#1418,#1419);
#1418 = CARTESIAN_POINT('',(-5.,4.666666666667,134.79));
#1419 = VECTOR('',#1420,1.);
#1420 = DIRECTION('',(0.,0.,1.));
#1421 = PCURVE('',#1196,#1422);
#1422 = DEFINITIONAL_REPRESENTATION('',(#1423),#1427);
#1423 = LINE('',#1424,#1425);
#1424 = CARTESIAN_POINT('',(0.,0.));
#1425 = VECTOR('',#1426,1.);
#1426 = DIRECTION('',(1.,0.));
#1427 = ( GEOMETRIC_REPRESENTATION_CONTEXT(2) 
PARAMETRIC_REPRESENTATION_CONTEXT() REPRESENTATION_CONTEXT('2D SPACE',''
  ) );
#1428 = PCURVE('',#1333,#1429);
#1429 = DEFINITIONAL_REPRESENTATION('',(#1430),#1434);
#1430 = LINE('',#1431,#1432);
#1431 = CARTESIAN_POINT('',(0.,-9.333333333333));
#1432 = VECTOR('',#1433,1.);
#1433 = DIRECTION('',(1.,0.));
#1434 = ( GEOMETRIC_REPRESENTATION_CONTEXT(2) 
PARAMETRIC_REPRESENTATION_CONTEXT() REPRESENTATION_CONTEXT('2D SPACE',''
  ) );
#1435 = ORIENTED_EDGE('',*,*,#1436,.T.);
#1436 = EDGE_CURVE('',#1414,#1238,#1437,.T.);
#1437 = SURFACE_CURVE('',#1438,(#1442,#1449),.PCURVE_S1.);
#1438 = LINE('',#1439,#1440);
#1439 = CARTESIAN_POINT('',(-5.,4.666666666667,137.59));
#1440 = VECTOR('',#1441,1.);
#1441 = DIRECTION('',(1.,0.,-0.));
#1442 = PCURVE('',#1196,#1443);
#1443 = DEFINITIONAL_REPRESENTATION('',(#1444),#1448);
#1444 = LINE('',#1445,#1446);
#1445 = CARTESIAN_POINT('',(2.8,0.));
#1446 = VECTOR('',#1447,1.);
#1447 = DIRECTION('',(0.,1.));
#1448 = ( GEOMETRIC_REPRESENTATION_CONTEXT(2) 
PARAMETRIC_REPRESENTATION_CONTEXT() REPRESENTATION_CONTEXT('2D SPACE',''
  ) );
#1449 = PCURVE('',#1274,#1450);
#1450 = DEFINITIONAL_REPRESENTATION('',(#1451),#1455);
#1451 = LINE('',#1452,#1453);
#1452 = CARTESIAN_POINT('',(0.,9.333333333333));
#1453 = VECTOR('',#1454,1.);
#1454 = DIRECTION('',(1.,0.));
#1455 = ( GEOMETRIC_REPRESENTATION_CONTEXT(2) 
PARAMETRIC_REPRESENTATION_CONTEXT() REPRESENTATION_CONTEXT('2D SPACE',''
  ) );
#1456 = ORIENTED_EDGE('',*,*,#1237,.F.);
#1457 = ORIENTED_EDGE('',*,*,#1183,.T.);
#1458 = ORIENTED_EDGE('',*,*,#1459,.F.);
#1459 = EDGE_CURVE('',#1391,#1151,#1460,.T.);
#1460 = SURFACE_CURVE('',#1461,(#1465,#1471),.PCURVE_S1.);
#1461 = LINE('',#1462,#1463);
#1462 = CARTESIAN_POINT('',(-1.795054935712,4.666666666667,134.79));
#1463 = VECTOR('',#1464,1.);
#1464 = DIRECTION('',(0.,0.,1.));
#1465 = PCURVE('',#1196,#1466);
#1466 = DEFINITIONAL_REPRESENTATION('',(#1467),#1470);
#1467 = B_SPLINE_CURVE_WITH_KNOTS('',1,(#1468,#1469),.UNSPECIFIED.,.F.,
  .F.,(2,2),(-2.399999999625E-06,1.876669066667),
  .PIECEWISE_BEZIER_KNOTS.);
#1468 = CARTESIAN_POINT('',(-2.399999999625E-06,3.204945064288));
#1469 = CARTESIAN_POINT('',(1.876669066667,3.204945064288));
#1470 = ( GEOMETRIC_REPRESENTATION_CONTEXT(2) 
PARAMETRIC_REPRESENTATION_CONTEXT() REPRESENTATION_CONTEXT('2D SPACE',''
  ) );
#1471 = PCURVE('',#1171,#1472);
#1472 = DEFINITIONAL_REPRESENTATION('',(#1473),#1476);
#1473 = B_SPLINE_CURVE_WITH_KNOTS('',1,(#1474,#1475),.UNSPECIFIED.,.F.,
  .F.,(2,2),(0.,1.876666666667),.PIECEWISE_BEZIER_KNOTS.);
#1474 = CARTESIAN_POINT('',(8.221189654532,0.));
#1475 = CARTESIAN_POINT('',(8.221189654532,1.876666666667));
#1476 = ( GEOMETRIC_REPRESENTATION_CONTEXT(2) 
PARAMETRIC_REPRESENTATION_CONTEXT() REPRESENTATION_CONTEXT('2D SPACE',''
  ) );
#1477 = ADVANCED_FACE('',(#1478),#1060,.T.);
#1478 = FACE_BOUND('',#1479,.T.);
#1479 = EDGE_LOOP('',(#1480,#1481,#1505,#1524));
#1480 = ORIENTED_EDGE('',*,*,#1368,.F.);
#1481 = ORIENTED_EDGE('',*,*,#1482,.T.);
#1482 = EDGE_CURVE('',#1290,#1483,#1485,.T.);
#1483 = VERTEX_POINT('',#1484);
#1484 = CARTESIAN_POINT('',(1.795054935712,-4.666666666667,134.8));
#1485 = SURFACE_CURVE('',#1486,(#1491,#1498),.PCURVE_S1.);
#1486 = CIRCLE('',#1487,5.);
#1487 = AXIS2_PLACEMENT_3D('',#1488,#1489,#1490);
#1488 = CARTESIAN_POINT('',(0.,0.,134.8));
#1489 = DIRECTION('',(0.,0.,1.));
#1490 = DIRECTION('',(1.,0.,-0.));
#1491 = PCURVE('',#1060,#1492);
#1492 = DEFINITIONAL_REPRESENTATION('',(#1493),#1497);
#1493 = LINE('',#1494,#1495);
#1494 = CARTESIAN_POINT('',(0.,9.999999999991E-03));
#1495 = VECTOR('',#1496,1.);
#1496 = DIRECTION('',(1.,0.));
#1497 = ( GEOMETRIC_REPRESENTATION_CONTEXT(2) 
PARAMETRIC_REPRESENTATION_CONTEXT() REPRESENTATION_CONTEXT('2D SPACE',''
  ) );
#1498 = PCURVE('',#1306,#1499);
#1499 = DEFINITIONAL_REPRESENTATION('',(#1500),#1504);
#1500 = CIRCLE('',#1501,5.);
#1501 = AXIS2_PLACEMENT_2D('',#1502,#1503);
#1502 = CARTESIAN_POINT('',(3.206977073873E-10,3.595544119933E-10));
#1503 = DIRECTION('',(1.,0.));
#1504 = ( GEOMETRIC_REPRESENTATION_CONTEXT(2) 
PARAMETRIC_REPRESENTATION_CONTEXT() REPRESENTATION_CONTEXT('2D SPACE',''
  ) );
#1505 = ORIENTED_EDGE('',*,*,#1506,.T.);
#1506 = EDGE_CURVE('',#1483,#1040,#1507,.T.);
#1507 = SURFACE_CURVE('',#1508,(#1512,#1518),.PCURVE_S1.);
#1508 = LINE('',#1509,#1510);
#1509 = CARTESIAN_POINT('',(1.795054935712,-4.666666666667,134.79));
#1510 = VECTOR('',#1511,1.);
#1511 = DIRECTION('',(0.,0.,1.));
#1512 = PCURVE('',#1060,#1513);
#1513 = DEFINITIONAL_REPRESENTATION('',(#1514),#1517);
#1514 = B_SPLINE_CURVE_WITH_KNOTS('',1,(#1515,#1516),.UNSPECIFIED.,.F.,
  .F.,(2,2),(-2.399999999625E-06,1.876669066667),
  .PIECEWISE_BEZIER_KNOTS.);
#1515 = CARTESIAN_POINT('',(5.079597000943,-2.399999999625E-06));
#1516 = CARTESIAN_POINT('',(5.079597000943,1.876669066667));
#1517 = ( GEOMETRIC_REPRESENTATION_CONTEXT(2) 
PARAMETRIC_REPRESENTATION_CONTEXT() REPRESENTATION_CONTEXT('2D SPACE',''
  ) );
#1518 = PCURVE('',#1087,#1519);
#1519 = DEFINITIONAL_REPRESENTATION('',(#1520),#1523);
#1520 = B_SPLINE_CURVE_WITH_KNOTS('',1,(#1521,#1522),.UNSPECIFIED.,.F.,
  .F.,(2,2),(-2.399999999625E-06,1.876669066667),
  .PIECEWISE_BEZIER_KNOTS.);
#1521 = CARTESIAN_POINT('',(-2.399999999625E-06,0.128388269045));
#1522 = CARTESIAN_POINT('',(1.876669066667,0.128388269045));
#1523 = ( GEOMETRIC_REPRESENTATION_CONTEXT(2) 
PARAMETRIC_REPRESENTATION_CONTEXT() REPRESENTATION_CONTEXT('2D SPACE',''
  ) );
#1524 = ORIENTED_EDGE('',*,*,#1039,.T.);
#1525 = ADVANCED_FACE('',(#1526),#1171,.T.);
#1526 = FACE_BOUND('',#1527,.T.);
#1527 = EDGE_LOOP('',(#1528,#1549,#1571,#1572));
#1528 = ORIENTED_EDGE('',*,*,#1529,.F.);
#1529 = EDGE_CURVE('',#1530,#1125,#1532,.T.);
#1530 = VERTEX_POINT('',#1531);
#1531 = CARTESIAN_POINT('',(1.795054935712,4.666666666667,134.8));
#1532 = SURFACE_CURVE('',#1533,(#1537,#1543),.PCURVE_S1.);
#1533 = LINE('',#1534,#1535);
#1534 = CARTESIAN_POINT('',(1.795054935712,4.666666666667,134.79));
#1535 = VECTOR('',#1536,1.);
#1536 = DIRECTION('',(0.,0.,1.));
#1537 = PCURVE('',#1171,#1538);
#1538 = DEFINITIONAL_REPRESENTATION('',(#1539),#1542);
#1539 = B_SPLINE_CURVE_WITH_KNOTS('',1,(#1540,#1541),.UNSPECIFIED.,.F.,
  .F.,(2,2),(-2.399999999625E-06,1.876669066667),
  .PIECEWISE_BEZIER_KNOTS.);
#1540 = CARTESIAN_POINT('',(7.486773613417,-2.399999999625E-06));
#1541 = CARTESIAN_POINT('',(7.486773613417,1.876669066667));
#1542 = ( GEOMETRIC_REPRESENTATION_CONTEXT(2) 
PARAMETRIC_REPRESENTATION_CONTEXT() REPRESENTATION_CONTEXT('2D SPACE',''
  ) );
#1543 = PCURVE('',#1139,#1544);
#1544 = DEFINITIONAL_REPRESENTATION('',(#1545),#1548);
#1545 = B_SPLINE_CURVE_WITH_KNOTS('',1,(#1546,#1547),.UNSPECIFIED.,.F.,
  .F.,(2,2),(-2.399999999625E-06,1.876669066667),
  .PIECEWISE_BEZIER_KNOTS.);
#1546 = CARTESIAN_POINT('',(-2.399999999625E-06,0.128388269045));
#1547 = CARTESIAN_POINT('',(1.876669066667,0.128388269045));
#1548 = ( GEOMETRIC_REPRESENTATION_CONTEXT(2) 
PARAMETRIC_REPRESENTATION_CONTEXT() REPRESENTATION_CONTEXT('2D SPACE',''
  ) );
#1549 = ORIENTED_EDGE('',*,*,#1550,.T.);
#1550 = EDGE_CURVE('',#1530,#1391,#1551,.T.);
#1551 = SURFACE_CURVE('',#1552,(#1557,#1564),.PCURVE_S1.);
#1552 = CIRCLE('',#1553,5.);
#1553 = AXIS2_PLACEMENT_3D('',#1554,#1555,#1556);
#1554 = CARTESIAN_POINT('',(0.,0.,134.8));
#1555 = DIRECTION('',(0.,0.,1.));
#1556 = DIRECTION('',(1.,0.,-0.));
#1557 = PCURVE('',#1171,#1558);
#1558 = DEFINITIONAL_REPRESENTATION('',(#1559),#1563);
#1559 = LINE('',#1560,#1561);
#1560 = CARTESIAN_POINT('',(6.28318530718,9.999999999991E-03));
#1561 = VECTOR('',#1562,1.);
#1562 = DIRECTION('',(1.,0.));
#1563 = ( GEOMETRIC_REPRESENTATION_CONTEXT(2) 
PARAMETRIC_REPRESENTATION_CONTEXT() REPRESENTATION_CONTEXT('2D SPACE',''
  ) );
#1564 = PCURVE('',#1306,#1565);
#1565 = DEFINITIONAL_REPRESENTATION('',(#1566),#1570);
#1566 = CIRCLE('',#1567,5.);
#1567 = AXIS2_PLACEMENT_2D('',#1568,#1569);
#1568 = CARTESIAN_POINT('',(3.206977073873E-10,3.595544119933E-10));
#1569 = DIRECTION('',(1.,0.));
#1570 = ( GEOMETRIC_REPRESENTATION_CONTEXT(2) 
PARAMETRIC_REPRESENTATION_CONTEXT() REPRESENTATION_CONTEXT('2D SPACE',''
  ) );
#1571 = ORIENTED_EDGE('',*,*,#1459,.T.);
#1572 = ORIENTED_EDGE('',*,*,#1150,.T.);
#1573 = ADVANCED_FACE('',(#1574),#1087,.F.);
#1574 = FACE_BOUND('',#1575,.F.);
#1575 = EDGE_LOOP('',(#1576,#1597,#1598,#1599,#1622,#1650));
#1576 = ORIENTED_EDGE('',*,*,#1577,.T.);
#1577 = EDGE_CURVE('',#1578,#1483,#1580,.T.);
#1578 = VERTEX_POINT('',#1579);
#1579 = CARTESIAN_POINT('',(5.,-4.666666666667,134.8));
#1580 = SURFACE_CURVE('',#1581,(#1585,#1591),.PCURVE_S1.);
#1581 = LINE('',#1582,#1583);
#1582 = CARTESIAN_POINT('',(0.833333333173,-4.666666666667,134.8));
#1583 = VECTOR('',#1584,1.);
#1584 = DIRECTION('',(-1.,-0.,0.));
#1585 = PCURVE('',#1087,#1586);
#1586 = DEFINITIONAL_REPRESENTATION('',(#1587),#1590);
#1587 = B_SPLINE_CURVE_WITH_KNOTS('',1,(#1588,#1589),.UNSPECIFIED.,.F.,
  .F.,(2,2),(-4.166666666827,-0.833333333494),.PIECEWISE_BEZIER_KNOTS.);
#1588 = CARTESIAN_POINT('',(9.999999999991E-03,3.333333333333));
#1589 = CARTESIAN_POINT('',(9.999999999991E-03,0.));
#1590 = ( GEOMETRIC_REPRESENTATION_CONTEXT(2) 
PARAMETRIC_REPRESENTATION_CONTEXT() REPRESENTATION_CONTEXT('2D SPACE',''
  ) );
#1591 = PCURVE('',#1306,#1592);
#1592 = DEFINITIONAL_REPRESENTATION('',(#1593),#1596);
#1593 = B_SPLINE_CURVE_WITH_KNOTS('',1,(#1594,#1595),.UNSPECIFIED.,.F.,
  .F.,(2,2),(-4.166666666827,-0.833333333494),.PIECEWISE_BEZIER_KNOTS.);
#1594 = CARTESIAN_POINT('',(5.000000000321,-4.666666666307));
#1595 = CARTESIAN_POINT('',(1.666666666987,-4.666666666307));
#1596 = ( GEOMETRIC_REPRESENTATION_CONTEXT(2) 
PARAMETRIC_REPRESENTATION_CONTEXT() REPRESENTATION_CONTEXT('2D SPACE',''
  ) );
#1597 = ORIENTED_EDGE('',*,*,#1506,.T.);
#1598 = ORIENTED_EDGE('',*,*,#1072,.T.);
#1599 = ORIENTED_EDGE('',*,*,#1600,.T.);
#1600 = EDGE_CURVE('',#1073,#1601,#1603,.T.);
#1601 = VERTEX_POINT('',#1602);
#1602 = CARTESIAN_POINT('',(1.666666666667,-4.666666666667,137.59));
#1603 = SURFACE_CURVE('',#1604,(#1608,#1615),.PCURVE_S1.);
#1604 = LINE('',#1605,#1606);
#1605 = CARTESIAN_POINT('',(1.666666666667,-4.666666666667,134.79));
#1606 = VECTOR('',#1607,1.);
#1607 = DIRECTION('',(0.,0.,1.));
#1608 = PCURVE('',#1087,#1609);
#1609 = DEFINITIONAL_REPRESENTATION('',(#1610),#1614);
#1610 = LINE('',#1611,#1612);
#1611 = CARTESIAN_POINT('',(0.,0.));
#1612 = VECTOR('',#1613,1.);
#1613 = DIRECTION('',(1.,0.));
#1614 = ( GEOMETRIC_REPRESENTATION_CONTEXT(2) 
PARAMETRIC_REPRESENTATION_CONTEXT() REPRESENTATION_CONTEXT('2D SPACE',''
  ) );
#1615 = PCURVE('',#1113,#1616);
#1616 = DEFINITIONAL_REPRESENTATION('',(#1617),#1621);
#1617 = LINE('',#1618,#1619);
#1618 = CARTESIAN_POINT('',(0.,0.));
#1619 = VECTOR('',#1620,1.);
#1620 = DIRECTION('',(1.,0.));
#1621 = ( GEOMETRIC_REPRESENTATION_CONTEXT(2) 
PARAMETRIC_REPRESENTATION_CONTEXT() REPRESENTATION_CONTEXT('2D SPACE',''
  ) );
#1622 = ORIENTED_EDGE('',*,*,#1623,.T.);
#1623 = EDGE_CURVE('',#1601,#1624,#1626,.T.);
#1624 = VERTEX_POINT('',#1625);
#1625 = CARTESIAN_POINT('',(5.,-4.666666666667,137.59));
#1626 = SURFACE_CURVE('',#1627,(#1631,#1638),.PCURVE_S1.);
#1627 = LINE('',#1628,#1629);
#1628 = CARTESIAN_POINT('',(1.666666666667,-4.666666666667,137.59));
#1629 = VECTOR('',#1630,1.);
#1630 = DIRECTION('',(1.,0.,-0.));
#1631 = PCURVE('',#1087,#1632);
#1632 = DEFINITIONAL_REPRESENTATION('',(#1633),#1637);
#1633 = LINE('',#1634,#1635);
#1634 = CARTESIAN_POINT('',(2.8,0.));
#1635 = VECTOR('',#1636,1.);
#1636 = DIRECTION('',(0.,1.));
#1637 = ( GEOMETRIC_REPRESENTATION_CONTEXT(2) 
PARAMETRIC_REPRESENTATION_CONTEXT() REPRESENTATION_CONTEXT('2D SPACE',''
  ) );
#1638 = PCURVE('',#1639,#1644);
#1639 = PLANE('',#1640);
#1640 = AXIS2_PLACEMENT_3D('',#1641,#1642,#1643);
#1641 = CARTESIAN_POINT('',(1.666666666667,-4.666666666667,137.59));
#1642 = DIRECTION('',(0.,0.,1.));
#1643 = DIRECTION('',(1.,0.,-0.));
#1644 = DEFINITIONAL_REPRESENTATION('',(#1645),#1649);
#1645 = LINE('',#1646,#1647);
#1646 = CARTESIAN_POINT('',(0.,0.));
#1647 = VECTOR('',#1648,1.);
#1648 = DIRECTION('',(1.,0.));
#1649 = ( GEOMETRIC_REPRESENTATION_CONTEXT(2) 
PARAMETRIC_REPRESENTATION_CONTEXT() REPRESENTATION_CONTEXT('2D SPACE',''
  ) );
#1650 = ORIENTED_EDGE('',*,*,#1651,.F.);
#1651 = EDGE_CURVE('',#1578,#1624,#1652,.T.);
#1652 = SURFACE_CURVE('',#1653,(#1657,#1664),.PCURVE_S1.);
#1653 = LINE('',#1654,#1655);
#1654 = CARTESIAN_POINT('',(5.,-4.666666666667,134.79));
#1655 = VECTOR('',#1656,1.);
#1656 = DIRECTION('',(0.,0.,1.));
#1657 = PCURVE('',#1087,#1658);
#1658 = DEFINITIONAL_REPRESENTATION('',(#1659),#1663);
#1659 = LINE('',#1660,#1661);
#1660 = CARTESIAN_POINT('',(0.,3.333333333333));
#1661 = VECTOR('',#1662,1.);
#1662 = DIRECTION('',(1.,0.));
#1663 = ( GEOMETRIC_REPRESENTATION_CONTEXT(2) 
PARAMETRIC_REPRESENTATION_CONTEXT() REPRESENTATION_CONTEXT('2D SPACE',''
  ) );
#1664 = PCURVE('',#1665,#1670);
#1665 = PLANE('',#1666);
#1666 = AXIS2_PLACEMENT_3D('',#1667,#1668,#1669);
#1667 = CARTESIAN_POINT('',(5.,-4.666666666667,134.79));
#1668 = DIRECTION('',(1.,0.,-0.));
#1669 = DIRECTION('',(0.,0.,1.));
#1670 = DEFINITIONAL_REPRESENTATION('',(#1671),#1675);
#1671 = LINE('',#1672,#1673);
#1672 = CARTESIAN_POINT('',(0.,0.));
#1673 = VECTOR('',#1674,1.);
#1674 = DIRECTION('',(1.,0.));
#1675 = ( GEOMETRIC_REPRESENTATION_CONTEXT(2) 
PARAMETRIC_REPRESENTATION_CONTEXT() REPRESENTATION_CONTEXT('2D SPACE',''
  ) );
#1676 = ADVANCED_FACE('',(#1677),#1139,.T.);
#1677 = FACE_BOUND('',#1678,.T.);
#1678 = EDGE_LOOP('',(#1679,#1700,#1701,#1702,#1725,#1748));
#1679 = ORIENTED_EDGE('',*,*,#1680,.T.);
#1680 = EDGE_CURVE('',#1681,#1530,#1683,.T.);
#1681 = VERTEX_POINT('',#1682);
#1682 = CARTESIAN_POINT('',(5.,4.666666666667,134.8));
#1683 = SURFACE_CURVE('',#1684,(#1688,#1694),.PCURVE_S1.);
#1684 = LINE('',#1685,#1686);
#1685 = CARTESIAN_POINT('',(0.833333333173,4.666666666667,134.8));
#1686 = VECTOR('',#1687,1.);
#1687 = DIRECTION('',(-1.,-0.,0.));
#1688 = PCURVE('',#1139,#1689);
#1689 = DEFINITIONAL_REPRESENTATION('',(#1690),#1693);
#1690 = B_SPLINE_CURVE_WITH_KNOTS('',1,(#1691,#1692),.UNSPECIFIED.,.F.,
  .F.,(2,2),(-4.166666666827,-0.833333333494),.PIECEWISE_BEZIER_KNOTS.);
#1691 = CARTESIAN_POINT('',(9.999999999991E-03,3.333333333333));
#1692 = CARTESIAN_POINT('',(9.999999999991E-03,0.));
#1693 = ( GEOMETRIC_REPRESENTATION_CONTEXT(2) 
PARAMETRIC_REPRESENTATION_CONTEXT() REPRESENTATION_CONTEXT('2D SPACE',''
  ) );
#1694 = PCURVE('',#1306,#1695);
#1695 = DEFINITIONAL_REPRESENTATION('',(#1696),#1699);
#1696 = B_SPLINE_CURVE_WITH_KNOTS('',1,(#1697,#1698),.UNSPECIFIED.,.F.,
  .F.,(2,2),(-4.166666666827,-0.833333333494),.PIECEWISE_BEZIER_KNOTS.);
#1697 = CARTESIAN_POINT('',(5.000000000321,4.666666667026));
#1698 = CARTESIAN_POINT('',(1.666666666987,4.666666667026));
#1699 = ( GEOMETRIC_REPRESENTATION_CONTEXT(2) 
PARAMETRIC_REPRESENTATION_CONTEXT() REPRESENTATION_CONTEXT('2D SPACE',''
  ) );
#1700 = ORIENTED_EDGE('',*,*,#1529,.T.);
#1701 = ORIENTED_EDGE('',*,*,#1124,.T.);
#1702 = ORIENTED_EDGE('',*,*,#1703,.T.);
#1703 = EDGE_CURVE('',#1099,#1704,#1706,.T.);
#1704 = VERTEX_POINT('',#1705);
#1705 = CARTESIAN_POINT('',(1.666666666667,4.666666666667,137.59));
#1706 = SURFACE_CURVE('',#1707,(#1711,#1718),.PCURVE_S1.);
#1707 = LINE('',#1708,#1709);
#1708 = CARTESIAN_POINT('',(1.666666666667,4.666666666667,134.79));
#1709 = VECTOR('',#1710,1.);
#1710 = DIRECTION('',(0.,0.,1.));
#1711 = PCURVE('',#1139,#1712);
#1712 = DEFINITIONAL_REPRESENTATION('',(#1713),#1717);
#1713 = LINE('',#1714,#1715);
#1714 = CARTESIAN_POINT('',(0.,0.));
#1715 = VECTOR('',#1716,1.);
#1716 = DIRECTION('',(1.,0.));
#1717 = ( GEOMETRIC_REPRESENTATION_CONTEXT(2) 
PARAMETRIC_REPRESENTATION_CONTEXT() REPRESENTATION_CONTEXT('2D SPACE',''
  ) );
#1718 = PCURVE('',#1113,#1719);
#1719 = DEFINITIONAL_REPRESENTATION('',(#1720),#1724);
#1720 = LINE('',#1721,#1722);
#1721 = CARTESIAN_POINT('',(0.,-9.333333333333));
#1722 = VECTOR('',#1723,1.);
#1723 = DIRECTION('',(1.,0.));
#1724 = ( GEOMETRIC_REPRESENTATION_CONTEXT(2) 
PARAMETRIC_REPRESENTATION_CONTEXT() REPRESENTATION_CONTEXT('2D SPACE',''
  ) );
#1725 = ORIENTED_EDGE('',*,*,#1726,.T.);
#1726 = EDGE_CURVE('',#1704,#1727,#1729,.T.);
#1727 = VERTEX_POINT('',#1728);
#1728 = CARTESIAN_POINT('',(5.,4.666666666667,137.59));
#1729 = SURFACE_CURVE('',#1730,(#1734,#1741),.PCURVE_S1.);
#1730 = LINE('',#1731,#1732);
#1731 = CARTESIAN_POINT('',(1.666666666667,4.666666666667,137.59));
#1732 = VECTOR('',#1733,1.);
#1733 = DIRECTION('',(1.,0.,-0.));
#1734 = PCURVE('',#1139,#1735);
#1735 = DEFINITIONAL_REPRESENTATION('',(#1736),#1740);
#1736 = LINE('',#1737,#1738);
#1737 = CARTESIAN_POINT('',(2.8,0.));
#1738 = VECTOR('',#1739,1.);
#1739 = DIRECTION('',(0.,1.));
#1740 = ( GEOMETRIC_REPRESENTATION_CONTEXT(2) 
PARAMETRIC_REPRESENTATION_CONTEXT() REPRESENTATION_CONTEXT('2D SPACE',''
  ) );
#1741 = PCURVE('',#1639,#1742);
#1742 = DEFINITIONAL_REPRESENTATION('',(#1743),#1747);
#1743 = LINE('',#1744,#1745);
#1744 = CARTESIAN_POINT('',(0.,9.333333333333));
#1745 = VECTOR('',#1746,1.);
#1746 = DIRECTION('',(1.,0.));
#1747 = ( GEOMETRIC_REPRESENTATION_CONTEXT(2) 
PARAMETRIC_REPRESENTATION_CONTEXT() REPRESENTATION_CONTEXT('2D SPACE',''
  ) );
#1748 = ORIENTED_EDGE('',*,*,#1749,.F.);
#1749 = EDGE_CURVE('',#1681,#1727,#1750,.T.);
#1750 = SURFACE_CURVE('',#1751,(#1755,#1762),.PCURVE_S1.);
#1751 = LINE('',#1752,#1753);
#1752 = CARTESIAN_POINT('',(5.,4.666666666667,134.79));
#1753 = VECTOR('',#1754,1.);
#1754 = DIRECTION('',(0.,0.,1.));
#1755 = PCURVE('',#1139,#1756);
#1756 = DEFINITIONAL_REPRESENTATION('',(#1757),#1761);
#1757 = LINE('',#1758,#1759);
#1758 = CARTESIAN_POINT('',(0.,3.333333333333));
#1759 = VECTOR('',#1760,1.);
#1760 = DIRECTION('',(1.,0.));
#1761 = ( GEOMETRIC_REPRESENTATION_CONTEXT(2) 
PARAMETRIC_REPRESENTATION_CONTEXT() REPRESENTATION_CONTEXT('2D SPACE',''
  ) );
#1762 = PCURVE('',#1665,#1763);
#1763 = DEFINITIONAL_REPRESENTATION('',(#1764),#1768);
#1764 = LINE('',#1765,#1766);
#1765 = CARTESIAN_POINT('',(0.,-9.333333333333));
#1766 = VECTOR('',#1767,1.);
#1767 = DIRECTION('',(1.,0.));
#1768 = ( GEOMETRIC_REPRESENTATION_CONTEXT(2) 
PARAMETRIC_REPRESENTATION_CONTEXT() REPRESENTATION_CONTEXT('2D SPACE',''
  ) );
#1769 = ADVANCED_FACE('',(#1770),#1113,.F.);
#1770 = FACE_BOUND('',#1771,.F.);
#1771 = EDGE_LOOP('',(#1772,#1773,#1774,#1775));
#1772 = ORIENTED_EDGE('',*,*,#1600,.F.);
#1773 = ORIENTED_EDGE('',*,*,#1098,.T.);
#1774 = ORIENTED_EDGE('',*,*,#1703,.T.);
#1775 = ORIENTED_EDGE('',*,*,#1776,.F.);
#1776 = EDGE_CURVE('',#1601,#1704,#1777,.T.);
#1777 = SURFACE_CURVE('',#1778,(#1782,#1789),.PCURVE_S1.);
#1778 = LINE('',#1779,#1780);
#1779 = CARTESIAN_POINT('',(1.666666666667,-4.666666666667,137.59));
#1780 = VECTOR('',#1781,1.);
#1781 = DIRECTION('',(-0.,1.,0.));
#1782 = PCURVE('',#1113,#1783);
#1783 = DEFINITIONAL_REPRESENTATION('',(#1784),#1788);
#1784 = LINE('',#1785,#1786);
#1785 = CARTESIAN_POINT('',(2.8,0.));
#1786 = VECTOR('',#1787,1.);
#1787 = DIRECTION('',(0.,-1.));
#1788 = ( GEOMETRIC_REPRESENTATION_CONTEXT(2) 
PARAMETRIC_REPRESENTATION_CONTEXT() REPRESENTATION_CONTEXT('2D SPACE',''
  ) );
#1789 = PCURVE('',#1639,#1790);
#1790 = DEFINITIONAL_REPRESENTATION('',(#1791),#1795);
#1791 = LINE('',#1792,#1793);
#1792 = CARTESIAN_POINT('',(0.,0.));
#1793 = VECTOR('',#1794,1.);
#1794 = DIRECTION('',(0.,1.));
#1795 = ( GEOMETRIC_REPRESENTATION_CONTEXT(2) 
PARAMETRIC_REPRESENTATION_CONTEXT() REPRESENTATION_CONTEXT('2D SPACE',''
  ) );
#1796 = ADVANCED_FACE('',(#1797),#1274,.T.);
#1797 = FACE_BOUND('',#1798,.T.);
#1798 = EDGE_LOOP('',(#1799,#1820,#1821,#1822));
#1799 = ORIENTED_EDGE('',*,*,#1800,.F.);
#1800 = EDGE_CURVE('',#1318,#1414,#1801,.T.);
#1801 = SURFACE_CURVE('',#1802,(#1806,#1813),.PCURVE_S1.);
#1802 = LINE('',#1803,#1804);
#1803 = CARTESIAN_POINT('',(-5.,-4.666666666667,137.59));
#1804 = VECTOR('',#1805,1.);
#1805 = DIRECTION('',(-0.,1.,0.));
#1806 = PCURVE('',#1274,#1807);
#1807 = DEFINITIONAL_REPRESENTATION('',(#1808),#1812);
#1808 = LINE('',#1809,#1810);
#1809 = CARTESIAN_POINT('',(0.,0.));
#1810 = VECTOR('',#1811,1.);
#1811 = DIRECTION('',(0.,1.));
#1812 = ( GEOMETRIC_REPRESENTATION_CONTEXT(2) 
PARAMETRIC_REPRESENTATION_CONTEXT() REPRESENTATION_CONTEXT('2D SPACE',''
  ) );
#1813 = PCURVE('',#1333,#1814);
#1814 = DEFINITIONAL_REPRESENTATION('',(#1815),#1819);
#1815 = LINE('',#1816,#1817);
#1816 = CARTESIAN_POINT('',(2.8,0.));
#1817 = VECTOR('',#1818,1.);
#1818 = DIRECTION('',(0.,-1.));
#1819 = ( GEOMETRIC_REPRESENTATION_CONTEXT(2) 
PARAMETRIC_REPRESENTATION_CONTEXT() REPRESENTATION_CONTEXT('2D SPACE',''
  ) );
#1820 = ORIENTED_EDGE('',*,*,#1345,.T.);
#1821 = ORIENTED_EDGE('',*,*,#1260,.T.);
#1822 = ORIENTED_EDGE('',*,*,#1436,.F.);
#1823 = ADVANCED_FACE('',(#1824,#2070,#2101,#2132,#2163,#2194,#2282,
    #2313,#2344),#1306,.T.);
#1824 = FACE_BOUND('',#1825,.T.);
#1825 = EDGE_LOOP('',(#1826,#1856,#1889,#1917,#1950,#1978,#2011,#2039));
#1826 = ORIENTED_EDGE('',*,*,#1827,.F.);
#1827 = EDGE_CURVE('',#1828,#1830,#1832,.T.);
#1828 = VERTEX_POINT('',#1829);
#1829 = CARTESIAN_POINT('',(-24.,-18.,134.8));
#1830 = VERTEX_POINT('',#1831);
#1831 = CARTESIAN_POINT('',(-24.,17.999999997872,134.8));
#1832 = SURFACE_CURVE('',#1833,(#1837,#1844),.PCURVE_S1.);
#1833 = LINE('',#1834,#1835);
#1834 = CARTESIAN_POINT('',(-24.,1.012523398458E-13,134.8));
#1835 = VECTOR('',#1836,1.);
#1836 = DIRECTION('',(0.,1.,0.));
#1837 = PCURVE('',#1306,#1838);
#1838 = DEFINITIONAL_REPRESENTATION('',(#1839),#1843);
#1839 = LINE('',#1840,#1841);
#1840 = CARTESIAN_POINT('',(-23.99999999967,3.596556643331E-10));
#1841 = VECTOR('',#1842,1.);
#1842 = DIRECTION('',(0.,1.));
#1843 = ( GEOMETRIC_REPRESENTATION_CONTEXT(2) 
PARAMETRIC_REPRESENTATION_CONTEXT() REPRESENTATION_CONTEXT('2D SPACE',''
  ) );
#1844 = PCURVE('',#1845,#1850);
#1845 = PLANE('',#1846);
#1846 = AXIS2_PLACEMENT_3D('',#1847,#1848,#1849);
#1847 = CARTESIAN_POINT('',(-24.,-18.,133.8));
#1848 = DIRECTION('',(-1.,0.,0.));
#1849 = DIRECTION('',(0.,1.,0.));
#1850 = DEFINITIONAL_REPRESENTATION('',(#1851),#1855);
#1851 = LINE('',#1852,#1853);
#1852 = CARTESIAN_POINT('',(18.,-1.));
#1853 = VECTOR('',#1854,1.);
#1854 = DIRECTION('',(1.,0.));
#1855 = ( GEOMETRIC_REPRESENTATION_CONTEXT(2) 
PARAMETRIC_REPRESENTATION_CONTEXT() REPRESENTATION_CONTEXT('2D SPACE',''
  ) );
#1856 = ORIENTED_EDGE('',*,*,#1857,.F.);
#1857 = EDGE_CURVE('',#1858,#1828,#1860,.T.);
#1858 = VERTEX_POINT('',#1859);
#1859 = CARTESIAN_POINT('',(-18.,-24.,134.8));
#1860 = SURFACE_CURVE('',#1861,(#1866,#1877),.PCURVE_S1.);
#1861 = CIRCLE('',#1862,6.);
#1862 = AXIS2_PLACEMENT_3D('',#1863,#1864,#1865);
#1863 = CARTESIAN_POINT('',(-18.,-18.,134.8));
#1864 = DIRECTION('',(0.,0.,-1.));
#1865 = DIRECTION('',(-1.,0.,0.));
#1866 = PCURVE('',#1306,#1867);
#1867 = DEFINITIONAL_REPRESENTATION('',(#1868),#1876);
#1868 = ( BOUNDED_CURVE() B_SPLINE_CURVE(2,(#1869,#1870,#1871,#1872,
#1873,#1874,#1875),.UNSPECIFIED.,.T.,.F.) B_SPLINE_CURVE_WITH_KNOTS((1,2
    ,2,2,2,1),(-2.094395102393,0.,2.094395102393,4.188790204786,
6.28318530718,8.377580409573),.UNSPECIFIED.) CURVE() 
GEOMETRIC_REPRESENTATION_ITEM() RATIONAL_B_SPLINE_CURVE((1.,0.5,1.,0.5,
1.,0.5,1.)) REPRESENTATION_ITEM('') );
#1869 = CARTESIAN_POINT('',(-23.99999999967,-17.99999999964));
#1870 = CARTESIAN_POINT('',(-23.99999999967,-7.607695154227));
#1871 = CARTESIAN_POINT('',(-14.99999999967,-12.80384757693));
#1872 = CARTESIAN_POINT('',(-5.999999999679,-17.99999999964));
#1873 = CARTESIAN_POINT('',(-14.99999999967,-23.19615242234));
#1874 = CARTESIAN_POINT('',(-23.99999999967,-28.39230484505));
#1875 = CARTESIAN_POINT('',(-23.99999999967,-17.99999999964));
#1876 = ( GEOMETRIC_REPRESENTATION_CONTEXT(2) 
PARAMETRIC_REPRESENTATION_CONTEXT() REPRESENTATION_CONTEXT('2D SPACE',''
  ) );
#1877 = PCURVE('',#1878,#1883);
#1878 = CYLINDRICAL_SURFACE('',#1879,6.);
#1879 = AXIS2_PLACEMENT_3D('',#1880,#1881,#1882);
#1880 = CARTESIAN_POINT('',(-18.,-18.,133.8));
#1881 = DIRECTION('',(0.,0.,-1.));
#1882 = DIRECTION('',(-1.,0.,0.));
#1883 = DEFINITIONAL_REPRESENTATION('',(#1884),#1888);
#1884 = LINE('',#1885,#1886);
#1885 = CARTESIAN_POINT('',(0.,-1.));
#1886 = VECTOR('',#1887,1.);
#1887 = DIRECTION('',(1.,0.));
#1888 = ( GEOMETRIC_REPRESENTATION_CONTEXT(2) 
PARAMETRIC_REPRESENTATION_CONTEXT() REPRESENTATION_CONTEXT('2D SPACE',''
  ) );
#1889 = ORIENTED_EDGE('',*,*,#1890,.T.);
#1890 = EDGE_CURVE('',#1858,#1891,#1893,.T.);
#1891 = VERTEX_POINT('',#1892);
#1892 = CARTESIAN_POINT('',(17.999999997872,-24.,134.8));
#1893 = SURFACE_CURVE('',#1894,(#1898,#1905),.PCURVE_S1.);
#1894 = LINE('',#1895,#1896);
#1895 = CARTESIAN_POINT('',(0.,-24.,134.8));
#1896 = VECTOR('',#1897,1.);
#1897 = DIRECTION('',(1.,0.,0.));
#1898 = PCURVE('',#1306,#1899);
#1899 = DEFINITIONAL_REPRESENTATION('',(#1900),#1904);
#1900 = LINE('',#1901,#1902);
#1901 = CARTESIAN_POINT('',(3.206977073873E-10,-23.99999999964));
#1902 = VECTOR('',#1903,1.);
#1903 = DIRECTION('',(1.,0.));
#1904 = ( GEOMETRIC_REPRESENTATION_CONTEXT(2) 
PARAMETRIC_REPRESENTATION_CONTEXT() REPRESENTATION_CONTEXT('2D SPACE',''
  ) );
#1905 = PCURVE('',#1906,#1911);
#1906 = PLANE('',#1907);
#1907 = AXIS2_PLACEMENT_3D('',#1908,#1909,#1910);
#1908 = CARTESIAN_POINT('',(-18.,-24.,133.8));
#1909 = DIRECTION('',(0.,1.,0.));
#1910 = DIRECTION('',(1.,0.,0.));
#1911 = DEFINITIONAL_REPRESENTATION('',(#1912),#1916);
#1912 = LINE('',#1913,#1914);
#1913 = CARTESIAN_POINT('',(18.,-1.));
#1914 = VECTOR('',#1915,1.);
#1915 = DIRECTION('',(1.,0.));
#1916 = ( GEOMETRIC_REPRESENTATION_CONTEXT(2) 
PARAMETRIC_REPRESENTATION_CONTEXT() REPRESENTATION_CONTEXT('2D SPACE',''
  ) );
#1917 = ORIENTED_EDGE('',*,*,#1918,.F.);
#1918 = EDGE_CURVE('',#1919,#1891,#1921,.T.);
#1919 = VERTEX_POINT('',#1920);
#1920 = CARTESIAN_POINT('',(23.999999998936,-18.,134.8));
#1921 = SURFACE_CURVE('',#1922,(#1927,#1938),.PCURVE_S1.);
#1922 = CIRCLE('',#1923,6.);
#1923 = AXIS2_PLACEMENT_3D('',#1924,#1925,#1926);
#1924 = CARTESIAN_POINT('',(17.999999997872,-18.,134.8));
#1925 = DIRECTION('',(0.,0.,-1.));
#1926 = DIRECTION('',(-1.,0.,0.));
#1927 = PCURVE('',#1306,#1928);
#1928 = DEFINITIONAL_REPRESENTATION('',(#1929),#1937);
#1929 = ( BOUNDED_CURVE() B_SPLINE_CURVE(2,(#1930,#1931,#1932,#1933,
#1934,#1935,#1936),.UNSPECIFIED.,.T.,.F.) B_SPLINE_CURVE_WITH_KNOTS((1,2
    ,2,2,2,1),(-2.094395102393,0.,2.094395102393,4.188790204786,
6.28318530718,8.377580409573),.UNSPECIFIED.) CURVE() 
GEOMETRIC_REPRESENTATION_ITEM() RATIONAL_B_SPLINE_CURVE((1.,0.5,1.,0.5,
1.,0.5,1.)) REPRESENTATION_ITEM('') );
#1930 = CARTESIAN_POINT('',(11.999999998193,-17.99999999964));
#1931 = CARTESIAN_POINT('',(11.999999998193,-7.607695154227));
#1932 = CARTESIAN_POINT('',(20.999999998193,-12.80384757693));
#1933 = CARTESIAN_POINT('',(29.999999998193,-17.99999999964));
#1934 = CARTESIAN_POINT('',(20.999999998193,-23.19615242234));
#1935 = CARTESIAN_POINT('',(11.999999998193,-28.39230484505));
#1936 = CARTESIAN_POINT('',(11.999999998193,-17.99999999964));
#1937 = ( GEOMETRIC_REPRESENTATION_CONTEXT(2) 
PARAMETRIC_REPRESENTATION_CONTEXT() REPRESENTATION_CONTEXT('2D SPACE',''
  ) );
#1938 = PCURVE('',#1939,#1944);
#1939 = CYLINDRICAL_SURFACE('',#1940,6.);
#1940 = AXIS2_PLACEMENT_3D('',#1941,#1942,#1943);
#1941 = CARTESIAN_POINT('',(17.999999997872,-18.,133.8));
#1942 = DIRECTION('',(0.,0.,-1.));
#1943 = DIRECTION('',(-1.,0.,0.));
#1944 = DEFINITIONAL_REPRESENTATION('',(#1945),#1949);
#1945 = LINE('',#1946,#1947);
#1946 = CARTESIAN_POINT('',(0.,-1.));
#1947 = VECTOR('',#1948,1.);
#1948 = DIRECTION('',(1.,0.));
#1949 = ( GEOMETRIC_REPRESENTATION_CONTEXT(2) 
PARAMETRIC_REPRESENTATION_CONTEXT() REPRESENTATION_CONTEXT('2D SPACE',''
  ) );
#1950 = ORIENTED_EDGE('',*,*,#1951,.T.);
#1951 = EDGE_CURVE('',#1919,#1952,#1954,.T.);
#1952 = VERTEX_POINT('',#1953);
#1953 = CARTESIAN_POINT('',(24.,17.999999997872,134.8));
#1954 = SURFACE_CURVE('',#1955,(#1959,#1966),.PCURVE_S1.);
#1955 = LINE('',#1956,#1957);
#1956 = CARTESIAN_POINT('',(24.,1.012523398458E-13,134.8));
#1957 = VECTOR('',#1958,1.);
#1958 = DIRECTION('',(0.,1.,0.));
#1959 = PCURVE('',#1306,#1960);
#1960 = DEFINITIONAL_REPRESENTATION('',(#1961),#1965);
#1961 = LINE('',#1962,#1963);
#1962 = CARTESIAN_POINT('',(24.000000000321,3.596556643331E-10));
#1963 = VECTOR('',#1964,1.);
#1964 = DIRECTION('',(0.,1.));
#1965 = ( GEOMETRIC_REPRESENTATION_CONTEXT(2) 
PARAMETRIC_REPRESENTATION_CONTEXT() REPRESENTATION_CONTEXT('2D SPACE',''
  ) );
#1966 = PCURVE('',#1967,#1972);
#1967 = PLANE('',#1968);
#1968 = AXIS2_PLACEMENT_3D('',#1969,#1970,#1971);
#1969 = CARTESIAN_POINT('',(24.,-18.,133.8));
#1970 = DIRECTION('',(-1.,0.,0.));
#1971 = DIRECTION('',(0.,1.,0.));
#1972 = DEFINITIONAL_REPRESENTATION('',(#1973),#1977);
#1973 = LINE('',#1974,#1975);
#1974 = CARTESIAN_POINT('',(18.,-1.));
#1975 = VECTOR('',#1976,1.);
#1976 = DIRECTION('',(1.,0.));
#1977 = ( GEOMETRIC_REPRESENTATION_CONTEXT(2) 
PARAMETRIC_REPRESENTATION_CONTEXT() REPRESENTATION_CONTEXT('2D SPACE',''
  ) );
#1978 = ORIENTED_EDGE('',*,*,#1979,.F.);
#1979 = EDGE_CURVE('',#1980,#1952,#1982,.T.);
#1980 = VERTEX_POINT('',#1981);
#1981 = CARTESIAN_POINT('',(18.,23.999999998936,134.8));
#1982 = SURFACE_CURVE('',#1983,(#1988,#1999),.PCURVE_S1.);
#1983 = CIRCLE('',#1984,6.);
#1984 = AXIS2_PLACEMENT_3D('',#1985,#1986,#1987);
#1985 = CARTESIAN_POINT('',(18.,17.999999997872,134.8));
#1986 = DIRECTION('',(0.,0.,-1.));
#1987 = DIRECTION('',(-1.,0.,0.));
#1988 = PCURVE('',#1306,#1989);
#1989 = DEFINITIONAL_REPRESENTATION('',(#1990),#1998);
#1990 = ( BOUNDED_CURVE() B_SPLINE_CURVE(2,(#1991,#1992,#1993,#1994,
#1995,#1996,#1997),.UNSPECIFIED.,.T.,.F.) B_SPLINE_CURVE_WITH_KNOTS((1,2
    ,2,2,2,1),(-2.094395102393,0.,2.094395102393,4.188790204786,
6.28318530718,8.377580409573),.UNSPECIFIED.) CURVE() 
GEOMETRIC_REPRESENTATION_ITEM() RATIONAL_B_SPLINE_CURVE((1.,0.5,1.,0.5,
1.,0.5,1.)) REPRESENTATION_ITEM('') );
#1991 = CARTESIAN_POINT('',(12.000000000321,17.999999998232));
#1992 = CARTESIAN_POINT('',(12.000000000321,28.392304843645));
#1993 = CARTESIAN_POINT('',(21.000000000321,23.196152420938));
#1994 = CARTESIAN_POINT('',(30.000000000321,17.999999998232));
#1995 = CARTESIAN_POINT('',(21.000000000321,12.803847575525));
#1996 = CARTESIAN_POINT('',(12.000000000321,7.607695152818));
#1997 = CARTESIAN_POINT('',(12.000000000321,17.999999998232));
#1998 = ( GEOMETRIC_REPRESENTATION_CONTEXT(2) 
PARAMETRIC_REPRESENTATION_CONTEXT() REPRESENTATION_CONTEXT('2D SPACE',''
  ) );
#1999 = PCURVE('',#2000,#2005);
#2000 = CYLINDRICAL_SURFACE('',#2001,6.);
#2001 = AXIS2_PLACEMENT_3D('',#2002,#2003,#2004);
#2002 = CARTESIAN_POINT('',(18.,17.999999997872,133.8));
#2003 = DIRECTION('',(0.,0.,-1.));
#2004 = DIRECTION('',(-1.,0.,0.));
#2005 = DEFINITIONAL_REPRESENTATION('',(#2006),#2010);
#2006 = LINE('',#2007,#2008);
#2007 = CARTESIAN_POINT('',(0.,-1.));
#2008 = VECTOR('',#2009,1.);
#2009 = DIRECTION('',(1.,0.));
#2010 = ( GEOMETRIC_REPRESENTATION_CONTEXT(2) 
PARAMETRIC_REPRESENTATION_CONTEXT() REPRESENTATION_CONTEXT('2D SPACE',''
  ) );
#2011 = ORIENTED_EDGE('',*,*,#2012,.F.);
#2012 = EDGE_CURVE('',#2013,#1980,#2015,.T.);
#2013 = VERTEX_POINT('',#2014);
#2014 = CARTESIAN_POINT('',(-18.,23.999999998936,134.8));
#2015 = SURFACE_CURVE('',#2016,(#2020,#2027),.PCURVE_S1.);
#2016 = LINE('',#2017,#2018);
#2017 = CARTESIAN_POINT('',(0.,24.,134.8));
#2018 = VECTOR('',#2019,1.);
#2019 = DIRECTION('',(1.,0.,0.));
#2020 = PCURVE('',#1306,#2021);
#2021 = DEFINITIONAL_REPRESENTATION('',(#2022),#2026);
#2022 = LINE('',#2023,#2024);
#2023 = CARTESIAN_POINT('',(3.206977073873E-10,24.00000000036));
#2024 = VECTOR('',#2025,1.);
#2025 = DIRECTION('',(1.,0.));
#2026 = ( GEOMETRIC_REPRESENTATION_CONTEXT(2) 
PARAMETRIC_REPRESENTATION_CONTEXT() REPRESENTATION_CONTEXT('2D SPACE',''
  ) );
#2027 = PCURVE('',#2028,#2033);
#2028 = PLANE('',#2029);
#2029 = AXIS2_PLACEMENT_3D('',#2030,#2031,#2032);
#2030 = CARTESIAN_POINT('',(-18.,24.,133.8));
#2031 = DIRECTION('',(0.,1.,0.));
#2032 = DIRECTION('',(1.,0.,0.));
#2033 = DEFINITIONAL_REPRESENTATION('',(#2034),#2038);
#2034 = LINE('',#2035,#2036);
#2035 = CARTESIAN_POINT('',(18.,-1.));
#2036 = VECTOR('',#2037,1.);
#2037 = DIRECTION('',(1.,0.));
#2038 = ( GEOMETRIC_REPRESENTATION_CONTEXT(2) 
PARAMETRIC_REPRESENTATION_CONTEXT() REPRESENTATION_CONTEXT('2D SPACE',''
  ) );
#2039 = ORIENTED_EDGE('',*,*,#2040,.F.);
#2040 = EDGE_CURVE('',#1830,#2013,#2041,.T.);
#2041 = SURFACE_CURVE('',#2042,(#2047,#2058),.PCURVE_S1.);
#2042 = CIRCLE('',#2043,6.);
#2043 = AXIS2_PLACEMENT_3D('',#2044,#2045,#2046);
#2044 = CARTESIAN_POINT('',(-18.,17.999999997872,134.8));
#2045 = DIRECTION('',(0.,0.,-1.));
#2046 = DIRECTION('',(-1.,0.,0.));
#2047 = PCURVE('',#1306,#2048);
#2048 = DEFINITIONAL_REPRESENTATION('',(#2049),#2057);
#2049 = ( BOUNDED_CURVE() B_SPLINE_CURVE(2,(#2050,#2051,#2052,#2053,
#2054,#2055,#2056),.UNSPECIFIED.,.T.,.F.) B_SPLINE_CURVE_WITH_KNOTS((1,2
    ,2,2,2,1),(-2.094395102393,0.,2.094395102393,4.188790204786,
6.28318530718,8.377580409573),.UNSPECIFIED.) CURVE() 
GEOMETRIC_REPRESENTATION_ITEM() RATIONAL_B_SPLINE_CURVE((1.,0.5,1.,0.5,
1.,0.5,1.)) REPRESENTATION_ITEM('') );
#2050 = CARTESIAN_POINT('',(-23.99999999967,17.999999998232));
#2051 = CARTESIAN_POINT('',(-23.99999999967,28.392304843645));
#2052 = CARTESIAN_POINT('',(-14.99999999967,23.196152420938));
#2053 = CARTESIAN_POINT('',(-5.999999999679,17.999999998232));
#2054 = CARTESIAN_POINT('',(-14.99999999967,12.803847575525));
#2055 = CARTESIAN_POINT('',(-23.99999999967,7.607695152818));
#2056 = CARTESIAN_POINT('',(-23.99999999967,17.999999998232));
#2057 = ( GEOMETRIC_REPRESENTATION_CONTEXT(2) 
PARAMETRIC_REPRESENTATION_CONTEXT() REPRESENTATION_CONTEXT('2D SPACE',''
  ) );
#2058 = PCURVE('',#2059,#2064);
#2059 = CYLINDRICAL_SURFACE('',#2060,6.);
#2060 = AXIS2_PLACEMENT_3D('',#2061,#2062,#2063);
#2061 = CARTESIAN_POINT('',(-18.,17.999999997872,133.8));
#2062 = DIRECTION('',(0.,0.,-1.));
#2063 = DIRECTION('',(-1.,0.,0.));
#2064 = DEFINITIONAL_REPRESENTATION('',(#2065),#2069);
#2065 = LINE('',#2066,#2067);
#2066 = CARTESIAN_POINT('',(0.,-1.));
#2067 = VECTOR('',#2068,1.);
#2068 = DIRECTION('',(1.,0.));
#2069 = ( GEOMETRIC_REPRESENTATION_CONTEXT(2) 
PARAMETRIC_REPRESENTATION_CONTEXT() REPRESENTATION_CONTEXT('2D SPACE',''
  ) );
#2070 = FACE_BOUND('',#2071,.T.);
#2071 = EDGE_LOOP('',(#2072));
#2072 = ORIENTED_EDGE('',*,*,#2073,.F.);
#2073 = EDGE_CURVE('',#2074,#2074,#2076,.T.);
#2074 = VERTEX_POINT('',#2075);
#2075 = CARTESIAN_POINT('',(-0.639327160332,-7.474447326727,134.8));
#2076 = SURFACE_CURVE('',#2077,(#2082,#2089),.PCURVE_S1.);
#2077 = CIRCLE('',#2078,1.066666666667);
#2078 = AXIS2_PLACEMENT_3D('',#2079,#2080,#2081);
#2079 = CARTESIAN_POINT('',(-1.705993826998,-7.474447326727,134.8));
#2080 = DIRECTION('',(0.,0.,1.));
#2081 = DIRECTION('',(1.,0.,-0.));
#2082 = PCURVE('',#1306,#2083);
#2083 = DEFINITIONAL_REPRESENTATION('',(#2084),#2088);
#2084 = CIRCLE('',#2085,1.066666666667);
#2085 = AXIS2_PLACEMENT_2D('',#2086,#2087);
#2086 = CARTESIAN_POINT('',(-1.705993826678,-7.474447326368));
#2087 = DIRECTION('',(1.,0.));
#2088 = ( GEOMETRIC_REPRESENTATION_CONTEXT(2) 
PARAMETRIC_REPRESENTATION_CONTEXT() REPRESENTATION_CONTEXT('2D SPACE',''
  ) );
#2089 = PCURVE('',#2090,#2095);
#2090 = CYLINDRICAL_SURFACE('',#2091,1.066666666667);
#2091 = AXIS2_PLACEMENT_3D('',#2092,#2093,#2094);
#2092 = CARTESIAN_POINT('',(-1.705993826998,-7.474447326727,134.79));
#2093 = DIRECTION('',(0.,0.,1.));
#2094 = DIRECTION('',(1.,0.,-0.));
#2095 = DEFINITIONAL_REPRESENTATION('',(#2096),#2100);
#2096 = LINE('',#2097,#2098);
#2097 = CARTESIAN_POINT('',(0.,9.999999999991E-03));
#2098 = VECTOR('',#2099,1.);
#2099 = DIRECTION('',(1.,0.));
#2100 = ( GEOMETRIC_REPRESENTATION_CONTEXT(2) 
PARAMETRIC_REPRESENTATION_CONTEXT() REPRESENTATION_CONTEXT('2D SPACE',''
  ) );
#2101 = FACE_BOUND('',#2102,.T.);
#2102 = EDGE_LOOP('',(#2103));
#2103 = ORIENTED_EDGE('',*,*,#2104,.F.);
#2104 = EDGE_CURVE('',#2105,#2105,#2107,.T.);
#2105 = VERTEX_POINT('',#2106);
#2106 = CARTESIAN_POINT('',(-5.840761320585,-3.326441999901,134.8));
#2107 = SURFACE_CURVE('',#2108,(#2113,#2120),.PCURVE_S1.);
#2108 = CIRCLE('',#2109,1.066666666667);
#2109 = AXIS2_PLACEMENT_3D('',#2110,#2111,#2112);
#2110 = CARTESIAN_POINT('',(-6.907427987252,-3.326441999901,134.8));
#2111 = DIRECTION('',(0.,0.,1.));
#2112 = DIRECTION('',(1.,0.,-0.));
#2113 = PCURVE('',#1306,#2114);
#2114 = DEFINITIONAL_REPRESENTATION('',(#2115),#2119);
#2115 = CIRCLE('',#2116,1.066666666667);
#2116 = AXIS2_PLACEMENT_2D('',#2117,#2118);
#2117 = CARTESIAN_POINT('',(-6.907427986931,-3.326441999542));
#2118 = DIRECTION('',(1.,0.));
#2119 = ( GEOMETRIC_REPRESENTATION_CONTEXT(2) 
PARAMETRIC_REPRESENTATION_CONTEXT() REPRESENTATION_CONTEXT('2D SPACE',''
  ) );
#2120 = PCURVE('',#2121,#2126);
#2121 = CYLINDRICAL_SURFACE('',#2122,1.066666666667);
#2122 = AXIS2_PLACEMENT_3D('',#2123,#2124,#2125);
#2123 = CARTESIAN_POINT('',(-6.907427987252,-3.326441999901,134.79));
#2124 = DIRECTION('',(0.,0.,1.));
#2125 = DIRECTION('',(1.,0.,-0.));
#2126 = DEFINITIONAL_REPRESENTATION('',(#2127),#2131);
#2127 = LINE('',#2128,#2129);
#2128 = CARTESIAN_POINT('',(0.,9.999999999991E-03));
#2129 = VECTOR('',#2130,1.);
#2130 = DIRECTION('',(1.,0.));
#2131 = ( GEOMETRIC_REPRESENTATION_CONTEXT(2) 
PARAMETRIC_REPRESENTATION_CONTEXT() REPRESENTATION_CONTEXT('2D SPACE',''
  ) );
#2132 = FACE_BOUND('',#2133,.T.);
#2133 = EDGE_LOOP('',(#2134));
#2134 = ORIENTED_EDGE('',*,*,#2135,.F.);
#2135 = EDGE_CURVE('',#2136,#2136,#2138,.T.);
#2136 = VERTEX_POINT('',#2137);
#2137 = CARTESIAN_POINT('',(5.846755147584,-5.994041365588,134.8));
#2138 = SURFACE_CURVE('',#2139,(#2144,#2151),.PCURVE_S1.);
#2139 = CIRCLE('',#2140,1.066666666667);
#2140 = AXIS2_PLACEMENT_3D('',#2141,#2142,#2143);
#2141 = CARTESIAN_POINT('',(4.780088480917,-5.994041365588,134.8));
#2142 = DIRECTION('',(0.,0.,1.));
#2143 = DIRECTION('',(1.,0.,-0.));
#2144 = PCURVE('',#1306,#2145);
#2145 = DEFINITIONAL_REPRESENTATION('',(#2146),#2150);
#2146 = CIRCLE('',#2147,1.066666666667);
#2147 = AXIS2_PLACEMENT_2D('',#2148,#2149);
#2148 = CARTESIAN_POINT('',(4.780088481238,-5.994041365229));
#2149 = DIRECTION('',(1.,0.));
#2150 = ( GEOMETRIC_REPRESENTATION_CONTEXT(2) 
PARAMETRIC_REPRESENTATION_CONTEXT() REPRESENTATION_CONTEXT('2D SPACE',''
  ) );
#2151 = PCURVE('',#2152,#2157);
#2152 = CYLINDRICAL_SURFACE('',#2153,1.066666666667);
#2153 = AXIS2_PLACEMENT_3D('',#2154,#2155,#2156);
#2154 = CARTESIAN_POINT('',(4.780088480917,-5.994041365588,134.79));
#2155 = DIRECTION('',(0.,0.,1.));
#2156 = DIRECTION('',(1.,0.,-0.));
#2157 = DEFINITIONAL_REPRESENTATION('',(#2158),#2162);
#2158 = LINE('',#2159,#2160);
#2159 = CARTESIAN_POINT('',(0.,9.999999999991E-03));
#2160 = VECTOR('',#2161,1.);
#2161 = DIRECTION('',(1.,0.));
#2162 = ( GEOMETRIC_REPRESENTATION_CONTEXT(2) 
PARAMETRIC_REPRESENTATION_CONTEXT() REPRESENTATION_CONTEXT('2D SPACE',''
  ) );
#2163 = FACE_BOUND('',#2164,.T.);
#2164 = EDGE_LOOP('',(#2165));
#2165 = ORIENTED_EDGE('',*,*,#2166,.F.);
#2166 = EDGE_CURVE('',#2167,#2167,#2169,.T.);
#2167 = VERTEX_POINT('',#2168);
#2168 = CARTESIAN_POINT('',(-5.840761320585,3.326441999901,134.8));
#2169 = SURFACE_CURVE('',#2170,(#2175,#2182),.PCURVE_S1.);
#2170 = CIRCLE('',#2171,1.066666666667);
#2171 = AXIS2_PLACEMENT_3D('',#2172,#2173,#2174);
#2172 = CARTESIAN_POINT('',(-6.907427987252,3.326441999901,134.8));
#2173 = DIRECTION('',(0.,0.,1.));
#2174 = DIRECTION('',(1.,0.,-0.));
#2175 = PCURVE('',#1306,#2176);
#2176 = DEFINITIONAL_REPRESENTATION('',(#2177),#2181);
#2177 = CIRCLE('',#2178,1.066666666667);
#2178 = AXIS2_PLACEMENT_2D('',#2179,#2180);
#2179 = CARTESIAN_POINT('',(-6.907427986931,3.326442000261));
#2180 = DIRECTION('',(1.,0.));
#2181 = ( GEOMETRIC_REPRESENTATION_CONTEXT(2) 
PARAMETRIC_REPRESENTATION_CONTEXT() REPRESENTATION_CONTEXT('2D SPACE',''
  ) );
#2182 = PCURVE('',#2183,#2188);
#2183 = CYLINDRICAL_SURFACE('',#2184,1.066666666667);
#2184 = AXIS2_PLACEMENT_3D('',#2185,#2186,#2187);
#2185 = CARTESIAN_POINT('',(-6.907427987252,3.326441999901,134.79));
#2186 = DIRECTION('',(0.,0.,1.));
#2187 = DIRECTION('',(1.,0.,-0.));
#2188 = DEFINITIONAL_REPRESENTATION('',(#2189),#2193);
#2189 = LINE('',#2190,#2191);
#2190 = CARTESIAN_POINT('',(0.,9.999999999991E-03));
#2191 = VECTOR('',#2192,1.);
#2192 = DIRECTION('',(1.,0.));
#2193 = ( GEOMETRIC_REPRESENTATION_CONTEXT(2) 
PARAMETRIC_REPRESENTATION_CONTEXT() REPRESENTATION_CONTEXT('2D SPACE',''
  ) );
#2194 = FACE_BOUND('',#2195,.T.);
#2195 = EDGE_LOOP('',(#2196,#2197,#2198,#2219,#2238,#2239,#2240,#2241,
    #2262,#2281));
#2196 = ORIENTED_EDGE('',*,*,#1482,.F.);
#2197 = ORIENTED_EDGE('',*,*,#1289,.T.);
#2198 = ORIENTED_EDGE('',*,*,#2199,.T.);
#2199 = EDGE_CURVE('',#1292,#2200,#2202,.T.);
#2200 = VERTEX_POINT('',#2201);
#2201 = CARTESIAN_POINT('',(-5.,0.,134.8));
#2202 = SURFACE_CURVE('',#2203,(#2207,#2213),.PCURVE_S1.);
#2203 = LINE('',#2204,#2205);
#2204 = CARTESIAN_POINT('',(-5.,-2.333333333513,134.8));
#2205 = VECTOR('',#2206,1.);
#2206 = DIRECTION('',(-0.,1.,0.));
#2207 = PCURVE('',#1306,#2208);
#2208 = DEFINITIONAL_REPRESENTATION('',(#2209),#2212);
#2209 = B_SPLINE_CURVE_WITH_KNOTS('',1,(#2210,#2211),.UNSPECIFIED.,.F.,
  .F.,(2,2),(-2.333333333154,7.00000000018),.PIECEWISE_BEZIER_KNOTS.);
#2210 = CARTESIAN_POINT('',(-4.999999999679,-4.666666666307));
#2211 = CARTESIAN_POINT('',(-4.999999999679,4.666666667026));
#2212 = ( GEOMETRIC_REPRESENTATION_CONTEXT(2) 
PARAMETRIC_REPRESENTATION_CONTEXT() REPRESENTATION_CONTEXT('2D SPACE',''
  ) );
#2213 = PCURVE('',#1333,#2214);
#2214 = DEFINITIONAL_REPRESENTATION('',(#2215),#2218);
#2215 = B_SPLINE_CURVE_WITH_KNOTS('',1,(#2216,#2217),.UNSPECIFIED.,.F.,
  .F.,(2,2),(-2.333333333154,7.00000000018),.PIECEWISE_BEZIER_KNOTS.);
#2216 = CARTESIAN_POINT('',(9.999999999991E-03,0.));
#2217 = CARTESIAN_POINT('',(9.999999999991E-03,-9.333333333333));
#2218 = ( GEOMETRIC_REPRESENTATION_CONTEXT(2) 
PARAMETRIC_REPRESENTATION_CONTEXT() REPRESENTATION_CONTEXT('2D SPACE',''
  ) );
#2219 = ORIENTED_EDGE('',*,*,#2220,.T.);
#2220 = EDGE_CURVE('',#2200,#1393,#2221,.T.);
#2221 = SURFACE_CURVE('',#2222,(#2226,#2232),.PCURVE_S1.);
#2222 = LINE('',#2223,#2224);
#2223 = CARTESIAN_POINT('',(-5.,-2.333333333513,134.8));
#2224 = VECTOR('',#2225,1.);
#2225 = DIRECTION('',(-0.,1.,0.));
#2226 = PCURVE('',#1306,#2227);
#2227 = DEFINITIONAL_REPRESENTATION('',(#2228),#2231);
#2228 = B_SPLINE_CURVE_WITH_KNOTS('',1,(#2229,#2230),.UNSPECIFIED.,.F.,
  .F.,(2,2),(-2.333333333154,7.00000000018),.PIECEWISE_BEZIER_KNOTS.);
#2229 = CARTESIAN_POINT('',(-4.999999999679,-4.666666666307));
#2230 = CARTESIAN_POINT('',(-4.999999999679,4.666666667026));
#2231 = ( GEOMETRIC_REPRESENTATION_CONTEXT(2) 
PARAMETRIC_REPRESENTATION_CONTEXT() REPRESENTATION_CONTEXT('2D SPACE',''
  ) );
#2232 = PCURVE('',#1333,#2233);
#2233 = DEFINITIONAL_REPRESENTATION('',(#2234),#2237);
#2234 = B_SPLINE_CURVE_WITH_KNOTS('',1,(#2235,#2236),.UNSPECIFIED.,.F.,
  .F.,(2,2),(-2.333333333154,7.00000000018),.PIECEWISE_BEZIER_KNOTS.);
#2235 = CARTESIAN_POINT('',(9.999999999991E-03,0.));
#2236 = CARTESIAN_POINT('',(9.999999999991E-03,-9.333333333333));
#2237 = ( GEOMETRIC_REPRESENTATION_CONTEXT(2) 
PARAMETRIC_REPRESENTATION_CONTEXT() REPRESENTATION_CONTEXT('2D SPACE',''
  ) );
#2238 = ORIENTED_EDGE('',*,*,#1390,.F.);
#2239 = ORIENTED_EDGE('',*,*,#1550,.F.);
#2240 = ORIENTED_EDGE('',*,*,#1680,.F.);
#2241 = ORIENTED_EDGE('',*,*,#2242,.F.);
#2242 = EDGE_CURVE('',#2243,#1681,#2245,.T.);
#2243 = VERTEX_POINT('',#2244);
#2244 = CARTESIAN_POINT('',(5.,0.,134.8));
#2245 = SURFACE_CURVE('',#2246,(#2250,#2256),.PCURVE_S1.);
#2246 = LINE('',#2247,#2248);
#2247 = CARTESIAN_POINT('',(5.,-2.333333333513,134.8));
#2248 = VECTOR('',#2249,1.);
#2249 = DIRECTION('',(-0.,1.,0.));
#2250 = PCURVE('',#1306,#2251);
#2251 = DEFINITIONAL_REPRESENTATION('',(#2252),#2255);
#2252 = B_SPLINE_CURVE_WITH_KNOTS('',1,(#2253,#2254),.UNSPECIFIED.,.F.,
  .F.,(2,2),(-2.333333333154,7.00000000018),.PIECEWISE_BEZIER_KNOTS.);
#2253 = CARTESIAN_POINT('',(5.000000000321,-4.666666666307));
#2254 = CARTESIAN_POINT('',(5.000000000321,4.666666667026));
#2255 = ( GEOMETRIC_REPRESENTATION_CONTEXT(2) 
PARAMETRIC_REPRESENTATION_CONTEXT() REPRESENTATION_CONTEXT('2D SPACE',''
  ) );
#2256 = PCURVE('',#1665,#2257);
#2257 = DEFINITIONAL_REPRESENTATION('',(#2258),#2261);
#2258 = B_SPLINE_CURVE_WITH_KNOTS('',1,(#2259,#2260),.UNSPECIFIED.,.F.,
  .F.,(2,2),(-2.333333333154,7.00000000018),.PIECEWISE_BEZIER_KNOTS.);
#2259 = CARTESIAN_POINT('',(9.999999999991E-03,0.));
#2260 = CARTESIAN_POINT('',(9.999999999991E-03,-9.333333333333));
#2261 = ( GEOMETRIC_REPRESENTATION_CONTEXT(2) 
PARAMETRIC_REPRESENTATION_CONTEXT() REPRESENTATION_CONTEXT('2D SPACE',''
  ) );
#2262 = ORIENTED_EDGE('',*,*,#2263,.F.);
#2263 = EDGE_CURVE('',#1578,#2243,#2264,.T.);
#2264 = SURFACE_CURVE('',#2265,(#2269,#2275),.PCURVE_S1.);
#2265 = LINE('',#2266,#2267);
#2266 = CARTESIAN_POINT('',(5.,-2.333333333513,134.8));
#2267 = VECTOR('',#2268,1.);
#2268 = DIRECTION('',(-0.,1.,0.));
#2269 = PCURVE('',#1306,#2270);
#2270 = DEFINITIONAL_REPRESENTATION('',(#2271),#2274);
#2271 = B_SPLINE_CURVE_WITH_KNOTS('',1,(#2272,#2273),.UNSPECIFIED.,.F.,
  .F.,(2,2),(-2.333333333154,7.00000000018),.PIECEWISE_BEZIER_KNOTS.);
#2272 = CARTESIAN_POINT('',(5.000000000321,-4.666666666307));
#2273 = CARTESIAN_POINT('',(5.000000000321,4.666666667026));
#2274 = ( GEOMETRIC_REPRESENTATION_CONTEXT(2) 
PARAMETRIC_REPRESENTATION_CONTEXT() REPRESENTATION_CONTEXT('2D SPACE',''
  ) );
#2275 = PCURVE('',#1665,#2276);
#2276 = DEFINITIONAL_REPRESENTATION('',(#2277),#2280);
#2277 = B_SPLINE_CURVE_WITH_KNOTS('',1,(#2278,#2279),.UNSPECIFIED.,.F.,
  .F.,(2,2),(-2.333333333154,7.00000000018),.PIECEWISE_BEZIER_KNOTS.);
#2278 = CARTESIAN_POINT('',(9.999999999991E-03,0.));
#2279 = CARTESIAN_POINT('',(9.999999999991E-03,-9.333333333333));
#2280 = ( GEOMETRIC_REPRESENTATION_CONTEXT(2) 
PARAMETRIC_REPRESENTATION_CONTEXT() REPRESENTATION_CONTEXT('2D SPACE',''
  ) );
#2281 = ORIENTED_EDGE('',*,*,#1577,.T.);
#2282 = FACE_BOUND('',#2283,.T.);
#2283 = EDGE_LOOP('',(#2284));
#2284 = ORIENTED_EDGE('',*,*,#2285,.F.);
#2285 = EDGE_CURVE('',#2286,#2286,#2288,.T.);
#2286 = VERTEX_POINT('',#2287);
#2287 = CARTESIAN_POINT('',(-0.639327160332,7.474447326727,134.8));
#2288 = SURFACE_CURVE('',#2289,(#2294,#2301),.PCURVE_S1.);
#2289 = CIRCLE('',#2290,1.066666666667);
#2290 = AXIS2_PLACEMENT_3D('',#2291,#2292,#2293);
#2291 = CARTESIAN_POINT('',(-1.705993826998,7.474447326727,134.8));
#2292 = DIRECTION('',(0.,0.,1.));
#2293 = DIRECTION('',(1.,0.,-0.));
#2294 = PCURVE('',#1306,#2295);
#2295 = DEFINITIONAL_REPRESENTATION('',(#2296),#2300);
#2296 = CIRCLE('',#2297,1.066666666667);
#2297 = AXIS2_PLACEMENT_2D('',#2298,#2299);
#2298 = CARTESIAN_POINT('',(-1.705993826678,7.474447327087));
#2299 = DIRECTION('',(1.,0.));
#2300 = ( GEOMETRIC_REPRESENTATION_CONTEXT(2) 
PARAMETRIC_REPRESENTATION_CONTEXT() REPRESENTATION_CONTEXT('2D SPACE',''
  ) );
#2301 = PCURVE('',#2302,#2307);
#2302 = CYLINDRICAL_SURFACE('',#2303,1.066666666667);
#2303 = AXIS2_PLACEMENT_3D('',#2304,#2305,#2306);
#2304 = CARTESIAN_POINT('',(-1.705993826998,7.474447326727,134.79));
#2305 = DIRECTION('',(0.,0.,1.));
#2306 = DIRECTION('',(1.,0.,-0.));
#2307 = DEFINITIONAL_REPRESENTATION('',(#2308),#2312);
#2308 = LINE('',#2309,#2310);
#2309 = CARTESIAN_POINT('',(0.,9.999999999991E-03));
#2310 = VECTOR('',#2311,1.);
#2311 = DIRECTION('',(1.,0.));
#2312 = ( GEOMETRIC_REPRESENTATION_CONTEXT(2) 
PARAMETRIC_REPRESENTATION_CONTEXT() REPRESENTATION_CONTEXT('2D SPACE',''
  ) );
#2313 = FACE_BOUND('',#2314,.T.);
#2314 = EDGE_LOOP('',(#2315));
#2315 = ORIENTED_EDGE('',*,*,#2316,.F.);
#2316 = EDGE_CURVE('',#2317,#2317,#2319,.T.);
#2317 = VERTEX_POINT('',#2318);
#2318 = CARTESIAN_POINT('',(8.733333333333,-2.612579838181E-16,134.8));
#2319 = SURFACE_CURVE('',#2320,(#2325,#2332),.PCURVE_S1.);
#2320 = CIRCLE('',#2321,1.066666666667);
#2321 = AXIS2_PLACEMENT_3D('',#2322,#2323,#2324);
#2322 = CARTESIAN_POINT('',(7.666666666667,0.,134.8));
#2323 = DIRECTION('',(0.,0.,1.));
#2324 = DIRECTION('',(1.,0.,-0.));
#2325 = PCURVE('',#1306,#2326);
#2326 = DEFINITIONAL_REPRESENTATION('',(#2327),#2331);
#2327 = CIRCLE('',#2328,1.066666666667);
#2328 = AXIS2_PLACEMENT_2D('',#2329,#2330);
#2329 = CARTESIAN_POINT('',(7.666666666987,3.595544119933E-10));
#2330 = DIRECTION('',(1.,0.));
#2331 = ( GEOMETRIC_REPRESENTATION_CONTEXT(2) 
PARAMETRIC_REPRESENTATION_CONTEXT() REPRESENTATION_CONTEXT('2D SPACE',''
  ) );
#2332 = PCURVE('',#2333,#2338);
#2333 = CYLINDRICAL_SURFACE('',#2334,1.066666666667);
#2334 = AXIS2_PLACEMENT_3D('',#2335,#2336,#2337);
#2335 = CARTESIAN_POINT('',(7.666666666667,0.,134.79));
#2336 = DIRECTION('',(0.,0.,1.));
#2337 = DIRECTION('',(1.,0.,-0.));
#2338 = DEFINITIONAL_REPRESENTATION('',(#2339),#2343);
#2339 = LINE('',#2340,#2341);
#2340 = CARTESIAN_POINT('',(0.,9.999999999991E-03));
#2341 = VECTOR('',#2342,1.);
#2342 = DIRECTION('',(1.,0.));
#2343 = ( GEOMETRIC_REPRESENTATION_CONTEXT(2) 
PARAMETRIC_REPRESENTATION_CONTEXT() REPRESENTATION_CONTEXT('2D SPACE',''
  ) );
#2344 = FACE_BOUND('',#2345,.T.);
#2345 = EDGE_LOOP('',(#2346));
#2346 = ORIENTED_EDGE('',*,*,#2347,.F.);
#2347 = EDGE_CURVE('',#2348,#2348,#2350,.T.);
#2348 = VERTEX_POINT('',#2349);
#2349 = CARTESIAN_POINT('',(5.846755147584,5.994041365588,134.8));
#2350 = SURFACE_CURVE('',#2351,(#2356,#2363),.PCURVE_S1.);
#2351 = CIRCLE('',#2352,1.066666666667);
#2352 = AXIS2_PLACEMENT_3D('',#2353,#2354,#2355);
#2353 = CARTESIAN_POINT('',(4.780088480917,5.994041365588,134.8));
#2354 = DIRECTION('',(0.,0.,1.));
#2355 = DIRECTION('',(1.,0.,-0.));
#2356 = PCURVE('',#1306,#2357);
#2357 = DEFINITIONAL_REPRESENTATION('',(#2358),#2362);
#2358 = CIRCLE('',#2359,1.066666666667);
#2359 = AXIS2_PLACEMENT_2D('',#2360,#2361);
#2360 = CARTESIAN_POINT('',(4.780088481238,5.994041365948));
#2361 = DIRECTION('',(1.,0.));
#2362 = ( GEOMETRIC_REPRESENTATION_CONTEXT(2) 
PARAMETRIC_REPRESENTATION_CONTEXT() REPRESENTATION_CONTEXT('2D SPACE',''
  ) );
#2363 = PCURVE('',#2364,#2369);
#2364 = CYLINDRICAL_SURFACE('',#2365,1.066666666667);
#2365 = AXIS2_PLACEMENT_3D('',#2366,#2367,#2368);
#2366 = CARTESIAN_POINT('',(4.780088480917,5.994041365588,134.79));
#2367 = DIRECTION('',(0.,0.,1.));
#2368 = DIRECTION('',(1.,0.,-0.));
#2369 = DEFINITIONAL_REPRESENTATION('',(#2370),#2374);
#2370 = LINE('',#2371,#2372);
#2371 = CARTESIAN_POINT('',(0.,9.999999999991E-03));
#2372 = VECTOR('',#2373,1.);
#2373 = DIRECTION('',(1.,0.));
#2374 = ( GEOMETRIC_REPRESENTATION_CONTEXT(2) 
PARAMETRIC_REPRESENTATION_CONTEXT() REPRESENTATION_CONTEXT('2D SPACE',''
  ) );
#2375 = ADVANCED_FACE('',(#2376),#1333,.F.);
#2376 = FACE_BOUND('',#2377,.F.);
#2377 = EDGE_LOOP('',(#2378,#2379,#2380,#2381,#2382));
#2378 = ORIENTED_EDGE('',*,*,#1317,.F.);
#2379 = ORIENTED_EDGE('',*,*,#2199,.T.);
#2380 = ORIENTED_EDGE('',*,*,#2220,.T.);
#2381 = ORIENTED_EDGE('',*,*,#1413,.T.);
#2382 = ORIENTED_EDGE('',*,*,#1800,.F.);
#2383 = ADVANCED_FACE('',(#2384),#1665,.T.);
#2384 = FACE_BOUND('',#2385,.T.);
#2385 = EDGE_LOOP('',(#2386,#2387,#2388,#2389,#2390));
#2386 = ORIENTED_EDGE('',*,*,#1651,.F.);
#2387 = ORIENTED_EDGE('',*,*,#2263,.T.);
#2388 = ORIENTED_EDGE('',*,*,#2242,.T.);
#2389 = ORIENTED_EDGE('',*,*,#1749,.T.);
#2390 = ORIENTED_EDGE('',*,*,#2391,.F.);
#2391 = EDGE_CURVE('',#1624,#1727,#2392,.T.);
#2392 = SURFACE_CURVE('',#2393,(#2397,#2404),.PCURVE_S1.);
#2393 = LINE('',#2394,#2395);
#2394 = CARTESIAN_POINT('',(5.,-4.666666666667,137.59));
#2395 = VECTOR('',#2396,1.);
#2396 = DIRECTION('',(-0.,1.,0.));
#2397 = PCURVE('',#1665,#2398);
#2398 = DEFINITIONAL_REPRESENTATION('',(#2399),#2403);
#2399 = LINE('',#2400,#2401);
#2400 = CARTESIAN_POINT('',(2.8,0.));
#2401 = VECTOR('',#2402,1.);
#2402 = DIRECTION('',(0.,-1.));
#2403 = ( GEOMETRIC_REPRESENTATION_CONTEXT(2) 
PARAMETRIC_REPRESENTATION_CONTEXT() REPRESENTATION_CONTEXT('2D SPACE',''
  ) );
#2404 = PCURVE('',#1639,#2405);
#2405 = DEFINITIONAL_REPRESENTATION('',(#2406),#2410);
#2406 = LINE('',#2407,#2408);
#2407 = CARTESIAN_POINT('',(3.333333333333,0.));
#2408 = VECTOR('',#2409,1.);
#2409 = DIRECTION('',(0.,1.));
#2410 = ( GEOMETRIC_REPRESENTATION_CONTEXT(2) 
PARAMETRIC_REPRESENTATION_CONTEXT() REPRESENTATION_CONTEXT('2D SPACE',''
  ) );
#2411 = ADVANCED_FACE('',(#2412),#1639,.T.);
#2412 = FACE_BOUND('',#2413,.T.);
#2413 = EDGE_LOOP('',(#2414,#2415,#2416,#2417));
#2414 = ORIENTED_EDGE('',*,*,#1776,.F.);
#2415 = ORIENTED_EDGE('',*,*,#1623,.T.);
#2416 = ORIENTED_EDGE('',*,*,#2391,.T.);
#2417 = ORIENTED_EDGE('',*,*,#1726,.F.);
#2418 = ADVANCED_FACE('',(#2419),#1845,.T.);
#2419 = FACE_BOUND('',#2420,.T.);
#2420 = EDGE_LOOP('',(#2421,#2444,#2445,#2468));
#2421 = ORIENTED_EDGE('',*,*,#2422,.T.);
#2422 = EDGE_CURVE('',#2423,#1828,#2425,.T.);
#2423 = VERTEX_POINT('',#2424);
#2424 = CARTESIAN_POINT('',(-24.,-18.,133.8));
#2425 = SURFACE_CURVE('',#2426,(#2430,#2437),.PCURVE_S1.);
#2426 = LINE('',#2427,#2428);
#2427 = CARTESIAN_POINT('',(-24.,-18.,133.8));
#2428 = VECTOR('',#2429,1.);
#2429 = DIRECTION('',(0.,0.,1.));
#2430 = PCURVE('',#1845,#2431);
#2431 = DEFINITIONAL_REPRESENTATION('',(#2432),#2436);
#2432 = LINE('',#2433,#2434);
#2433 = CARTESIAN_POINT('',(0.,0.));
#2434 = VECTOR('',#2435,1.);
#2435 = DIRECTION('',(0.,-1.));
#2436 = ( GEOMETRIC_REPRESENTATION_CONTEXT(2) 
PARAMETRIC_REPRESENTATION_CONTEXT() REPRESENTATION_CONTEXT('2D SPACE',''
  ) );
#2437 = PCURVE('',#1878,#2438);
#2438 = DEFINITIONAL_REPRESENTATION('',(#2439),#2443);
#2439 = LINE('',#2440,#2441);
#2440 = CARTESIAN_POINT('',(6.28318530718,0.));
#2441 = VECTOR('',#2442,1.);
#2442 = DIRECTION('',(0.,-1.));
#2443 = ( GEOMETRIC_REPRESENTATION_CONTEXT(2) 
PARAMETRIC_REPRESENTATION_CONTEXT() REPRESENTATION_CONTEXT('2D SPACE',''
  ) );
#2444 = ORIENTED_EDGE('',*,*,#1827,.T.);
#2445 = ORIENTED_EDGE('',*,*,#2446,.F.);
#2446 = EDGE_CURVE('',#2447,#1830,#2449,.T.);
#2447 = VERTEX_POINT('',#2448);
#2448 = CARTESIAN_POINT('',(-24.,17.999999997872,133.8));
#2449 = SURFACE_CURVE('',#2450,(#2454,#2461),.PCURVE_S1.);
#2450 = LINE('',#2451,#2452);
#2451 = CARTESIAN_POINT('',(-24.,17.999999997872,133.8));
#2452 = VECTOR('',#2453,1.);
#2453 = DIRECTION('',(0.,0.,1.));
#2454 = PCURVE('',#1845,#2455);
#2455 = DEFINITIONAL_REPRESENTATION('',(#2456),#2460);
#2456 = LINE('',#2457,#2458);
#2457 = CARTESIAN_POINT('',(35.999999997872,0.));
#2458 = VECTOR('',#2459,1.);
#2459 = DIRECTION('',(0.,-1.));
#2460 = ( GEOMETRIC_REPRESENTATION_CONTEXT(2) 
PARAMETRIC_REPRESENTATION_CONTEXT() REPRESENTATION_CONTEXT('2D SPACE',''
  ) );
#2461 = PCURVE('',#2059,#2462);
#2462 = DEFINITIONAL_REPRESENTATION('',(#2463),#2467);
#2463 = LINE('',#2464,#2465);
#2464 = CARTESIAN_POINT('',(0.,0.));
#2465 = VECTOR('',#2466,1.);
#2466 = DIRECTION('',(0.,-1.));
#2467 = ( GEOMETRIC_REPRESENTATION_CONTEXT(2) 
PARAMETRIC_REPRESENTATION_CONTEXT() REPRESENTATION_CONTEXT('2D SPACE',''
  ) );
#2468 = ORIENTED_EDGE('',*,*,#2469,.F.);
#2469 = EDGE_CURVE('',#2423,#2447,#2470,.T.);
#2470 = SURFACE_CURVE('',#2471,(#2475,#2482),.PCURVE_S1.);
#2471 = LINE('',#2472,#2473);
#2472 = CARTESIAN_POINT('',(-24.,1.012523398458E-13,133.8));
#2473 = VECTOR('',#2474,1.);
#2474 = DIRECTION('',(0.,1.,0.));
#2475 = PCURVE('',#1845,#2476);
#2476 = DEFINITIONAL_REPRESENTATION('',(#2477),#2481);
#2477 = LINE('',#2478,#2479);
#2478 = CARTESIAN_POINT('',(18.,0.));
#2479 = VECTOR('',#2480,1.);
#2480 = DIRECTION('',(1.,0.));
#2481 = ( GEOMETRIC_REPRESENTATION_CONTEXT(2) 
PARAMETRIC_REPRESENTATION_CONTEXT() REPRESENTATION_CONTEXT('2D SPACE',''
  ) );
#2482 = PCURVE('',#2483,#2488);
#2483 = PLANE('',#2484);
#2484 = AXIS2_PLACEMENT_3D('',#2485,#2486,#2487);
#2485 = CARTESIAN_POINT('',(-3.206977073873E-10,-3.595544119933E-10,
    133.8));
#2486 = DIRECTION('',(0.,0.,1.));
#2487 = DIRECTION('',(1.,0.,0.));
#2488 = DEFINITIONAL_REPRESENTATION('',(#2489),#2493);
#2489 = LINE('',#2490,#2491);
#2490 = CARTESIAN_POINT('',(-23.99999999967,3.596556643331E-10));
#2491 = VECTOR('',#2492,1.);
#2492 = DIRECTION('',(0.,1.));
#2493 = ( GEOMETRIC_REPRESENTATION_CONTEXT(2) 
PARAMETRIC_REPRESENTATION_CONTEXT() REPRESENTATION_CONTEXT('2D SPACE',''
  ) );
#2494 = ADVANCED_FACE('',(#2495),#1878,.T.);
#2495 = FACE_BOUND('',#2496,.T.);
#2496 = EDGE_LOOP('',(#2497,#2520,#2521,#2522));
#2497 = ORIENTED_EDGE('',*,*,#2498,.T.);
#2498 = EDGE_CURVE('',#2499,#1858,#2501,.T.);
#2499 = VERTEX_POINT('',#2500);
#2500 = CARTESIAN_POINT('',(-18.,-24.,133.8));
#2501 = SURFACE_CURVE('',#2502,(#2506,#2513),.PCURVE_S1.);
#2502 = LINE('',#2503,#2504);
#2503 = CARTESIAN_POINT('',(-18.,-24.,133.8));
#2504 = VECTOR('',#2505,1.);
#2505 = DIRECTION('',(0.,0.,1.));
#2506 = PCURVE('',#1878,#2507);
#2507 = DEFINITIONAL_REPRESENTATION('',(#2508),#2512);
#2508 = LINE('',#2509,#2510);
#2509 = CARTESIAN_POINT('',(4.712388980385,0.));
#2510 = VECTOR('',#2511,1.);
#2511 = DIRECTION('',(0.,-1.));
#2512 = ( GEOMETRIC_REPRESENTATION_CONTEXT(2) 
PARAMETRIC_REPRESENTATION_CONTEXT() REPRESENTATION_CONTEXT('2D SPACE',''
  ) );
#2513 = PCURVE('',#1906,#2514);
#2514 = DEFINITIONAL_REPRESENTATION('',(#2515),#2519);
#2515 = LINE('',#2516,#2517);
#2516 = CARTESIAN_POINT('',(0.,0.));
#2517 = VECTOR('',#2518,1.);
#2518 = DIRECTION('',(0.,-1.));
#2519 = ( GEOMETRIC_REPRESENTATION_CONTEXT(2) 
PARAMETRIC_REPRESENTATION_CONTEXT() REPRESENTATION_CONTEXT('2D SPACE',''
  ) );
#2520 = ORIENTED_EDGE('',*,*,#1857,.T.);
#2521 = ORIENTED_EDGE('',*,*,#2422,.F.);
#2522 = ORIENTED_EDGE('',*,*,#2523,.F.);
#2523 = EDGE_CURVE('',#2499,#2423,#2524,.T.);
#2524 = SURFACE_CURVE('',#2525,(#2530,#2537),.PCURVE_S1.);
#2525 = CIRCLE('',#2526,6.);
#2526 = AXIS2_PLACEMENT_3D('',#2527,#2528,#2529);
#2527 = CARTESIAN_POINT('',(-18.,-18.,133.8));
#2528 = DIRECTION('',(0.,0.,-1.));
#2529 = DIRECTION('',(-1.,0.,0.));
#2530 = PCURVE('',#1878,#2531);
#2531 = DEFINITIONAL_REPRESENTATION('',(#2532),#2536);
#2532 = LINE('',#2533,#2534);
#2533 = CARTESIAN_POINT('',(0.,0.));
#2534 = VECTOR('',#2535,1.);
#2535 = DIRECTION('',(1.,0.));
#2536 = ( GEOMETRIC_REPRESENTATION_CONTEXT(2) 
PARAMETRIC_REPRESENTATION_CONTEXT() REPRESENTATION_CONTEXT('2D SPACE',''
  ) );
#2537 = PCURVE('',#2483,#2538);
#2538 = DEFINITIONAL_REPRESENTATION('',(#2539),#2547);
#2539 = ( BOUNDED_CURVE() B_SPLINE_CURVE(2,(#2540,#2541,#2542,#2543,
#2544,#2545,#2546),.UNSPECIFIED.,.T.,.F.) B_SPLINE_CURVE_WITH_KNOTS((1,2
    ,2,2,2,1),(-2.094395102393,0.,2.094395102393,4.188790204786,
6.28318530718,8.377580409573),.UNSPECIFIED.) CURVE() 
GEOMETRIC_REPRESENTATION_ITEM() RATIONAL_B_SPLINE_CURVE((1.,0.5,1.,0.5,
1.,0.5,1.)) REPRESENTATION_ITEM('') );
#2540 = CARTESIAN_POINT('',(-23.99999999967,-17.99999999964));
#2541 = CARTESIAN_POINT('',(-23.99999999967,-7.607695154227));
#2542 = CARTESIAN_POINT('',(-14.99999999967,-12.80384757693));
#2543 = CARTESIAN_POINT('',(-5.999999999679,-17.99999999964));
#2544 = CARTESIAN_POINT('',(-14.99999999967,-23.19615242234));
#2545 = CARTESIAN_POINT('',(-23.99999999967,-28.39230484505));
#2546 = CARTESIAN_POINT('',(-23.99999999967,-17.99999999964));
#2547 = ( GEOMETRIC_REPRESENTATION_CONTEXT(2) 
PARAMETRIC_REPRESENTATION_CONTEXT() REPRESENTATION_CONTEXT('2D SPACE',''
  ) );
#2548 = ADVANCED_FACE('',(#2549),#2059,.T.);
#2549 = FACE_BOUND('',#2550,.T.);
#2550 = EDGE_LOOP('',(#2551,#2552,#2553,#2576));
#2551 = ORIENTED_EDGE('',*,*,#2446,.T.);
#2552 = ORIENTED_EDGE('',*,*,#2040,.T.);
#2553 = ORIENTED_EDGE('',*,*,#2554,.F.);
#2554 = EDGE_CURVE('',#2555,#2013,#2557,.T.);
#2555 = VERTEX_POINT('',#2556);
#2556 = CARTESIAN_POINT('',(-18.,23.999999998936,133.8));
#2557 = SURFACE_CURVE('',#2558,(#2562,#2569),.PCURVE_S1.);
#2558 = LINE('',#2559,#2560);
#2559 = CARTESIAN_POINT('',(-18.,23.999999998936,133.8));
#2560 = VECTOR('',#2561,1.);
#2561 = DIRECTION('',(0.,0.,1.));
#2562 = PCURVE('',#2059,#2563);
#2563 = DEFINITIONAL_REPRESENTATION('',(#2564),#2568);
#2564 = LINE('',#2565,#2566);
#2565 = CARTESIAN_POINT('',(1.570796326795,0.));
#2566 = VECTOR('',#2567,1.);
#2567 = DIRECTION('',(0.,-1.));
#2568 = ( GEOMETRIC_REPRESENTATION_CONTEXT(2) 
PARAMETRIC_REPRESENTATION_CONTEXT() REPRESENTATION_CONTEXT('2D SPACE',''
  ) );
#2569 = PCURVE('',#2028,#2570);
#2570 = DEFINITIONAL_REPRESENTATION('',(#2571),#2575);
#2571 = LINE('',#2572,#2573);
#2572 = CARTESIAN_POINT('',(0.,0.));
#2573 = VECTOR('',#2574,1.);
#2574 = DIRECTION('',(0.,-1.));
#2575 = ( GEOMETRIC_REPRESENTATION_CONTEXT(2) 
PARAMETRIC_REPRESENTATION_CONTEXT() REPRESENTATION_CONTEXT('2D SPACE',''
  ) );
#2576 = ORIENTED_EDGE('',*,*,#2577,.F.);
#2577 = EDGE_CURVE('',#2447,#2555,#2578,.T.);
#2578 = SURFACE_CURVE('',#2579,(#2584,#2591),.PCURVE_S1.);
#2579 = CIRCLE('',#2580,6.);
#2580 = AXIS2_PLACEMENT_3D('',#2581,#2582,#2583);
#2581 = CARTESIAN_POINT('',(-18.,17.999999997872,133.8));
#2582 = DIRECTION('',(0.,0.,-1.));
#2583 = DIRECTION('',(-1.,0.,0.));
#2584 = PCURVE('',#2059,#2585);
#2585 = DEFINITIONAL_REPRESENTATION('',(#2586),#2590);
#2586 = LINE('',#2587,#2588);
#2587 = CARTESIAN_POINT('',(0.,0.));
#2588 = VECTOR('',#2589,1.);
#2589 = DIRECTION('',(1.,0.));
#2590 = ( GEOMETRIC_REPRESENTATION_CONTEXT(2) 
PARAMETRIC_REPRESENTATION_CONTEXT() REPRESENTATION_CONTEXT('2D SPACE',''
  ) );
#2591 = PCURVE('',#2483,#2592);
#2592 = DEFINITIONAL_REPRESENTATION('',(#2593),#2601);
#2593 = ( BOUNDED_CURVE() B_SPLINE_CURVE(2,(#2594,#2595,#2596,#2597,
#2598,#2599,#2600),.UNSPECIFIED.,.T.,.F.) B_SPLINE_CURVE_WITH_KNOTS((1,2
    ,2,2,2,1),(-2.094395102393,0.,2.094395102393,4.188790204786,
6.28318530718,8.377580409573),.UNSPECIFIED.) CURVE() 
GEOMETRIC_REPRESENTATION_ITEM() RATIONAL_B_SPLINE_CURVE((1.,0.5,1.,0.5,
1.,0.5,1.)) REPRESENTATION_ITEM('') );
#2594 = CARTESIAN_POINT('',(-23.99999999967,17.999999998232));
#2595 = CARTESIAN_POINT('',(-23.99999999967,28.392304843645));
#2596 = CARTESIAN_POINT('',(-14.99999999967,23.196152420938));
#2597 = CARTESIAN_POINT('',(-5.999999999679,17.999999998232));
#2598 = CARTESIAN_POINT('',(-14.99999999967,12.803847575525));
#2599 = CARTESIAN_POINT('',(-23.99999999967,7.607695152818));
#2600 = CARTESIAN_POINT('',(-23.99999999967,17.999999998232));
#2601 = ( GEOMETRIC_REPRESENTATION_CONTEXT(2) 
PARAMETRIC_REPRESENTATION_CONTEXT() REPRESENTATION_CONTEXT('2D SPACE',''
  ) );
#2602 = ADVANCED_FACE('',(#2603),#1906,.F.);
#2603 = FACE_BOUND('',#2604,.F.);
#2604 = EDGE_LOOP('',(#2605,#2606,#2607,#2630));
#2605 = ORIENTED_EDGE('',*,*,#2498,.T.);
#2606 = ORIENTED_EDGE('',*,*,#1890,.T.);
#2607 = ORIENTED_EDGE('',*,*,#2608,.F.);
#2608 = EDGE_CURVE('',#2609,#1891,#2611,.T.);
#2609 = VERTEX_POINT('',#2610);
#2610 = CARTESIAN_POINT('',(17.999999997872,-24.,133.8));
#2611 = SURFACE_CURVE('',#2612,(#2616,#2623),.PCURVE_S1.);
#2612 = LINE('',#2613,#2614);
#2613 = CARTESIAN_POINT('',(17.999999997872,-24.,133.8));
#2614 = VECTOR('',#2615,1.);
#2615 = DIRECTION('',(0.,0.,1.));
#2616 = PCURVE('',#1906,#2617);
#2617 = DEFINITIONAL_REPRESENTATION('',(#2618),#2622);
#2618 = LINE('',#2619,#2620);
#2619 = CARTESIAN_POINT('',(35.999999997872,0.));
#2620 = VECTOR('',#2621,1.);
#2621 = DIRECTION('',(0.,-1.));
#2622 = ( GEOMETRIC_REPRESENTATION_CONTEXT(2) 
PARAMETRIC_REPRESENTATION_CONTEXT() REPRESENTATION_CONTEXT('2D SPACE',''
  ) );
#2623 = PCURVE('',#1939,#2624);
#2624 = DEFINITIONAL_REPRESENTATION('',(#2625),#2629);
#2625 = LINE('',#2626,#2627);
#2626 = CARTESIAN_POINT('',(4.712388980385,0.));
#2627 = VECTOR('',#2628,1.);
#2628 = DIRECTION('',(0.,-1.));
#2629 = ( GEOMETRIC_REPRESENTATION_CONTEXT(2) 
PARAMETRIC_REPRESENTATION_CONTEXT() REPRESENTATION_CONTEXT('2D SPACE',''
  ) );
#2630 = ORIENTED_EDGE('',*,*,#2631,.F.);
#2631 = EDGE_CURVE('',#2499,#2609,#2632,.T.);
#2632 = SURFACE_CURVE('',#2633,(#2637,#2644),.PCURVE_S1.);
#2633 = LINE('',#2634,#2635);
#2634 = CARTESIAN_POINT('',(0.,-24.,133.8));
#2635 = VECTOR('',#2636,1.);
#2636 = DIRECTION('',(1.,0.,0.));
#2637 = PCURVE('',#1906,#2638);
#2638 = DEFINITIONAL_REPRESENTATION('',(#2639),#2643);
#2639 = LINE('',#2640,#2641);
#2640 = CARTESIAN_POINT('',(18.,0.));
#2641 = VECTOR('',#2642,1.);
#2642 = DIRECTION('',(1.,0.));
#2643 = ( GEOMETRIC_REPRESENTATION_CONTEXT(2) 
PARAMETRIC_REPRESENTATION_CONTEXT() REPRESENTATION_CONTEXT('2D SPACE',''
  ) );
#2644 = PCURVE('',#2483,#2645);
#2645 = DEFINITIONAL_REPRESENTATION('',(#2646),#2650);
#2646 = LINE('',#2647,#2648);
#2647 = CARTESIAN_POINT('',(3.206977073873E-10,-23.99999999964));
#2648 = VECTOR('',#2649,1.);
#2649 = DIRECTION('',(1.,0.));
#2650 = ( GEOMETRIC_REPRESENTATION_CONTEXT(2) 
PARAMETRIC_REPRESENTATION_CONTEXT() REPRESENTATION_CONTEXT('2D SPACE',''
  ) );
#2651 = ADVANCED_FACE('',(#2652),#2028,.T.);
#2652 = FACE_BOUND('',#2653,.T.);
#2653 = EDGE_LOOP('',(#2654,#2655,#2656,#2679));
#2654 = ORIENTED_EDGE('',*,*,#2554,.T.);
#2655 = ORIENTED_EDGE('',*,*,#2012,.T.);
#2656 = ORIENTED_EDGE('',*,*,#2657,.F.);
#2657 = EDGE_CURVE('',#2658,#1980,#2660,.T.);
#2658 = VERTEX_POINT('',#2659);
#2659 = CARTESIAN_POINT('',(18.,23.999999998936,133.8));
#2660 = SURFACE_CURVE('',#2661,(#2665,#2672),.PCURVE_S1.);
#2661 = LINE('',#2662,#2663);
#2662 = CARTESIAN_POINT('',(18.,23.999999998936,133.8));
#2663 = VECTOR('',#2664,1.);
#2664 = DIRECTION('',(0.,0.,1.));
#2665 = PCURVE('',#2028,#2666);
#2666 = DEFINITIONAL_REPRESENTATION('',(#2667),#2671);
#2667 = LINE('',#2668,#2669);
#2668 = CARTESIAN_POINT('',(36.,0.));
#2669 = VECTOR('',#2670,1.);
#2670 = DIRECTION('',(0.,-1.));
#2671 = ( GEOMETRIC_REPRESENTATION_CONTEXT(2) 
PARAMETRIC_REPRESENTATION_CONTEXT() REPRESENTATION_CONTEXT('2D SPACE',''
  ) );
#2672 = PCURVE('',#2000,#2673);
#2673 = DEFINITIONAL_REPRESENTATION('',(#2674),#2678);
#2674 = LINE('',#2675,#2676);
#2675 = CARTESIAN_POINT('',(1.570796326795,0.));
#2676 = VECTOR('',#2677,1.);
#2677 = DIRECTION('',(0.,-1.));
#2678 = ( GEOMETRIC_REPRESENTATION_CONTEXT(2) 
PARAMETRIC_REPRESENTATION_CONTEXT() REPRESENTATION_CONTEXT('2D SPACE',''
  ) );
#2679 = ORIENTED_EDGE('',*,*,#2680,.F.);
#2680 = EDGE_CURVE('',#2555,#2658,#2681,.T.);
#2681 = SURFACE_CURVE('',#2682,(#2686,#2693),.PCURVE_S1.);
#2682 = LINE('',#2683,#2684);
#2683 = CARTESIAN_POINT('',(0.,24.,133.8));
#2684 = VECTOR('',#2685,1.);
#2685 = DIRECTION('',(1.,0.,0.));
#2686 = PCURVE('',#2028,#2687);
#2687 = DEFINITIONAL_REPRESENTATION('',(#2688),#2692);
#2688 = LINE('',#2689,#2690);
#2689 = CARTESIAN_POINT('',(18.,0.));
#2690 = VECTOR('',#2691,1.);
#2691 = DIRECTION('',(1.,0.));
#2692 = ( GEOMETRIC_REPRESENTATION_CONTEXT(2) 
PARAMETRIC_REPRESENTATION_CONTEXT() REPRESENTATION_CONTEXT('2D SPACE',''
  ) );
#2693 = PCURVE('',#2483,#2694);
#2694 = DEFINITIONAL_REPRESENTATION('',(#2695),#2699);
#2695 = LINE('',#2696,#2697);
#2696 = CARTESIAN_POINT('',(3.206977073873E-10,24.00000000036));
#2697 = VECTOR('',#2698,1.);
#2698 = DIRECTION('',(1.,0.));
#2699 = ( GEOMETRIC_REPRESENTATION_CONTEXT(2) 
PARAMETRIC_REPRESENTATION_CONTEXT() REPRESENTATION_CONTEXT('2D SPACE',''
  ) );
#2700 = ADVANCED_FACE('',(#2701),#1939,.T.);
#2701 = FACE_BOUND('',#2702,.T.);
#2702 = EDGE_LOOP('',(#2703,#2726,#2727,#2728));
#2703 = ORIENTED_EDGE('',*,*,#2704,.T.);
#2704 = EDGE_CURVE('',#2705,#1919,#2707,.T.);
#2705 = VERTEX_POINT('',#2706);
#2706 = CARTESIAN_POINT('',(23.999999998936,-18.,133.8));
#2707 = SURFACE_CURVE('',#2708,(#2712,#2719),.PCURVE_S1.);
#2708 = LINE('',#2709,#2710);
#2709 = CARTESIAN_POINT('',(23.999999998936,-18.,133.8));
#2710 = VECTOR('',#2711,1.);
#2711 = DIRECTION('',(0.,0.,1.));
#2712 = PCURVE('',#1939,#2713);
#2713 = DEFINITIONAL_REPRESENTATION('',(#2714),#2718);
#2714 = LINE('',#2715,#2716);
#2715 = CARTESIAN_POINT('',(3.14159265359,0.));
#2716 = VECTOR('',#2717,1.);
#2717 = DIRECTION('',(0.,-1.));
#2718 = ( GEOMETRIC_REPRESENTATION_CONTEXT(2) 
PARAMETRIC_REPRESENTATION_CONTEXT() REPRESENTATION_CONTEXT('2D SPACE',''
  ) );
#2719 = PCURVE('',#1967,#2720);
#2720 = DEFINITIONAL_REPRESENTATION('',(#2721),#2725);
#2721 = LINE('',#2722,#2723);
#2722 = CARTESIAN_POINT('',(0.,0.));
#2723 = VECTOR('',#2724,1.);
#2724 = DIRECTION('',(0.,-1.));
#2725 = ( GEOMETRIC_REPRESENTATION_CONTEXT(2) 
PARAMETRIC_REPRESENTATION_CONTEXT() REPRESENTATION_CONTEXT('2D SPACE',''
  ) );
#2726 = ORIENTED_EDGE('',*,*,#1918,.T.);
#2727 = ORIENTED_EDGE('',*,*,#2608,.F.);
#2728 = ORIENTED_EDGE('',*,*,#2729,.F.);
#2729 = EDGE_CURVE('',#2705,#2609,#2730,.T.);
#2730 = SURFACE_CURVE('',#2731,(#2736,#2743),.PCURVE_S1.);
#2731 = CIRCLE('',#2732,6.);
#2732 = AXIS2_PLACEMENT_3D('',#2733,#2734,#2735);
#2733 = CARTESIAN_POINT('',(17.999999997872,-18.,133.8));
#2734 = DIRECTION('',(0.,0.,-1.));
#2735 = DIRECTION('',(-1.,0.,0.));
#2736 = PCURVE('',#1939,#2737);
#2737 = DEFINITIONAL_REPRESENTATION('',(#2738),#2742);
#2738 = LINE('',#2739,#2740);
#2739 = CARTESIAN_POINT('',(0.,0.));
#2740 = VECTOR('',#2741,1.);
#2741 = DIRECTION('',(1.,0.));
#2742 = ( GEOMETRIC_REPRESENTATION_CONTEXT(2) 
PARAMETRIC_REPRESENTATION_CONTEXT() REPRESENTATION_CONTEXT('2D SPACE',''
  ) );
#2743 = PCURVE('',#2483,#2744);
#2744 = DEFINITIONAL_REPRESENTATION('',(#2745),#2753);
#2745 = ( BOUNDED_CURVE() B_SPLINE_CURVE(2,(#2746,#2747,#2748,#2749,
#2750,#2751,#2752),.UNSPECIFIED.,.T.,.F.) B_SPLINE_CURVE_WITH_KNOTS((1,2
    ,2,2,2,1),(-2.094395102393,0.,2.094395102393,4.188790204786,
6.28318530718,8.377580409573),.UNSPECIFIED.) CURVE() 
GEOMETRIC_REPRESENTATION_ITEM() RATIONAL_B_SPLINE_CURVE((1.,0.5,1.,0.5,
1.,0.5,1.)) REPRESENTATION_ITEM('') );
#2746 = CARTESIAN_POINT('',(11.999999998193,-17.99999999964));
#2747 = CARTESIAN_POINT('',(11.999999998193,-7.607695154227));
#2748 = CARTESIAN_POINT('',(20.999999998193,-12.80384757693));
#2749 = CARTESIAN_POINT('',(29.999999998193,-17.99999999964));
#2750 = CARTESIAN_POINT('',(20.999999998193,-23.19615242234));
#2751 = CARTESIAN_POINT('',(11.999999998193,-28.39230484505));
#2752 = CARTESIAN_POINT('',(11.999999998193,-17.99999999964));
#2753 = ( GEOMETRIC_REPRESENTATION_CONTEXT(2) 
PARAMETRIC_REPRESENTATION_CONTEXT() REPRESENTATION_CONTEXT('2D SPACE',''
  ) );
#2754 = ADVANCED_FACE('',(#2755),#2000,.T.);
#2755 = FACE_BOUND('',#2756,.T.);
#2756 = EDGE_LOOP('',(#2757,#2758,#2759,#2782));
#2757 = ORIENTED_EDGE('',*,*,#2657,.T.);
#2758 = ORIENTED_EDGE('',*,*,#1979,.T.);
#2759 = ORIENTED_EDGE('',*,*,#2760,.F.);
#2760 = EDGE_CURVE('',#2761,#1952,#2763,.T.);
#2761 = VERTEX_POINT('',#2762);
#2762 = CARTESIAN_POINT('',(24.,17.999999997872,133.8));
#2763 = SURFACE_CURVE('',#2764,(#2768,#2775),.PCURVE_S1.);
#2764 = LINE('',#2765,#2766);
#2765 = CARTESIAN_POINT('',(24.,17.999999997872,133.8));
#2766 = VECTOR('',#2767,1.);
#2767 = DIRECTION('',(0.,0.,1.));
#2768 = PCURVE('',#2000,#2769);
#2769 = DEFINITIONAL_REPRESENTATION('',(#2770),#2774);
#2770 = LINE('',#2771,#2772);
#2771 = CARTESIAN_POINT('',(3.14159265359,0.));
#2772 = VECTOR('',#2773,1.);
#2773 = DIRECTION('',(0.,-1.));
#2774 = ( GEOMETRIC_REPRESENTATION_CONTEXT(2) 
PARAMETRIC_REPRESENTATION_CONTEXT() REPRESENTATION_CONTEXT('2D SPACE',''
  ) );
#2775 = PCURVE('',#1967,#2776);
#2776 = DEFINITIONAL_REPRESENTATION('',(#2777),#2781);
#2777 = LINE('',#2778,#2779);
#2778 = CARTESIAN_POINT('',(35.999999997872,0.));
#2779 = VECTOR('',#2780,1.);
#2780 = DIRECTION('',(0.,-1.));
#2781 = ( GEOMETRIC_REPRESENTATION_CONTEXT(2) 
PARAMETRIC_REPRESENTATION_CONTEXT() REPRESENTATION_CONTEXT('2D SPACE',''
  ) );
#2782 = ORIENTED_EDGE('',*,*,#2783,.F.);
#2783 = EDGE_CURVE('',#2658,#2761,#2784,.T.);
#2784 = SURFACE_CURVE('',#2785,(#2790,#2797),.PCURVE_S1.);
#2785 = CIRCLE('',#2786,6.);
#2786 = AXIS2_PLACEMENT_3D('',#2787,#2788,#2789);
#2787 = CARTESIAN_POINT('',(18.,17.999999997872,133.8));
#2788 = DIRECTION('',(0.,0.,-1.));
#2789 = DIRECTION('',(-1.,0.,0.));
#2790 = PCURVE('',#2000,#2791);
#2791 = DEFINITIONAL_REPRESENTATION('',(#2792),#2796);
#2792 = LINE('',#2793,#2794);
#2793 = CARTESIAN_POINT('',(0.,0.));
#2794 = VECTOR('',#2795,1.);
#2795 = DIRECTION('',(1.,0.));
#2796 = ( GEOMETRIC_REPRESENTATION_CONTEXT(2) 
PARAMETRIC_REPRESENTATION_CONTEXT() REPRESENTATION_CONTEXT('2D SPACE',''
  ) );
#2797 = PCURVE('',#2483,#2798);
#2798 = DEFINITIONAL_REPRESENTATION('',(#2799),#2807);
#2799 = ( BOUNDED_CURVE() B_SPLINE_CURVE(2,(#2800,#2801,#2802,#2803,
#2804,#2805,#2806),.UNSPECIFIED.,.T.,.F.) B_SPLINE_CURVE_WITH_KNOTS((1,2
    ,2,2,2,1),(-2.094395102393,0.,2.094395102393,4.188790204786,
6.28318530718,8.377580409573),.UNSPECIFIED.) CURVE() 
GEOMETRIC_REPRESENTATION_ITEM() RATIONAL_B_SPLINE_CURVE((1.,0.5,1.,0.5,
1.,0.5,1.)) REPRESENTATION_ITEM('') );
#2800 = CARTESIAN_POINT('',(12.000000000321,17.999999998232));
#2801 = CARTESIAN_POINT('',(12.000000000321,28.392304843645));
#2802 = CARTESIAN_POINT('',(21.000000000321,23.196152420938));
#2803 = CARTESIAN_POINT('',(30.000000000321,17.999999998232));
#2804 = CARTESIAN_POINT('',(21.000000000321,12.803847575525));
#2805 = CARTESIAN_POINT('',(12.000000000321,7.607695152818));
#2806 = CARTESIAN_POINT('',(12.000000000321,17.999999998232));
#2807 = ( GEOMETRIC_REPRESENTATION_CONTEXT(2) 
PARAMETRIC_REPRESENTATION_CONTEXT() REPRESENTATION_CONTEXT('2D SPACE',''
  ) );
#2808 = ADVANCED_FACE('',(#2809),#1967,.F.);
#2809 = FACE_BOUND('',#2810,.F.);
#2810 = EDGE_LOOP('',(#2811,#2812,#2813,#2814));
#2811 = ORIENTED_EDGE('',*,*,#2704,.T.);
#2812 = ORIENTED_EDGE('',*,*,#1951,.T.);
#2813 = ORIENTED_EDGE('',*,*,#2760,.F.);
#2814 = ORIENTED_EDGE('',*,*,#2815,.F.);
#2815 = EDGE_CURVE('',#2705,#2761,#2816,.T.);
#2816 = SURFACE_CURVE('',#2817,(#2821,#2828),.PCURVE_S1.);
#2817 = LINE('',#2818,#2819);
#2818 = CARTESIAN_POINT('',(24.,1.012523398458E-13,133.8));
#2819 = VECTOR('',#2820,1.);
#2820 = DIRECTION('',(0.,1.,0.));
#2821 = PCURVE('',#1967,#2822);
#2822 = DEFINITIONAL_REPRESENTATION('',(#2823),#2827);
#2823 = LINE('',#2824,#2825);
#2824 = CARTESIAN_POINT('',(18.,0.));
#2825 = VECTOR('',#2826,1.);
#2826 = DIRECTION('',(1.,0.));
#2827 = ( GEOMETRIC_REPRESENTATION_CONTEXT(2) 
PARAMETRIC_REPRESENTATION_CONTEXT() REPRESENTATION_CONTEXT('2D SPACE',''
  ) );
#2828 = PCURVE('',#2483,#2829);
#2829 = DEFINITIONAL_REPRESENTATION('',(#2830),#2834);
#2830 = LINE('',#2831,#2832);
#2831 = CARTESIAN_POINT('',(24.000000000321,3.596556643331E-10));
#2832 = VECTOR('',#2833,1.);
#2833 = DIRECTION('',(0.,1.));
#2834 = ( GEOMETRIC_REPRESENTATION_CONTEXT(2) 
PARAMETRIC_REPRESENTATION_CONTEXT() REPRESENTATION_CONTEXT('2D SPACE',''
  ) );
#2835 = ADVANCED_FACE('',(#2836),#2090,.T.);
#2836 = FACE_BOUND('',#2837,.T.);
#2837 = EDGE_LOOP('',(#2838,#2861,#2888,#2889));
#2838 = ORIENTED_EDGE('',*,*,#2839,.T.);
#2839 = EDGE_CURVE('',#2074,#2840,#2842,.T.);
#2840 = VERTEX_POINT('',#2841);
#2841 = CARTESIAN_POINT('',(-0.639327160332,-7.474447326727,137.8));
#2842 = SEAM_CURVE('',#2843,(#2847,#2854),.PCURVE_S1.);
#2843 = LINE('',#2844,#2845);
#2844 = CARTESIAN_POINT('',(-0.639327160332,-7.474447326727,134.79));
#2845 = VECTOR('',#2846,1.);
#2846 = DIRECTION('',(0.,0.,1.));
#2847 = PCURVE('',#2090,#2848);
#2848 = DEFINITIONAL_REPRESENTATION('',(#2849),#2853);
#2849 = LINE('',#2850,#2851);
#2850 = CARTESIAN_POINT('',(6.28318530718,-0.));
#2851 = VECTOR('',#2852,1.);
#2852 = DIRECTION('',(0.,1.));
#2853 = ( GEOMETRIC_REPRESENTATION_CONTEXT(2) 
PARAMETRIC_REPRESENTATION_CONTEXT() REPRESENTATION_CONTEXT('2D SPACE',''
  ) );
#2854 = PCURVE('',#2090,#2855);
#2855 = DEFINITIONAL_REPRESENTATION('',(#2856),#2860);
#2856 = LINE('',#2857,#2858);
#2857 = CARTESIAN_POINT('',(0.,-0.));
#2858 = VECTOR('',#2859,1.);
#2859 = DIRECTION('',(0.,1.));
#2860 = ( GEOMETRIC_REPRESENTATION_CONTEXT(2) 
PARAMETRIC_REPRESENTATION_CONTEXT() REPRESENTATION_CONTEXT('2D SPACE',''
  ) );
#2861 = ORIENTED_EDGE('',*,*,#2862,.F.);
#2862 = EDGE_CURVE('',#2840,#2840,#2863,.T.);
#2863 = SURFACE_CURVE('',#2864,(#2869,#2876),.PCURVE_S1.);
#2864 = CIRCLE('',#2865,1.066666666667);
#2865 = AXIS2_PLACEMENT_3D('',#2866,#2867,#2868);
#2866 = CARTESIAN_POINT('',(-1.705993826998,-7.474447326727,137.8));
#2867 = DIRECTION('',(0.,0.,1.));
#2868 = DIRECTION('',(1.,0.,-0.));
#2869 = PCURVE('',#2090,#2870);
#2870 = DEFINITIONAL_REPRESENTATION('',(#2871),#2875);
#2871 = LINE('',#2872,#2873);
#2872 = CARTESIAN_POINT('',(0.,3.01));
#2873 = VECTOR('',#2874,1.);
#2874 = DIRECTION('',(1.,0.));
#2875 = ( GEOMETRIC_REPRESENTATION_CONTEXT(2) 
PARAMETRIC_REPRESENTATION_CONTEXT() REPRESENTATION_CONTEXT('2D SPACE',''
  ) );
#2876 = PCURVE('',#2877,#2882);
#2877 = PLANE('',#2878);
#2878 = AXIS2_PLACEMENT_3D('',#2879,#2880,#2881);
#2879 = CARTESIAN_POINT('',(-1.705993826998,-7.474447326727,137.8));
#2880 = DIRECTION('',(0.,0.,1.));
#2881 = DIRECTION('',(1.,0.,-0.));
#2882 = DEFINITIONAL_REPRESENTATION('',(#2883),#2887);
#2883 = CIRCLE('',#2884,1.066666666667);
#2884 = AXIS2_PLACEMENT_2D('',#2885,#2886);
#2885 = CARTESIAN_POINT('',(0.,0.));
#2886 = DIRECTION('',(1.,0.));
#2887 = ( GEOMETRIC_REPRESENTATION_CONTEXT(2) 
PARAMETRIC_REPRESENTATION_CONTEXT() REPRESENTATION_CONTEXT('2D SPACE',''
  ) );
#2888 = ORIENTED_EDGE('',*,*,#2839,.F.);
#2889 = ORIENTED_EDGE('',*,*,#2073,.T.);
#2890 = ADVANCED_FACE('',(#2891),#2121,.T.);
#2891 = FACE_BOUND('',#2892,.T.);
#2892 = EDGE_LOOP('',(#2893,#2916,#2943,#2944));
#2893 = ORIENTED_EDGE('',*,*,#2894,.T.);
#2894 = EDGE_CURVE('',#2105,#2895,#2897,.T.);
#2895 = VERTEX_POINT('',#2896);
#2896 = CARTESIAN_POINT('',(-5.840761320585,-3.326441999901,137.2));
#2897 = SEAM_CURVE('',#2898,(#2902,#2909),.PCURVE_S1.);
#2898 = LINE('',#2899,#2900);
#2899 = CARTESIAN_POINT('',(-5.840761320585,-3.326441999901,134.79));
#2900 = VECTOR('',#2901,1.);
#2901 = DIRECTION('',(0.,0.,1.));
#2902 = PCURVE('',#2121,#2903);
#2903 = DEFINITIONAL_REPRESENTATION('',(#2904),#2908);
#2904 = LINE('',#2905,#2906);
#2905 = CARTESIAN_POINT('',(6.28318530718,-0.));
#2906 = VECTOR('',#2907,1.);
#2907 = DIRECTION('',(0.,1.));
#2908 = ( GEOMETRIC_REPRESENTATION_CONTEXT(2) 
PARAMETRIC_REPRESENTATION_CONTEXT() REPRESENTATION_CONTEXT('2D SPACE',''
  ) );
#2909 = PCURVE('',#2121,#2910);
#2910 = DEFINITIONAL_REPRESENTATION('',(#2911),#2915);
#2911 = LINE('',#2912,#2913);
#2912 = CARTESIAN_POINT('',(0.,-0.));
#2913 = VECTOR('',#2914,1.);
#2914 = DIRECTION('',(0.,1.));
#2915 = ( GEOMETRIC_REPRESENTATION_CONTEXT(2) 
PARAMETRIC_REPRESENTATION_CONTEXT() REPRESENTATION_CONTEXT('2D SPACE',''
  ) );
#2916 = ORIENTED_EDGE('',*,*,#2917,.F.);
#2917 = EDGE_CURVE('',#2895,#2895,#2918,.T.);
#2918 = SURFACE_CURVE('',#2919,(#2924,#2931),.PCURVE_S1.);
#2919 = CIRCLE('',#2920,1.066666666667);
#2920 = AXIS2_PLACEMENT_3D('',#2921,#2922,#2923);
#2921 = CARTESIAN_POINT('',(-6.907427987252,-3.326441999901,137.2));
#2922 = DIRECTION('',(0.,0.,1.));
#2923 = DIRECTION('',(1.,0.,-0.));
#2924 = PCURVE('',#2121,#2925);
#2925 = DEFINITIONAL_REPRESENTATION('',(#2926),#2930);
#2926 = LINE('',#2927,#2928);
#2927 = CARTESIAN_POINT('',(0.,2.41));
#2928 = VECTOR('',#2929,1.);
#2929 = DIRECTION('',(1.,0.));
#2930 = ( GEOMETRIC_REPRESENTATION_CONTEXT(2) 
PARAMETRIC_REPRESENTATION_CONTEXT() REPRESENTATION_CONTEXT('2D SPACE',''
  ) );
#2931 = PCURVE('',#2932,#2937);
#2932 = PLANE('',#2933);
#2933 = AXIS2_PLACEMENT_3D('',#2934,#2935,#2936);
#2934 = CARTESIAN_POINT('',(-6.907427987252,-3.326441999901,137.2));
#2935 = DIRECTION('',(0.,0.,1.));
#2936 = DIRECTION('',(1.,0.,-0.));
#2937 = DEFINITIONAL_REPRESENTATION('',(#2938),#2942);
#2938 = CIRCLE('',#2939,1.066666666667);
#2939 = AXIS2_PLACEMENT_2D('',#2940,#2941);
#2940 = CARTESIAN_POINT('',(0.,0.));
#2941 = DIRECTION('',(1.,0.));
#2942 = ( GEOMETRIC_REPRESENTATION_CONTEXT(2) 
PARAMETRIC_REPRESENTATION_CONTEXT() REPRESENTATION_CONTEXT('2D SPACE',''
  ) );
#2943 = ORIENTED_EDGE('',*,*,#2894,.F.);
#2944 = ORIENTED_EDGE('',*,*,#2104,.T.);
#2945 = ADVANCED_FACE('',(#2946),#2152,.T.);
#2946 = FACE_BOUND('',#2947,.T.);
#2947 = EDGE_LOOP('',(#2948,#2971,#2998,#2999));
#2948 = ORIENTED_EDGE('',*,*,#2949,.T.);
#2949 = EDGE_CURVE('',#2136,#2950,#2952,.T.);
#2950 = VERTEX_POINT('',#2951);
#2951 = CARTESIAN_POINT('',(5.846755147584,-5.994041365588,136.6));
#2952 = SEAM_CURVE('',#2953,(#2957,#2964),.PCURVE_S1.);
#2953 = LINE('',#2954,#2955);
#2954 = CARTESIAN_POINT('',(5.846755147584,-5.994041365588,134.79));
#2955 = VECTOR('',#2956,1.);
#2956 = DIRECTION('',(0.,0.,1.));
#2957 = PCURVE('',#2152,#2958);
#2958 = DEFINITIONAL_REPRESENTATION('',(#2959),#2963);
#2959 = LINE('',#2960,#2961);
#2960 = CARTESIAN_POINT('',(6.28318530718,-0.));
#2961 = VECTOR('',#2962,1.);
#2962 = DIRECTION('',(0.,1.));
#2963 = ( GEOMETRIC_REPRESENTATION_CONTEXT(2) 
PARAMETRIC_REPRESENTATION_CONTEXT() REPRESENTATION_CONTEXT('2D SPACE',''
  ) );
#2964 = PCURVE('',#2152,#2965);
#2965 = DEFINITIONAL_REPRESENTATION('',(#2966),#2970);
#2966 = LINE('',#2967,#2968);
#2967 = CARTESIAN_POINT('',(0.,-0.));
#2968 = VECTOR('',#2969,1.);
#2969 = DIRECTION('',(0.,1.));
#2970 = ( GEOMETRIC_REPRESENTATION_CONTEXT(2) 
PARAMETRIC_REPRESENTATION_CONTEXT() REPRESENTATION_CONTEXT('2D SPACE',''
  ) );
#2971 = ORIENTED_EDGE('',*,*,#2972,.F.);
#2972 = EDGE_CURVE('',#2950,#2950,#2973,.T.);
#2973 = SURFACE_CURVE('',#2974,(#2979,#2986),.PCURVE_S1.);
#2974 = CIRCLE('',#2975,1.066666666667);
#2975 = AXIS2_PLACEMENT_3D('',#2976,#2977,#2978);
#2976 = CARTESIAN_POINT('',(4.780088480917,-5.994041365588,136.6));
#2977 = DIRECTION('',(0.,0.,1.));
#2978 = DIRECTION('',(1.,0.,-0.));
#2979 = PCURVE('',#2152,#2980);
#2980 = DEFINITIONAL_REPRESENTATION('',(#2981),#2985);
#2981 = LINE('',#2982,#2983);
#2982 = CARTESIAN_POINT('',(0.,1.81));
#2983 = VECTOR('',#2984,1.);
#2984 = DIRECTION('',(1.,0.));
#2985 = ( GEOMETRIC_REPRESENTATION_CONTEXT(2) 
PARAMETRIC_REPRESENTATION_CONTEXT() REPRESENTATION_CONTEXT('2D SPACE',''
  ) );
#2986 = PCURVE('',#2987,#2992);
#2987 = PLANE('',#2988);
#2988 = AXIS2_PLACEMENT_3D('',#2989,#2990,#2991);
#2989 = CARTESIAN_POINT('',(4.780088480917,-5.994041365588,136.6));
#2990 = DIRECTION('',(0.,0.,1.));
#2991 = DIRECTION('',(1.,0.,-0.));
#2992 = DEFINITIONAL_REPRESENTATION('',(#2993),#2997);
#2993 = CIRCLE('',#2994,1.066666666667);
#2994 = AXIS2_PLACEMENT_2D('',#2995,#2996);
#2995 = CARTESIAN_POINT('',(0.,0.));
#2996 = DIRECTION('',(1.,0.));
#2997 = ( GEOMETRIC_REPRESENTATION_CONTEXT(2) 
PARAMETRIC_REPRESENTATION_CONTEXT() REPRESENTATION_CONTEXT('2D SPACE',''
  ) );
#2998 = ORIENTED_EDGE('',*,*,#2949,.F.);
#2999 = ORIENTED_EDGE('',*,*,#2135,.T.);
#3000 = ADVANCED_FACE('',(#3001),#2183,.T.);
#3001 = FACE_BOUND('',#3002,.T.);
#3002 = EDGE_LOOP('',(#3003,#3026,#3053,#3054));
#3003 = ORIENTED_EDGE('',*,*,#3004,.T.);
#3004 = EDGE_CURVE('',#2167,#3005,#3007,.T.);
#3005 = VERTEX_POINT('',#3006);
#3006 = CARTESIAN_POINT('',(-5.840761320585,3.326441999901,136.6));
#3007 = SEAM_CURVE('',#3008,(#3012,#3019),.PCURVE_S1.);
#3008 = LINE('',#3009,#3010);
#3009 = CARTESIAN_POINT('',(-5.840761320585,3.326441999901,134.79));
#3010 = VECTOR('',#3011,1.);
#3011 = DIRECTION('',(0.,0.,1.));
#3012 = PCURVE('',#2183,#3013);
#3013 = DEFINITIONAL_REPRESENTATION('',(#3014),#3018);
#3014 = LINE('',#3015,#3016);
#3015 = CARTESIAN_POINT('',(6.28318530718,-0.));
#3016 = VECTOR('',#3017,1.);
#3017 = DIRECTION('',(0.,1.));
#3018 = ( GEOMETRIC_REPRESENTATION_CONTEXT(2) 
PARAMETRIC_REPRESENTATION_CONTEXT() REPRESENTATION_CONTEXT('2D SPACE',''
  ) );
#3019 = PCURVE('',#2183,#3020);
#3020 = DEFINITIONAL_REPRESENTATION('',(#3021),#3025);
#3021 = LINE('',#3022,#3023);
#3022 = CARTESIAN_POINT('',(0.,-0.));
#3023 = VECTOR('',#3024,1.);
#3024 = DIRECTION('',(0.,1.));
#3025 = ( GEOMETRIC_REPRESENTATION_CONTEXT(2) 
PARAMETRIC_REPRESENTATION_CONTEXT() REPRESENTATION_CONTEXT('2D SPACE',''
  ) );
#3026 = ORIENTED_EDGE('',*,*,#3027,.F.);
#3027 = EDGE_CURVE('',#3005,#3005,#3028,.T.);
#3028 = SURFACE_CURVE('',#3029,(#3034,#3041),.PCURVE_S1.);
#3029 = CIRCLE('',#3030,1.066666666667);
#3030 = AXIS2_PLACEMENT_3D('',#3031,#3032,#3033);
#3031 = CARTESIAN_POINT('',(-6.907427987252,3.326441999901,136.6));
#3032 = DIRECTION('',(0.,0.,1.));
#3033 = DIRECTION('',(1.,0.,-0.));
#3034 = PCURVE('',#2183,#3035);
#3035 = DEFINITIONAL_REPRESENTATION('',(#3036),#3040);
#3036 = LINE('',#3037,#3038);
#3037 = CARTESIAN_POINT('',(0.,1.81));
#3038 = VECTOR('',#3039,1.);
#3039 = DIRECTION('',(1.,0.));
#3040 = ( GEOMETRIC_REPRESENTATION_CONTEXT(2) 
PARAMETRIC_REPRESENTATION_CONTEXT() REPRESENTATION_CONTEXT('2D SPACE',''
  ) );
#3041 = PCURVE('',#3042,#3047);
#3042 = PLANE('',#3043);
#3043 = AXIS2_PLACEMENT_3D('',#3044,#3045,#3046);
#3044 = CARTESIAN_POINT('',(-6.907427987252,3.326441999901,136.6));
#3045 = DIRECTION('',(0.,0.,1.));
#3046 = DIRECTION('',(1.,0.,-0.));
#3047 = DEFINITIONAL_REPRESENTATION('',(#3048),#3052);
#3048 = CIRCLE('',#3049,1.066666666667);
#3049 = AXIS2_PLACEMENT_2D('',#3050,#3051);
#3050 = CARTESIAN_POINT('',(0.,0.));
#3051 = DIRECTION('',(1.,0.));
#3052 = ( GEOMETRIC_REPRESENTATION_CONTEXT(2) 
PARAMETRIC_REPRESENTATION_CONTEXT() REPRESENTATION_CONTEXT('2D SPACE',''
  ) );
#3053 = ORIENTED_EDGE('',*,*,#3004,.F.);
#3054 = ORIENTED_EDGE('',*,*,#2166,.T.);
#3055 = ADVANCED_FACE('',(#3056),#2302,.T.);
#3056 = FACE_BOUND('',#3057,.T.);
#3057 = EDGE_LOOP('',(#3058,#3081,#3108,#3109));
#3058 = ORIENTED_EDGE('',*,*,#3059,.T.);
#3059 = EDGE_CURVE('',#2286,#3060,#3062,.T.);
#3060 = VERTEX_POINT('',#3061);
#3061 = CARTESIAN_POINT('',(-0.639327160332,7.474447326727,137.8));
#3062 = SEAM_CURVE('',#3063,(#3067,#3074),.PCURVE_S1.);
#3063 = LINE('',#3064,#3065);
#3064 = CARTESIAN_POINT('',(-0.639327160332,7.474447326727,134.79));
#3065 = VECTOR('',#3066,1.);
#3066 = DIRECTION('',(0.,0.,1.));
#3067 = PCURVE('',#2302,#3068);
#3068 = DEFINITIONAL_REPRESENTATION('',(#3069),#3073);
#3069 = LINE('',#3070,#3071);
#3070 = CARTESIAN_POINT('',(6.28318530718,-0.));
#3071 = VECTOR('',#3072,1.);
#3072 = DIRECTION('',(0.,1.));
#3073 = ( GEOMETRIC_REPRESENTATION_CONTEXT(2) 
PARAMETRIC_REPRESENTATION_CONTEXT() REPRESENTATION_CONTEXT('2D SPACE',''
  ) );
#3074 = PCURVE('',#2302,#3075);
#3075 = DEFINITIONAL_REPRESENTATION('',(#3076),#3080);
#3076 = LINE('',#3077,#3078);
#3077 = CARTESIAN_POINT('',(0.,-0.));
#3078 = VECTOR('',#3079,1.);
#3079 = DIRECTION('',(0.,1.));
#3080 = ( GEOMETRIC_REPRESENTATION_CONTEXT(2) 
PARAMETRIC_REPRESENTATION_CONTEXT() REPRESENTATION_CONTEXT('2D SPACE',''
  ) );
#3081 = ORIENTED_EDGE('',*,*,#3082,.F.);
#3082 = EDGE_CURVE('',#3060,#3060,#3083,.T.);
#3083 = SURFACE_CURVE('',#3084,(#3089,#3096),.PCURVE_S1.);
#3084 = CIRCLE('',#3085,1.066666666667);
#3085 = AXIS2_PLACEMENT_3D('',#3086,#3087,#3088);
#3086 = CARTESIAN_POINT('',(-1.705993826998,7.474447326727,137.8));
#3087 = DIRECTION('',(0.,0.,1.));
#3088 = DIRECTION('',(1.,0.,-0.));
#3089 = PCURVE('',#2302,#3090);
#3090 = DEFINITIONAL_REPRESENTATION('',(#3091),#3095);
#3091 = LINE('',#3092,#3093);
#3092 = CARTESIAN_POINT('',(0.,3.01));
#3093 = VECTOR('',#3094,1.);
#3094 = DIRECTION('',(1.,0.));
#3095 = ( GEOMETRIC_REPRESENTATION_CONTEXT(2) 
PARAMETRIC_REPRESENTATION_CONTEXT() REPRESENTATION_CONTEXT('2D SPACE',''
  ) );
#3096 = PCURVE('',#3097,#3102);
#3097 = PLANE('',#3098);
#3098 = AXIS2_PLACEMENT_3D('',#3099,#3100,#3101);
#3099 = CARTESIAN_POINT('',(-1.705993826998,7.474447326727,137.8));
#3100 = DIRECTION('',(0.,0.,1.));
#3101 = DIRECTION('',(1.,0.,-0.));
#3102 = DEFINITIONAL_REPRESENTATION('',(#3103),#3107);
#3103 = CIRCLE('',#3104,1.066666666667);
#3104 = AXIS2_PLACEMENT_2D('',#3105,#3106);
#3105 = CARTESIAN_POINT('',(0.,0.));
#3106 = DIRECTION('',(1.,0.));
#3107 = ( GEOMETRIC_REPRESENTATION_CONTEXT(2) 
PARAMETRIC_REPRESENTATION_CONTEXT() REPRESENTATION_CONTEXT('2D SPACE',''
  ) );
#3108 = ORIENTED_EDGE('',*,*,#3059,.F.);
#3109 = ORIENTED_EDGE('',*,*,#2285,.T.);
#3110 = ADVANCED_FACE('',(#3111),#2333,.T.);
#3111 = FACE_BOUND('',#3112,.T.);
#3112 = EDGE_LOOP('',(#3113,#3136,#3163,#3164));
#3113 = ORIENTED_EDGE('',*,*,#3114,.T.);
#3114 = EDGE_CURVE('',#2317,#3115,#3117,.T.);
#3115 = VERTEX_POINT('',#3116);
#3116 = CARTESIAN_POINT('',(8.733333333333,-2.612579838181E-16,136.6));
#3117 = SEAM_CURVE('',#3118,(#3122,#3129),.PCURVE_S1.);
#3118 = LINE('',#3119,#3120);
#3119 = CARTESIAN_POINT('',(8.733333333333,-2.612579838181E-16,134.79));
#3120 = VECTOR('',#3121,1.);
#3121 = DIRECTION('',(0.,0.,1.));
#3122 = PCURVE('',#2333,#3123);
#3123 = DEFINITIONAL_REPRESENTATION('',(#3124),#3128);
#3124 = LINE('',#3125,#3126);
#3125 = CARTESIAN_POINT('',(6.28318530718,-0.));
#3126 = VECTOR('',#3127,1.);
#3127 = DIRECTION('',(0.,1.));
#3128 = ( GEOMETRIC_REPRESENTATION_CONTEXT(2) 
PARAMETRIC_REPRESENTATION_CONTEXT() REPRESENTATION_CONTEXT('2D SPACE',''
  ) );
#3129 = PCURVE('',#2333,#3130);
#3130 = DEFINITIONAL_REPRESENTATION('',(#3131),#3135);
#3131 = LINE('',#3132,#3133);
#3132 = CARTESIAN_POINT('',(0.,-0.));
#3133 = VECTOR('',#3134,1.);
#3134 = DIRECTION('',(0.,1.));
#3135 = ( GEOMETRIC_REPRESENTATION_CONTEXT(2) 
PARAMETRIC_REPRESENTATION_CONTEXT() REPRESENTATION_CONTEXT('2D SPACE',''
  ) );
#3136 = ORIENTED_EDGE('',*,*,#3137,.F.);
#3137 = EDGE_CURVE('',#3115,#3115,#3138,.T.);
#3138 = SURFACE_CURVE('',#3139,(#3144,#3151),.PCURVE_S1.);
#3139 = CIRCLE('',#3140,1.066666666667);
#3140 = AXIS2_PLACEMENT_3D('',#3141,#3142,#3143);
#3141 = CARTESIAN_POINT('',(7.666666666667,0.,136.6));
#3142 = DIRECTION('',(0.,0.,1.));
#3143 = DIRECTION('',(1.,0.,-0.));
#3144 = PCURVE('',#2333,#3145);
#3145 = DEFINITIONAL_REPRESENTATION('',(#3146),#3150);
#3146 = LINE('',#3147,#3148);
#3147 = CARTESIAN_POINT('',(0.,1.81));
#3148 = VECTOR('',#3149,1.);
#3149 = DIRECTION('',(1.,0.));
#3150 = ( GEOMETRIC_REPRESENTATION_CONTEXT(2) 
PARAMETRIC_REPRESENTATION_CONTEXT() REPRESENTATION_CONTEXT('2D SPACE',''
  ) );
#3151 = PCURVE('',#3152,#3157);
#3152 = PLANE('',#3153);
#3153 = AXIS2_PLACEMENT_3D('',#3154,#3155,#3156);
#3154 = CARTESIAN_POINT('',(7.666666666667,0.,136.6));
#3155 = DIRECTION('',(0.,0.,1.));
#3156 = DIRECTION('',(1.,0.,-0.));
#3157 = DEFINITIONAL_REPRESENTATION('',(#3158),#3162);
#3158 = CIRCLE('',#3159,1.066666666667);
#3159 = AXIS2_PLACEMENT_2D('',#3160,#3161);
#3160 = CARTESIAN_POINT('',(0.,0.));
#3161 = DIRECTION('',(1.,0.));
#3162 = ( GEOMETRIC_REPRESENTATION_CONTEXT(2) 
PARAMETRIC_REPRESENTATION_CONTEXT() REPRESENTATION_CONTEXT('2D SPACE',''
  ) );
#3163 = ORIENTED_EDGE('',*,*,#3114,.F.);
#3164 = ORIENTED_EDGE('',*,*,#2316,.T.);
#3165 = ADVANCED_FACE('',(#3166),#2364,.T.);
#3166 = FACE_BOUND('',#3167,.T.);
#3167 = EDGE_LOOP('',(#3168,#3191,#3218,#3219));
#3168 = ORIENTED_EDGE('',*,*,#3169,.T.);
#3169 = EDGE_CURVE('',#2348,#3170,#3172,.T.);
#3170 = VERTEX_POINT('',#3171);
#3171 = CARTESIAN_POINT('',(5.846755147584,5.994041365588,137.2));
#3172 = SEAM_CURVE('',#3173,(#3177,#3184),.PCURVE_S1.);
#3173 = LINE('',#3174,#3175);
#3174 = CARTESIAN_POINT('',(5.846755147584,5.994041365588,134.79));
#3175 = VECTOR('',#3176,1.);
#3176 = DIRECTION('',(0.,0.,1.));
#3177 = PCURVE('',#2364,#3178);
#3178 = DEFINITIONAL_REPRESENTATION('',(#3179),#3183);
#3179 = LINE('',#3180,#3181);
#3180 = CARTESIAN_POINT('',(6.28318530718,-0.));
#3181 = VECTOR('',#3182,1.);
#3182 = DIRECTION('',(0.,1.));
#3183 = ( GEOMETRIC_REPRESENTATION_CONTEXT(2) 
PARAMETRIC_REPRESENTATION_CONTEXT() REPRESENTATION_CONTEXT('2D SPACE',''
  ) );
#3184 = PCURVE('',#2364,#3185);
#3185 = DEFINITIONAL_REPRESENTATION('',(#3186),#3190);
#3186 = LINE('',#3187,#3188);
#3187 = CARTESIAN_POINT('',(0.,-0.));
#3188 = VECTOR('',#3189,1.);
#3189 = DIRECTION('',(0.,1.));
#3190 = ( GEOMETRIC_REPRESENTATION_CONTEXT(2) 
PARAMETRIC_REPRESENTATION_CONTEXT() REPRESENTATION_CONTEXT('2D SPACE',''
  ) );
#3191 = ORIENTED_EDGE('',*,*,#3192,.F.);
#3192 = EDGE_CURVE('',#3170,#3170,#3193,.T.);
#3193 = SURFACE_CURVE('',#3194,(#3199,#3206),.PCURVE_S1.);
#3194 = CIRCLE('',#3195,1.066666666667);
#3195 = AXIS2_PLACEMENT_3D('',#3196,#3197,#3198);
#3196 = CARTESIAN_POINT('',(4.780088480917,5.994041365588,137.2));
#3197 = DIRECTION('',(0.,0.,1.));
#3198 = DIRECTION('',(1.,0.,-0.));
#3199 = PCURVE('',#2364,#3200);
#3200 = DEFINITIONAL_REPRESENTATION('',(#3201),#3205);
#3201 = LINE('',#3202,#3203);
#3202 = CARTESIAN_POINT('',(0.,2.41));
#3203 = VECTOR('',#3204,1.);
#3204 = DIRECTION('',(1.,0.));
#3205 = ( GEOMETRIC_REPRESENTATION_CONTEXT(2) 
PARAMETRIC_REPRESENTATION_CONTEXT() REPRESENTATION_CONTEXT('2D SPACE',''
  ) );
#3206 = PCURVE('',#3207,#3212);
#3207 = PLANE('',#3208);
#3208 = AXIS2_PLACEMENT_3D('',#3209,#3210,#3211);
#3209 = CARTESIAN_POINT('',(4.780088480917,5.994041365588,137.2));
#3210 = DIRECTION('',(0.,0.,1.));
#3211 = DIRECTION('',(1.,0.,-0.));
#3212 = DEFINITIONAL_REPRESENTATION('',(#3213),#3217);
#3213 = CIRCLE('',#3214,1.066666666667);
#3214 = AXIS2_PLACEMENT_2D('',#3215,#3216);
#3215 = CARTESIAN_POINT('',(0.,0.));
#3216 = DIRECTION('',(1.,0.));
#3217 = ( GEOMETRIC_REPRESENTATION_CONTEXT(2) 
PARAMETRIC_REPRESENTATION_CONTEXT() REPRESENTATION_CONTEXT('2D SPACE',''
  ) );
#3218 = ORIENTED_EDGE('',*,*,#3169,.F.);
#3219 = ORIENTED_EDGE('',*,*,#2347,.T.);
#3220 = ADVANCED_FACE('',(#3221,#3231,#3282,#3333,#3384,#3415),#2483,.F.
  );
#3221 = FACE_BOUND('',#3222,.F.);
#3222 = EDGE_LOOP('',(#3223,#3224,#3225,#3226,#3227,#3228,#3229,#3230));
#3223 = ORIENTED_EDGE('',*,*,#2469,.F.);
#3224 = ORIENTED_EDGE('',*,*,#2523,.F.);
#3225 = ORIENTED_EDGE('',*,*,#2631,.T.);
#3226 = ORIENTED_EDGE('',*,*,#2729,.F.);
#3227 = ORIENTED_EDGE('',*,*,#2815,.T.);
#3228 = ORIENTED_EDGE('',*,*,#2783,.F.);
#3229 = ORIENTED_EDGE('',*,*,#2680,.F.);
#3230 = ORIENTED_EDGE('',*,*,#2577,.F.);
#3231 = FACE_BOUND('',#3232,.F.);
#3232 = EDGE_LOOP('',(#3233));
#3233 = ORIENTED_EDGE('',*,*,#3234,.F.);
#3234 = EDGE_CURVE('',#3235,#3235,#3237,.T.);
#3235 = VERTEX_POINT('',#3236);
#3236 = CARTESIAN_POINT('',(-22.24568353864,-21.52745109511,133.8));
#3237 = SURFACE_CURVE('',#3238,(#3243,#3250),.PCURVE_S1.);
#3238 = ELLIPSE('',#3239,0.763858952949,0.733333333333);
#3239 = AXIS2_PLACEMENT_3D('',#3240,#3241,#3242);
#3240 = CARTESIAN_POINT('',(-21.49693181818,-21.49693181818,133.8));
#3241 = DIRECTION('',(0.,0.,1.));
#3242 = DIRECTION('',(0.707106781187,0.707106781187,-0.));
#3243 = PCURVE('',#2483,#3244);
#3244 = DEFINITIONAL_REPRESENTATION('',(#3245),#3249);
#3245 = ELLIPSE('',#3246,0.763858952949,0.733333333333);
#3246 = AXIS2_PLACEMENT_2D('',#3247,#3248);
#3247 = CARTESIAN_POINT('',(-21.49693181786,-21.49693181782));
#3248 = DIRECTION('',(0.707106781187,0.707106781187));
#3249 = ( GEOMETRIC_REPRESENTATION_CONTEXT(2) 
PARAMETRIC_REPRESENTATION_CONTEXT() REPRESENTATION_CONTEXT('2D SPACE',''
  ) );
#3250 = PCURVE('',#3251,#3256);
#3251 = CYLINDRICAL_SURFACE('',#3252,0.733333333333);
#3252 = AXIS2_PLACEMENT_3D('',#3253,#3254,#3255);
#3253 = CARTESIAN_POINT('',(-21.6,-21.6,134.3));
#3254 = DIRECTION('',(0.197898664515,0.197898664515,-0.960037622787));
#3255 = DIRECTION('',(-0.979407877533,7.148921115984E-18,-0.201891578392
    ));
#3256 = DEFINITIONAL_REPRESENTATION('',(#3257),#3281);
#3257 = B_SPLINE_CURVE_WITH_KNOTS('',8,(#3258,#3259,#3260,#3261,#3262,
    #3263,#3264,#3265,#3266,#3267,#3268,#3269,#3270,#3271,#3272,#3273,
    #3274,#3275,#3276,#3277,#3278,#3279,#3280),.UNSPECIFIED.,.F.,.F.,(9,
    7,7,9),(2.376580242361,3.947376569156,6.303571059348,8.659765549541)
  ,.UNSPECIFIED.);
#3258 = CARTESIAN_POINT('',(6.28318530718,0.366596232786));
#3259 = CARTESIAN_POINT('',(6.08683576633,0.337525932392));
#3260 = CARTESIAN_POINT('',(5.890486225481,0.315250687585));
#3261 = CARTESIAN_POINT('',(5.694136684632,0.301477129417));
#3262 = CARTESIAN_POINT('',(5.497787143782,0.297358038745));
#3263 = CARTESIAN_POINT('',(5.301437602933,0.30326600666));
#3264 = CARTESIAN_POINT('',(5.105088062083,0.318721984309));
#3265 = CARTESIAN_POINT('',(4.908738521234,0.342478722101));
#3266 = CARTESIAN_POINT('',(4.417864669111,0.418179662626));
#3267 = CARTESIAN_POINT('',(4.123340357841,0.478278262933));
#3268 = CARTESIAN_POINT('',(3.828816046555,0.547046770903));
#3269 = CARTESIAN_POINT('',(3.534291735305,0.61578412202));
#3270 = CARTESIAN_POINT('',(3.239767424008,0.67466620592));
#3271 = CARTESIAN_POINT('',(2.945243112745,0.71592774359));
#3272 = CARTESIAN_POINT('',(2.650718801466,0.735833931772));
#3273 = CARTESIAN_POINT('',(2.061670178918,0.733266973326));
#3274 = CARTESIAN_POINT('',(1.767145867638,0.710793817396));
#3275 = CARTESIAN_POINT('',(1.472621556403,0.667304696884));
#3276 = CARTESIAN_POINT('',(1.178097245075,0.60687331647));
#3277 = CARTESIAN_POINT('',(0.883572933854,0.537511353045));
#3278 = CARTESIAN_POINT('',(0.589048622543,0.469096142181));
#3279 = CARTESIAN_POINT('',(0.294524311274,0.410201683376));
#3280 = CARTESIAN_POINT('',(1.59872115546E-14,0.366596232786));
#3281 = ( GEOMETRIC_REPRESENTATION_CONTEXT(2) 
PARAMETRIC_REPRESENTATION_CONTEXT() REPRESENTATION_CONTEXT('2D SPACE',''
  ) );
#3282 = FACE_BOUND('',#3283,.F.);
#3283 = EDGE_LOOP('',(#3284));
#3284 = ORIENTED_EDGE('',*,*,#3285,.F.);
#3285 = EDGE_CURVE('',#3286,#3286,#3288,.T.);
#3286 = VERTEX_POINT('',#3287);
#3287 = CARTESIAN_POINT('',(20.748180097724,-21.46641254124,133.8));
#3288 = SURFACE_CURVE('',#3289,(#3294,#3301),.PCURVE_S1.);
#3289 = ELLIPSE('',#3290,0.763858952949,0.733333333333);
#3290 = AXIS2_PLACEMENT_3D('',#3291,#3292,#3293);
#3291 = CARTESIAN_POINT('',(21.496931818182,-21.49693181818,133.8));
#3292 = DIRECTION('',(0.,0.,1.));
#3293 = DIRECTION('',(-0.707106781187,0.707106781187,0.));
#3294 = PCURVE('',#2483,#3295);
#3295 = DEFINITIONAL_REPRESENTATION('',(#3296),#3300);
#3296 = ELLIPSE('',#3297,0.763858952949,0.733333333333);
#3297 = AXIS2_PLACEMENT_2D('',#3298,#3299);
#3298 = CARTESIAN_POINT('',(21.496931818503,-21.49693181782));
#3299 = DIRECTION('',(-0.707106781187,0.707106781187));
#3300 = ( GEOMETRIC_REPRESENTATION_CONTEXT(2) 
PARAMETRIC_REPRESENTATION_CONTEXT() REPRESENTATION_CONTEXT('2D SPACE',''
  ) );
#3301 = PCURVE('',#3302,#3307);
#3302 = CYLINDRICAL_SURFACE('',#3303,0.733333333333);
#3303 = AXIS2_PLACEMENT_3D('',#3304,#3305,#3306);
#3304 = CARTESIAN_POINT('',(21.6,-21.6,134.3));
#3305 = DIRECTION('',(-0.197898664515,0.197898664515,-0.960037622787));
#3306 = DIRECTION('',(-0.979407877533,-7.148921115984E-18,0.201891578392
    ));
#3307 = DEFINITIONAL_REPRESENTATION('',(#3308),#3332);
#3308 = B_SPLINE_CURVE_WITH_KNOTS('',8,(#3309,#3310,#3311,#3312,#3313,
    #3314,#3315,#3316,#3317,#3318,#3319,#3320,#3321,#3322,#3323,#3324,
    #3325,#3326,#3327,#3328,#3329,#3330,#3331),.UNSPECIFIED.,.F.,.F.,(9,
    7,7,9),(0.765012411229,2.335808738024,4.692003228216,7.048197718408)
  ,.UNSPECIFIED.);
#3309 = CARTESIAN_POINT('',(6.28318530718,0.675029612144));
#3310 = CARTESIAN_POINT('',(6.08683576633,0.645959311751));
#3311 = CARTESIAN_POINT('',(5.890486225481,0.610094093177));
#3312 = CARTESIAN_POINT('',(5.694136684631,0.569141918628));
#3313 = CARTESIAN_POINT('',(5.497787143782,0.525368849556));
#3314 = CARTESIAN_POINT('',(5.301437602933,0.481391342911));
#3315 = CARTESIAN_POINT('',(5.105088062083,0.439843219573));
#3316 = CARTESIAN_POINT('',(4.908738521234,0.403039474521));
#3317 = CARTESIAN_POINT('',(4.417864669111,0.327338533996));
#3318 = CARTESIAN_POINT('',(4.12334035784,0.296595676493));
#3319 = CARTESIAN_POINT('',(3.828816046561,0.286533091811));
#3320 = CARTESIAN_POINT('',(3.534291735304,0.300442970003));
#3321 = CARTESIAN_POINT('',(3.239767424014,0.337220883796));
#3322 = CARTESIAN_POINT('',(2.945243112743,0.390985119913));
#3323 = CARTESIAN_POINT('',(2.650718801466,0.453504219619));
#3324 = CARTESIAN_POINT('',(2.061670178918,0.579406017302));
#3325 = CARTESIAN_POINT('',(1.767145867654,0.642789171511));
#3326 = CARTESIAN_POINT('',(1.472621556342,0.698281352913));
#3327 = CARTESIAN_POINT('',(1.178097245145,0.737491898413));
#3328 = CARTESIAN_POINT('',(0.883572933797,0.754217425059));
#3329 = CARTESIAN_POINT('',(0.589048622558,0.746951821137));
#3330 = CARTESIAN_POINT('',(0.294524311274,0.718635062735));
#3331 = CARTESIAN_POINT('',(1.59872115546E-14,0.675029612144));
#3332 = ( GEOMETRIC_REPRESENTATION_CONTEXT(2) 
PARAMETRIC_REPRESENTATION_CONTEXT() REPRESENTATION_CONTEXT('2D SPACE',''
  ) );
#3333 = FACE_BOUND('',#3334,.F.);
#3334 = EDGE_LOOP('',(#3335));
#3335 = ORIENTED_EDGE('',*,*,#3336,.F.);
#3336 = EDGE_CURVE('',#3337,#3337,#3339,.T.);
#3337 = VERTEX_POINT('',#3338);
#3338 = CARTESIAN_POINT('',(-22.24568353864,21.527451095115,133.8));
#3339 = SURFACE_CURVE('',#3340,(#3345,#3352),.PCURVE_S1.);
#3340 = ELLIPSE('',#3341,0.763858952949,0.733333333333);
#3341 = AXIS2_PLACEMENT_3D('',#3342,#3343,#3344);
#3342 = CARTESIAN_POINT('',(-21.49693181818,21.496931818182,133.8));
#3343 = DIRECTION('',(0.,0.,1.));
#3344 = DIRECTION('',(0.707106781187,-0.707106781187,0.));
#3345 = PCURVE('',#2483,#3346);
#3346 = DEFINITIONAL_REPRESENTATION('',(#3347),#3351);
#3347 = ELLIPSE('',#3348,0.763858952949,0.733333333333);
#3348 = AXIS2_PLACEMENT_2D('',#3349,#3350);
#3349 = CARTESIAN_POINT('',(-21.49693181786,21.496931818541));
#3350 = DIRECTION('',(0.707106781187,-0.707106781187));
#3351 = ( GEOMETRIC_REPRESENTATION_CONTEXT(2) 
PARAMETRIC_REPRESENTATION_CONTEXT() REPRESENTATION_CONTEXT('2D SPACE',''
  ) );
#3352 = PCURVE('',#3353,#3358);
#3353 = CYLINDRICAL_SURFACE('',#3354,0.733333333333);
#3354 = AXIS2_PLACEMENT_3D('',#3355,#3356,#3357);
#3355 = CARTESIAN_POINT('',(-21.6,21.6,134.3));
#3356 = DIRECTION('',(0.197898664515,-0.197898664515,-0.960037622787));
#3357 = DIRECTION('',(-0.979407877533,-7.148921115984E-18,
    -0.201891578392));
#3358 = DEFINITIONAL_REPRESENTATION('',(#3359),#3383);
#3359 = B_SPLINE_CURVE_WITH_KNOTS('',8,(#3360,#3361,#3362,#3363,#3364,
    #3365,#3366,#3367,#3368,#3369,#3370,#3371,#3372,#3373,#3374,#3375,
    #3376,#3377,#3378,#3379,#3380,#3381,#3382),.UNSPECIFIED.,.F.,.F.,(9,
    7,7,9),(3.906605064818,5.477401391613,7.833595881806,10.189790371998
    ),.UNSPECIFIED.);
#3360 = CARTESIAN_POINT('',(6.28318530718,0.366596232786));
#3361 = CARTESIAN_POINT('',(6.08683576633,0.395666533179));
#3362 = CARTESIAN_POINT('',(5.89048622548,0.431531751753));
#3363 = CARTESIAN_POINT('',(5.694136684633,0.472483926302));
#3364 = CARTESIAN_POINT('',(5.497787143782,0.516256995374));
#3365 = CARTESIAN_POINT('',(5.301437602932,0.560234502019));
#3366 = CARTESIAN_POINT('',(5.105088062084,0.601782625357));
#3367 = CARTESIAN_POINT('',(4.908738521234,0.638586370409));
#3368 = CARTESIAN_POINT('',(4.417864669111,0.714287310934));
#3369 = CARTESIAN_POINT('',(4.123340357837,0.745030168437));
#3370 = CARTESIAN_POINT('',(3.828816046561,0.75509275312));
#3371 = CARTESIAN_POINT('',(3.534291735284,0.741182874924));
#3372 = CARTESIAN_POINT('',(3.239767424009,0.704404961134));
#3373 = CARTESIAN_POINT('',(2.94524311274,0.650640725016));
#3374 = CARTESIAN_POINT('',(2.650718801466,0.588121625311));
#3375 = CARTESIAN_POINT('',(2.061670178918,0.462219827628));
#3376 = CARTESIAN_POINT('',(1.767145867643,0.398836673419));
#3377 = CARTESIAN_POINT('',(1.472621556372,0.343344492015));
#3378 = CARTESIAN_POINT('',(1.178097245091,0.304133946516));
#3379 = CARTESIAN_POINT('',(0.883572933825,0.28740841987));
#3380 = CARTESIAN_POINT('',(0.589048622547,0.294674023792));
#3381 = CARTESIAN_POINT('',(0.294524311274,0.322990782195));
#3382 = CARTESIAN_POINT('',(1.33226762955E-14,0.366596232786));
#3383 = ( GEOMETRIC_REPRESENTATION_CONTEXT(2) 
PARAMETRIC_REPRESENTATION_CONTEXT() REPRESENTATION_CONTEXT('2D SPACE',''
  ) );
#3384 = FACE_BOUND('',#3385,.F.);
#3385 = EDGE_LOOP('',(#3386));
#3386 = ORIENTED_EDGE('',*,*,#3387,.F.);
#3387 = EDGE_CURVE('',#3388,#3388,#3390,.T.);
#3388 = VERTEX_POINT('',#3389);
#3389 = CARTESIAN_POINT('',(1.5,-3.673940397442E-16,133.8));
#3390 = SURFACE_CURVE('',#3391,(#3396,#3403),.PCURVE_S1.);
#3391 = CIRCLE('',#3392,1.5);
#3392 = AXIS2_PLACEMENT_3D('',#3393,#3394,#3395);
#3393 = CARTESIAN_POINT('',(0.,0.,133.8));
#3394 = DIRECTION('',(0.,0.,1.));
#3395 = DIRECTION('',(1.,0.,-0.));
#3396 = PCURVE('',#2483,#3397);
#3397 = DEFINITIONAL_REPRESENTATION('',(#3398),#3402);
#3398 = CIRCLE('',#3399,1.5);
#3399 = AXIS2_PLACEMENT_2D('',#3400,#3401);
#3400 = CARTESIAN_POINT('',(3.206977073873E-10,3.595544119933E-10));
#3401 = DIRECTION('',(1.,0.));
#3402 = ( GEOMETRIC_REPRESENTATION_CONTEXT(2) 
PARAMETRIC_REPRESENTATION_CONTEXT() REPRESENTATION_CONTEXT('2D SPACE',''
  ) );
#3403 = PCURVE('',#3404,#3409);
#3404 = CYLINDRICAL_SURFACE('',#3405,1.5);
#3405 = AXIS2_PLACEMENT_3D('',#3406,#3407,#3408);
#3406 = CARTESIAN_POINT('',(0.,0.,75.133333333333));
#3407 = DIRECTION('',(0.,0.,1.));
#3408 = DIRECTION('',(1.,0.,-0.));
#3409 = DEFINITIONAL_REPRESENTATION('',(#3410),#3414);
#3410 = LINE('',#3411,#3412);
#3411 = CARTESIAN_POINT('',(0.,58.666666666667));
#3412 = VECTOR('',#3413,1.);
#3413 = DIRECTION('',(1.,0.));
#3414 = ( GEOMETRIC_REPRESENTATION_CONTEXT(2) 
PARAMETRIC_REPRESENTATION_CONTEXT() REPRESENTATION_CONTEXT('2D SPACE',''
  ) );
#3415 = FACE_BOUND('',#3416,.F.);
#3416 = EDGE_LOOP('',(#3417));
#3417 = ORIENTED_EDGE('',*,*,#3418,.F.);
#3418 = EDGE_CURVE('',#3419,#3419,#3421,.T.);
#3419 = VERTEX_POINT('',#3420);
#3420 = CARTESIAN_POINT('',(20.748180097724,21.466412541248,133.8));
#3421 = SURFACE_CURVE('',#3422,(#3427,#3434),.PCURVE_S1.);
#3422 = ELLIPSE('',#3423,0.763858952949,0.733333333333);
#3423 = AXIS2_PLACEMENT_3D('',#3424,#3425,#3426);
#3424 = CARTESIAN_POINT('',(21.496931818182,21.496931818182,133.8));
#3425 = DIRECTION('',(0.,0.,1.));
#3426 = DIRECTION('',(-0.707106781187,-0.707106781187,0.));
#3427 = PCURVE('',#2483,#3428);
#3428 = DEFINITIONAL_REPRESENTATION('',(#3429),#3433);
#3429 = ELLIPSE('',#3430,0.763858952949,0.733333333333);
#3430 = AXIS2_PLACEMENT_2D('',#3431,#3432);
#3431 = CARTESIAN_POINT('',(21.496931818503,21.496931818541));
#3432 = DIRECTION('',(-0.707106781187,-0.707106781187));
#3433 = ( GEOMETRIC_REPRESENTATION_CONTEXT(2) 
PARAMETRIC_REPRESENTATION_CONTEXT() REPRESENTATION_CONTEXT('2D SPACE',''
  ) );
#3434 = PCURVE('',#3435,#3440);
#3435 = CYLINDRICAL_SURFACE('',#3436,0.733333333333);
#3436 = AXIS2_PLACEMENT_3D('',#3437,#3438,#3439);
#3437 = CARTESIAN_POINT('',(21.6,21.6,134.3));
#3438 = DIRECTION('',(-0.197898664515,-0.197898664515,-0.960037622787));
#3439 = DIRECTION('',(-0.979407877533,7.148921115984E-18,0.201891578392)
  );
#3440 = DEFINITIONAL_REPRESENTATION('',(#3441),#3465);
#3441 = B_SPLINE_CURVE_WITH_KNOTS('',8,(#3442,#3443,#3444,#3445,#3446,
    #3447,#3448,#3449,#3450,#3451,#3452,#3453,#3454,#3455,#3456,#3457,
    #3458,#3459,#3460,#3461,#3462,#3463,#3464),.UNSPECIFIED.,.F.,.F.,(9,
    7,7,9),(5.518172895951,7.088969222746,9.445163712938,11.801358203131
    ),.UNSPECIFIED.);
#3442 = CARTESIAN_POINT('',(6.28318530718,0.675029612144));
#3443 = CARTESIAN_POINT('',(6.08683576633,0.704099912538));
#3444 = CARTESIAN_POINT('',(5.890486225481,0.726375157345));
#3445 = CARTESIAN_POINT('',(5.694136684631,0.740148715513));
#3446 = CARTESIAN_POINT('',(5.497787143782,0.744267806185));
#3447 = CARTESIAN_POINT('',(5.301437602933,0.73835983827));
#3448 = CARTESIAN_POINT('',(5.105088062083,0.722903860621));
#3449 = CARTESIAN_POINT('',(4.908738521234,0.699147122829));
#3450 = CARTESIAN_POINT('',(4.417864669111,0.623446182304));
#3451 = CARTESIAN_POINT('',(4.123340357833,0.563347581996));
#3452 = CARTESIAN_POINT('',(3.828816046561,0.494579074032));
#3453 = CARTESIAN_POINT('',(3.534291735283,0.425841722901));
#3454 = CARTESIAN_POINT('',(3.239767424015,0.366959639013));
#3455 = CARTESIAN_POINT('',(2.945243112737,0.325698101339));
#3456 = CARTESIAN_POINT('',(2.650718801466,0.305791913158));
#3457 = CARTESIAN_POINT('',(2.061670178918,0.308358871604));
#3458 = CARTESIAN_POINT('',(1.767145867644,0.330832027533));
#3459 = CARTESIAN_POINT('',(1.472621556366,0.374321148046));
#3460 = CARTESIAN_POINT('',(1.178097245099,0.434752528456));
#3461 = CARTESIAN_POINT('',(0.883572933819,0.504114491885));
#3462 = CARTESIAN_POINT('',(0.589048622548,0.572529702748));
#3463 = CARTESIAN_POINT('',(0.294524311274,0.631424161554));
#3464 = CARTESIAN_POINT('',(1.33226762955E-14,0.675029612144));
#3465 = ( GEOMETRIC_REPRESENTATION_CONTEXT(2) 
PARAMETRIC_REPRESENTATION_CONTEXT() REPRESENTATION_CONTEXT('2D SPACE',''
  ) );
#3466 = ADVANCED_FACE('',(#3467),#2877,.T.);
#3467 = FACE_BOUND('',#3468,.T.);
#3468 = EDGE_LOOP('',(#3469));
#3469 = ORIENTED_EDGE('',*,*,#2862,.T.);
#3470 = ADVANCED_FACE('',(#3471),#2932,.T.);
#3471 = FACE_BOUND('',#3472,.T.);
#3472 = EDGE_LOOP('',(#3473));
#3473 = ORIENTED_EDGE('',*,*,#2917,.T.);
#3474 = ADVANCED_FACE('',(#3475),#2987,.T.);
#3475 = FACE_BOUND('',#3476,.T.);
#3476 = EDGE_LOOP('',(#3477));
#3477 = ORIENTED_EDGE('',*,*,#2972,.T.);
#3478 = ADVANCED_FACE('',(#3479),#3042,.T.);
#3479 = FACE_BOUND('',#3480,.T.);
#3480 = EDGE_LOOP('',(#3481));
#3481 = ORIENTED_EDGE('',*,*,#3027,.T.);
#3482 = ADVANCED_FACE('',(#3483),#3097,.T.);
#3483 = FACE_BOUND('',#3484,.T.);
#3484 = EDGE_LOOP('',(#3485));
#3485 = ORIENTED_EDGE('',*,*,#3082,.T.);
#3486 = ADVANCED_FACE('',(#3487),#3152,.T.);
#3487 = FACE_BOUND('',#3488,.T.);
#3488 = EDGE_LOOP('',(#3489));
#3489 = ORIENTED_EDGE('',*,*,#3137,.T.);
#3490 = ADVANCED_FACE('',(#3491),#3207,.T.);
#3491 = FACE_BOUND('',#3492,.T.);
#3492 = EDGE_LOOP('',(#3493));
#3493 = ORIENTED_EDGE('',*,*,#3192,.T.);
#3494 = ADVANCED_FACE('',(#3495),#3251,.T.);
#3495 = FACE_BOUND('',#3496,.T.);
#3496 = EDGE_LOOP('',(#3497,#3546,#3567,#3568));
#3497 = ORIENTED_EDGE('',*,*,#3498,.T.);
#3498 = EDGE_CURVE('',#3499,#3499,#3501,.T.);
#3499 = VERTEX_POINT('',#3500);
#3500 = CARTESIAN_POINT('',(-20.03315323561,-19.31492079208,
    123.06666666666));
#3501 = SURFACE_CURVE('',#3502,(#3507,#3534),.PCURVE_S1.);
#3502 = ELLIPSE('',#3503,0.763858952949,0.733333333333);
#3503 = AXIS2_PLACEMENT_3D('',#3504,#3505,#3506);
#3504 = CARTESIAN_POINT('',(-19.28440151515,-19.28440151515,
    123.06666666666));
#3505 = DIRECTION('',(0.,0.,1.));
#3506 = DIRECTION('',(0.707106781187,0.707106781187,-0.));
#3507 = PCURVE('',#3251,#3508);
#3508 = DEFINITIONAL_REPRESENTATION('',(#3509),#3533);
#3509 = B_SPLINE_CURVE_WITH_KNOTS('',8,(#3510,#3511,#3512,#3513,#3514,
    #3515,#3516,#3517,#3518,#3519,#3520,#3521,#3522,#3523,#3524,#3525,
    #3526,#3527,#3528,#3529,#3530,#3531,#3532),.UNSPECIFIED.,.F.,.F.,(9,
    7,7,9),(2.376580242361,3.947376569156,6.303571059348,8.659765549541)
  ,.UNSPECIFIED.);
#3510 = CARTESIAN_POINT('',(6.28318530718,11.546713635036));
#3511 = CARTESIAN_POINT('',(6.08683576633,11.517643334642));
#3512 = CARTESIAN_POINT('',(5.890486225481,11.495368089835));
#3513 = CARTESIAN_POINT('',(5.694136684631,11.481594531667));
#3514 = CARTESIAN_POINT('',(5.497787143782,11.477475440995));
#3515 = CARTESIAN_POINT('',(5.301437602933,11.48338340891));
#3516 = CARTESIAN_POINT('',(5.105088062083,11.498839386559));
#3517 = CARTESIAN_POINT('',(4.908738521234,11.522596124352));
#3518 = CARTESIAN_POINT('',(4.417864669111,11.598297064876));
#3519 = CARTESIAN_POINT('',(4.123340357831,11.658395665179));
#3520 = CARTESIAN_POINT('',(3.828816046576,11.727164173162));
#3521 = CARTESIAN_POINT('',(3.534291735265,11.795901524243));
#3522 = CARTESIAN_POINT('',(3.239767424024,11.854783608173));
#3523 = CARTESIAN_POINT('',(2.945243112735,11.896045145832));
#3524 = CARTESIAN_POINT('',(2.650718801466,11.915951334023));
#3525 = CARTESIAN_POINT('',(2.061670178918,11.913384375576));
#3526 = CARTESIAN_POINT('',(1.767145867644,11.890911219635));
#3527 = CARTESIAN_POINT('',(1.472621556367,11.847422099138));
#3528 = CARTESIAN_POINT('',(1.178097245098,11.786990718682));
#3529 = CARTESIAN_POINT('',(0.883572933821,11.7176287553));
#3530 = CARTESIAN_POINT('',(0.589048622548,11.649213544424));
#3531 = CARTESIAN_POINT('',(0.294524311274,11.590319085626));
#3532 = CARTESIAN_POINT('',(1.2111523905E-14,11.546713635036));
#3533 = ( GEOMETRIC_REPRESENTATION_CONTEXT(2) 
PARAMETRIC_REPRESENTATION_CONTEXT() REPRESENTATION_CONTEXT('2D SPACE',''
  ) );
#3534 = PCURVE('',#3535,#3540);
#3535 = PLANE('',#3536);
#3536 = AXIS2_PLACEMENT_3D('',#3537,#3538,#3539);
#3537 = CARTESIAN_POINT('',(-2.800301357441E-10,-3.15693221954E-10,
    123.06666666666));
#3538 = DIRECTION('',(0.,0.,1.));
#3539 = DIRECTION('',(1.,0.,0.));
#3540 = DEFINITIONAL_REPRESENTATION('',(#3541),#3545);
#3541 = ELLIPSE('',#3542,0.763858952949,0.733333333333);
#3542 = AXIS2_PLACEMENT_2D('',#3543,#3544);
#3543 = CARTESIAN_POINT('',(-19.28440151487,-19.28440151483));
#3544 = DIRECTION('',(0.707106781187,0.707106781187));
#3545 = ( GEOMETRIC_REPRESENTATION_CONTEXT(2) 
PARAMETRIC_REPRESENTATION_CONTEXT() REPRESENTATION_CONTEXT('2D SPACE',''
  ) );
#3546 = ORIENTED_EDGE('',*,*,#3547,.F.);
#3547 = EDGE_CURVE('',#3235,#3499,#3548,.T.);
#3548 = SEAM_CURVE('',#3549,(#3553,#3560),.PCURVE_S1.);
#3549 = LINE('',#3550,#3551);
#3550 = CARTESIAN_POINT('',(-22.31823244352,-21.6,134.15194617584));
#3551 = VECTOR('',#3552,1.);
#3552 = DIRECTION('',(0.197898664515,0.197898664515,-0.960037622787));
#3553 = PCURVE('',#3251,#3554);
#3554 = DEFINITIONAL_REPRESENTATION('',(#3555),#3559);
#3555 = LINE('',#3556,#3557);
#3556 = CARTESIAN_POINT('',(6.28318530718,-0.));
#3557 = VECTOR('',#3558,1.);
#3558 = DIRECTION('',(0.,1.));
#3559 = ( GEOMETRIC_REPRESENTATION_CONTEXT(2) 
PARAMETRIC_REPRESENTATION_CONTEXT() REPRESENTATION_CONTEXT('2D SPACE',''
  ) );
#3560 = PCURVE('',#3251,#3561);
#3561 = DEFINITIONAL_REPRESENTATION('',(#3562),#3566);
#3562 = LINE('',#3563,#3564);
#3563 = CARTESIAN_POINT('',(0.,-0.));
#3564 = VECTOR('',#3565,1.);
#3565 = DIRECTION('',(0.,1.));
#3566 = ( GEOMETRIC_REPRESENTATION_CONTEXT(2) 
PARAMETRIC_REPRESENTATION_CONTEXT() REPRESENTATION_CONTEXT('2D SPACE',''
  ) );
#3567 = ORIENTED_EDGE('',*,*,#3234,.F.);
#3568 = ORIENTED_EDGE('',*,*,#3547,.T.);
#3569 = ADVANCED_FACE('',(#3570),#3302,.T.);
#3570 = FACE_BOUND('',#3571,.T.);
#3571 = EDGE_LOOP('',(#3572,#3616,#3637,#3638));
#3572 = ORIENTED_EDGE('',*,*,#3573,.T.);
#3573 = EDGE_CURVE('',#3574,#3574,#3576,.T.);
#3574 = VERTEX_POINT('',#3575);
#3575 = CARTESIAN_POINT('',(18.535649794693,-19.25388223821,
    123.06666666666));
#3576 = SURFACE_CURVE('',#3577,(#3582,#3609),.PCURVE_S1.);
#3577 = ELLIPSE('',#3578,0.763858952949,0.733333333333);
#3578 = AXIS2_PLACEMENT_3D('',#3579,#3580,#3581);
#3579 = CARTESIAN_POINT('',(19.284401515152,-19.28440151515,
    123.06666666666));
#3580 = DIRECTION('',(0.,0.,1.));
#3581 = DIRECTION('',(-0.707106781187,0.707106781187,0.));
#3582 = PCURVE('',#3302,#3583);
#3583 = DEFINITIONAL_REPRESENTATION('',(#3584),#3608);
#3584 = B_SPLINE_CURVE_WITH_KNOTS('',8,(#3585,#3586,#3587,#3588,#3589,
    #3590,#3591,#3592,#3593,#3594,#3595,#3596,#3597,#3598,#3599,#3600,
    #3601,#3602,#3603,#3604,#3605,#3606,#3607),.UNSPECIFIED.,.F.,.F.,(9,
    7,7,9),(0.765012411229,2.335808738024,4.692003228216,7.048197718408)
  ,.UNSPECIFIED.);
#3585 = CARTESIAN_POINT('',(6.28318530718,11.855147014395));
#3586 = CARTESIAN_POINT('',(6.08683576633,11.826076714001));
#3587 = CARTESIAN_POINT('',(5.89048622548,11.790211495426));
#3588 = CARTESIAN_POINT('',(5.694136684633,11.749259320879));
#3589 = CARTESIAN_POINT('',(5.497787143782,11.705486251807));
#3590 = CARTESIAN_POINT('',(5.301437602932,11.661508745162));
#3591 = CARTESIAN_POINT('',(5.105088062084,11.619960621824));
#3592 = CARTESIAN_POINT('',(4.908738521234,11.583156876771));
#3593 = CARTESIAN_POINT('',(4.417864669111,11.507455936247));
#3594 = CARTESIAN_POINT('',(4.123340357835,11.476713078758));
#3595 = CARTESIAN_POINT('',(3.828816046552,11.466650493986));
#3596 = CARTESIAN_POINT('',(3.534291735286,11.48056037233));
#3597 = CARTESIAN_POINT('',(3.239767424008,11.51733828598));
#3598 = CARTESIAN_POINT('',(2.945243112739,11.571102522178));
#3599 = CARTESIAN_POINT('',(2.650718801466,11.633621621869));
#3600 = CARTESIAN_POINT('',(2.061670178918,11.759523419552));
#3601 = CARTESIAN_POINT('',(1.767145867643,11.822906573755));
#3602 = CARTESIAN_POINT('',(1.472621556372,11.878398755157));
#3603 = CARTESIAN_POINT('',(1.178097245089,11.917609300635));
#3604 = CARTESIAN_POINT('',(0.883572933823,11.934334827309));
#3605 = CARTESIAN_POINT('',(0.589048622547,11.927069223381));
#3606 = CARTESIAN_POINT('',(0.294524311274,11.898752464985));
#3607 = CARTESIAN_POINT('',(1.2111523905E-14,11.855147014395));
#3608 = ( GEOMETRIC_REPRESENTATION_CONTEXT(2) 
PARAMETRIC_REPRESENTATION_CONTEXT() REPRESENTATION_CONTEXT('2D SPACE',''
  ) );
#3609 = PCURVE('',#3535,#3610);
#3610 = DEFINITIONAL_REPRESENTATION('',(#3611),#3615);
#3611 = ELLIPSE('',#3612,0.763858952949,0.733333333333);
#3612 = AXIS2_PLACEMENT_2D('',#3613,#3614);
#3613 = CARTESIAN_POINT('',(19.284401515432,-19.28440151483));
#3614 = DIRECTION('',(-0.707106781187,0.707106781187));
#3615 = ( GEOMETRIC_REPRESENTATION_CONTEXT(2) 
PARAMETRIC_REPRESENTATION_CONTEXT() REPRESENTATION_CONTEXT('2D SPACE',''
  ) );
#3616 = ORIENTED_EDGE('',*,*,#3617,.F.);
#3617 = EDGE_CURVE('',#3286,#3574,#3618,.T.);
#3618 = SEAM_CURVE('',#3619,(#3623,#3630),.PCURVE_S1.);
#3619 = LINE('',#3620,#3621);
#3620 = CARTESIAN_POINT('',(20.881767556475,-21.6,134.44805382415));
#3621 = VECTOR('',#3622,1.);
#3622 = DIRECTION('',(-0.197898664515,0.197898664515,-0.960037622787));
#3623 = PCURVE('',#3302,#3624);
#3624 = DEFINITIONAL_REPRESENTATION('',(#3625),#3629);
#3625 = LINE('',#3626,#3627);
#3626 = CARTESIAN_POINT('',(6.28318530718,-0.));
#3627 = VECTOR('',#3628,1.);
#3628 = DIRECTION('',(0.,1.));
#3629 = ( GEOMETRIC_REPRESENTATION_CONTEXT(2) 
PARAMETRIC_REPRESENTATION_CONTEXT() REPRESENTATION_CONTEXT('2D SPACE',''
  ) );
#3630 = PCURVE('',#3302,#3631);
#3631 = DEFINITIONAL_REPRESENTATION('',(#3632),#3636);
#3632 = LINE('',#3633,#3634);
#3633 = CARTESIAN_POINT('',(0.,-0.));
#3634 = VECTOR('',#3635,1.);
#3635 = DIRECTION('',(0.,1.));
#3636 = ( GEOMETRIC_REPRESENTATION_CONTEXT(2) 
PARAMETRIC_REPRESENTATION_CONTEXT() REPRESENTATION_CONTEXT('2D SPACE',''
  ) );
#3637 = ORIENTED_EDGE('',*,*,#3285,.F.);
#3638 = ORIENTED_EDGE('',*,*,#3617,.T.);
#3639 = ADVANCED_FACE('',(#3640),#3353,.T.);
#3640 = FACE_BOUND('',#3641,.T.);
#3641 = EDGE_LOOP('',(#3642,#3686,#3707,#3708));
#3642 = ORIENTED_EDGE('',*,*,#3643,.T.);
#3643 = EDGE_CURVE('',#3644,#3644,#3646,.T.);
#3644 = VERTEX_POINT('',#3645);
#3645 = CARTESIAN_POINT('',(-20.03315323561,19.314920792085,
    123.06666666666));
#3646 = SURFACE_CURVE('',#3647,(#3652,#3679),.PCURVE_S1.);
#3647 = ELLIPSE('',#3648,0.763858952949,0.733333333333);
#3648 = AXIS2_PLACEMENT_3D('',#3649,#3650,#3651);
#3649 = CARTESIAN_POINT('',(-19.28440151515,19.284401515152,
    123.06666666666));
#3650 = DIRECTION('',(0.,0.,1.));
#3651 = DIRECTION('',(0.707106781187,-0.707106781187,0.));
#3652 = PCURVE('',#3353,#3653);
#3653 = DEFINITIONAL_REPRESENTATION('',(#3654),#3678);
#3654 = B_SPLINE_CURVE_WITH_KNOTS('',8,(#3655,#3656,#3657,#3658,#3659,
    #3660,#3661,#3662,#3663,#3664,#3665,#3666,#3667,#3668,#3669,#3670,
    #3671,#3672,#3673,#3674,#3675,#3676,#3677),.UNSPECIFIED.,.F.,.F.,(9,
    7,7,9),(3.906605064818,5.477401391613,7.833595881806,10.189790371998
    ),.UNSPECIFIED.);
#3655 = CARTESIAN_POINT('',(6.28318530718,11.546713635036));
#3656 = CARTESIAN_POINT('',(6.08683576633,11.57578393543));
#3657 = CARTESIAN_POINT('',(5.890486225481,11.611649154003));
#3658 = CARTESIAN_POINT('',(5.694136684632,11.652601328555));
#3659 = CARTESIAN_POINT('',(5.497787143782,11.696374397624));
#3660 = CARTESIAN_POINT('',(5.301437602933,11.740351904267));
#3661 = CARTESIAN_POINT('',(5.105088062084,11.781900027608));
#3662 = CARTESIAN_POINT('',(4.908738521234,11.818703772659));
#3663 = CARTESIAN_POINT('',(4.417864669111,11.894404713184));
#3664 = CARTESIAN_POINT('',(4.123340357836,11.925147570678));
#3665 = CARTESIAN_POINT('',(3.828816046568,11.935210155392));
#3666 = CARTESIAN_POINT('',(3.534291735289,11.921300277105));
#3667 = CARTESIAN_POINT('',(3.239767424024,11.884522363408));
#3668 = CARTESIAN_POINT('',(2.94524311274,11.830758127255));
#3669 = CARTESIAN_POINT('',(2.650718801466,11.768239027561));
#3670 = CARTESIAN_POINT('',(2.061670178918,11.642337229879));
#3671 = CARTESIAN_POINT('',(1.767145867649,11.578954075664));
#3672 = CARTESIAN_POINT('',(1.472621556367,11.523461894263));
#3673 = CARTESIAN_POINT('',(1.178097245115,11.484251348739));
#3674 = CARTESIAN_POINT('',(0.883572933822,11.46752582211));
#3675 = CARTESIAN_POINT('',(0.589048622552,11.474791426037));
#3676 = CARTESIAN_POINT('',(0.294524311274,11.503108184446));
#3677 = CARTESIAN_POINT('',(1.24344978758E-14,11.546713635036));
#3678 = ( GEOMETRIC_REPRESENTATION_CONTEXT(2) 
PARAMETRIC_REPRESENTATION_CONTEXT() REPRESENTATION_CONTEXT('2D SPACE',''
  ) );
#3679 = PCURVE('',#3535,#3680);
#3680 = DEFINITIONAL_REPRESENTATION('',(#3681),#3685);
#3681 = ELLIPSE('',#3682,0.763858952949,0.733333333333);
#3682 = AXIS2_PLACEMENT_2D('',#3683,#3684);
#3683 = CARTESIAN_POINT('',(-19.28440151487,19.284401515467));
#3684 = DIRECTION('',(0.707106781187,-0.707106781187));
#3685 = ( GEOMETRIC_REPRESENTATION_CONTEXT(2) 
PARAMETRIC_REPRESENTATION_CONTEXT() REPRESENTATION_CONTEXT('2D SPACE',''
  ) );
#3686 = ORIENTED_EDGE('',*,*,#3687,.F.);
#3687 = EDGE_CURVE('',#3337,#3644,#3688,.T.);
#3688 = SEAM_CURVE('',#3689,(#3693,#3700),.PCURVE_S1.);
#3689 = LINE('',#3690,#3691);
#3690 = CARTESIAN_POINT('',(-22.31823244352,21.6,134.15194617584));
#3691 = VECTOR('',#3692,1.);
#3692 = DIRECTION('',(0.197898664515,-0.197898664515,-0.960037622787));
#3693 = PCURVE('',#3353,#3694);
#3694 = DEFINITIONAL_REPRESENTATION('',(#3695),#3699);
#3695 = LINE('',#3696,#3697);
#3696 = CARTESIAN_POINT('',(6.28318530718,-0.));
#3697 = VECTOR('',#3698,1.);
#3698 = DIRECTION('',(0.,1.));
#3699 = ( GEOMETRIC_REPRESENTATION_CONTEXT(2) 
PARAMETRIC_REPRESENTATION_CONTEXT() REPRESENTATION_CONTEXT('2D SPACE',''
  ) );
#3700 = PCURVE('',#3353,#3701);
#3701 = DEFINITIONAL_REPRESENTATION('',(#3702),#3706);
#3702 = LINE('',#3703,#3704);
#3703 = CARTESIAN_POINT('',(0.,-0.));
#3704 = VECTOR('',#3705,1.);
#3705 = DIRECTION('',(0.,1.));
#3706 = ( GEOMETRIC_REPRESENTATION_CONTEXT(2) 
PARAMETRIC_REPRESENTATION_CONTEXT() REPRESENTATION_CONTEXT('2D SPACE',''
  ) );
#3707 = ORIENTED_EDGE('',*,*,#3336,.F.);
#3708 = ORIENTED_EDGE('',*,*,#3687,.T.);
#3709 = ADVANCED_FACE('',(#3710),#3404,.T.);
#3710 = FACE_BOUND('',#3711,.T.);
#3711 = EDGE_LOOP('',(#3712,#3713,#3736,#3758));
#3712 = ORIENTED_EDGE('',*,*,#3387,.F.);
#3713 = ORIENTED_EDGE('',*,*,#3714,.F.);
#3714 = EDGE_CURVE('',#3715,#3388,#3717,.T.);
#3715 = VERTEX_POINT('',#3716);
#3716 = CARTESIAN_POINT('',(1.5,-3.673940397442E-16,123.06666666666));
#3717 = SEAM_CURVE('',#3718,(#3722,#3729),.PCURVE_S1.);
#3718 = LINE('',#3719,#3720);
#3719 = CARTESIAN_POINT('',(1.5,-3.673940397442E-16,75.133333333333));
#3720 = VECTOR('',#3721,1.);
#3721 = DIRECTION('',(0.,0.,1.));
#3722 = PCURVE('',#3404,#3723);
#3723 = DEFINITIONAL_REPRESENTATION('',(#3724),#3728);
#3724 = LINE('',#3725,#3726);
#3725 = CARTESIAN_POINT('',(6.28318530718,-0.));
#3726 = VECTOR('',#3727,1.);
#3727 = DIRECTION('',(0.,1.));
#3728 = ( GEOMETRIC_REPRESENTATION_CONTEXT(2) 
PARAMETRIC_REPRESENTATION_CONTEXT() REPRESENTATION_CONTEXT('2D SPACE',''
  ) );
#3729 = PCURVE('',#3404,#3730);
#3730 = DEFINITIONAL_REPRESENTATION('',(#3731),#3735);
#3731 = LINE('',#3732,#3733);
#3732 = CARTESIAN_POINT('',(0.,-0.));
#3733 = VECTOR('',#3734,1.);
#3734 = DIRECTION('',(0.,1.));
#3735 = ( GEOMETRIC_REPRESENTATION_CONTEXT(2) 
PARAMETRIC_REPRESENTATION_CONTEXT() REPRESENTATION_CONTEXT('2D SPACE',''
  ) );
#3736 = ORIENTED_EDGE('',*,*,#3737,.T.);
#3737 = EDGE_CURVE('',#3715,#3715,#3738,.T.);
#3738 = SURFACE_CURVE('',#3739,(#3744,#3751),.PCURVE_S1.);
#3739 = CIRCLE('',#3740,1.5);
#3740 = AXIS2_PLACEMENT_3D('',#3741,#3742,#3743);
#3741 = CARTESIAN_POINT('',(0.,0.,123.06666666666));
#3742 = DIRECTION('',(0.,0.,1.));
#3743 = DIRECTION('',(1.,0.,-0.));
#3744 = PCURVE('',#3404,#3745);
#3745 = DEFINITIONAL_REPRESENTATION('',(#3746),#3750);
#3746 = LINE('',#3747,#3748);
#3747 = CARTESIAN_POINT('',(0.,47.933333333333));
#3748 = VECTOR('',#3749,1.);
#3749 = DIRECTION('',(1.,0.));
#3750 = ( GEOMETRIC_REPRESENTATION_CONTEXT(2) 
PARAMETRIC_REPRESENTATION_CONTEXT() REPRESENTATION_CONTEXT('2D SPACE',''
  ) );
#3751 = PCURVE('',#3535,#3752);
#3752 = DEFINITIONAL_REPRESENTATION('',(#3753),#3757);
#3753 = CIRCLE('',#3754,1.5);
#3754 = AXIS2_PLACEMENT_2D('',#3755,#3756);
#3755 = CARTESIAN_POINT('',(2.800301357441E-10,3.15693221954E-10));
#3756 = DIRECTION('',(1.,0.));
#3757 = ( GEOMETRIC_REPRESENTATION_CONTEXT(2) 
PARAMETRIC_REPRESENTATION_CONTEXT() REPRESENTATION_CONTEXT('2D SPACE',''
  ) );
#3758 = ORIENTED_EDGE('',*,*,#3714,.T.);
#3759 = ADVANCED_FACE('',(#3760),#3435,.T.);
#3760 = FACE_BOUND('',#3761,.T.);
#3761 = EDGE_LOOP('',(#3762,#3806,#3827,#3828));
#3762 = ORIENTED_EDGE('',*,*,#3763,.T.);
#3763 = EDGE_CURVE('',#3764,#3764,#3766,.T.);
#3764 = VERTEX_POINT('',#3765);
#3765 = CARTESIAN_POINT('',(18.535649794693,19.253882238218,
    123.06666666666));
#3766 = SURFACE_CURVE('',#3767,(#3772,#3799),.PCURVE_S1.);
#3767 = ELLIPSE('',#3768,0.763858952949,0.733333333333);
#3768 = AXIS2_PLACEMENT_3D('',#3769,#3770,#3771);
#3769 = CARTESIAN_POINT('',(19.284401515152,19.284401515152,
    123.06666666666));
#3770 = DIRECTION('',(0.,0.,1.));
#3771 = DIRECTION('',(-0.707106781187,-0.707106781187,0.));
#3772 = PCURVE('',#3435,#3773);
#3773 = DEFINITIONAL_REPRESENTATION('',(#3774),#3798);
#3774 = B_SPLINE_CURVE_WITH_KNOTS('',8,(#3775,#3776,#3777,#3778,#3779,
    #3780,#3781,#3782,#3783,#3784,#3785,#3786,#3787,#3788,#3789,#3790,
    #3791,#3792,#3793,#3794,#3795,#3796,#3797),.UNSPECIFIED.,.F.,.F.,(9,
    7,7,9),(5.518172895951,7.088969222746,9.445163712938,11.801358203131
    ),.UNSPECIFIED.);
#3775 = CARTESIAN_POINT('',(6.28318530718,11.855147014395));
#3776 = CARTESIAN_POINT('',(6.08683576633,11.884217314788));
#3777 = CARTESIAN_POINT('',(5.890486225481,11.906492559596));
#3778 = CARTESIAN_POINT('',(5.694136684632,11.920266117763));
#3779 = CARTESIAN_POINT('',(5.497787143782,11.924385208435));
#3780 = CARTESIAN_POINT('',(5.301437602933,11.91847724052));
#3781 = CARTESIAN_POINT('',(5.105088062083,11.903021262871));
#3782 = CARTESIAN_POINT('',(4.908738521234,11.879264525079));
#3783 = CARTESIAN_POINT('',(4.417864669111,11.803563584554));
#3784 = CARTESIAN_POINT('',(4.123340357836,11.743464984238));
#3785 = CARTESIAN_POINT('',(3.82881604657,11.674696476281));
#3786 = CARTESIAN_POINT('',(3.534291735288,11.605959125096));
#3787 = CARTESIAN_POINT('',(3.239767424025,11.547077041255));
#3788 = CARTESIAN_POINT('',(2.945243112739,11.505815503581));
#3789 = CARTESIAN_POINT('',(2.650718801466,11.485909315408));
#3790 = CARTESIAN_POINT('',(2.061670178918,11.488476273854));
#3791 = CARTESIAN_POINT('',(1.767145867644,11.510949429782));
#3792 = CARTESIAN_POINT('',(1.472621556385,11.554438550282));
#3793 = CARTESIAN_POINT('',(1.178097245086,11.614869930707));
#3794 = CARTESIAN_POINT('',(0.88357293384,11.684231894111));
#3795 = CARTESIAN_POINT('',(0.589048622548,11.752647104998));
#3796 = CARTESIAN_POINT('',(0.294524311274,11.811541563804));
#3797 = CARTESIAN_POINT('',(1.68753899743E-14,11.855147014395));
#3798 = ( GEOMETRIC_REPRESENTATION_CONTEXT(2) 
PARAMETRIC_REPRESENTATION_CONTEXT() REPRESENTATION_CONTEXT('2D SPACE',''
  ) );
#3799 = PCURVE('',#3535,#3800);
#3800 = DEFINITIONAL_REPRESENTATION('',(#3801),#3805);
#3801 = ELLIPSE('',#3802,0.763858952949,0.733333333333);
#3802 = AXIS2_PLACEMENT_2D('',#3803,#3804);
#3803 = CARTESIAN_POINT('',(19.284401515432,19.284401515467));
#3804 = DIRECTION('',(-0.707106781187,-0.707106781187));
#3805 = ( GEOMETRIC_REPRESENTATION_CONTEXT(2) 
PARAMETRIC_REPRESENTATION_CONTEXT() REPRESENTATION_CONTEXT('2D SPACE',''
  ) );
#3806 = ORIENTED_EDGE('',*,*,#3807,.F.);
#3807 = EDGE_CURVE('',#3419,#3764,#3808,.T.);
#3808 = SEAM_CURVE('',#3809,(#3813,#3820),.PCURVE_S1.);
#3809 = LINE('',#3810,#3811);
#3810 = CARTESIAN_POINT('',(20.881767556475,21.6,134.44805382415));
#3811 = VECTOR('',#3812,1.);
#3812 = DIRECTION('',(-0.197898664515,-0.197898664515,-0.960037622787));
#3813 = PCURVE('',#3435,#3814);
#3814 = DEFINITIONAL_REPRESENTATION('',(#3815),#3819);
#3815 = LINE('',#3816,#3817);
#3816 = CARTESIAN_POINT('',(6.28318530718,-0.));
#3817 = VECTOR('',#3818,1.);
#3818 = DIRECTION('',(0.,1.));
#3819 = ( GEOMETRIC_REPRESENTATION_CONTEXT(2) 
PARAMETRIC_REPRESENTATION_CONTEXT() REPRESENTATION_CONTEXT('2D SPACE',''
  ) );
#3820 = PCURVE('',#3435,#3821);
#3821 = DEFINITIONAL_REPRESENTATION('',(#3822),#3826);
#3822 = LINE('',#3823,#3824);
#3823 = CARTESIAN_POINT('',(0.,-0.));
#3824 = VECTOR('',#3825,1.);
#3825 = DIRECTION('',(0.,1.));
#3826 = ( GEOMETRIC_REPRESENTATION_CONTEXT(2) 
PARAMETRIC_REPRESENTATION_CONTEXT() REPRESENTATION_CONTEXT('2D SPACE',''
  ) );
#3827 = ORIENTED_EDGE('',*,*,#3418,.F.);
#3828 = ORIENTED_EDGE('',*,*,#3807,.T.);
#3829 = ADVANCED_FACE('',(#3830,#4060,#4063,#4066,#4069,#4072),#3535,.T.
  );
#3830 = FACE_BOUND('',#3831,.T.);
#3831 = EDGE_LOOP('',(#3832,#3862,#3891,#3919,#3948,#3976,#4005,#4033));
#3832 = ORIENTED_EDGE('',*,*,#3833,.F.);
#3833 = EDGE_CURVE('',#3834,#3836,#3838,.T.);
#3834 = VERTEX_POINT('',#3835);
#3835 = CARTESIAN_POINT('',(-22.66666666666,-16.66666666666,
    123.06666666666));
#3836 = VERTEX_POINT('',#3837);
#3837 = CARTESIAN_POINT('',(-22.66666666666,16.666666664828,
    123.06666666666));
#3838 = SURFACE_CURVE('',#3839,(#3843,#3850),.PCURVE_S1.);
#3839 = LINE('',#3840,#3841);
#3840 = CARTESIAN_POINT('',(-22.66666666666,8.171241461241E-14,
    123.06666666666));
#3841 = VECTOR('',#3842,1.);
#3842 = DIRECTION('',(0.,1.,0.));
#3843 = PCURVE('',#3535,#3844);
#3844 = DEFINITIONAL_REPRESENTATION('',(#3845),#3849);
#3845 = LINE('',#3846,#3847);
#3846 = CARTESIAN_POINT('',(-22.66666666638,3.157749343686E-10));
#3847 = VECTOR('',#3848,1.);
#3848 = DIRECTION('',(0.,1.));
#3849 = ( GEOMETRIC_REPRESENTATION_CONTEXT(2) 
PARAMETRIC_REPRESENTATION_CONTEXT() REPRESENTATION_CONTEXT('2D SPACE',''
  ) );
#3850 = PCURVE('',#3851,#3856);
#3851 = PLANE('',#3852);
#3852 = AXIS2_PLACEMENT_3D('',#3853,#3854,#3855);
#3853 = CARTESIAN_POINT('',(-22.66666666666,-16.66666666666,
    122.06666666666));
#3854 = DIRECTION('',(-1.,0.,0.));
#3855 = DIRECTION('',(0.,1.,0.));
#3856 = DEFINITIONAL_REPRESENTATION('',(#3857),#3861);
#3857 = LINE('',#3858,#3859);
#3858 = CARTESIAN_POINT('',(16.666666666667,-1.));
#3859 = VECTOR('',#3860,1.);
#3860 = DIRECTION('',(1.,0.));
#3861 = ( GEOMETRIC_REPRESENTATION_CONTEXT(2) 
PARAMETRIC_REPRESENTATION_CONTEXT() REPRESENTATION_CONTEXT('2D SPACE',''
  ) );
#3862 = ORIENTED_EDGE('',*,*,#3863,.T.);
#3863 = EDGE_CURVE('',#3834,#3864,#3866,.T.);
#3864 = VERTEX_POINT('',#3865);
#3865 = CARTESIAN_POINT('',(-16.66666666666,-22.66666666666,
    123.06666666666));
#3866 = SURFACE_CURVE('',#3867,(#3872,#3879),.PCURVE_S1.);
#3867 = CIRCLE('',#3868,6.);
#3868 = AXIS2_PLACEMENT_3D('',#3869,#3870,#3871);
#3869 = CARTESIAN_POINT('',(-16.66666666666,-16.66666666666,
    123.06666666666));
#3870 = DIRECTION('',(0.,0.,1.));
#3871 = DIRECTION('',(1.,0.,0.));
#3872 = PCURVE('',#3535,#3873);
#3873 = DEFINITIONAL_REPRESENTATION('',(#3874),#3878);
#3874 = CIRCLE('',#3875,6.);
#3875 = AXIS2_PLACEMENT_2D('',#3876,#3877);
#3876 = CARTESIAN_POINT('',(-16.66666666638,-16.66666666635));
#3877 = DIRECTION('',(1.,0.));
#3878 = ( GEOMETRIC_REPRESENTATION_CONTEXT(2) 
PARAMETRIC_REPRESENTATION_CONTEXT() REPRESENTATION_CONTEXT('2D SPACE',''
  ) );
#3879 = PCURVE('',#3880,#3885);
#3880 = CYLINDRICAL_SURFACE('',#3881,6.);
#3881 = AXIS2_PLACEMENT_3D('',#3882,#3883,#3884);
#3882 = CARTESIAN_POINT('',(-16.66666666666,-16.66666666666,
    122.06666666666));
#3883 = DIRECTION('',(-0.,-0.,-1.));
#3884 = DIRECTION('',(1.,0.,0.));
#3885 = DEFINITIONAL_REPRESENTATION('',(#3886),#3890);
#3886 = LINE('',#3887,#3888);
#3887 = CARTESIAN_POINT('',(-0.,-1.));
#3888 = VECTOR('',#3889,1.);
#3889 = DIRECTION('',(-1.,0.));
#3890 = ( GEOMETRIC_REPRESENTATION_CONTEXT(2) 
PARAMETRIC_REPRESENTATION_CONTEXT() REPRESENTATION_CONTEXT('2D SPACE',''
  ) );
#3891 = ORIENTED_EDGE('',*,*,#3892,.T.);
#3892 = EDGE_CURVE('',#3864,#3893,#3895,.T.);
#3893 = VERTEX_POINT('',#3894);
#3894 = CARTESIAN_POINT('',(16.666666664828,-22.66666666666,
    123.06666666666));
#3895 = SURFACE_CURVE('',#3896,(#3900,#3907),.PCURVE_S1.);
#3896 = LINE('',#3897,#3898);
#3897 = CARTESIAN_POINT('',(0.,-22.66666666666,123.06666666666));
#3898 = VECTOR('',#3899,1.);
#3899 = DIRECTION('',(1.,0.,0.));
#3900 = PCURVE('',#3535,#3901);
#3901 = DEFINITIONAL_REPRESENTATION('',(#3902),#3906);
#3902 = LINE('',#3903,#3904);
#3903 = CARTESIAN_POINT('',(2.800301357441E-10,-22.66666666635));
#3904 = VECTOR('',#3905,1.);
#3905 = DIRECTION('',(1.,0.));
#3906 = ( GEOMETRIC_REPRESENTATION_CONTEXT(2) 
PARAMETRIC_REPRESENTATION_CONTEXT() REPRESENTATION_CONTEXT('2D SPACE',''
  ) );
#3907 = PCURVE('',#3908,#3913);
#3908 = PLANE('',#3909);
#3909 = AXIS2_PLACEMENT_3D('',#3910,#3911,#3912);
#3910 = CARTESIAN_POINT('',(-16.66666666666,-22.66666666666,
    122.06666666666));
#3911 = DIRECTION('',(0.,1.,0.));
#3912 = DIRECTION('',(1.,0.,0.));
#3913 = DEFINITIONAL_REPRESENTATION('',(#3914),#3918);
#3914 = LINE('',#3915,#3916);
#3915 = CARTESIAN_POINT('',(16.666666666667,-1.));
#3916 = VECTOR('',#3917,1.);
#3917 = DIRECTION('',(1.,0.));
#3918 = ( GEOMETRIC_REPRESENTATION_CONTEXT(2) 
PARAMETRIC_REPRESENTATION_CONTEXT() REPRESENTATION_CONTEXT('2D SPACE',''
  ) );
#3919 = ORIENTED_EDGE('',*,*,#3920,.T.);
#3920 = EDGE_CURVE('',#3893,#3921,#3923,.T.);
#3921 = VERTEX_POINT('',#3922);
#3922 = CARTESIAN_POINT('',(22.666666665747,-16.66666666666,
    123.06666666666));
#3923 = SURFACE_CURVE('',#3924,(#3929,#3936),.PCURVE_S1.);
#3924 = CIRCLE('',#3925,6.);
#3925 = AXIS2_PLACEMENT_3D('',#3926,#3927,#3928);
#3926 = CARTESIAN_POINT('',(16.666666664828,-16.66666666666,
    123.06666666666));
#3927 = DIRECTION('',(0.,0.,1.));
#3928 = DIRECTION('',(1.,0.,0.));
#3929 = PCURVE('',#3535,#3930);
#3930 = DEFINITIONAL_REPRESENTATION('',(#3931),#3935);
#3931 = CIRCLE('',#3932,6.);
#3932 = AXIS2_PLACEMENT_2D('',#3933,#3934);
#3933 = CARTESIAN_POINT('',(16.666666665108,-16.66666666635));
#3934 = DIRECTION('',(1.,0.));
#3935 = ( GEOMETRIC_REPRESENTATION_CONTEXT(2) 
PARAMETRIC_REPRESENTATION_CONTEXT() REPRESENTATION_CONTEXT('2D SPACE',''
  ) );
#3936 = PCURVE('',#3937,#3942);
#3937 = CYLINDRICAL_SURFACE('',#3938,6.);
#3938 = AXIS2_PLACEMENT_3D('',#3939,#3940,#3941);
#3939 = CARTESIAN_POINT('',(16.666666664828,-16.66666666666,
    122.06666666666));
#3940 = DIRECTION('',(-0.,-0.,-1.));
#3941 = DIRECTION('',(1.,0.,0.));
#3942 = DEFINITIONAL_REPRESENTATION('',(#3943),#3947);
#3943 = LINE('',#3944,#3945);
#3944 = CARTESIAN_POINT('',(-0.,-1.));
#3945 = VECTOR('',#3946,1.);
#3946 = DIRECTION('',(-1.,0.));
#3947 = ( GEOMETRIC_REPRESENTATION_CONTEXT(2) 
PARAMETRIC_REPRESENTATION_CONTEXT() REPRESENTATION_CONTEXT('2D SPACE',''
  ) );
#3948 = ORIENTED_EDGE('',*,*,#3949,.T.);
#3949 = EDGE_CURVE('',#3921,#3950,#3952,.T.);
#3950 = VERTEX_POINT('',#3951);
#3951 = CARTESIAN_POINT('',(22.666666666667,16.666666664828,
    123.06666666666));
#3952 = SURFACE_CURVE('',#3953,(#3957,#3964),.PCURVE_S1.);
#3953 = LINE('',#3954,#3955);
#3954 = CARTESIAN_POINT('',(22.666666666667,8.171241461241E-14,
    123.06666666666));
#3955 = VECTOR('',#3956,1.);
#3956 = DIRECTION('',(0.,1.,0.));
#3957 = PCURVE('',#3535,#3958);
#3958 = DEFINITIONAL_REPRESENTATION('',(#3959),#3963);
#3959 = LINE('',#3960,#3961);
#3960 = CARTESIAN_POINT('',(22.666666666947,3.157749343686E-10));
#3961 = VECTOR('',#3962,1.);
#3962 = DIRECTION('',(0.,1.));
#3963 = ( GEOMETRIC_REPRESENTATION_CONTEXT(2) 
PARAMETRIC_REPRESENTATION_CONTEXT() REPRESENTATION_CONTEXT('2D SPACE',''
  ) );
#3964 = PCURVE('',#3965,#3970);
#3965 = PLANE('',#3966);
#3966 = AXIS2_PLACEMENT_3D('',#3967,#3968,#3969);
#3967 = CARTESIAN_POINT('',(22.666666666667,-16.66666666666,
    122.06666666666));
#3968 = DIRECTION('',(-1.,0.,0.));
#3969 = DIRECTION('',(0.,1.,0.));
#3970 = DEFINITIONAL_REPRESENTATION('',(#3971),#3975);
#3971 = LINE('',#3972,#3973);
#3972 = CARTESIAN_POINT('',(16.666666666667,-1.));
#3973 = VECTOR('',#3974,1.);
#3974 = DIRECTION('',(1.,0.));
#3975 = ( GEOMETRIC_REPRESENTATION_CONTEXT(2) 
PARAMETRIC_REPRESENTATION_CONTEXT() REPRESENTATION_CONTEXT('2D SPACE',''
  ) );
#3976 = ORIENTED_EDGE('',*,*,#3977,.T.);
#3977 = EDGE_CURVE('',#3950,#3978,#3980,.T.);
#3978 = VERTEX_POINT('',#3979);
#3979 = CARTESIAN_POINT('',(16.666666666667,22.666666665748,
    123.06666666666));
#3980 = SURFACE_CURVE('',#3981,(#3986,#3993),.PCURVE_S1.);
#3981 = CIRCLE('',#3982,6.);
#3982 = AXIS2_PLACEMENT_3D('',#3983,#3984,#3985);
#3983 = CARTESIAN_POINT('',(16.666666666667,16.666666664828,
    123.06666666666));
#3984 = DIRECTION('',(0.,0.,1.));
#3985 = DIRECTION('',(1.,0.,0.));
#3986 = PCURVE('',#3535,#3987);
#3987 = DEFINITIONAL_REPRESENTATION('',(#3988),#3992);
#3988 = CIRCLE('',#3989,6.);
#3989 = AXIS2_PLACEMENT_2D('',#3990,#3991);
#3990 = CARTESIAN_POINT('',(16.666666666947,16.666666665144));
#3991 = DIRECTION('',(1.,0.));
#3992 = ( GEOMETRIC_REPRESENTATION_CONTEXT(2) 
PARAMETRIC_REPRESENTATION_CONTEXT() REPRESENTATION_CONTEXT('2D SPACE',''
  ) );
#3993 = PCURVE('',#3994,#3999);
#3994 = CYLINDRICAL_SURFACE('',#3995,6.);
#3995 = AXIS2_PLACEMENT_3D('',#3996,#3997,#3998);
#3996 = CARTESIAN_POINT('',(16.666666666667,16.666666664828,
    122.06666666666));
#3997 = DIRECTION('',(-0.,-0.,-1.));
#3998 = DIRECTION('',(1.,0.,0.));
#3999 = DEFINITIONAL_REPRESENTATION('',(#4000),#4004);
#4000 = LINE('',#4001,#4002);
#4001 = CARTESIAN_POINT('',(-0.,-1.));
#4002 = VECTOR('',#4003,1.);
#4003 = DIRECTION('',(-1.,0.));
#4004 = ( GEOMETRIC_REPRESENTATION_CONTEXT(2) 
PARAMETRIC_REPRESENTATION_CONTEXT() REPRESENTATION_CONTEXT('2D SPACE',''
  ) );
#4005 = ORIENTED_EDGE('',*,*,#4006,.F.);
#4006 = EDGE_CURVE('',#4007,#3978,#4009,.T.);
#4007 = VERTEX_POINT('',#4008);
#4008 = CARTESIAN_POINT('',(-16.66666666666,22.666666665748,
    123.06666666666));
#4009 = SURFACE_CURVE('',#4010,(#4014,#4021),.PCURVE_S1.);
#4010 = LINE('',#4011,#4012);
#4011 = CARTESIAN_POINT('',(0.,22.666666666667,123.06666666666));
#4012 = VECTOR('',#4013,1.);
#4013 = DIRECTION('',(1.,0.,0.));
#4014 = PCURVE('',#3535,#4015);
#4015 = DEFINITIONAL_REPRESENTATION('',(#4016),#4020);
#4016 = LINE('',#4017,#4018);
#4017 = CARTESIAN_POINT('',(2.800301357441E-10,22.666666666982));
#4018 = VECTOR('',#4019,1.);
#4019 = DIRECTION('',(1.,0.));
#4020 = ( GEOMETRIC_REPRESENTATION_CONTEXT(2) 
PARAMETRIC_REPRESENTATION_CONTEXT() REPRESENTATION_CONTEXT('2D SPACE',''
  ) );
#4021 = PCURVE('',#4022,#4027);
#4022 = PLANE('',#4023);
#4023 = AXIS2_PLACEMENT_3D('',#4024,#4025,#4026);
#4024 = CARTESIAN_POINT('',(-16.66666666666,22.666666666667,
    122.06666666666));
#4025 = DIRECTION('',(0.,1.,0.));
#4026 = DIRECTION('',(1.,0.,0.));
#4027 = DEFINITIONAL_REPRESENTATION('',(#4028),#4032);
#4028 = LINE('',#4029,#4030);
#4029 = CARTESIAN_POINT('',(16.666666666667,-1.));
#4030 = VECTOR('',#4031,1.);
#4031 = DIRECTION('',(1.,0.));
#4032 = ( GEOMETRIC_REPRESENTATION_CONTEXT(2) 
PARAMETRIC_REPRESENTATION_CONTEXT() REPRESENTATION_CONTEXT('2D SPACE',''
  ) );
#4033 = ORIENTED_EDGE('',*,*,#4034,.T.);
#4034 = EDGE_CURVE('',#4007,#3836,#4035,.T.);
#4035 = SURFACE_CURVE('',#4036,(#4041,#4048),.PCURVE_S1.);
#4036 = CIRCLE('',#4037,6.);
#4037 = AXIS2_PLACEMENT_3D('',#4038,#4039,#4040);
#4038 = CARTESIAN_POINT('',(-16.66666666666,16.666666664828,
    123.06666666666));
#4039 = DIRECTION('',(0.,0.,1.));
#4040 = DIRECTION('',(1.,0.,0.));
#4041 = PCURVE('',#3535,#4042);
#4042 = DEFINITIONAL_REPRESENTATION('',(#4043),#4047);
#4043 = CIRCLE('',#4044,6.);
#4044 = AXIS2_PLACEMENT_2D('',#4045,#4046);
#4045 = CARTESIAN_POINT('',(-16.66666666638,16.666666665144));
#4046 = DIRECTION('',(1.,0.));
#4047 = ( GEOMETRIC_REPRESENTATION_CONTEXT(2) 
PARAMETRIC_REPRESENTATION_CONTEXT() REPRESENTATION_CONTEXT('2D SPACE',''
  ) );
#4048 = PCURVE('',#4049,#4054);
#4049 = CYLINDRICAL_SURFACE('',#4050,6.);
#4050 = AXIS2_PLACEMENT_3D('',#4051,#4052,#4053);
#4051 = CARTESIAN_POINT('',(-16.66666666666,16.666666664828,
    122.06666666666));
#4052 = DIRECTION('',(-0.,-0.,-1.));
#4053 = DIRECTION('',(1.,0.,0.));
#4054 = DEFINITIONAL_REPRESENTATION('',(#4055),#4059);
#4055 = LINE('',#4056,#4057);
#4056 = CARTESIAN_POINT('',(-0.,-1.));
#4057 = VECTOR('',#4058,1.);
#4058 = DIRECTION('',(-1.,0.));
#4059 = ( GEOMETRIC_REPRESENTATION_CONTEXT(2) 
PARAMETRIC_REPRESENTATION_CONTEXT() REPRESENTATION_CONTEXT('2D SPACE',''
  ) );
#4060 = FACE_BOUND('',#4061,.T.);
#4061 = EDGE_LOOP('',(#4062));
#4062 = ORIENTED_EDGE('',*,*,#3498,.F.);
#4063 = FACE_BOUND('',#4064,.T.);
#4064 = EDGE_LOOP('',(#4065));
#4065 = ORIENTED_EDGE('',*,*,#3573,.F.);
#4066 = FACE_BOUND('',#4067,.T.);
#4067 = EDGE_LOOP('',(#4068));
#4068 = ORIENTED_EDGE('',*,*,#3643,.F.);
#4069 = FACE_BOUND('',#4070,.T.);
#4070 = EDGE_LOOP('',(#4071));
#4071 = ORIENTED_EDGE('',*,*,#3737,.F.);
#4072 = FACE_BOUND('',#4073,.T.);
#4073 = EDGE_LOOP('',(#4074));
#4074 = ORIENTED_EDGE('',*,*,#3763,.F.);
#4075 = ADVANCED_FACE('',(#4076),#3851,.T.);
#4076 = FACE_BOUND('',#4077,.T.);
#4077 = EDGE_LOOP('',(#4078,#4101,#4102,#4125));
#4078 = ORIENTED_EDGE('',*,*,#4079,.T.);
#4079 = EDGE_CURVE('',#4080,#3834,#4082,.T.);
#4080 = VERTEX_POINT('',#4081);
#4081 = CARTESIAN_POINT('',(-22.66666666666,-16.66666666666,
    122.06666666666));
#4082 = SURFACE_CURVE('',#4083,(#4087,#4094),.PCURVE_S1.);
#4083 = LINE('',#4084,#4085);
#4084 = CARTESIAN_POINT('',(-22.66666666666,-16.66666666666,
    122.06666666666));
#4085 = VECTOR('',#4086,1.);
#4086 = DIRECTION('',(0.,0.,1.));
#4087 = PCURVE('',#3851,#4088);
#4088 = DEFINITIONAL_REPRESENTATION('',(#4089),#4093);
#4089 = LINE('',#4090,#4091);
#4090 = CARTESIAN_POINT('',(0.,0.));
#4091 = VECTOR('',#4092,1.);
#4092 = DIRECTION('',(0.,-1.));
#4093 = ( GEOMETRIC_REPRESENTATION_CONTEXT(2) 
PARAMETRIC_REPRESENTATION_CONTEXT() REPRESENTATION_CONTEXT('2D SPACE',''
  ) );
#4094 = PCURVE('',#3880,#4095);
#4095 = DEFINITIONAL_REPRESENTATION('',(#4096),#4100);
#4096 = LINE('',#4097,#4098);
#4097 = CARTESIAN_POINT('',(-3.14159265359,0.));
#4098 = VECTOR('',#4099,1.);
#4099 = DIRECTION('',(-0.,-1.));
#4100 = ( GEOMETRIC_REPRESENTATION_CONTEXT(2) 
PARAMETRIC_REPRESENTATION_CONTEXT() REPRESENTATION_CONTEXT('2D SPACE',''
  ) );
#4101 = ORIENTED_EDGE('',*,*,#3833,.T.);
#4102 = ORIENTED_EDGE('',*,*,#4103,.F.);
#4103 = EDGE_CURVE('',#4104,#3836,#4106,.T.);
#4104 = VERTEX_POINT('',#4105);
#4105 = CARTESIAN_POINT('',(-22.66666666666,16.666666664828,
    122.06666666666));
#4106 = SURFACE_CURVE('',#4107,(#4111,#4118),.PCURVE_S1.);
#4107 = LINE('',#4108,#4109);
#4108 = CARTESIAN_POINT('',(-22.66666666666,16.666666664828,
    122.06666666666));
#4109 = VECTOR('',#4110,1.);
#4110 = DIRECTION('',(0.,0.,1.));
#4111 = PCURVE('',#3851,#4112);
#4112 = DEFINITIONAL_REPRESENTATION('',(#4113),#4117);
#4113 = LINE('',#4114,#4115);
#4114 = CARTESIAN_POINT('',(33.333333331495,0.));
#4115 = VECTOR('',#4116,1.);
#4116 = DIRECTION('',(0.,-1.));
#4117 = ( GEOMETRIC_REPRESENTATION_CONTEXT(2) 
PARAMETRIC_REPRESENTATION_CONTEXT() REPRESENTATION_CONTEXT('2D SPACE',''
  ) );
#4118 = PCURVE('',#4049,#4119);
#4119 = DEFINITIONAL_REPRESENTATION('',(#4120),#4124);
#4120 = LINE('',#4121,#4122);
#4121 = CARTESIAN_POINT('',(-3.14159265359,0.));
#4122 = VECTOR('',#4123,1.);
#4123 = DIRECTION('',(-0.,-1.));
#4124 = ( GEOMETRIC_REPRESENTATION_CONTEXT(2) 
PARAMETRIC_REPRESENTATION_CONTEXT() REPRESENTATION_CONTEXT('2D SPACE',''
  ) );
#4125 = ORIENTED_EDGE('',*,*,#4126,.F.);
#4126 = EDGE_CURVE('',#4080,#4104,#4127,.T.);
#4127 = SURFACE_CURVE('',#4128,(#4132,#4139),.PCURVE_S1.);
#4128 = LINE('',#4129,#4130);
#4129 = CARTESIAN_POINT('',(-22.66666666666,8.171241461241E-14,
    122.06666666666));
#4130 = VECTOR('',#4131,1.);
#4131 = DIRECTION('',(0.,1.,0.));
#4132 = PCURVE('',#3851,#4133);
#4133 = DEFINITIONAL_REPRESENTATION('',(#4134),#4138);
#4134 = LINE('',#4135,#4136);
#4135 = CARTESIAN_POINT('',(16.666666666667,0.));
#4136 = VECTOR('',#4137,1.);
#4137 = DIRECTION('',(1.,0.));
#4138 = ( GEOMETRIC_REPRESENTATION_CONTEXT(2) 
PARAMETRIC_REPRESENTATION_CONTEXT() REPRESENTATION_CONTEXT('2D SPACE',''
  ) );
#4139 = PCURVE('',#4140,#4145);
#4140 = PLANE('',#4141);
#4141 = AXIS2_PLACEMENT_3D('',#4142,#4143,#4144);
#4142 = CARTESIAN_POINT('',(-2.800301357441E-10,-3.15693221954E-10,
    122.06666666666));
#4143 = DIRECTION('',(0.,0.,1.));
#4144 = DIRECTION('',(1.,0.,0.));
#4145 = DEFINITIONAL_REPRESENTATION('',(#4146),#4150);
#4146 = LINE('',#4147,#4148);
#4147 = CARTESIAN_POINT('',(-22.66666666638,3.157749343686E-10));
#4148 = VECTOR('',#4149,1.);
#4149 = DIRECTION('',(0.,1.));
#4150 = ( GEOMETRIC_REPRESENTATION_CONTEXT(2) 
PARAMETRIC_REPRESENTATION_CONTEXT() REPRESENTATION_CONTEXT('2D SPACE',''
  ) );
#4151 = ADVANCED_FACE('',(#4152),#3880,.T.);
#4152 = FACE_BOUND('',#4153,.F.);
#4153 = EDGE_LOOP('',(#4154,#4155,#4156,#4179));
#4154 = ORIENTED_EDGE('',*,*,#4079,.T.);
#4155 = ORIENTED_EDGE('',*,*,#3863,.T.);
#4156 = ORIENTED_EDGE('',*,*,#4157,.F.);
#4157 = EDGE_CURVE('',#4158,#3864,#4160,.T.);
#4158 = VERTEX_POINT('',#4159);
#4159 = CARTESIAN_POINT('',(-16.66666666666,-22.66666666666,
    122.06666666666));
#4160 = SURFACE_CURVE('',#4161,(#4165,#4172),.PCURVE_S1.);
#4161 = LINE('',#4162,#4163);
#4162 = CARTESIAN_POINT('',(-16.66666666666,-22.66666666666,
    122.06666666666));
#4163 = VECTOR('',#4164,1.);
#4164 = DIRECTION('',(0.,0.,1.));
#4165 = PCURVE('',#3880,#4166);
#4166 = DEFINITIONAL_REPRESENTATION('',(#4167),#4171);
#4167 = LINE('',#4168,#4169);
#4168 = CARTESIAN_POINT('',(-4.712388980385,0.));
#4169 = VECTOR('',#4170,1.);
#4170 = DIRECTION('',(-0.,-1.));
#4171 = ( GEOMETRIC_REPRESENTATION_CONTEXT(2) 
PARAMETRIC_REPRESENTATION_CONTEXT() REPRESENTATION_CONTEXT('2D SPACE',''
  ) );
#4172 = PCURVE('',#3908,#4173);
#4173 = DEFINITIONAL_REPRESENTATION('',(#4174),#4178);
#4174 = LINE('',#4175,#4176);
#4175 = CARTESIAN_POINT('',(0.,0.));
#4176 = VECTOR('',#4177,1.);
#4177 = DIRECTION('',(0.,-1.));
#4178 = ( GEOMETRIC_REPRESENTATION_CONTEXT(2) 
PARAMETRIC_REPRESENTATION_CONTEXT() REPRESENTATION_CONTEXT('2D SPACE',''
  ) );
#4179 = ORIENTED_EDGE('',*,*,#4180,.F.);
#4180 = EDGE_CURVE('',#4080,#4158,#4181,.T.);
#4181 = SURFACE_CURVE('',#4182,(#4187,#4194),.PCURVE_S1.);
#4182 = CIRCLE('',#4183,6.);
#4183 = AXIS2_PLACEMENT_3D('',#4184,#4185,#4186);
#4184 = CARTESIAN_POINT('',(-16.66666666666,-16.66666666666,
    122.06666666666));
#4185 = DIRECTION('',(0.,0.,1.));
#4186 = DIRECTION('',(1.,0.,0.));
#4187 = PCURVE('',#3880,#4188);
#4188 = DEFINITIONAL_REPRESENTATION('',(#4189),#4193);
#4189 = LINE('',#4190,#4191);
#4190 = CARTESIAN_POINT('',(-0.,0.));
#4191 = VECTOR('',#4192,1.);
#4192 = DIRECTION('',(-1.,0.));
#4193 = ( GEOMETRIC_REPRESENTATION_CONTEXT(2) 
PARAMETRIC_REPRESENTATION_CONTEXT() REPRESENTATION_CONTEXT('2D SPACE',''
  ) );
#4194 = PCURVE('',#4140,#4195);
#4195 = DEFINITIONAL_REPRESENTATION('',(#4196),#4200);
#4196 = CIRCLE('',#4197,6.);
#4197 = AXIS2_PLACEMENT_2D('',#4198,#4199);
#4198 = CARTESIAN_POINT('',(-16.66666666638,-16.66666666635));
#4199 = DIRECTION('',(1.,0.));
#4200 = ( GEOMETRIC_REPRESENTATION_CONTEXT(2) 
PARAMETRIC_REPRESENTATION_CONTEXT() REPRESENTATION_CONTEXT('2D SPACE',''
  ) );
#4201 = ADVANCED_FACE('',(#4202),#4049,.T.);
#4202 = FACE_BOUND('',#4203,.F.);
#4203 = EDGE_LOOP('',(#4204,#4227,#4228,#4229));
#4204 = ORIENTED_EDGE('',*,*,#4205,.T.);
#4205 = EDGE_CURVE('',#4206,#4007,#4208,.T.);
#4206 = VERTEX_POINT('',#4207);
#4207 = CARTESIAN_POINT('',(-16.66666666666,22.666666665748,
    122.06666666666));
#4208 = SURFACE_CURVE('',#4209,(#4213,#4220),.PCURVE_S1.);
#4209 = LINE('',#4210,#4211);
#4210 = CARTESIAN_POINT('',(-16.66666666666,22.666666665748,
    122.06666666666));
#4211 = VECTOR('',#4212,1.);
#4212 = DIRECTION('',(0.,0.,1.));
#4213 = PCURVE('',#4049,#4214);
#4214 = DEFINITIONAL_REPRESENTATION('',(#4215),#4219);
#4215 = LINE('',#4216,#4217);
#4216 = CARTESIAN_POINT('',(-1.570796326795,0.));
#4217 = VECTOR('',#4218,1.);
#4218 = DIRECTION('',(-0.,-1.));
#4219 = ( GEOMETRIC_REPRESENTATION_CONTEXT(2) 
PARAMETRIC_REPRESENTATION_CONTEXT() REPRESENTATION_CONTEXT('2D SPACE',''
  ) );
#4220 = PCURVE('',#4022,#4221);
#4221 = DEFINITIONAL_REPRESENTATION('',(#4222),#4226);
#4222 = LINE('',#4223,#4224);
#4223 = CARTESIAN_POINT('',(0.,0.));
#4224 = VECTOR('',#4225,1.);
#4225 = DIRECTION('',(0.,-1.));
#4226 = ( GEOMETRIC_REPRESENTATION_CONTEXT(2) 
PARAMETRIC_REPRESENTATION_CONTEXT() REPRESENTATION_CONTEXT('2D SPACE',''
  ) );
#4227 = ORIENTED_EDGE('',*,*,#4034,.T.);
#4228 = ORIENTED_EDGE('',*,*,#4103,.F.);
#4229 = ORIENTED_EDGE('',*,*,#4230,.F.);
#4230 = EDGE_CURVE('',#4206,#4104,#4231,.T.);
#4231 = SURFACE_CURVE('',#4232,(#4237,#4244),.PCURVE_S1.);
#4232 = CIRCLE('',#4233,6.);
#4233 = AXIS2_PLACEMENT_3D('',#4234,#4235,#4236);
#4234 = CARTESIAN_POINT('',(-16.66666666666,16.666666664828,
    122.06666666666));
#4235 = DIRECTION('',(0.,0.,1.));
#4236 = DIRECTION('',(1.,0.,0.));
#4237 = PCURVE('',#4049,#4238);
#4238 = DEFINITIONAL_REPRESENTATION('',(#4239),#4243);
#4239 = LINE('',#4240,#4241);
#4240 = CARTESIAN_POINT('',(-0.,0.));
#4241 = VECTOR('',#4242,1.);
#4242 = DIRECTION('',(-1.,0.));
#4243 = ( GEOMETRIC_REPRESENTATION_CONTEXT(2) 
PARAMETRIC_REPRESENTATION_CONTEXT() REPRESENTATION_CONTEXT('2D SPACE',''
  ) );
#4244 = PCURVE('',#4140,#4245);
#4245 = DEFINITIONAL_REPRESENTATION('',(#4246),#4250);
#4246 = CIRCLE('',#4247,6.);
#4247 = AXIS2_PLACEMENT_2D('',#4248,#4249);
#4248 = CARTESIAN_POINT('',(-16.66666666638,16.666666665144));
#4249 = DIRECTION('',(1.,0.));
#4250 = ( GEOMETRIC_REPRESENTATION_CONTEXT(2) 
PARAMETRIC_REPRESENTATION_CONTEXT() REPRESENTATION_CONTEXT('2D SPACE',''
  ) );
#4251 = ADVANCED_FACE('',(#4252),#3908,.F.);
#4252 = FACE_BOUND('',#4253,.F.);
#4253 = EDGE_LOOP('',(#4254,#4255,#4256,#4279));
#4254 = ORIENTED_EDGE('',*,*,#4157,.T.);
#4255 = ORIENTED_EDGE('',*,*,#3892,.T.);
#4256 = ORIENTED_EDGE('',*,*,#4257,.F.);
#4257 = EDGE_CURVE('',#4258,#3893,#4260,.T.);
#4258 = VERTEX_POINT('',#4259);
#4259 = CARTESIAN_POINT('',(16.666666664828,-22.66666666666,
    122.06666666666));
#4260 = SURFACE_CURVE('',#4261,(#4265,#4272),.PCURVE_S1.);
#4261 = LINE('',#4262,#4263);
#4262 = CARTESIAN_POINT('',(16.666666664828,-22.66666666666,
    122.06666666666));
#4263 = VECTOR('',#4264,1.);
#4264 = DIRECTION('',(0.,0.,1.));
#4265 = PCURVE('',#3908,#4266);
#4266 = DEFINITIONAL_REPRESENTATION('',(#4267),#4271);
#4267 = LINE('',#4268,#4269);
#4268 = CARTESIAN_POINT('',(33.333333331495,0.));
#4269 = VECTOR('',#4270,1.);
#4270 = DIRECTION('',(0.,-1.));
#4271 = ( GEOMETRIC_REPRESENTATION_CONTEXT(2) 
PARAMETRIC_REPRESENTATION_CONTEXT() REPRESENTATION_CONTEXT('2D SPACE',''
  ) );
#4272 = PCURVE('',#3937,#4273);
#4273 = DEFINITIONAL_REPRESENTATION('',(#4274),#4278);
#4274 = LINE('',#4275,#4276);
#4275 = CARTESIAN_POINT('',(-4.712388980385,0.));
#4276 = VECTOR('',#4277,1.);
#4277 = DIRECTION('',(-0.,-1.));
#4278 = ( GEOMETRIC_REPRESENTATION_CONTEXT(2) 
PARAMETRIC_REPRESENTATION_CONTEXT() REPRESENTATION_CONTEXT('2D SPACE',''
  ) );
#4279 = ORIENTED_EDGE('',*,*,#4280,.F.);
#4280 = EDGE_CURVE('',#4158,#4258,#4281,.T.);
#4281 = SURFACE_CURVE('',#4282,(#4286,#4293),.PCURVE_S1.);
#4282 = LINE('',#4283,#4284);
#4283 = CARTESIAN_POINT('',(0.,-22.66666666666,122.06666666666));
#4284 = VECTOR('',#4285,1.);
#4285 = DIRECTION('',(1.,0.,0.));
#4286 = PCURVE('',#3908,#4287);
#4287 = DEFINITIONAL_REPRESENTATION('',(#4288),#4292);
#4288 = LINE('',#4289,#4290);
#4289 = CARTESIAN_POINT('',(16.666666666667,0.));
#4290 = VECTOR('',#4291,1.);
#4291 = DIRECTION('',(1.,0.));
#4292 = ( GEOMETRIC_REPRESENTATION_CONTEXT(2) 
PARAMETRIC_REPRESENTATION_CONTEXT() REPRESENTATION_CONTEXT('2D SPACE',''
  ) );
#4293 = PCURVE('',#4140,#4294);
#4294 = DEFINITIONAL_REPRESENTATION('',(#4295),#4299);
#4295 = LINE('',#4296,#4297);
#4296 = CARTESIAN_POINT('',(2.800301357441E-10,-22.66666666635));
#4297 = VECTOR('',#4298,1.);
#4298 = DIRECTION('',(1.,0.));
#4299 = ( GEOMETRIC_REPRESENTATION_CONTEXT(2) 
PARAMETRIC_REPRESENTATION_CONTEXT() REPRESENTATION_CONTEXT('2D SPACE',''
  ) );
#4300 = ADVANCED_FACE('',(#4301),#4022,.T.);
#4301 = FACE_BOUND('',#4302,.T.);
#4302 = EDGE_LOOP('',(#4303,#4304,#4305,#4328));
#4303 = ORIENTED_EDGE('',*,*,#4205,.T.);
#4304 = ORIENTED_EDGE('',*,*,#4006,.T.);
#4305 = ORIENTED_EDGE('',*,*,#4306,.F.);
#4306 = EDGE_CURVE('',#4307,#3978,#4309,.T.);
#4307 = VERTEX_POINT('',#4308);
#4308 = CARTESIAN_POINT('',(16.666666666667,22.666666665748,
    122.06666666666));
#4309 = SURFACE_CURVE('',#4310,(#4314,#4321),.PCURVE_S1.);
#4310 = LINE('',#4311,#4312);
#4311 = CARTESIAN_POINT('',(16.666666666667,22.666666665748,
    122.06666666666));
#4312 = VECTOR('',#4313,1.);
#4313 = DIRECTION('',(0.,0.,1.));
#4314 = PCURVE('',#4022,#4315);
#4315 = DEFINITIONAL_REPRESENTATION('',(#4316),#4320);
#4316 = LINE('',#4317,#4318);
#4317 = CARTESIAN_POINT('',(33.333333333333,0.));
#4318 = VECTOR('',#4319,1.);
#4319 = DIRECTION('',(0.,-1.));
#4320 = ( GEOMETRIC_REPRESENTATION_CONTEXT(2) 
PARAMETRIC_REPRESENTATION_CONTEXT() REPRESENTATION_CONTEXT('2D SPACE',''
  ) );
#4321 = PCURVE('',#3994,#4322);
#4322 = DEFINITIONAL_REPRESENTATION('',(#4323),#4327);
#4323 = LINE('',#4324,#4325);
#4324 = CARTESIAN_POINT('',(-1.570796326795,0.));
#4325 = VECTOR('',#4326,1.);
#4326 = DIRECTION('',(-0.,-1.));
#4327 = ( GEOMETRIC_REPRESENTATION_CONTEXT(2) 
PARAMETRIC_REPRESENTATION_CONTEXT() REPRESENTATION_CONTEXT('2D SPACE',''
  ) );
#4328 = ORIENTED_EDGE('',*,*,#4329,.F.);
#4329 = EDGE_CURVE('',#4206,#4307,#4330,.T.);
#4330 = SURFACE_CURVE('',#4331,(#4335,#4342),.PCURVE_S1.);
#4331 = LINE('',#4332,#4333);
#4332 = CARTESIAN_POINT('',(0.,22.666666666667,122.06666666666));
#4333 = VECTOR('',#4334,1.);
#4334 = DIRECTION('',(1.,0.,0.));
#4335 = PCURVE('',#4022,#4336);
#4336 = DEFINITIONAL_REPRESENTATION('',(#4337),#4341);
#4337 = LINE('',#4338,#4339);
#4338 = CARTESIAN_POINT('',(16.666666666667,0.));
#4339 = VECTOR('',#4340,1.);
#4340 = DIRECTION('',(1.,0.));
#4341 = ( GEOMETRIC_REPRESENTATION_CONTEXT(2) 
PARAMETRIC_REPRESENTATION_CONTEXT() REPRESENTATION_CONTEXT('2D SPACE',''
  ) );
#4342 = PCURVE('',#4140,#4343);
#4343 = DEFINITIONAL_REPRESENTATION('',(#4344),#4348);
#4344 = LINE('',#4345,#4346);
#4345 = CARTESIAN_POINT('',(2.800301357441E-10,22.666666666982));
#4346 = VECTOR('',#4347,1.);
#4347 = DIRECTION('',(1.,0.));
#4348 = ( GEOMETRIC_REPRESENTATION_CONTEXT(2) 
PARAMETRIC_REPRESENTATION_CONTEXT() REPRESENTATION_CONTEXT('2D SPACE',''
  ) );
#4349 = ADVANCED_FACE('',(#4350),#3937,.T.);
#4350 = FACE_BOUND('',#4351,.F.);
#4351 = EDGE_LOOP('',(#4352,#4353,#4354,#4377));
#4352 = ORIENTED_EDGE('',*,*,#4257,.T.);
#4353 = ORIENTED_EDGE('',*,*,#3920,.T.);
#4354 = ORIENTED_EDGE('',*,*,#4355,.F.);
#4355 = EDGE_CURVE('',#4356,#3921,#4358,.T.);
#4356 = VERTEX_POINT('',#4357);
#4357 = CARTESIAN_POINT('',(22.666666665747,-16.66666666666,
    122.06666666666));
#4358 = SURFACE_CURVE('',#4359,(#4363,#4370),.PCURVE_S1.);
#4359 = LINE('',#4360,#4361);
#4360 = CARTESIAN_POINT('',(22.666666665747,-16.66666666666,
    122.06666666666));
#4361 = VECTOR('',#4362,1.);
#4362 = DIRECTION('',(0.,0.,1.));
#4363 = PCURVE('',#3937,#4364);
#4364 = DEFINITIONAL_REPRESENTATION('',(#4365),#4369);
#4365 = LINE('',#4366,#4367);
#4366 = CARTESIAN_POINT('',(-6.28318530718,0.));
#4367 = VECTOR('',#4368,1.);
#4368 = DIRECTION('',(-0.,-1.));
#4369 = ( GEOMETRIC_REPRESENTATION_CONTEXT(2) 
PARAMETRIC_REPRESENTATION_CONTEXT() REPRESENTATION_CONTEXT('2D SPACE',''
  ) );
#4370 = PCURVE('',#3965,#4371);
#4371 = DEFINITIONAL_REPRESENTATION('',(#4372),#4376);
#4372 = LINE('',#4373,#4374);
#4373 = CARTESIAN_POINT('',(0.,0.));
#4374 = VECTOR('',#4375,1.);
#4375 = DIRECTION('',(0.,-1.));
#4376 = ( GEOMETRIC_REPRESENTATION_CONTEXT(2) 
PARAMETRIC_REPRESENTATION_CONTEXT() REPRESENTATION_CONTEXT('2D SPACE',''
  ) );
#4377 = ORIENTED_EDGE('',*,*,#4378,.F.);
#4378 = EDGE_CURVE('',#4258,#4356,#4379,.T.);
#4379 = SURFACE_CURVE('',#4380,(#4385,#4392),.PCURVE_S1.);
#4380 = CIRCLE('',#4381,6.);
#4381 = AXIS2_PLACEMENT_3D('',#4382,#4383,#4384);
#4382 = CARTESIAN_POINT('',(16.666666664828,-16.66666666666,
    122.06666666666));
#4383 = DIRECTION('',(0.,0.,1.));
#4384 = DIRECTION('',(1.,0.,0.));
#4385 = PCURVE('',#3937,#4386);
#4386 = DEFINITIONAL_REPRESENTATION('',(#4387),#4391);
#4387 = LINE('',#4388,#4389);
#4388 = CARTESIAN_POINT('',(-0.,0.));
#4389 = VECTOR('',#4390,1.);
#4390 = DIRECTION('',(-1.,0.));
#4391 = ( GEOMETRIC_REPRESENTATION_CONTEXT(2) 
PARAMETRIC_REPRESENTATION_CONTEXT() REPRESENTATION_CONTEXT('2D SPACE',''
  ) );
#4392 = PCURVE('',#4140,#4393);
#4393 = DEFINITIONAL_REPRESENTATION('',(#4394),#4398);
#4394 = CIRCLE('',#4395,6.);
#4395 = AXIS2_PLACEMENT_2D('',#4396,#4397);
#4396 = CARTESIAN_POINT('',(16.666666665108,-16.66666666635));
#4397 = DIRECTION('',(1.,0.));
#4398 = ( GEOMETRIC_REPRESENTATION_CONTEXT(2) 
PARAMETRIC_REPRESENTATION_CONTEXT() REPRESENTATION_CONTEXT('2D SPACE',''
  ) );
#4399 = ADVANCED_FACE('',(#4400),#3994,.T.);
#4400 = FACE_BOUND('',#4401,.F.);
#4401 = EDGE_LOOP('',(#4402,#4425,#4426,#4427));
#4402 = ORIENTED_EDGE('',*,*,#4403,.T.);
#4403 = EDGE_CURVE('',#4404,#3950,#4406,.T.);
#4404 = VERTEX_POINT('',#4405);
#4405 = CARTESIAN_POINT('',(22.666666666667,16.666666664828,
    122.06666666666));
#4406 = SURFACE_CURVE('',#4407,(#4411,#4418),.PCURVE_S1.);
#4407 = LINE('',#4408,#4409);
#4408 = CARTESIAN_POINT('',(22.666666666667,16.666666664828,
    122.06666666666));
#4409 = VECTOR('',#4410,1.);
#4410 = DIRECTION('',(0.,0.,1.));
#4411 = PCURVE('',#3994,#4412);
#4412 = DEFINITIONAL_REPRESENTATION('',(#4413),#4417);
#4413 = LINE('',#4414,#4415);
#4414 = CARTESIAN_POINT('',(-0.,0.));
#4415 = VECTOR('',#4416,1.);
#4416 = DIRECTION('',(-0.,-1.));
#4417 = ( GEOMETRIC_REPRESENTATION_CONTEXT(2) 
PARAMETRIC_REPRESENTATION_CONTEXT() REPRESENTATION_CONTEXT('2D SPACE',''
  ) );
#4418 = PCURVE('',#3965,#4419);
#4419 = DEFINITIONAL_REPRESENTATION('',(#4420),#4424);
#4420 = LINE('',#4421,#4422);
#4421 = CARTESIAN_POINT('',(33.333333331495,0.));
#4422 = VECTOR('',#4423,1.);
#4423 = DIRECTION('',(0.,-1.));
#4424 = ( GEOMETRIC_REPRESENTATION_CONTEXT(2) 
PARAMETRIC_REPRESENTATION_CONTEXT() REPRESENTATION_CONTEXT('2D SPACE',''
  ) );
#4425 = ORIENTED_EDGE('',*,*,#3977,.T.);
#4426 = ORIENTED_EDGE('',*,*,#4306,.F.);
#4427 = ORIENTED_EDGE('',*,*,#4428,.F.);
#4428 = EDGE_CURVE('',#4404,#4307,#4429,.T.);
#4429 = SURFACE_CURVE('',#4430,(#4435,#4442),.PCURVE_S1.);
#4430 = CIRCLE('',#4431,6.);
#4431 = AXIS2_PLACEMENT_3D('',#4432,#4433,#4434);
#4432 = CARTESIAN_POINT('',(16.666666666667,16.666666664828,
    122.06666666666));
#4433 = DIRECTION('',(0.,0.,1.));
#4434 = DIRECTION('',(1.,0.,0.));
#4435 = PCURVE('',#3994,#4436);
#4436 = DEFINITIONAL_REPRESENTATION('',(#4437),#4441);
#4437 = LINE('',#4438,#4439);
#4438 = CARTESIAN_POINT('',(-0.,0.));
#4439 = VECTOR('',#4440,1.);
#4440 = DIRECTION('',(-1.,0.));
#4441 = ( GEOMETRIC_REPRESENTATION_CONTEXT(2) 
PARAMETRIC_REPRESENTATION_CONTEXT() REPRESENTATION_CONTEXT('2D SPACE',''
  ) );
#4442 = PCURVE('',#4140,#4443);
#4443 = DEFINITIONAL_REPRESENTATION('',(#4444),#4448);
#4444 = CIRCLE('',#4445,6.);
#4445 = AXIS2_PLACEMENT_2D('',#4446,#4447);
#4446 = CARTESIAN_POINT('',(16.666666666947,16.666666665144));
#4447 = DIRECTION('',(1.,0.));
#4448 = ( GEOMETRIC_REPRESENTATION_CONTEXT(2) 
PARAMETRIC_REPRESENTATION_CONTEXT() REPRESENTATION_CONTEXT('2D SPACE',''
  ) );
#4449 = ADVANCED_FACE('',(#4450),#3965,.F.);
#4450 = FACE_BOUND('',#4451,.F.);
#4451 = EDGE_LOOP('',(#4452,#4453,#4454,#4455));
#4452 = ORIENTED_EDGE('',*,*,#4355,.T.);
#4453 = ORIENTED_EDGE('',*,*,#3949,.T.);
#4454 = ORIENTED_EDGE('',*,*,#4403,.F.);
#4455 = ORIENTED_EDGE('',*,*,#4456,.F.);
#4456 = EDGE_CURVE('',#4356,#4404,#4457,.T.);
#4457 = SURFACE_CURVE('',#4458,(#4462,#4469),.PCURVE_S1.);
#4458 = LINE('',#4459,#4460);
#4459 = CARTESIAN_POINT('',(22.666666666667,8.171241461241E-14,
    122.06666666666));
#4460 = VECTOR('',#4461,1.);
#4461 = DIRECTION('',(0.,1.,0.));
#4462 = PCURVE('',#3965,#4463);
#4463 = DEFINITIONAL_REPRESENTATION('',(#4464),#4468);
#4464 = LINE('',#4465,#4466);
#4465 = CARTESIAN_POINT('',(16.666666666667,0.));
#4466 = VECTOR('',#4467,1.);
#4467 = DIRECTION('',(1.,0.));
#4468 = ( GEOMETRIC_REPRESENTATION_CONTEXT(2) 
PARAMETRIC_REPRESENTATION_CONTEXT() REPRESENTATION_CONTEXT('2D SPACE',''
  ) );
#4469 = PCURVE('',#4140,#4470);
#4470 = DEFINITIONAL_REPRESENTATION('',(#4471),#4475);
#4471 = LINE('',#4472,#4473);
#4472 = CARTESIAN_POINT('',(22.666666666947,3.157749343686E-10));
#4473 = VECTOR('',#4474,1.);
#4474 = DIRECTION('',(0.,1.));
#4475 = ( GEOMETRIC_REPRESENTATION_CONTEXT(2) 
PARAMETRIC_REPRESENTATION_CONTEXT() REPRESENTATION_CONTEXT('2D SPACE',''
  ) );
#4476 = ADVANCED_FACE('',(#4477,#4487,#4538,#4589,#4640,#4671),#4140,.F.
  );
#4477 = FACE_BOUND('',#4478,.F.);
#4478 = EDGE_LOOP('',(#4479,#4480,#4481,#4482,#4483,#4484,#4485,#4486));
#4479 = ORIENTED_EDGE('',*,*,#4126,.F.);
#4480 = ORIENTED_EDGE('',*,*,#4180,.T.);
#4481 = ORIENTED_EDGE('',*,*,#4280,.T.);
#4482 = ORIENTED_EDGE('',*,*,#4378,.T.);
#4483 = ORIENTED_EDGE('',*,*,#4456,.T.);
#4484 = ORIENTED_EDGE('',*,*,#4428,.T.);
#4485 = ORIENTED_EDGE('',*,*,#4329,.F.);
#4486 = ORIENTED_EDGE('',*,*,#4230,.T.);
#4487 = FACE_BOUND('',#4488,.F.);
#4488 = EDGE_LOOP('',(#4489));
#4489 = ORIENTED_EDGE('',*,*,#4490,.F.);
#4490 = EDGE_CURVE('',#4491,#4491,#4493,.T.);
#4491 = VERTEX_POINT('',#4492);
#4492 = CARTESIAN_POINT('',(-19.82701687197,-19.10878442844,
    122.06666666666));
#4493 = SURFACE_CURVE('',#4494,(#4499,#4506),.PCURVE_S1.);
#4494 = ELLIPSE('',#4495,0.763858952949,0.733333333333);
#4495 = AXIS2_PLACEMENT_3D('',#4496,#4497,#4498);
#4496 = CARTESIAN_POINT('',(-19.07826515151,-19.07826515151,
    122.06666666666));
#4497 = DIRECTION('',(0.,0.,1.));
#4498 = DIRECTION('',(0.707106781187,0.707106781187,-0.));
#4499 = PCURVE('',#4140,#4500);
#4500 = DEFINITIONAL_REPRESENTATION('',(#4501),#4505);
#4501 = ELLIPSE('',#4502,0.763858952949,0.733333333333);
#4502 = AXIS2_PLACEMENT_2D('',#4503,#4504);
#4503 = CARTESIAN_POINT('',(-19.07826515123,-19.07826515119));
#4504 = DIRECTION('',(0.707106781187,0.707106781187));
#4505 = ( GEOMETRIC_REPRESENTATION_CONTEXT(2) 
PARAMETRIC_REPRESENTATION_CONTEXT() REPRESENTATION_CONTEXT('2D SPACE',''
  ) );
#4506 = PCURVE('',#4507,#4512);
#4507 = CYLINDRICAL_SURFACE('',#4508,0.733333333333);
#4508 = AXIS2_PLACEMENT_3D('',#4509,#4510,#4511);
#4509 = CARTESIAN_POINT('',(-21.6,-21.6,134.3));
#4510 = DIRECTION('',(0.197898664515,0.197898664515,-0.960037622787));
#4511 = DIRECTION('',(-0.979407877533,7.148921115984E-18,-0.201891578392
    ));
#4512 = DEFINITIONAL_REPRESENTATION('',(#4513),#4537);
#4513 = B_SPLINE_CURVE_WITH_KNOTS('',8,(#4514,#4515,#4516,#4517,#4518,
    #4519,#4520,#4521,#4522,#4523,#4524,#4525,#4526,#4527,#4528,#4529,
    #4530,#4531,#4532,#4533,#4534,#4535,#4536),.UNSPECIFIED.,.F.,.F.,(9,
    7,7,9),(2.376580242361,3.947376569156,6.303571059348,8.659765549541)
  ,.UNSPECIFIED.);
#4514 = CARTESIAN_POINT('',(6.28318530718,12.588339479966));
#4515 = CARTESIAN_POINT('',(6.08683576633,12.559269179573));
#4516 = CARTESIAN_POINT('',(5.890486225481,12.536993934765));
#4517 = CARTESIAN_POINT('',(5.694136684632,12.523220376597));
#4518 = CARTESIAN_POINT('',(5.497787143782,12.519101285925));
#4519 = CARTESIAN_POINT('',(5.301437602933,12.525009253841));
#4520 = CARTESIAN_POINT('',(5.105088062083,12.540465231489));
#4521 = CARTESIAN_POINT('',(4.908738521234,12.564221969282));
#4522 = CARTESIAN_POINT('',(4.417864669111,12.639922909806));
#4523 = CARTESIAN_POINT('',(4.123340357841,12.700021510109));
#4524 = CARTESIAN_POINT('',(3.828816046554,12.76879001807));
#4525 = CARTESIAN_POINT('',(3.534291735314,12.837527369188));
#4526 = CARTESIAN_POINT('',(3.239767424005,12.896409453072));
#4527 = CARTESIAN_POINT('',(2.945243112745,12.937670990764));
#4528 = CARTESIAN_POINT('',(2.650718801466,12.957577178953));
#4529 = CARTESIAN_POINT('',(2.061670178918,12.955010220507));
#4530 = CARTESIAN_POINT('',(1.767145867643,12.93253706458));
#4531 = CARTESIAN_POINT('',(1.472621556384,12.88904794403));
#4532 = CARTESIAN_POINT('',(1.178097245089,12.828616563683));
#4533 = CARTESIAN_POINT('',(0.883572933838,12.759254600162));
#4534 = CARTESIAN_POINT('',(0.589048622547,12.690839389367));
#4535 = CARTESIAN_POINT('',(0.294524311274,12.631944930557));
#4536 = CARTESIAN_POINT('',(1.59872115546E-14,12.588339479966));
#4537 = ( GEOMETRIC_REPRESENTATION_CONTEXT(2) 
PARAMETRIC_REPRESENTATION_CONTEXT() REPRESENTATION_CONTEXT('2D SPACE',''
  ) );
#4538 = FACE_BOUND('',#4539,.F.);
#4539 = EDGE_LOOP('',(#4540));
#4540 = ORIENTED_EDGE('',*,*,#4541,.F.);
#4541 = EDGE_CURVE('',#4542,#4542,#4544,.T.);
#4542 = VERTEX_POINT('',#4543);
#4543 = CARTESIAN_POINT('',(18.329513431057,-19.04774587458,
    122.06666666666));
#4544 = SURFACE_CURVE('',#4545,(#4550,#4557),.PCURVE_S1.);
#4545 = ELLIPSE('',#4546,0.763858952949,0.733333333333);
#4546 = AXIS2_PLACEMENT_3D('',#4547,#4548,#4549);
#4547 = CARTESIAN_POINT('',(19.078265151515,-19.07826515151,
    122.06666666666));
#4548 = DIRECTION('',(0.,0.,1.));
#4549 = DIRECTION('',(-0.707106781187,0.707106781187,0.));
#4550 = PCURVE('',#4140,#4551);
#4551 = DEFINITIONAL_REPRESENTATION('',(#4552),#4556);
#4552 = ELLIPSE('',#4553,0.763858952949,0.733333333333);
#4553 = AXIS2_PLACEMENT_2D('',#4554,#4555);
#4554 = CARTESIAN_POINT('',(19.078265151795,-19.07826515119));
#4555 = DIRECTION('',(-0.707106781187,0.707106781187));
#4556 = ( GEOMETRIC_REPRESENTATION_CONTEXT(2) 
PARAMETRIC_REPRESENTATION_CONTEXT() REPRESENTATION_CONTEXT('2D SPACE',''
  ) );
#4557 = PCURVE('',#4558,#4563);
#4558 = CYLINDRICAL_SURFACE('',#4559,0.733333333333);
#4559 = AXIS2_PLACEMENT_3D('',#4560,#4561,#4562);
#4560 = CARTESIAN_POINT('',(21.6,-21.6,134.3));
#4561 = DIRECTION('',(-0.197898664515,0.197898664515,-0.960037622787));
#4562 = DIRECTION('',(-0.979407877533,-7.148921115984E-18,0.201891578392
    ));
#4563 = DEFINITIONAL_REPRESENTATION('',(#4564),#4588);
#4564 = B_SPLINE_CURVE_WITH_KNOTS('',8,(#4565,#4566,#4567,#4568,#4569,
    #4570,#4571,#4572,#4573,#4574,#4575,#4576,#4577,#4578,#4579,#4580,
    #4581,#4582,#4583,#4584,#4585,#4586,#4587),.UNSPECIFIED.,.F.,.F.,(9,
    7,7,9),(0.765012411229,2.335808738024,4.692003228216,7.048197718408)
  ,.UNSPECIFIED.);
#4565 = CARTESIAN_POINT('',(6.28318530718,12.896772859325));
#4566 = CARTESIAN_POINT('',(6.08683576633,12.867702558931));
#4567 = CARTESIAN_POINT('',(5.890486225481,12.831837340356));
#4568 = CARTESIAN_POINT('',(5.694136684632,12.79088516581));
#4569 = CARTESIAN_POINT('',(5.497787143782,12.747112096737));
#4570 = CARTESIAN_POINT('',(5.301437602932,12.703134590091));
#4571 = CARTESIAN_POINT('',(5.105088062083,12.661586466754));
#4572 = CARTESIAN_POINT('',(4.908738521234,12.624782721702));
#4573 = CARTESIAN_POINT('',(4.417864669111,12.549081781177));
#4574 = CARTESIAN_POINT('',(4.123340357833,12.518338923667));
#4575 = CARTESIAN_POINT('',(3.828816046572,12.508276339011));
#4576 = CARTESIAN_POINT('',(3.534291735264,12.522186217129));
#4577 = CARTESIAN_POINT('',(3.239767424019,12.558964130981));
#4578 = CARTESIAN_POINT('',(2.945243112736,12.612728367083));
#4579 = CARTESIAN_POINT('',(2.650718801466,12.675247466799));
#4580 = CARTESIAN_POINT('',(2.061670178918,12.801149264482));
#4581 = CARTESIAN_POINT('',(1.767145867643,12.864532418678));
#4582 = CARTESIAN_POINT('',(1.472621556373,12.920024600125));
#4583 = CARTESIAN_POINT('',(1.178097245088,12.95923514548));
#4584 = CARTESIAN_POINT('',(0.883572933826,12.975960672279));
#4585 = CARTESIAN_POINT('',(0.589048622546,12.968695068299));
#4586 = CARTESIAN_POINT('',(0.294524311274,12.940378309915));
#4587 = CARTESIAN_POINT('',(1.09003715145E-14,12.896772859325));
#4588 = ( GEOMETRIC_REPRESENTATION_CONTEXT(2) 
PARAMETRIC_REPRESENTATION_CONTEXT() REPRESENTATION_CONTEXT('2D SPACE',''
  ) );
#4589 = FACE_BOUND('',#4590,.F.);
#4590 = EDGE_LOOP('',(#4591));
#4591 = ORIENTED_EDGE('',*,*,#4592,.F.);
#4592 = EDGE_CURVE('',#4593,#4593,#4595,.T.);
#4593 = VERTEX_POINT('',#4594);
#4594 = CARTESIAN_POINT('',(-19.82701687197,19.108784428449,
    122.06666666666));
#4595 = SURFACE_CURVE('',#4596,(#4601,#4608),.PCURVE_S1.);
#4596 = ELLIPSE('',#4597,0.763858952949,0.733333333333);
#4597 = AXIS2_PLACEMENT_3D('',#4598,#4599,#4600);
#4598 = CARTESIAN_POINT('',(-19.07826515151,19.078265151515,
    122.06666666666));
#4599 = DIRECTION('',(0.,0.,1.));
#4600 = DIRECTION('',(0.707106781187,-0.707106781187,0.));
#4601 = PCURVE('',#4140,#4602);
#4602 = DEFINITIONAL_REPRESENTATION('',(#4603),#4607);
#4603 = ELLIPSE('',#4604,0.763858952949,0.733333333333);
#4604 = AXIS2_PLACEMENT_2D('',#4605,#4606);
#4605 = CARTESIAN_POINT('',(-19.07826515123,19.078265151831));
#4606 = DIRECTION('',(0.707106781187,-0.707106781187));
#4607 = ( GEOMETRIC_REPRESENTATION_CONTEXT(2) 
PARAMETRIC_REPRESENTATION_CONTEXT() REPRESENTATION_CONTEXT('2D SPACE',''
  ) );
#4608 = PCURVE('',#4609,#4614);
#4609 = CYLINDRICAL_SURFACE('',#4610,0.733333333333);
#4610 = AXIS2_PLACEMENT_3D('',#4611,#4612,#4613);
#4611 = CARTESIAN_POINT('',(-21.6,21.6,134.3));
#4612 = DIRECTION('',(0.197898664515,-0.197898664515,-0.960037622787));
#4613 = DIRECTION('',(-0.979407877533,-7.148921115984E-18,
    -0.201891578392));
#4614 = DEFINITIONAL_REPRESENTATION('',(#4615),#4639);
#4615 = B_SPLINE_CURVE_WITH_KNOTS('',8,(#4616,#4617,#4618,#4619,#4620,
    #4621,#4622,#4623,#4624,#4625,#4626,#4627,#4628,#4629,#4630,#4631,
    #4632,#4633,#4634,#4635,#4636,#4637,#4638),.UNSPECIFIED.,.F.,.F.,(9,
    7,7,9),(3.906605064818,5.477401391613,7.833595881806,10.189790371998
    ),.UNSPECIFIED.);
#4616 = CARTESIAN_POINT('',(6.28318530718,12.588339479966));
#4617 = CARTESIAN_POINT('',(6.08683576633,12.61740978036));
#4618 = CARTESIAN_POINT('',(5.890486225481,12.653274998934));
#4619 = CARTESIAN_POINT('',(5.694136684631,12.694227173484));
#4620 = CARTESIAN_POINT('',(5.497787143782,12.738000242557));
#4621 = CARTESIAN_POINT('',(5.301437602934,12.781977749201));
#4622 = CARTESIAN_POINT('',(5.105088062083,12.823525872537));
#4623 = CARTESIAN_POINT('',(4.908738521234,12.860329617589));
#4624 = CARTESIAN_POINT('',(4.417864669111,12.936030558114));
#4625 = CARTESIAN_POINT('',(4.123340357834,12.966773415619));
#4626 = CARTESIAN_POINT('',(3.828816046563,12.976836000257));
#4627 = CARTESIAN_POINT('',(3.534291735271,12.962926122151));
#4628 = CARTESIAN_POINT('',(3.239767424014,12.926148208278));
#4629 = CARTESIAN_POINT('',(2.945243112738,12.8723839722));
#4630 = CARTESIAN_POINT('',(2.650718801466,12.809864872492));
#4631 = CARTESIAN_POINT('',(2.061670178918,12.683963074809));
#4632 = CARTESIAN_POINT('',(1.767145867644,12.620579920583));
#4633 = CARTESIAN_POINT('',(1.472621556367,12.565087739215));
#4634 = CARTESIAN_POINT('',(1.178097245098,12.525877193647));
#4635 = CARTESIAN_POINT('',(0.883572933819,12.509151667074));
#4636 = CARTESIAN_POINT('',(0.589048622548,12.516417270964));
#4637 = CARTESIAN_POINT('',(0.294524311274,12.544734029376));
#4638 = CARTESIAN_POINT('',(1.33226762955E-14,12.588339479966));
#4639 = ( GEOMETRIC_REPRESENTATION_CONTEXT(2) 
PARAMETRIC_REPRESENTATION_CONTEXT() REPRESENTATION_CONTEXT('2D SPACE',''
  ) );
#4640 = FACE_BOUND('',#4641,.F.);
#4641 = EDGE_LOOP('',(#4642));
#4642 = ORIENTED_EDGE('',*,*,#4643,.F.);
#4643 = EDGE_CURVE('',#4644,#4644,#4646,.T.);
#4644 = VERTEX_POINT('',#4645);
#4645 = CARTESIAN_POINT('',(1.5,-3.673940397442E-16,122.06666666666));
#4646 = SURFACE_CURVE('',#4647,(#4652,#4659),.PCURVE_S1.);
#4647 = CIRCLE('',#4648,1.5);
#4648 = AXIS2_PLACEMENT_3D('',#4649,#4650,#4651);
#4649 = CARTESIAN_POINT('',(0.,0.,122.06666666666));
#4650 = DIRECTION('',(0.,0.,1.));
#4651 = DIRECTION('',(1.,0.,-0.));
#4652 = PCURVE('',#4140,#4653);
#4653 = DEFINITIONAL_REPRESENTATION('',(#4654),#4658);
#4654 = CIRCLE('',#4655,1.5);
#4655 = AXIS2_PLACEMENT_2D('',#4656,#4657);
#4656 = CARTESIAN_POINT('',(2.800301357441E-10,3.15693221954E-10));
#4657 = DIRECTION('',(1.,0.));
#4658 = ( GEOMETRIC_REPRESENTATION_CONTEXT(2) 
PARAMETRIC_REPRESENTATION_CONTEXT() REPRESENTATION_CONTEXT('2D SPACE',''
  ) );
#4659 = PCURVE('',#4660,#4665);
#4660 = CYLINDRICAL_SURFACE('',#4661,1.5);
#4661 = AXIS2_PLACEMENT_3D('',#4662,#4663,#4664);
#4662 = CARTESIAN_POINT('',(0.,0.,75.133333333333));
#4663 = DIRECTION('',(0.,0.,1.));
#4664 = DIRECTION('',(1.,0.,-0.));
#4665 = DEFINITIONAL_REPRESENTATION('',(#4666),#4670);
#4666 = LINE('',#4667,#4668);
#4667 = CARTESIAN_POINT('',(0.,46.933333333333));
#4668 = VECTOR('',#4669,1.);
#4669 = DIRECTION('',(1.,0.));
#4670 = ( GEOMETRIC_REPRESENTATION_CONTEXT(2) 
PARAMETRIC_REPRESENTATION_CONTEXT() REPRESENTATION_CONTEXT('2D SPACE',''
  ) );
#4671 = FACE_BOUND('',#4672,.F.);
#4672 = EDGE_LOOP('',(#4673));
#4673 = ORIENTED_EDGE('',*,*,#4674,.F.);
#4674 = EDGE_CURVE('',#4675,#4675,#4677,.T.);
#4675 = VERTEX_POINT('',#4676);
#4676 = CARTESIAN_POINT('',(18.329513431057,19.047745874582,
    122.06666666666));
#4677 = SURFACE_CURVE('',#4678,(#4683,#4690),.PCURVE_S1.);
#4678 = ELLIPSE('',#4679,0.763858952949,0.733333333333);
#4679 = AXIS2_PLACEMENT_3D('',#4680,#4681,#4682);
#4680 = CARTESIAN_POINT('',(19.078265151515,19.078265151515,
    122.06666666666));
#4681 = DIRECTION('',(0.,0.,1.));
#4682 = DIRECTION('',(-0.707106781187,-0.707106781187,0.));
#4683 = PCURVE('',#4140,#4684);
#4684 = DEFINITIONAL_REPRESENTATION('',(#4685),#4689);
#4685 = ELLIPSE('',#4686,0.763858952949,0.733333333333);
#4686 = AXIS2_PLACEMENT_2D('',#4687,#4688);
#4687 = CARTESIAN_POINT('',(19.078265151795,19.078265151831));
#4688 = DIRECTION('',(-0.707106781187,-0.707106781187));
#4689 = ( GEOMETRIC_REPRESENTATION_CONTEXT(2) 
PARAMETRIC_REPRESENTATION_CONTEXT() REPRESENTATION_CONTEXT('2D SPACE',''
  ) );
#4690 = PCURVE('',#4691,#4696);
#4691 = CYLINDRICAL_SURFACE('',#4692,0.733333333333);
#4692 = AXIS2_PLACEMENT_3D('',#4693,#4694,#4695);
#4693 = CARTESIAN_POINT('',(21.6,21.6,134.3));
#4694 = DIRECTION('',(-0.197898664515,-0.197898664515,-0.960037622787));
#4695 = DIRECTION('',(-0.979407877533,7.148921115984E-18,0.201891578392)
  );
#4696 = DEFINITIONAL_REPRESENTATION('',(#4697),#4721);
#4697 = B_SPLINE_CURVE_WITH_KNOTS('',8,(#4698,#4699,#4700,#4701,#4702,
    #4703,#4704,#4705,#4706,#4707,#4708,#4709,#4710,#4711,#4712,#4713,
    #4714,#4715,#4716,#4717,#4718,#4719,#4720),.UNSPECIFIED.,.F.,.F.,(9,
    7,7,9),(5.518172895951,7.088969222746,9.445163712938,11.801358203131
    ),.UNSPECIFIED.);
#4698 = CARTESIAN_POINT('',(6.28318530718,12.896772859325));
#4699 = CARTESIAN_POINT('',(6.08683576633,12.925843159718));
#4700 = CARTESIAN_POINT('',(5.890486225481,12.948118404526));
#4701 = CARTESIAN_POINT('',(5.694136684632,12.961891962694));
#4702 = CARTESIAN_POINT('',(5.497787143782,12.966011053365));
#4703 = CARTESIAN_POINT('',(5.301437602933,12.96010308545));
#4704 = CARTESIAN_POINT('',(5.105088062083,12.944647107802));
#4705 = CARTESIAN_POINT('',(4.908738521234,12.920890370009));
#4706 = CARTESIAN_POINT('',(4.417864669111,12.845189429485));
#4707 = CARTESIAN_POINT('',(4.123340357839,12.785090829181));
#4708 = CARTESIAN_POINT('',(3.828816046557,12.716322321181));
#4709 = CARTESIAN_POINT('',(3.534291735307,12.647584970112));
#4710 = CARTESIAN_POINT('',(3.239767424009,12.588702886157));
#4711 = CARTESIAN_POINT('',(2.945243112743,12.547441348524));
#4712 = CARTESIAN_POINT('',(2.650718801466,12.527535160338));
#4713 = CARTESIAN_POINT('',(2.061670178918,12.530102118784));
#4714 = CARTESIAN_POINT('',(1.767145867645,12.552575274711));
#4715 = CARTESIAN_POINT('',(1.472621556381,12.596064395218));
#4716 = CARTESIAN_POINT('',(1.1780972451,12.656495775629));
#4717 = CARTESIAN_POINT('',(0.883572933834,12.72585773905));
#4718 = CARTESIAN_POINT('',(0.589048622549,12.794272949925));
#4719 = CARTESIAN_POINT('',(0.294524311274,12.853167408734));
#4720 = CARTESIAN_POINT('',(1.7763568394E-14,12.896772859325));
#4721 = ( GEOMETRIC_REPRESENTATION_CONTEXT(2) 
PARAMETRIC_REPRESENTATION_CONTEXT() REPRESENTATION_CONTEXT('2D SPACE',''
  ) );
#4722 = ADVANCED_FACE('',(#4723),#4507,.T.);
#4723 = FACE_BOUND('',#4724,.T.);
#4724 = EDGE_LOOP('',(#4725,#4774,#4795,#4796));
#4725 = ORIENTED_EDGE('',*,*,#4726,.T.);
#4726 = EDGE_CURVE('',#4727,#4727,#4729,.T.);
#4727 = VERTEX_POINT('',#4728);
#4728 = CARTESIAN_POINT('',(-17.61448656894,-16.89625412541,
    111.33333333333));
#4729 = SURFACE_CURVE('',#4730,(#4735,#4762),.PCURVE_S1.);
#4730 = ELLIPSE('',#4731,0.763858952949,0.733333333333);
#4731 = AXIS2_PLACEMENT_3D('',#4732,#4733,#4734);
#4732 = CARTESIAN_POINT('',(-16.86573484848,-16.86573484848,
    111.33333333333));
#4733 = DIRECTION('',(0.,0.,1.));
#4734 = DIRECTION('',(0.707106781187,0.707106781187,-0.));
#4735 = PCURVE('',#4507,#4736);
#4736 = DEFINITIONAL_REPRESENTATION('',(#4737),#4761);
#4737 = B_SPLINE_CURVE_WITH_KNOTS('',8,(#4738,#4739,#4740,#4741,#4742,
    #4743,#4744,#4745,#4746,#4747,#4748,#4749,#4750,#4751,#4752,#4753,
    #4754,#4755,#4756,#4757,#4758,#4759,#4760),.UNSPECIFIED.,.F.,.F.,(9,
    7,7,9),(2.376580242361,3.947376569156,6.303571059348,8.659765549541)
  ,.UNSPECIFIED.);
#4738 = CARTESIAN_POINT('',(6.28318530718,23.768456882216));
#4739 = CARTESIAN_POINT('',(6.08683576633,23.739386581823));
#4740 = CARTESIAN_POINT('',(5.890486225481,23.717111337015));
#4741 = CARTESIAN_POINT('',(5.694136684632,23.703337778847));
#4742 = CARTESIAN_POINT('',(5.497787143782,23.699218688176));
#4743 = CARTESIAN_POINT('',(5.301437602933,23.705126656091));
#4744 = CARTESIAN_POINT('',(5.105088062083,23.720582633739));
#4745 = CARTESIAN_POINT('',(4.908738521234,23.744339371532));
#4746 = CARTESIAN_POINT('',(4.417864669111,23.820040312057));
#4747 = CARTESIAN_POINT('',(4.123340357837,23.880138912356));
#4748 = CARTESIAN_POINT('',(3.828816046568,23.948907420332));
#4749 = CARTESIAN_POINT('',(3.534291735291,24.017644771353));
#4750 = CARTESIAN_POINT('',(3.239767424023,24.076526855326));
#4751 = CARTESIAN_POINT('',(2.94524311274,24.117788393005));
#4752 = CARTESIAN_POINT('',(2.650718801466,24.137694581203));
#4753 = CARTESIAN_POINT('',(2.061670178918,24.135127622757));
#4754 = CARTESIAN_POINT('',(1.767145867653,24.112654466807));
#4755 = CARTESIAN_POINT('',(1.472621556351,24.06916534631));
#4756 = CARTESIAN_POINT('',(1.178097245139,24.008733965853));
#4757 = CARTESIAN_POINT('',(0.883572933803,23.939372002488));
#4758 = CARTESIAN_POINT('',(0.589048622557,23.870956791596));
#4759 = CARTESIAN_POINT('',(0.294524311274,23.812062332807));
#4760 = CARTESIAN_POINT('',(1.68753899743E-14,23.768456882216));
#4761 = ( GEOMETRIC_REPRESENTATION_CONTEXT(2) 
PARAMETRIC_REPRESENTATION_CONTEXT() REPRESENTATION_CONTEXT('2D SPACE',''
  ) );
#4762 = PCURVE('',#4763,#4768);
#4763 = PLANE('',#4764);
#4764 = AXIS2_PLACEMENT_3D('',#4765,#4766,#4767);
#4765 = CARTESIAN_POINT('',(-1.960394978517E-10,-2.242730497174E-10,
    111.33333333333));
#4766 = DIRECTION('',(0.,0.,1.));
#4767 = DIRECTION('',(1.,0.,0.));
#4768 = DEFINITIONAL_REPRESENTATION('',(#4769),#4773);
#4769 = ELLIPSE('',#4770,0.763858952949,0.733333333333);
#4770 = AXIS2_PLACEMENT_2D('',#4771,#4772);
#4771 = CARTESIAN_POINT('',(-16.86573484828,-16.86573484826));
#4772 = DIRECTION('',(0.707106781187,0.707106781187));
#4773 = ( GEOMETRIC_REPRESENTATION_CONTEXT(2) 
PARAMETRIC_REPRESENTATION_CONTEXT() REPRESENTATION_CONTEXT('2D SPACE',''
  ) );
#4774 = ORIENTED_EDGE('',*,*,#4775,.F.);
#4775 = EDGE_CURVE('',#4491,#4727,#4776,.T.);
#4776 = SEAM_CURVE('',#4777,(#4781,#4788),.PCURVE_S1.);
#4777 = LINE('',#4778,#4779);
#4778 = CARTESIAN_POINT('',(-22.31823244352,-21.6,134.15194617584));
#4779 = VECTOR('',#4780,1.);
#4780 = DIRECTION('',(0.197898664515,0.197898664515,-0.960037622787));
#4781 = PCURVE('',#4507,#4782);
#4782 = DEFINITIONAL_REPRESENTATION('',(#4783),#4787);
#4783 = LINE('',#4784,#4785);
#4784 = CARTESIAN_POINT('',(6.28318530718,-0.));
#4785 = VECTOR('',#4786,1.);
#4786 = DIRECTION('',(0.,1.));
#4787 = ( GEOMETRIC_REPRESENTATION_CONTEXT(2) 
PARAMETRIC_REPRESENTATION_CONTEXT() REPRESENTATION_CONTEXT('2D SPACE',''
  ) );
#4788 = PCURVE('',#4507,#4789);
#4789 = DEFINITIONAL_REPRESENTATION('',(#4790),#4794);
#4790 = LINE('',#4791,#4792);
#4791 = CARTESIAN_POINT('',(0.,-0.));
#4792 = VECTOR('',#4793,1.);
#4793 = DIRECTION('',(0.,1.));
#4794 = ( GEOMETRIC_REPRESENTATION_CONTEXT(2) 
PARAMETRIC_REPRESENTATION_CONTEXT() REPRESENTATION_CONTEXT('2D SPACE',''
  ) );
#4795 = ORIENTED_EDGE('',*,*,#4490,.F.);
#4796 = ORIENTED_EDGE('',*,*,#4775,.T.);
#4797 = ADVANCED_FACE('',(#4798),#4558,.T.);
#4798 = FACE_BOUND('',#4799,.T.);
#4799 = EDGE_LOOP('',(#4800,#4844,#4865,#4866));
#4800 = ORIENTED_EDGE('',*,*,#4801,.T.);
#4801 = EDGE_CURVE('',#4802,#4802,#4804,.T.);
#4802 = VERTEX_POINT('',#4803);
#4803 = CARTESIAN_POINT('',(16.116983128027,-16.83521557155,
    111.33333333333));
#4804 = SURFACE_CURVE('',#4805,(#4810,#4837),.PCURVE_S1.);
#4805 = ELLIPSE('',#4806,0.763858952949,0.733333333333);
#4806 = AXIS2_PLACEMENT_3D('',#4807,#4808,#4809);
#4807 = CARTESIAN_POINT('',(16.865734848485,-16.86573484848,
    111.33333333333));
#4808 = DIRECTION('',(0.,0.,1.));
#4809 = DIRECTION('',(-0.707106781187,0.707106781187,0.));
#4810 = PCURVE('',#4558,#4811);
#4811 = DEFINITIONAL_REPRESENTATION('',(#4812),#4836);
#4812 = B_SPLINE_CURVE_WITH_KNOTS('',8,(#4813,#4814,#4815,#4816,#4817,
    #4818,#4819,#4820,#4821,#4822,#4823,#4824,#4825,#4826,#4827,#4828,
    #4829,#4830,#4831,#4832,#4833,#4834,#4835),.UNSPECIFIED.,.F.,.F.,(9,
    7,7,9),(0.765012411229,2.335808738024,4.692003228216,7.048197718408)
  ,.UNSPECIFIED.);
#4813 = CARTESIAN_POINT('',(6.28318530718,24.076890261575));
#4814 = CARTESIAN_POINT('',(6.08683576633,24.047819961181));
#4815 = CARTESIAN_POINT('',(5.890486225481,24.011954742609));
#4816 = CARTESIAN_POINT('',(5.694136684632,23.971002568057));
#4817 = CARTESIAN_POINT('',(5.497787143782,23.927229498987));
#4818 = CARTESIAN_POINT('',(5.301437602933,23.883251992344));
#4819 = CARTESIAN_POINT('',(5.105088062084,23.841703869002));
#4820 = CARTESIAN_POINT('',(4.908738521234,23.804900123952));
#4821 = CARTESIAN_POINT('',(4.417864669111,23.729199183427));
#4822 = CARTESIAN_POINT('',(4.12334035784,23.69845632584));
#4823 = CARTESIAN_POINT('',(3.828816046559,23.688393741469));
#4824 = CARTESIAN_POINT('',(3.534291735302,23.702303619012));
#4825 = CARTESIAN_POINT('',(3.239767424012,23.73908153345));
#4826 = CARTESIAN_POINT('',(2.945243112743,23.792845769274));
#4827 = CARTESIAN_POINT('',(2.650718801466,23.85536486905));
#4828 = CARTESIAN_POINT('',(2.061670178918,23.981266666733));
#4829 = CARTESIAN_POINT('',(1.767145867652,24.044649820921));
#4830 = CARTESIAN_POINT('',(1.472621556356,24.100142002325));
#4831 = CARTESIAN_POINT('',(1.178097245151,24.139352547795));
#4832 = CARTESIAN_POINT('',(0.883572933805,24.156078074469));
#4833 = CARTESIAN_POINT('',(0.589048622556,24.14881247055));
#4834 = CARTESIAN_POINT('',(0.294524311274,24.120495712165));
#4835 = CARTESIAN_POINT('',(9.769962616701E-15,24.076890261575));
#4836 = ( GEOMETRIC_REPRESENTATION_CONTEXT(2) 
PARAMETRIC_REPRESENTATION_CONTEXT() REPRESENTATION_CONTEXT('2D SPACE',''
  ) );
#4837 = PCURVE('',#4763,#4838);
#4838 = DEFINITIONAL_REPRESENTATION('',(#4839),#4843);
#4839 = ELLIPSE('',#4840,0.763858952949,0.733333333333);
#4840 = AXIS2_PLACEMENT_2D('',#4841,#4842);
#4841 = CARTESIAN_POINT('',(16.865734848681,-16.86573484826));
#4842 = DIRECTION('',(-0.707106781187,0.707106781187));
#4843 = ( GEOMETRIC_REPRESENTATION_CONTEXT(2) 
PARAMETRIC_REPRESENTATION_CONTEXT() REPRESENTATION_CONTEXT('2D SPACE',''
  ) );
#4844 = ORIENTED_EDGE('',*,*,#4845,.F.);
#4845 = EDGE_CURVE('',#4542,#4802,#4846,.T.);
#4846 = SEAM_CURVE('',#4847,(#4851,#4858),.PCURVE_S1.);
#4847 = LINE('',#4848,#4849);
#4848 = CARTESIAN_POINT('',(20.881767556475,-21.6,134.44805382415));
#4849 = VECTOR('',#4850,1.);
#4850 = DIRECTION('',(-0.197898664515,0.197898664515,-0.960037622787));
#4851 = PCURVE('',#4558,#4852);
#4852 = DEFINITIONAL_REPRESENTATION('',(#4853),#4857);
#4853 = LINE('',#4854,#4855);
#4854 = CARTESIAN_POINT('',(6.28318530718,-0.));
#4855 = VECTOR('',#4856,1.);
#4856 = DIRECTION('',(0.,1.));
#4857 = ( GEOMETRIC_REPRESENTATION_CONTEXT(2) 
PARAMETRIC_REPRESENTATION_CONTEXT() REPRESENTATION_CONTEXT('2D SPACE',''
  ) );
#4858 = PCURVE('',#4558,#4859);
#4859 = DEFINITIONAL_REPRESENTATION('',(#4860),#4864);
#4860 = LINE('',#4861,#4862);
#4861 = CARTESIAN_POINT('',(0.,-0.));
#4862 = VECTOR('',#4863,1.);
#4863 = DIRECTION('',(0.,1.));
#4864 = ( GEOMETRIC_REPRESENTATION_CONTEXT(2) 
PARAMETRIC_REPRESENTATION_CONTEXT() REPRESENTATION_CONTEXT('2D SPACE',''
  ) );
#4865 = ORIENTED_EDGE('',*,*,#4541,.F.);
#4866 = ORIENTED_EDGE('',*,*,#4845,.T.);
#4867 = ADVANCED_FACE('',(#4868),#4609,.T.);
#4868 = FACE_BOUND('',#4869,.T.);
#4869 = EDGE_LOOP('',(#4870,#4914,#4935,#4936));
#4870 = ORIENTED_EDGE('',*,*,#4871,.T.);
#4871 = EDGE_CURVE('',#4872,#4872,#4874,.T.);
#4872 = VERTEX_POINT('',#4873);
#4873 = CARTESIAN_POINT('',(-17.61448656894,16.896254125418,
    111.33333333333));
#4874 = SURFACE_CURVE('',#4875,(#4880,#4907),.PCURVE_S1.);
#4875 = ELLIPSE('',#4876,0.763858952949,0.733333333333);
#4876 = AXIS2_PLACEMENT_3D('',#4877,#4878,#4879);
#4877 = CARTESIAN_POINT('',(-16.86573484848,16.865734848485,
    111.33333333333));
#4878 = DIRECTION('',(0.,0.,1.));
#4879 = DIRECTION('',(0.707106781187,-0.707106781187,0.));
#4880 = PCURVE('',#4609,#4881);
#4881 = DEFINITIONAL_REPRESENTATION('',(#4882),#4906);
#4882 = B_SPLINE_CURVE_WITH_KNOTS('',8,(#4883,#4884,#4885,#4886,#4887,
    #4888,#4889,#4890,#4891,#4892,#4893,#4894,#4895,#4896,#4897,#4898,
    #4899,#4900,#4901,#4902,#4903,#4904,#4905),.UNSPECIFIED.,.F.,.F.,(9,
    7,7,9),(3.906605064818,5.477401391613,7.833595881806,10.189790371998
    ),.UNSPECIFIED.);
#4883 = CARTESIAN_POINT('',(6.28318530718,23.768456882216));
#4884 = CARTESIAN_POINT('',(6.08683576633,23.79752718261));
#4885 = CARTESIAN_POINT('',(5.89048622548,23.833392401186));
#4886 = CARTESIAN_POINT('',(5.694136684633,23.874344575732));
#4887 = CARTESIAN_POINT('',(5.497787143783,23.918117644808));
#4888 = CARTESIAN_POINT('',(5.301437602932,23.962095151454));
#4889 = CARTESIAN_POINT('',(5.105088062084,24.003643274787));
#4890 = CARTESIAN_POINT('',(4.908738521234,24.04044701984));
#4891 = CARTESIAN_POINT('',(4.417864669111,24.116147960364));
#4892 = CARTESIAN_POINT('',(4.123340357835,24.146890817842));
#4893 = CARTESIAN_POINT('',(3.828816046554,24.1569534026));
#4894 = CARTESIAN_POINT('',(3.534291735291,24.143043524253));
#4895 = CARTESIAN_POINT('',(3.239767424009,24.10626561062));
#4896 = CARTESIAN_POINT('',(2.94524311274,24.052501374427));
#4897 = CARTESIAN_POINT('',(2.650718801466,23.989982274742));
#4898 = CARTESIAN_POINT('',(2.061670178918,23.864080477059));
#4899 = CARTESIAN_POINT('',(1.767145867643,23.800697322828));
#4900 = CARTESIAN_POINT('',(1.472621556374,23.745205141446));
#4901 = CARTESIAN_POINT('',(1.178097245087,23.705994595869));
#4902 = CARTESIAN_POINT('',(0.883572933826,23.689269069313));
#4903 = CARTESIAN_POINT('',(0.589048622546,23.696534673202));
#4904 = CARTESIAN_POINT('',(0.294524311274,23.724851431626));
#4905 = CARTESIAN_POINT('',(1.2111523905E-14,23.768456882216));
#4906 = ( GEOMETRIC_REPRESENTATION_CONTEXT(2) 
PARAMETRIC_REPRESENTATION_CONTEXT() REPRESENTATION_CONTEXT('2D SPACE',''
  ) );
#4907 = PCURVE('',#4763,#4908);
#4908 = DEFINITIONAL_REPRESENTATION('',(#4909),#4913);
#4909 = ELLIPSE('',#4910,0.763858952949,0.733333333333);
#4910 = AXIS2_PLACEMENT_2D('',#4911,#4912);
#4911 = CARTESIAN_POINT('',(-16.86573484828,16.865734848709));
#4912 = DIRECTION('',(0.707106781187,-0.707106781187));
#4913 = ( GEOMETRIC_REPRESENTATION_CONTEXT(2) 
PARAMETRIC_REPRESENTATION_CONTEXT() REPRESENTATION_CONTEXT('2D SPACE',''
  ) );
#4914 = ORIENTED_EDGE('',*,*,#4915,.F.);
#4915 = EDGE_CURVE('',#4593,#4872,#4916,.T.);
#4916 = SEAM_CURVE('',#4917,(#4921,#4928),.PCURVE_S1.);
#4917 = LINE('',#4918,#4919);
#4918 = CARTESIAN_POINT('',(-22.31823244352,21.6,134.15194617584));
#4919 = VECTOR('',#4920,1.);
#4920 = DIRECTION('',(0.197898664515,-0.197898664515,-0.960037622787));
#4921 = PCURVE('',#4609,#4922);
#4922 = DEFINITIONAL_REPRESENTATION('',(#4923),#4927);
#4923 = LINE('',#4924,#4925);
#4924 = CARTESIAN_POINT('',(6.28318530718,-0.));
#4925 = VECTOR('',#4926,1.);
#4926 = DIRECTION('',(0.,1.));
#4927 = ( GEOMETRIC_REPRESENTATION_CONTEXT(2) 
PARAMETRIC_REPRESENTATION_CONTEXT() REPRESENTATION_CONTEXT('2D SPACE',''
  ) );
#4928 = PCURVE('',#4609,#4929);
#4929 = DEFINITIONAL_REPRESENTATION('',(#4930),#4934);
#4930 = LINE('',#4931,#4932);
#4931 = CARTESIAN_POINT('',(0.,-0.));
#4932 = VECTOR('',#4933,1.);
#4933 = DIRECTION('',(0.,1.));
#4934 = ( GEOMETRIC_REPRESENTATION_CONTEXT(2) 
PARAMETRIC_REPRESENTATION_CONTEXT() REPRESENTATION_CONTEXT('2D SPACE',''
  ) );
#4935 = ORIENTED_EDGE('',*,*,#4592,.F.);
#4936 = ORIENTED_EDGE('',*,*,#4915,.T.);
#4937 = ADVANCED_FACE('',(#4938),#4660,.T.);
#4938 = FACE_BOUND('',#4939,.T.);
#4939 = EDGE_LOOP('',(#4940,#4941,#4964,#4986));
#4940 = ORIENTED_EDGE('',*,*,#4643,.F.);
#4941 = ORIENTED_EDGE('',*,*,#4942,.F.);
#4942 = EDGE_CURVE('',#4943,#4644,#4945,.T.);
#4943 = VERTEX_POINT('',#4944);
#4944 = CARTESIAN_POINT('',(1.5,-3.673940397442E-16,111.33333333333));
#4945 = SEAM_CURVE('',#4946,(#4950,#4957),.PCURVE_S1.);
#4946 = LINE('',#4947,#4948);
#4947 = CARTESIAN_POINT('',(1.5,-3.673940397442E-16,75.133333333333));
#4948 = VECTOR('',#4949,1.);
#4949 = DIRECTION('',(0.,0.,1.));
#4950 = PCURVE('',#4660,#4951);
#4951 = DEFINITIONAL_REPRESENTATION('',(#4952),#4956);
#4952 = LINE('',#4953,#4954);
#4953 = CARTESIAN_POINT('',(6.28318530718,-0.));
#4954 = VECTOR('',#4955,1.);
#4955 = DIRECTION('',(0.,1.));
#4956 = ( GEOMETRIC_REPRESENTATION_CONTEXT(2) 
PARAMETRIC_REPRESENTATION_CONTEXT() REPRESENTATION_CONTEXT('2D SPACE',''
  ) );
#4957 = PCURVE('',#4660,#4958);
#4958 = DEFINITIONAL_REPRESENTATION('',(#4959),#4963);
#4959 = LINE('',#4960,#4961);
#4960 = CARTESIAN_POINT('',(0.,-0.));
#4961 = VECTOR('',#4962,1.);
#4962 = DIRECTION('',(0.,1.));
#4963 = ( GEOMETRIC_REPRESENTATION_CONTEXT(2) 
PARAMETRIC_REPRESENTATION_CONTEXT() REPRESENTATION_CONTEXT('2D SPACE',''
  ) );
#4964 = ORIENTED_EDGE('',*,*,#4965,.T.);
#4965 = EDGE_CURVE('',#4943,#4943,#4966,.T.);
#4966 = SURFACE_CURVE('',#4967,(#4972,#4979),.PCURVE_S1.);
#4967 = CIRCLE('',#4968,1.5);
#4968 = AXIS2_PLACEMENT_3D('',#4969,#4970,#4971);
#4969 = CARTESIAN_POINT('',(0.,0.,111.33333333333));
#4970 = DIRECTION('',(0.,0.,1.));
#4971 = DIRECTION('',(1.,0.,-0.));
#4972 = PCURVE('',#4660,#4973);
#4973 = DEFINITIONAL_REPRESENTATION('',(#4974),#4978);
#4974 = LINE('',#4975,#4976);
#4975 = CARTESIAN_POINT('',(0.,36.2));
#4976 = VECTOR('',#4977,1.);
#4977 = DIRECTION('',(1.,0.));
#4978 = ( GEOMETRIC_REPRESENTATION_CONTEXT(2) 
PARAMETRIC_REPRESENTATION_CONTEXT() REPRESENTATION_CONTEXT('2D SPACE',''
  ) );
#4979 = PCURVE('',#4763,#4980);
#4980 = DEFINITIONAL_REPRESENTATION('',(#4981),#4985);
#4981 = CIRCLE('',#4982,1.5);
#4982 = AXIS2_PLACEMENT_2D('',#4983,#4984);
#4983 = CARTESIAN_POINT('',(1.960394978517E-10,2.242730497174E-10));
#4984 = DIRECTION('',(1.,0.));
#4985 = ( GEOMETRIC_REPRESENTATION_CONTEXT(2) 
PARAMETRIC_REPRESENTATION_CONTEXT() REPRESENTATION_CONTEXT('2D SPACE',''
  ) );
#4986 = ORIENTED_EDGE('',*,*,#4942,.T.);
#4987 = ADVANCED_FACE('',(#4988),#4691,.T.);
#4988 = FACE_BOUND('',#4989,.T.);
#4989 = EDGE_LOOP('',(#4990,#5034,#5055,#5056));
#4990 = ORIENTED_EDGE('',*,*,#4991,.T.);
#4991 = EDGE_CURVE('',#4992,#4992,#4994,.T.);
#4992 = VERTEX_POINT('',#4993);
#4993 = CARTESIAN_POINT('',(16.116983128027,16.835215571551,
    111.33333333333));
#4994 = SURFACE_CURVE('',#4995,(#5000,#5027),.PCURVE_S1.);
#4995 = ELLIPSE('',#4996,0.763858952949,0.733333333333);
#4996 = AXIS2_PLACEMENT_3D('',#4997,#4998,#4999);
#4997 = CARTESIAN_POINT('',(16.865734848485,16.865734848485,
    111.33333333333));
#4998 = DIRECTION('',(0.,0.,1.));
#4999 = DIRECTION('',(-0.707106781187,-0.707106781187,0.));
#5000 = PCURVE('',#4691,#5001);
#5001 = DEFINITIONAL_REPRESENTATION('',(#5002),#5026);
#5002 = B_SPLINE_CURVE_WITH_KNOTS('',8,(#5003,#5004,#5005,#5006,#5007,
    #5008,#5009,#5010,#5011,#5012,#5013,#5014,#5015,#5016,#5017,#5018,
    #5019,#5020,#5021,#5022,#5023,#5024,#5025),.UNSPECIFIED.,.F.,.F.,(9,
    7,7,9),(5.518172895951,7.088969222746,9.445163712938,11.801358203131
    ),.UNSPECIFIED.);
#5003 = CARTESIAN_POINT('',(6.28318530718,24.076890261575));
#5004 = CARTESIAN_POINT('',(6.08683576633,24.105960561969));
#5005 = CARTESIAN_POINT('',(5.890486225481,24.128235806776));
#5006 = CARTESIAN_POINT('',(5.694136684632,24.142009364944));
#5007 = CARTESIAN_POINT('',(5.497787143782,24.146128455616));
#5008 = CARTESIAN_POINT('',(5.301437602933,24.1402204877));
#5009 = CARTESIAN_POINT('',(5.105088062083,24.124764510052));
#5010 = CARTESIAN_POINT('',(4.908738521234,24.101007772259));
#5011 = CARTESIAN_POINT('',(4.417864669111,24.025306831735));
#5012 = CARTESIAN_POINT('',(4.123340357838,23.965208231404));
#5013 = CARTESIAN_POINT('',(3.828816046567,23.896439723515));
#5014 = CARTESIAN_POINT('',(3.534291735294,23.827702372197));
#5015 = CARTESIAN_POINT('',(3.239767424018,23.768820288487));
#5016 = CARTESIAN_POINT('',(2.945243112741,23.727558750741));
#5017 = CARTESIAN_POINT('',(2.650718801466,23.707652562588));
#5018 = CARTESIAN_POINT('',(2.061670178918,23.710219521035));
#5019 = CARTESIAN_POINT('',(1.767145867647,23.732692676971));
#5020 = CARTESIAN_POINT('',(1.472621556378,23.776181797433));
#5021 = CARTESIAN_POINT('',(1.178097245115,23.836613177872));
#5022 = CARTESIAN_POINT('',(0.883572933833,23.905975141288));
#5023 = CARTESIAN_POINT('',(0.589048622551,23.974390352178));
#5024 = CARTESIAN_POINT('',(0.294524311274,24.033284810985));
#5025 = CARTESIAN_POINT('',(1.42108547152E-14,24.076890261575));
#5026 = ( GEOMETRIC_REPRESENTATION_CONTEXT(2) 
PARAMETRIC_REPRESENTATION_CONTEXT() REPRESENTATION_CONTEXT('2D SPACE',''
  ) );
#5027 = PCURVE('',#4763,#5028);
#5028 = DEFINITIONAL_REPRESENTATION('',(#5029),#5033);
#5029 = ELLIPSE('',#5030,0.763858952949,0.733333333333);
#5030 = AXIS2_PLACEMENT_2D('',#5031,#5032);
#5031 = CARTESIAN_POINT('',(16.865734848681,16.865734848709));
#5032 = DIRECTION('',(-0.707106781187,-0.707106781187));
#5033 = ( GEOMETRIC_REPRESENTATION_CONTEXT(2) 
PARAMETRIC_REPRESENTATION_CONTEXT() REPRESENTATION_CONTEXT('2D SPACE',''
  ) );
#5034 = ORIENTED_EDGE('',*,*,#5035,.F.);
#5035 = EDGE_CURVE('',#4675,#4992,#5036,.T.);
#5036 = SEAM_CURVE('',#5037,(#5041,#5048),.PCURVE_S1.);
#5037 = LINE('',#5038,#5039);
#5038 = CARTESIAN_POINT('',(20.881767556475,21.6,134.44805382415));
#5039 = VECTOR('',#5040,1.);
#5040 = DIRECTION('',(-0.197898664515,-0.197898664515,-0.960037622787));
#5041 = PCURVE('',#4691,#5042);
#5042 = DEFINITIONAL_REPRESENTATION('',(#5043),#5047);
#5043 = LINE('',#5044,#5045);
#5044 = CARTESIAN_POINT('',(6.28318530718,-0.));
#5045 = VECTOR('',#5046,1.);
#5046 = DIRECTION('',(0.,1.));
#5047 = ( GEOMETRIC_REPRESENTATION_CONTEXT(2) 
PARAMETRIC_REPRESENTATION_CONTEXT() REPRESENTATION_CONTEXT('2D SPACE',''
  ) );
#5048 = PCURVE('',#4691,#5049);
#5049 = DEFINITIONAL_REPRESENTATION('',(#5050),#5054);
#5050 = LINE('',#5051,#5052);
#5051 = CARTESIAN_POINT('',(0.,-0.));
#5052 = VECTOR('',#5053,1.);
#5053 = DIRECTION('',(0.,1.));
#5054 = ( GEOMETRIC_REPRESENTATION_CONTEXT(2) 
PARAMETRIC_REPRESENTATION_CONTEXT() REPRESENTATION_CONTEXT('2D SPACE',''
  ) );
#5055 = ORIENTED_EDGE('',*,*,#4674,.F.);
#5056 = ORIENTED_EDGE('',*,*,#5035,.T.);
#5057 = ADVANCED_FACE('',(#5058,#5304,#5307,#5310,#5313,#5316),#4763,.T.
  );
#5058 = FACE_BOUND('',#5059,.T.);
#5059 = EDGE_LOOP('',(#5060,#5090,#5123,#5151,#5184,#5212,#5245,#5273));
#5060 = ORIENTED_EDGE('',*,*,#5061,.F.);
#5061 = EDGE_CURVE('',#5062,#5064,#5066,.T.);
#5062 = VERTEX_POINT('',#5063);
#5063 = CARTESIAN_POINT('',(-19.66666666666,-13.66666666666,
    111.33333333333));
#5064 = VERTEX_POINT('',#5065);
#5065 = CARTESIAN_POINT('',(-19.66666666666,13.666666665416,
    111.33333333333));
#5066 = SURFACE_CURVE('',#5067,(#5071,#5078),.PCURVE_S1.);
#5067 = LINE('',#5068,#5069);
#5068 = CARTESIAN_POINT('',(-19.66666666666,4.796163466381E-14,
    111.33333333333));
#5069 = VECTOR('',#5070,1.);
#5070 = DIRECTION('',(0.,1.,0.));
#5071 = PCURVE('',#4763,#5072);
#5072 = DEFINITIONAL_REPRESENTATION('',(#5073),#5077);
#5073 = LINE('',#5074,#5075);
#5074 = CARTESIAN_POINT('',(-19.66666666647,2.243210113521E-10));
#5075 = VECTOR('',#5076,1.);
#5076 = DIRECTION('',(0.,1.));
#5077 = ( GEOMETRIC_REPRESENTATION_CONTEXT(2) 
PARAMETRIC_REPRESENTATION_CONTEXT() REPRESENTATION_CONTEXT('2D SPACE',''
  ) );
#5078 = PCURVE('',#5079,#5084);
#5079 = PLANE('',#5080);
#5080 = AXIS2_PLACEMENT_3D('',#5081,#5082,#5083);
#5081 = CARTESIAN_POINT('',(-19.66666666666,-13.66666666666,
    110.33333333333));
#5082 = DIRECTION('',(-1.,0.,0.));
#5083 = DIRECTION('',(0.,1.,0.));
#5084 = DEFINITIONAL_REPRESENTATION('',(#5085),#5089);
#5085 = LINE('',#5086,#5087);
#5086 = CARTESIAN_POINT('',(13.666666666667,-1.));
#5087 = VECTOR('',#5088,1.);
#5088 = DIRECTION('',(1.,0.));
#5089 = ( GEOMETRIC_REPRESENTATION_CONTEXT(2) 
PARAMETRIC_REPRESENTATION_CONTEXT() REPRESENTATION_CONTEXT('2D SPACE',''
  ) );
#5090 = ORIENTED_EDGE('',*,*,#5091,.F.);
#5091 = EDGE_CURVE('',#5092,#5062,#5094,.T.);
#5092 = VERTEX_POINT('',#5093);
#5093 = CARTESIAN_POINT('',(-13.66666666666,-19.66666666666,
    111.33333333333));
#5094 = SURFACE_CURVE('',#5095,(#5100,#5111),.PCURVE_S1.);
#5095 = CIRCLE('',#5096,6.);
#5096 = AXIS2_PLACEMENT_3D('',#5097,#5098,#5099);
#5097 = CARTESIAN_POINT('',(-13.66666666666,-13.66666666666,
    111.33333333333));
#5098 = DIRECTION('',(0.,0.,-1.));
#5099 = DIRECTION('',(-1.,0.,0.));
#5100 = PCURVE('',#4763,#5101);
#5101 = DEFINITIONAL_REPRESENTATION('',(#5102),#5110);
#5102 = ( BOUNDED_CURVE() B_SPLINE_CURVE(2,(#5103,#5104,#5105,#5106,
#5107,#5108,#5109),.UNSPECIFIED.,.T.,.F.) B_SPLINE_CURVE_WITH_KNOTS((1,2
    ,2,2,2,1),(-2.094395102393,0.,2.094395102393,4.188790204786,
6.28318530718,8.377580409573),.UNSPECIFIED.) CURVE() 
GEOMETRIC_REPRESENTATION_ITEM() RATIONAL_B_SPLINE_CURVE((1.,0.5,1.,0.5,
1.,0.5,1.)) REPRESENTATION_ITEM('') );
#5103 = CARTESIAN_POINT('',(-19.66666666647,-13.66666666644));
#5104 = CARTESIAN_POINT('',(-19.66666666647,-3.274361821029));
#5105 = CARTESIAN_POINT('',(-10.66666666647,-8.470514243736));
#5106 = CARTESIAN_POINT('',(-1.666666666471,-13.66666666644));
#5107 = CARTESIAN_POINT('',(-10.66666666647,-18.86281908914));
#5108 = CARTESIAN_POINT('',(-19.66666666647,-24.05897151185));
#5109 = CARTESIAN_POINT('',(-19.66666666647,-13.66666666644));
#5110 = ( GEOMETRIC_REPRESENTATION_CONTEXT(2) 
PARAMETRIC_REPRESENTATION_CONTEXT() REPRESENTATION_CONTEXT('2D SPACE',''
  ) );
#5111 = PCURVE('',#5112,#5117);
#5112 = CYLINDRICAL_SURFACE('',#5113,6.);
#5113 = AXIS2_PLACEMENT_3D('',#5114,#5115,#5116);
#5114 = CARTESIAN_POINT('',(-13.66666666666,-13.66666666666,
    110.33333333333));
#5115 = DIRECTION('',(0.,0.,-1.));
#5116 = DIRECTION('',(-1.,0.,0.));
#5117 = DEFINITIONAL_REPRESENTATION('',(#5118),#5122);
#5118 = LINE('',#5119,#5120);
#5119 = CARTESIAN_POINT('',(0.,-1.));
#5120 = VECTOR('',#5121,1.);
#5121 = DIRECTION('',(1.,0.));
#5122 = ( GEOMETRIC_REPRESENTATION_CONTEXT(2) 
PARAMETRIC_REPRESENTATION_CONTEXT() REPRESENTATION_CONTEXT('2D SPACE',''
  ) );
#5123 = ORIENTED_EDGE('',*,*,#5124,.T.);
#5124 = EDGE_CURVE('',#5092,#5125,#5127,.T.);
#5125 = VERTEX_POINT('',#5126);
#5126 = CARTESIAN_POINT('',(13.666666665416,-19.66666666666,
    111.33333333333));
#5127 = SURFACE_CURVE('',#5128,(#5132,#5139),.PCURVE_S1.);
#5128 = LINE('',#5129,#5130);
#5129 = CARTESIAN_POINT('',(0.,-19.66666666666,111.33333333333));
#5130 = VECTOR('',#5131,1.);
#5131 = DIRECTION('',(1.,0.,0.));
#5132 = PCURVE('',#4763,#5133);
#5133 = DEFINITIONAL_REPRESENTATION('',(#5134),#5138);
#5134 = LINE('',#5135,#5136);
#5135 = CARTESIAN_POINT('',(1.960394978517E-10,-19.66666666644));
#5136 = VECTOR('',#5137,1.);
#5137 = DIRECTION('',(1.,0.));
#5138 = ( GEOMETRIC_REPRESENTATION_CONTEXT(2) 
PARAMETRIC_REPRESENTATION_CONTEXT() REPRESENTATION_CONTEXT('2D SPACE',''
  ) );
#5139 = PCURVE('',#5140,#5145);
#5140 = PLANE('',#5141);
#5141 = AXIS2_PLACEMENT_3D('',#5142,#5143,#5144);
#5142 = CARTESIAN_POINT('',(-13.66666666666,-19.66666666666,
    110.33333333333));
#5143 = DIRECTION('',(0.,1.,0.));
#5144 = DIRECTION('',(1.,0.,0.));
#5145 = DEFINITIONAL_REPRESENTATION('',(#5146),#5150);
#5146 = LINE('',#5147,#5148);
#5147 = CARTESIAN_POINT('',(13.666666666667,-1.));
#5148 = VECTOR('',#5149,1.);
#5149 = DIRECTION('',(1.,0.));
#5150 = ( GEOMETRIC_REPRESENTATION_CONTEXT(2) 
PARAMETRIC_REPRESENTATION_CONTEXT() REPRESENTATION_CONTEXT('2D SPACE',''
  ) );
#5151 = ORIENTED_EDGE('',*,*,#5152,.F.);
#5152 = EDGE_CURVE('',#5153,#5125,#5155,.T.);
#5153 = VERTEX_POINT('',#5154);
#5154 = CARTESIAN_POINT('',(19.666666666042,-13.66666666666,
    111.33333333333));
#5155 = SURFACE_CURVE('',#5156,(#5161,#5172),.PCURVE_S1.);
#5156 = CIRCLE('',#5157,6.);
#5157 = AXIS2_PLACEMENT_3D('',#5158,#5159,#5160);
#5158 = CARTESIAN_POINT('',(13.666666665416,-13.66666666666,
    111.33333333333));
#5159 = DIRECTION('',(0.,0.,-1.));
#5160 = DIRECTION('',(-1.,0.,0.));
#5161 = PCURVE('',#4763,#5162);
#5162 = DEFINITIONAL_REPRESENTATION('',(#5163),#5171);
#5163 = ( BOUNDED_CURVE() B_SPLINE_CURVE(2,(#5164,#5165,#5166,#5167,
#5168,#5169,#5170),.UNSPECIFIED.,.T.,.F.) B_SPLINE_CURVE_WITH_KNOTS((1,2
    ,2,2,2,1),(-2.094395102393,0.,2.094395102393,4.188790204786,
6.28318530718,8.377580409573),.UNSPECIFIED.) CURVE() 
GEOMETRIC_REPRESENTATION_ITEM() RATIONAL_B_SPLINE_CURVE((1.,0.5,1.,0.5,
1.,0.5,1.)) REPRESENTATION_ITEM('') );
#5164 = CARTESIAN_POINT('',(7.666666665612,-13.66666666644));
#5165 = CARTESIAN_POINT('',(7.666666665612,-3.274361821029));
#5166 = CARTESIAN_POINT('',(16.666666665612,-8.470514243736));
#5167 = CARTESIAN_POINT('',(25.666666665612,-13.66666666644));
#5168 = CARTESIAN_POINT('',(16.666666665612,-18.86281908914));
#5169 = CARTESIAN_POINT('',(7.666666665612,-24.05897151185));
#5170 = CARTESIAN_POINT('',(7.666666665612,-13.66666666644));
#5171 = ( GEOMETRIC_REPRESENTATION_CONTEXT(2) 
PARAMETRIC_REPRESENTATION_CONTEXT() REPRESENTATION_CONTEXT('2D SPACE',''
  ) );
#5172 = PCURVE('',#5173,#5178);
#5173 = CYLINDRICAL_SURFACE('',#5174,6.);
#5174 = AXIS2_PLACEMENT_3D('',#5175,#5176,#5177);
#5175 = CARTESIAN_POINT('',(13.666666665416,-13.66666666666,
    110.33333333333));
#5176 = DIRECTION('',(0.,0.,-1.));
#5177 = DIRECTION('',(-1.,0.,0.));
#5178 = DEFINITIONAL_REPRESENTATION('',(#5179),#5183);
#5179 = LINE('',#5180,#5181);
#5180 = CARTESIAN_POINT('',(0.,-1.));
#5181 = VECTOR('',#5182,1.);
#5182 = DIRECTION('',(1.,0.));
#5183 = ( GEOMETRIC_REPRESENTATION_CONTEXT(2) 
PARAMETRIC_REPRESENTATION_CONTEXT() REPRESENTATION_CONTEXT('2D SPACE',''
  ) );
#5184 = ORIENTED_EDGE('',*,*,#5185,.T.);
#5185 = EDGE_CURVE('',#5153,#5186,#5188,.T.);
#5186 = VERTEX_POINT('',#5187);
#5187 = CARTESIAN_POINT('',(19.666666666667,13.666666665416,
    111.33333333333));
#5188 = SURFACE_CURVE('',#5189,(#5193,#5200),.PCURVE_S1.);
#5189 = LINE('',#5190,#5191);
#5190 = CARTESIAN_POINT('',(19.666666666667,4.796163466381E-14,
    111.33333333333));
#5191 = VECTOR('',#5192,1.);
#5192 = DIRECTION('',(0.,1.,0.));
#5193 = PCURVE('',#4763,#5194);
#5194 = DEFINITIONAL_REPRESENTATION('',(#5195),#5199);
#5195 = LINE('',#5196,#5197);
#5196 = CARTESIAN_POINT('',(19.666666666863,2.243210113521E-10));
#5197 = VECTOR('',#5198,1.);
#5198 = DIRECTION('',(0.,1.));
#5199 = ( GEOMETRIC_REPRESENTATION_CONTEXT(2) 
PARAMETRIC_REPRESENTATION_CONTEXT() REPRESENTATION_CONTEXT('2D SPACE',''
  ) );
#5200 = PCURVE('',#5201,#5206);
#5201 = PLANE('',#5202);
#5202 = AXIS2_PLACEMENT_3D('',#5203,#5204,#5205);
#5203 = CARTESIAN_POINT('',(19.666666666667,-13.66666666666,
    110.33333333333));
#5204 = DIRECTION('',(-1.,0.,0.));
#5205 = DIRECTION('',(0.,1.,0.));
#5206 = DEFINITIONAL_REPRESENTATION('',(#5207),#5211);
#5207 = LINE('',#5208,#5209);
#5208 = CARTESIAN_POINT('',(13.666666666667,-1.));
#5209 = VECTOR('',#5210,1.);
#5210 = DIRECTION('',(1.,0.));
#5211 = ( GEOMETRIC_REPRESENTATION_CONTEXT(2) 
PARAMETRIC_REPRESENTATION_CONTEXT() REPRESENTATION_CONTEXT('2D SPACE',''
  ) );
#5212 = ORIENTED_EDGE('',*,*,#5213,.F.);
#5213 = EDGE_CURVE('',#5214,#5186,#5216,.T.);
#5214 = VERTEX_POINT('',#5215);
#5215 = CARTESIAN_POINT('',(13.666666666667,19.666666666042,
    111.33333333333));
#5216 = SURFACE_CURVE('',#5217,(#5222,#5233),.PCURVE_S1.);
#5217 = CIRCLE('',#5218,6.);
#5218 = AXIS2_PLACEMENT_3D('',#5219,#5220,#5221);
#5219 = CARTESIAN_POINT('',(13.666666666667,13.666666665416,
    111.33333333333));
#5220 = DIRECTION('',(0.,0.,-1.));
#5221 = DIRECTION('',(-1.,0.,0.));
#5222 = PCURVE('',#4763,#5223);
#5223 = DEFINITIONAL_REPRESENTATION('',(#5224),#5232);
#5224 = ( BOUNDED_CURVE() B_SPLINE_CURVE(2,(#5225,#5226,#5227,#5228,
#5229,#5230,#5231),.UNSPECIFIED.,.T.,.F.) B_SPLINE_CURVE_WITH_KNOTS((1,2
    ,2,2,2,1),(-2.094395102393,0.,2.094395102393,4.188790204786,
6.28318530718,8.377580409573),.UNSPECIFIED.) CURVE() 
GEOMETRIC_REPRESENTATION_ITEM() RATIONAL_B_SPLINE_CURVE((1.,0.5,1.,0.5,
1.,0.5,1.)) REPRESENTATION_ITEM('') );
#5225 = CARTESIAN_POINT('',(7.666666666863,13.666666665641));
#5226 = CARTESIAN_POINT('',(7.666666666863,24.058971511054));
#5227 = CARTESIAN_POINT('',(16.666666666863,18.862819088347));
#5228 = CARTESIAN_POINT('',(25.666666666863,13.666666665641));
#5229 = CARTESIAN_POINT('',(16.666666666863,8.470514242934));
#5230 = CARTESIAN_POINT('',(7.666666666863,3.274361820227));
#5231 = CARTESIAN_POINT('',(7.666666666863,13.666666665641));
#5232 = ( GEOMETRIC_REPRESENTATION_CONTEXT(2) 
PARAMETRIC_REPRESENTATION_CONTEXT() REPRESENTATION_CONTEXT('2D SPACE',''
  ) );
#5233 = PCURVE('',#5234,#5239);
#5234 = CYLINDRICAL_SURFACE('',#5235,6.);
#5235 = AXIS2_PLACEMENT_3D('',#5236,#5237,#5238);
#5236 = CARTESIAN_POINT('',(13.666666666667,13.666666665416,
    110.33333333333));
#5237 = DIRECTION('',(0.,0.,-1.));
#5238 = DIRECTION('',(-1.,0.,0.));
#5239 = DEFINITIONAL_REPRESENTATION('',(#5240),#5244);
#5240 = LINE('',#5241,#5242);
#5241 = CARTESIAN_POINT('',(0.,-1.));
#5242 = VECTOR('',#5243,1.);
#5243 = DIRECTION('',(1.,0.));
#5244 = ( GEOMETRIC_REPRESENTATION_CONTEXT(2) 
PARAMETRIC_REPRESENTATION_CONTEXT() REPRESENTATION_CONTEXT('2D SPACE',''
  ) );
#5245 = ORIENTED_EDGE('',*,*,#5246,.F.);
#5246 = EDGE_CURVE('',#5247,#5214,#5249,.T.);
#5247 = VERTEX_POINT('',#5248);
#5248 = CARTESIAN_POINT('',(-13.66666666666,19.666666666042,
    111.33333333333));
#5249 = SURFACE_CURVE('',#5250,(#5254,#5261),.PCURVE_S1.);
#5250 = LINE('',#5251,#5252);
#5251 = CARTESIAN_POINT('',(0.,19.666666666667,111.33333333333));
#5252 = VECTOR('',#5253,1.);
#5253 = DIRECTION('',(1.,0.,0.));
#5254 = PCURVE('',#4763,#5255);
#5255 = DEFINITIONAL_REPRESENTATION('',(#5256),#5260);
#5256 = LINE('',#5257,#5258);
#5257 = CARTESIAN_POINT('',(1.960394978517E-10,19.666666666891));
#5258 = VECTOR('',#5259,1.);
#5259 = DIRECTION('',(1.,0.));
#5260 = ( GEOMETRIC_REPRESENTATION_CONTEXT(2) 
PARAMETRIC_REPRESENTATION_CONTEXT() REPRESENTATION_CONTEXT('2D SPACE',''
  ) );
#5261 = PCURVE('',#5262,#5267);
#5262 = PLANE('',#5263);
#5263 = AXIS2_PLACEMENT_3D('',#5264,#5265,#5266);
#5264 = CARTESIAN_POINT('',(-13.66666666666,19.666666666667,
    110.33333333333));
#5265 = DIRECTION('',(0.,1.,0.));
#5266 = DIRECTION('',(1.,0.,0.));
#5267 = DEFINITIONAL_REPRESENTATION('',(#5268),#5272);
#5268 = LINE('',#5269,#5270);
#5269 = CARTESIAN_POINT('',(13.666666666667,-1.));
#5270 = VECTOR('',#5271,1.);
#5271 = DIRECTION('',(1.,0.));
#5272 = ( GEOMETRIC_REPRESENTATION_CONTEXT(2) 
PARAMETRIC_REPRESENTATION_CONTEXT() REPRESENTATION_CONTEXT('2D SPACE',''
  ) );
#5273 = ORIENTED_EDGE('',*,*,#5274,.F.);
#5274 = EDGE_CURVE('',#5064,#5247,#5275,.T.);
#5275 = SURFACE_CURVE('',#5276,(#5281,#5292),.PCURVE_S1.);
#5276 = CIRCLE('',#5277,6.);
#5277 = AXIS2_PLACEMENT_3D('',#5278,#5279,#5280);
#5278 = CARTESIAN_POINT('',(-13.66666666666,13.666666665416,
    111.33333333333));
#5279 = DIRECTION('',(0.,0.,-1.));
#5280 = DIRECTION('',(-1.,0.,0.));
#5281 = PCURVE('',#4763,#5282);
#5282 = DEFINITIONAL_REPRESENTATION('',(#5283),#5291);
#5283 = ( BOUNDED_CURVE() B_SPLINE_CURVE(2,(#5284,#5285,#5286,#5287,
#5288,#5289,#5290),.UNSPECIFIED.,.T.,.F.) B_SPLINE_CURVE_WITH_KNOTS((1,2
    ,2,2,2,1),(-2.094395102393,0.,2.094395102393,4.188790204786,
6.28318530718,8.377580409573),.UNSPECIFIED.) CURVE() 
GEOMETRIC_REPRESENTATION_ITEM() RATIONAL_B_SPLINE_CURVE((1.,0.5,1.,0.5,
1.,0.5,1.)) REPRESENTATION_ITEM('') );
#5284 = CARTESIAN_POINT('',(-19.66666666647,13.666666665641));
#5285 = CARTESIAN_POINT('',(-19.66666666647,24.058971511054));
#5286 = CARTESIAN_POINT('',(-10.66666666647,18.862819088347));
#5287 = CARTESIAN_POINT('',(-1.666666666471,13.666666665641));
#5288 = CARTESIAN_POINT('',(-10.66666666647,8.470514242934));
#5289 = CARTESIAN_POINT('',(-19.66666666647,3.274361820227));
#5290 = CARTESIAN_POINT('',(-19.66666666647,13.666666665641));
#5291 = ( GEOMETRIC_REPRESENTATION_CONTEXT(2) 
PARAMETRIC_REPRESENTATION_CONTEXT() REPRESENTATION_CONTEXT('2D SPACE',''
  ) );
#5292 = PCURVE('',#5293,#5298);
#5293 = CYLINDRICAL_SURFACE('',#5294,6.);
#5294 = AXIS2_PLACEMENT_3D('',#5295,#5296,#5297);
#5295 = CARTESIAN_POINT('',(-13.66666666666,13.666666665416,
    110.33333333333));
#5296 = DIRECTION('',(0.,0.,-1.));
#5297 = DIRECTION('',(-1.,0.,0.));
#5298 = DEFINITIONAL_REPRESENTATION('',(#5299),#5303);
#5299 = LINE('',#5300,#5301);
#5300 = CARTESIAN_POINT('',(0.,-1.));
#5301 = VECTOR('',#5302,1.);
#5302 = DIRECTION('',(1.,0.));
#5303 = ( GEOMETRIC_REPRESENTATION_CONTEXT(2) 
PARAMETRIC_REPRESENTATION_CONTEXT() REPRESENTATION_CONTEXT('2D SPACE',''
  ) );
#5304 = FACE_BOUND('',#5305,.T.);
#5305 = EDGE_LOOP('',(#5306));
#5306 = ORIENTED_EDGE('',*,*,#4726,.F.);
#5307 = FACE_BOUND('',#5308,.T.);
#5308 = EDGE_LOOP('',(#5309));
#5309 = ORIENTED_EDGE('',*,*,#4801,.F.);
#5310 = FACE_BOUND('',#5311,.T.);
#5311 = EDGE_LOOP('',(#5312));
#5312 = ORIENTED_EDGE('',*,*,#4871,.F.);
#5313 = FACE_BOUND('',#5314,.T.);
#5314 = EDGE_LOOP('',(#5315));
#5315 = ORIENTED_EDGE('',*,*,#4965,.F.);
#5316 = FACE_BOUND('',#5317,.T.);
#5317 = EDGE_LOOP('',(#5318));
#5318 = ORIENTED_EDGE('',*,*,#4991,.F.);
#5319 = ADVANCED_FACE('',(#5320),#5079,.T.);
#5320 = FACE_BOUND('',#5321,.T.);
#5321 = EDGE_LOOP('',(#5322,#5345,#5346,#5369));
#5322 = ORIENTED_EDGE('',*,*,#5323,.T.);
#5323 = EDGE_CURVE('',#5324,#5062,#5326,.T.);
#5324 = VERTEX_POINT('',#5325);
#5325 = CARTESIAN_POINT('',(-19.66666666666,-13.66666666666,
    110.33333333333));
#5326 = SURFACE_CURVE('',#5327,(#5331,#5338),.PCURVE_S1.);
#5327 = LINE('',#5328,#5329);
#5328 = CARTESIAN_POINT('',(-19.66666666666,-13.66666666666,
    110.33333333333));
#5329 = VECTOR('',#5330,1.);
#5330 = DIRECTION('',(0.,0.,1.));
#5331 = PCURVE('',#5079,#5332);
#5332 = DEFINITIONAL_REPRESENTATION('',(#5333),#5337);
#5333 = LINE('',#5334,#5335);
#5334 = CARTESIAN_POINT('',(0.,0.));
#5335 = VECTOR('',#5336,1.);
#5336 = DIRECTION('',(0.,-1.));
#5337 = ( GEOMETRIC_REPRESENTATION_CONTEXT(2) 
PARAMETRIC_REPRESENTATION_CONTEXT() REPRESENTATION_CONTEXT('2D SPACE',''
  ) );
#5338 = PCURVE('',#5112,#5339);
#5339 = DEFINITIONAL_REPRESENTATION('',(#5340),#5344);
#5340 = LINE('',#5341,#5342);
#5341 = CARTESIAN_POINT('',(6.28318530718,0.));
#5342 = VECTOR('',#5343,1.);
#5343 = DIRECTION('',(0.,-1.));
#5344 = ( GEOMETRIC_REPRESENTATION_CONTEXT(2) 
PARAMETRIC_REPRESENTATION_CONTEXT() REPRESENTATION_CONTEXT('2D SPACE',''
  ) );
#5345 = ORIENTED_EDGE('',*,*,#5061,.T.);
#5346 = ORIENTED_EDGE('',*,*,#5347,.F.);
#5347 = EDGE_CURVE('',#5348,#5064,#5350,.T.);
#5348 = VERTEX_POINT('',#5349);
#5349 = CARTESIAN_POINT('',(-19.66666666666,13.666666665416,
    110.33333333333));
#5350 = SURFACE_CURVE('',#5351,(#5355,#5362),.PCURVE_S1.);
#5351 = LINE('',#5352,#5353);
#5352 = CARTESIAN_POINT('',(-19.66666666666,13.666666665416,
    110.33333333333));
#5353 = VECTOR('',#5354,1.);
#5354 = DIRECTION('',(0.,0.,1.));
#5355 = PCURVE('',#5079,#5356);
#5356 = DEFINITIONAL_REPRESENTATION('',(#5357),#5361);
#5357 = LINE('',#5358,#5359);
#5358 = CARTESIAN_POINT('',(27.333333332083,0.));
#5359 = VECTOR('',#5360,1.);
#5360 = DIRECTION('',(0.,-1.));
#5361 = ( GEOMETRIC_REPRESENTATION_CONTEXT(2) 
PARAMETRIC_REPRESENTATION_CONTEXT() REPRESENTATION_CONTEXT('2D SPACE',''
  ) );
#5362 = PCURVE('',#5293,#5363);
#5363 = DEFINITIONAL_REPRESENTATION('',(#5364),#5368);
#5364 = LINE('',#5365,#5366);
#5365 = CARTESIAN_POINT('',(0.,0.));
#5366 = VECTOR('',#5367,1.);
#5367 = DIRECTION('',(0.,-1.));
#5368 = ( GEOMETRIC_REPRESENTATION_CONTEXT(2) 
PARAMETRIC_REPRESENTATION_CONTEXT() REPRESENTATION_CONTEXT('2D SPACE',''
  ) );
#5369 = ORIENTED_EDGE('',*,*,#5370,.F.);
#5370 = EDGE_CURVE('',#5324,#5348,#5371,.T.);
#5371 = SURFACE_CURVE('',#5372,(#5376,#5383),.PCURVE_S1.);
#5372 = LINE('',#5373,#5374);
#5373 = CARTESIAN_POINT('',(-19.66666666666,4.796163466381E-14,
    110.33333333333));
#5374 = VECTOR('',#5375,1.);
#5375 = DIRECTION('',(0.,1.,0.));
#5376 = PCURVE('',#5079,#5377);
#5377 = DEFINITIONAL_REPRESENTATION('',(#5378),#5382);
#5378 = LINE('',#5379,#5380);
#5379 = CARTESIAN_POINT('',(13.666666666667,0.));
#5380 = VECTOR('',#5381,1.);
#5381 = DIRECTION('',(1.,0.));
#5382 = ( GEOMETRIC_REPRESENTATION_CONTEXT(2) 
PARAMETRIC_REPRESENTATION_CONTEXT() REPRESENTATION_CONTEXT('2D SPACE',''
  ) );
#5383 = PCURVE('',#5384,#5389);
#5384 = PLANE('',#5385);
#5385 = AXIS2_PLACEMENT_3D('',#5386,#5387,#5388);
#5386 = CARTESIAN_POINT('',(-1.960394978517E-10,-2.242730497174E-10,
    110.33333333333));
#5387 = DIRECTION('',(0.,0.,1.));
#5388 = DIRECTION('',(1.,0.,0.));
#5389 = DEFINITIONAL_REPRESENTATION('',(#5390),#5394);
#5390 = LINE('',#5391,#5392);
#5391 = CARTESIAN_POINT('',(-19.66666666647,2.243210113521E-10));
#5392 = VECTOR('',#5393,1.);
#5393 = DIRECTION('',(0.,1.));
#5394 = ( GEOMETRIC_REPRESENTATION_CONTEXT(2) 
PARAMETRIC_REPRESENTATION_CONTEXT() REPRESENTATION_CONTEXT('2D SPACE',''
  ) );
#5395 = ADVANCED_FACE('',(#5396),#5112,.T.);
#5396 = FACE_BOUND('',#5397,.T.);
#5397 = EDGE_LOOP('',(#5398,#5421,#5422,#5423));
#5398 = ORIENTED_EDGE('',*,*,#5399,.T.);
#5399 = EDGE_CURVE('',#5400,#5092,#5402,.T.);
#5400 = VERTEX_POINT('',#5401);
#5401 = CARTESIAN_POINT('',(-13.66666666666,-19.66666666666,
    110.33333333333));
#5402 = SURFACE_CURVE('',#5403,(#5407,#5414),.PCURVE_S1.);
#5403 = LINE('',#5404,#5405);
#5404 = CARTESIAN_POINT('',(-13.66666666666,-19.66666666666,
    110.33333333333));
#5405 = VECTOR('',#5406,1.);
#5406 = DIRECTION('',(0.,0.,1.));
#5407 = PCURVE('',#5112,#5408);
#5408 = DEFINITIONAL_REPRESENTATION('',(#5409),#5413);
#5409 = LINE('',#5410,#5411);
#5410 = CARTESIAN_POINT('',(4.712388980385,0.));
#5411 = VECTOR('',#5412,1.);
#5412 = DIRECTION('',(0.,-1.));
#5413 = ( GEOMETRIC_REPRESENTATION_CONTEXT(2) 
PARAMETRIC_REPRESENTATION_CONTEXT() REPRESENTATION_CONTEXT('2D SPACE',''
  ) );
#5414 = PCURVE('',#5140,#5415);
#5415 = DEFINITIONAL_REPRESENTATION('',(#5416),#5420);
#5416 = LINE('',#5417,#5418);
#5417 = CARTESIAN_POINT('',(0.,0.));
#5418 = VECTOR('',#5419,1.);
#5419 = DIRECTION('',(0.,-1.));
#5420 = ( GEOMETRIC_REPRESENTATION_CONTEXT(2) 
PARAMETRIC_REPRESENTATION_CONTEXT() REPRESENTATION_CONTEXT('2D SPACE',''
  ) );
#5421 = ORIENTED_EDGE('',*,*,#5091,.T.);
#5422 = ORIENTED_EDGE('',*,*,#5323,.F.);
#5423 = ORIENTED_EDGE('',*,*,#5424,.F.);
#5424 = EDGE_CURVE('',#5400,#5324,#5425,.T.);
#5425 = SURFACE_CURVE('',#5426,(#5431,#5438),.PCURVE_S1.);
#5426 = CIRCLE('',#5427,6.);
#5427 = AXIS2_PLACEMENT_3D('',#5428,#5429,#5430);
#5428 = CARTESIAN_POINT('',(-13.66666666666,-13.66666666666,
    110.33333333333));
#5429 = DIRECTION('',(0.,0.,-1.));
#5430 = DIRECTION('',(-1.,0.,0.));
#5431 = PCURVE('',#5112,#5432);
#5432 = DEFINITIONAL_REPRESENTATION('',(#5433),#5437);
#5433 = LINE('',#5434,#5435);
#5434 = CARTESIAN_POINT('',(0.,0.));
#5435 = VECTOR('',#5436,1.);
#5436 = DIRECTION('',(1.,0.));
#5437 = ( GEOMETRIC_REPRESENTATION_CONTEXT(2) 
PARAMETRIC_REPRESENTATION_CONTEXT() REPRESENTATION_CONTEXT('2D SPACE',''
  ) );
#5438 = PCURVE('',#5384,#5439);
#5439 = DEFINITIONAL_REPRESENTATION('',(#5440),#5448);
#5440 = ( BOUNDED_CURVE() B_SPLINE_CURVE(2,(#5441,#5442,#5443,#5444,
#5445,#5446,#5447),.UNSPECIFIED.,.T.,.F.) B_SPLINE_CURVE_WITH_KNOTS((1,2
    ,2,2,2,1),(-2.094395102393,0.,2.094395102393,4.188790204786,
6.28318530718,8.377580409573),.UNSPECIFIED.) CURVE() 
GEOMETRIC_REPRESENTATION_ITEM() RATIONAL_B_SPLINE_CURVE((1.,0.5,1.,0.5,
1.,0.5,1.)) REPRESENTATION_ITEM('') );
#5441 = CARTESIAN_POINT('',(-19.66666666647,-13.66666666644));
#5442 = CARTESIAN_POINT('',(-19.66666666647,-3.274361821029));
#5443 = CARTESIAN_POINT('',(-10.66666666647,-8.470514243736));
#5444 = CARTESIAN_POINT('',(-1.666666666471,-13.66666666644));
#5445 = CARTESIAN_POINT('',(-10.66666666647,-18.86281908914));
#5446 = CARTESIAN_POINT('',(-19.66666666647,-24.05897151185));
#5447 = CARTESIAN_POINT('',(-19.66666666647,-13.66666666644));
#5448 = ( GEOMETRIC_REPRESENTATION_CONTEXT(2) 
PARAMETRIC_REPRESENTATION_CONTEXT() REPRESENTATION_CONTEXT('2D SPACE',''
  ) );
#5449 = ADVANCED_FACE('',(#5450),#5293,.T.);
#5450 = FACE_BOUND('',#5451,.T.);
#5451 = EDGE_LOOP('',(#5452,#5453,#5454,#5477));
#5452 = ORIENTED_EDGE('',*,*,#5347,.T.);
#5453 = ORIENTED_EDGE('',*,*,#5274,.T.);
#5454 = ORIENTED_EDGE('',*,*,#5455,.F.);
#5455 = EDGE_CURVE('',#5456,#5247,#5458,.T.);
#5456 = VERTEX_POINT('',#5457);
#5457 = CARTESIAN_POINT('',(-13.66666666666,19.666666666042,
    110.33333333333));
#5458 = SURFACE_CURVE('',#5459,(#5463,#5470),.PCURVE_S1.);
#5459 = LINE('',#5460,#5461);
#5460 = CARTESIAN_POINT('',(-13.66666666666,19.666666666042,
    110.33333333333));
#5461 = VECTOR('',#5462,1.);
#5462 = DIRECTION('',(0.,0.,1.));
#5463 = PCURVE('',#5293,#5464);
#5464 = DEFINITIONAL_REPRESENTATION('',(#5465),#5469);
#5465 = LINE('',#5466,#5467);
#5466 = CARTESIAN_POINT('',(1.570796326795,0.));
#5467 = VECTOR('',#5468,1.);
#5468 = DIRECTION('',(0.,-1.));
#5469 = ( GEOMETRIC_REPRESENTATION_CONTEXT(2) 
PARAMETRIC_REPRESENTATION_CONTEXT() REPRESENTATION_CONTEXT('2D SPACE',''
  ) );
#5470 = PCURVE('',#5262,#5471);
#5471 = DEFINITIONAL_REPRESENTATION('',(#5472),#5476);
#5472 = LINE('',#5473,#5474);
#5473 = CARTESIAN_POINT('',(0.,0.));
#5474 = VECTOR('',#5475,1.);
#5475 = DIRECTION('',(0.,-1.));
#5476 = ( GEOMETRIC_REPRESENTATION_CONTEXT(2) 
PARAMETRIC_REPRESENTATION_CONTEXT() REPRESENTATION_CONTEXT('2D SPACE',''
  ) );
#5477 = ORIENTED_EDGE('',*,*,#5478,.F.);
#5478 = EDGE_CURVE('',#5348,#5456,#5479,.T.);
#5479 = SURFACE_CURVE('',#5480,(#5485,#5492),.PCURVE_S1.);
#5480 = CIRCLE('',#5481,6.);
#5481 = AXIS2_PLACEMENT_3D('',#5482,#5483,#5484);
#5482 = CARTESIAN_POINT('',(-13.66666666666,13.666666665416,
    110.33333333333));
#5483 = DIRECTION('',(0.,0.,-1.));
#5484 = DIRECTION('',(-1.,0.,0.));
#5485 = PCURVE('',#5293,#5486);
#5486 = DEFINITIONAL_REPRESENTATION('',(#5487),#5491);
#5487 = LINE('',#5488,#5489);
#5488 = CARTESIAN_POINT('',(0.,0.));
#5489 = VECTOR('',#5490,1.);
#5490 = DIRECTION('',(1.,0.));
#5491 = ( GEOMETRIC_REPRESENTATION_CONTEXT(2) 
PARAMETRIC_REPRESENTATION_CONTEXT() REPRESENTATION_CONTEXT('2D SPACE',''
  ) );
#5492 = PCURVE('',#5384,#5493);
#5493 = DEFINITIONAL_REPRESENTATION('',(#5494),#5502);
#5494 = ( BOUNDED_CURVE() B_SPLINE_CURVE(2,(#5495,#5496,#5497,#5498,
#5499,#5500,#5501),.UNSPECIFIED.,.T.,.F.) B_SPLINE_CURVE_WITH_KNOTS((1,2
    ,2,2,2,1),(-2.094395102393,0.,2.094395102393,4.188790204786,
6.28318530718,8.377580409573),.UNSPECIFIED.) CURVE() 
GEOMETRIC_REPRESENTATION_ITEM() RATIONAL_B_SPLINE_CURVE((1.,0.5,1.,0.5,
1.,0.5,1.)) REPRESENTATION_ITEM('') );
#5495 = CARTESIAN_POINT('',(-19.66666666647,13.666666665641));
#5496 = CARTESIAN_POINT('',(-19.66666666647,24.058971511054));
#5497 = CARTESIAN_POINT('',(-10.66666666647,18.862819088347));
#5498 = CARTESIAN_POINT('',(-1.666666666471,13.666666665641));
#5499 = CARTESIAN_POINT('',(-10.66666666647,8.470514242934));
#5500 = CARTESIAN_POINT('',(-19.66666666647,3.274361820227));
#5501 = CARTESIAN_POINT('',(-19.66666666647,13.666666665641));
#5502 = ( GEOMETRIC_REPRESENTATION_CONTEXT(2) 
PARAMETRIC_REPRESENTATION_CONTEXT() REPRESENTATION_CONTEXT('2D SPACE',''
  ) );
#5503 = ADVANCED_FACE('',(#5504),#5140,.F.);
#5504 = FACE_BOUND('',#5505,.F.);
#5505 = EDGE_LOOP('',(#5506,#5507,#5508,#5531));
#5506 = ORIENTED_EDGE('',*,*,#5399,.T.);
#5507 = ORIENTED_EDGE('',*,*,#5124,.T.);
#5508 = ORIENTED_EDGE('',*,*,#5509,.F.);
#5509 = EDGE_CURVE('',#5510,#5125,#5512,.T.);
#5510 = VERTEX_POINT('',#5511);
#5511 = CARTESIAN_POINT('',(13.666666665416,-19.66666666666,
    110.33333333333));
#5512 = SURFACE_CURVE('',#5513,(#5517,#5524),.PCURVE_S1.);
#5513 = LINE('',#5514,#5515);
#5514 = CARTESIAN_POINT('',(13.666666665416,-19.66666666666,
    110.33333333333));
#5515 = VECTOR('',#5516,1.);
#5516 = DIRECTION('',(0.,0.,1.));
#5517 = PCURVE('',#5140,#5518);
#5518 = DEFINITIONAL_REPRESENTATION('',(#5519),#5523);
#5519 = LINE('',#5520,#5521);
#5520 = CARTESIAN_POINT('',(27.333333332083,0.));
#5521 = VECTOR('',#5522,1.);
#5522 = DIRECTION('',(0.,-1.));
#5523 = ( GEOMETRIC_REPRESENTATION_CONTEXT(2) 
PARAMETRIC_REPRESENTATION_CONTEXT() REPRESENTATION_CONTEXT('2D SPACE',''
  ) );
#5524 = PCURVE('',#5173,#5525);
#5525 = DEFINITIONAL_REPRESENTATION('',(#5526),#5530);
#5526 = LINE('',#5527,#5528);
#5527 = CARTESIAN_POINT('',(4.712388980385,0.));
#5528 = VECTOR('',#5529,1.);
#5529 = DIRECTION('',(0.,-1.));
#5530 = ( GEOMETRIC_REPRESENTATION_CONTEXT(2) 
PARAMETRIC_REPRESENTATION_CONTEXT() REPRESENTATION_CONTEXT('2D SPACE',''
  ) );
#5531 = ORIENTED_EDGE('',*,*,#5532,.F.);
#5532 = EDGE_CURVE('',#5400,#5510,#5533,.T.);
#5533 = SURFACE_CURVE('',#5534,(#5538,#5545),.PCURVE_S1.);
#5534 = LINE('',#5535,#5536);
#5535 = CARTESIAN_POINT('',(0.,-19.66666666666,110.33333333333));
#5536 = VECTOR('',#5537,1.);
#5537 = DIRECTION('',(1.,0.,0.));
#5538 = PCURVE('',#5140,#5539);
#5539 = DEFINITIONAL_REPRESENTATION('',(#5540),#5544);
#5540 = LINE('',#5541,#5542);
#5541 = CARTESIAN_POINT('',(13.666666666667,0.));
#5542 = VECTOR('',#5543,1.);
#5543 = DIRECTION('',(1.,0.));
#5544 = ( GEOMETRIC_REPRESENTATION_CONTEXT(2) 
PARAMETRIC_REPRESENTATION_CONTEXT() REPRESENTATION_CONTEXT('2D SPACE',''
  ) );
#5545 = PCURVE('',#5384,#5546);
#5546 = DEFINITIONAL_REPRESENTATION('',(#5547),#5551);
#5547 = LINE('',#5548,#5549);
#5548 = CARTESIAN_POINT('',(1.960394978517E-10,-19.66666666644));
#5549 = VECTOR('',#5550,1.);
#5550 = DIRECTION('',(1.,0.));
#5551 = ( GEOMETRIC_REPRESENTATION_CONTEXT(2) 
PARAMETRIC_REPRESENTATION_CONTEXT() REPRESENTATION_CONTEXT('2D SPACE',''
  ) );
#5552 = ADVANCED_FACE('',(#5553),#5262,.T.);
#5553 = FACE_BOUND('',#5554,.T.);
#5554 = EDGE_LOOP('',(#5555,#5556,#5557,#5580));
#5555 = ORIENTED_EDGE('',*,*,#5455,.T.);
#5556 = ORIENTED_EDGE('',*,*,#5246,.T.);
#5557 = ORIENTED_EDGE('',*,*,#5558,.F.);
#5558 = EDGE_CURVE('',#5559,#5214,#5561,.T.);
#5559 = VERTEX_POINT('',#5560);
#5560 = CARTESIAN_POINT('',(13.666666666667,19.666666666042,
    110.33333333333));
#5561 = SURFACE_CURVE('',#5562,(#5566,#5573),.PCURVE_S1.);
#5562 = LINE('',#5563,#5564);
#5563 = CARTESIAN_POINT('',(13.666666666667,19.666666666042,
    110.33333333333));
#5564 = VECTOR('',#5565,1.);
#5565 = DIRECTION('',(0.,0.,1.));
#5566 = PCURVE('',#5262,#5567);
#5567 = DEFINITIONAL_REPRESENTATION('',(#5568),#5572);
#5568 = LINE('',#5569,#5570);
#5569 = CARTESIAN_POINT('',(27.333333333333,0.));
#5570 = VECTOR('',#5571,1.);
#5571 = DIRECTION('',(0.,-1.));
#5572 = ( GEOMETRIC_REPRESENTATION_CONTEXT(2) 
PARAMETRIC_REPRESENTATION_CONTEXT() REPRESENTATION_CONTEXT('2D SPACE',''
  ) );
#5573 = PCURVE('',#5234,#5574);
#5574 = DEFINITIONAL_REPRESENTATION('',(#5575),#5579);
#5575 = LINE('',#5576,#5577);
#5576 = CARTESIAN_POINT('',(1.570796326795,0.));
#5577 = VECTOR('',#5578,1.);
#5578 = DIRECTION('',(0.,-1.));
#5579 = ( GEOMETRIC_REPRESENTATION_CONTEXT(2) 
PARAMETRIC_REPRESENTATION_CONTEXT() REPRESENTATION_CONTEXT('2D SPACE',''
  ) );
#5580 = ORIENTED_EDGE('',*,*,#5581,.F.);
#5581 = EDGE_CURVE('',#5456,#5559,#5582,.T.);
#5582 = SURFACE_CURVE('',#5583,(#5587,#5594),.PCURVE_S1.);
#5583 = LINE('',#5584,#5585);
#5584 = CARTESIAN_POINT('',(0.,19.666666666667,110.33333333333));
#5585 = VECTOR('',#5586,1.);
#5586 = DIRECTION('',(1.,0.,0.));
#5587 = PCURVE('',#5262,#5588);
#5588 = DEFINITIONAL_REPRESENTATION('',(#5589),#5593);
#5589 = LINE('',#5590,#5591);
#5590 = CARTESIAN_POINT('',(13.666666666667,0.));
#5591 = VECTOR('',#5592,1.);
#5592 = DIRECTION('',(1.,0.));
#5593 = ( GEOMETRIC_REPRESENTATION_CONTEXT(2) 
PARAMETRIC_REPRESENTATION_CONTEXT() REPRESENTATION_CONTEXT('2D SPACE',''
  ) );
#5594 = PCURVE('',#5384,#5595);
#5595 = DEFINITIONAL_REPRESENTATION('',(#5596),#5600);
#5596 = LINE('',#5597,#5598);
#5597 = CARTESIAN_POINT('',(1.960394978517E-10,19.666666666891));
#5598 = VECTOR('',#5599,1.);
#5599 = DIRECTION('',(1.,0.));
#5600 = ( GEOMETRIC_REPRESENTATION_CONTEXT(2) 
PARAMETRIC_REPRESENTATION_CONTEXT() REPRESENTATION_CONTEXT('2D SPACE',''
  ) );
#5601 = ADVANCED_FACE('',(#5602),#5173,.T.);
#5602 = FACE_BOUND('',#5603,.T.);
#5603 = EDGE_LOOP('',(#5604,#5627,#5628,#5629));
#5604 = ORIENTED_EDGE('',*,*,#5605,.T.);
#5605 = EDGE_CURVE('',#5606,#5153,#5608,.T.);
#5606 = VERTEX_POINT('',#5607);
#5607 = CARTESIAN_POINT('',(19.666666666042,-13.66666666666,
    110.33333333333));
#5608 = SURFACE_CURVE('',#5609,(#5613,#5620),.PCURVE_S1.);
#5609 = LINE('',#5610,#5611);
#5610 = CARTESIAN_POINT('',(19.666666666042,-13.66666666666,
    110.33333333333));
#5611 = VECTOR('',#5612,1.);
#5612 = DIRECTION('',(0.,0.,1.));
#5613 = PCURVE('',#5173,#5614);
#5614 = DEFINITIONAL_REPRESENTATION('',(#5615),#5619);
#5615 = LINE('',#5616,#5617);
#5616 = CARTESIAN_POINT('',(3.14159265359,0.));
#5617 = VECTOR('',#5618,1.);
#5618 = DIRECTION('',(0.,-1.));
#5619 = ( GEOMETRIC_REPRESENTATION_CONTEXT(2) 
PARAMETRIC_REPRESENTATION_CONTEXT() REPRESENTATION_CONTEXT('2D SPACE',''
  ) );
#5620 = PCURVE('',#5201,#5621);
#5621 = DEFINITIONAL_REPRESENTATION('',(#5622),#5626);
#5622 = LINE('',#5623,#5624);
#5623 = CARTESIAN_POINT('',(0.,0.));
#5624 = VECTOR('',#5625,1.);
#5625 = DIRECTION('',(0.,-1.));
#5626 = ( GEOMETRIC_REPRESENTATION_CONTEXT(2) 
PARAMETRIC_REPRESENTATION_CONTEXT() REPRESENTATION_CONTEXT('2D SPACE',''
  ) );
#5627 = ORIENTED_EDGE('',*,*,#5152,.T.);
#5628 = ORIENTED_EDGE('',*,*,#5509,.F.);
#5629 = ORIENTED_EDGE('',*,*,#5630,.F.);
#5630 = EDGE_CURVE('',#5606,#5510,#5631,.T.);
#5631 = SURFACE_CURVE('',#5632,(#5637,#5644),.PCURVE_S1.);
#5632 = CIRCLE('',#5633,6.);
#5633 = AXIS2_PLACEMENT_3D('',#5634,#5635,#5636);
#5634 = CARTESIAN_POINT('',(13.666666665416,-13.66666666666,
    110.33333333333));
#5635 = DIRECTION('',(0.,0.,-1.));
#5636 = DIRECTION('',(-1.,0.,0.));
#5637 = PCURVE('',#5173,#5638);
#5638 = DEFINITIONAL_REPRESENTATION('',(#5639),#5643);
#5639 = LINE('',#5640,#5641);
#5640 = CARTESIAN_POINT('',(0.,0.));
#5641 = VECTOR('',#5642,1.);
#5642 = DIRECTION('',(1.,0.));
#5643 = ( GEOMETRIC_REPRESENTATION_CONTEXT(2) 
PARAMETRIC_REPRESENTATION_CONTEXT() REPRESENTATION_CONTEXT('2D SPACE',''
  ) );
#5644 = PCURVE('',#5384,#5645);
#5645 = DEFINITIONAL_REPRESENTATION('',(#5646),#5654);
#5646 = ( BOUNDED_CURVE() B_SPLINE_CURVE(2,(#5647,#5648,#5649,#5650,
#5651,#5652,#5653),.UNSPECIFIED.,.T.,.F.) B_SPLINE_CURVE_WITH_KNOTS((1,2
    ,2,2,2,1),(-2.094395102393,0.,2.094395102393,4.188790204786,
6.28318530718,8.377580409573),.UNSPECIFIED.) CURVE() 
GEOMETRIC_REPRESENTATION_ITEM() RATIONAL_B_SPLINE_CURVE((1.,0.5,1.,0.5,
1.,0.5,1.)) REPRESENTATION_ITEM('') );
#5647 = CARTESIAN_POINT('',(7.666666665612,-13.66666666644));
#5648 = CARTESIAN_POINT('',(7.666666665612,-3.274361821029));
#5649 = CARTESIAN_POINT('',(16.666666665612,-8.470514243736));
#5650 = CARTESIAN_POINT('',(25.666666665612,-13.66666666644));
#5651 = CARTESIAN_POINT('',(16.666666665612,-18.86281908914));
#5652 = CARTESIAN_POINT('',(7.666666665612,-24.05897151185));
#5653 = CARTESIAN_POINT('',(7.666666665612,-13.66666666644));
#5654 = ( GEOMETRIC_REPRESENTATION_CONTEXT(2) 
PARAMETRIC_REPRESENTATION_CONTEXT() REPRESENTATION_CONTEXT('2D SPACE',''
  ) );
#5655 = ADVANCED_FACE('',(#5656),#5234,.T.);
#5656 = FACE_BOUND('',#5657,.T.);
#5657 = EDGE_LOOP('',(#5658,#5659,#5660,#5683));
#5658 = ORIENTED_EDGE('',*,*,#5558,.T.);
#5659 = ORIENTED_EDGE('',*,*,#5213,.T.);
#5660 = ORIENTED_EDGE('',*,*,#5661,.F.);
#5661 = EDGE_CURVE('',#5662,#5186,#5664,.T.);
#5662 = VERTEX_POINT('',#5663);
#5663 = CARTESIAN_POINT('',(19.666666666667,13.666666665416,
    110.33333333333));
#5664 = SURFACE_CURVE('',#5665,(#5669,#5676),.PCURVE_S1.);
#5665 = LINE('',#5666,#5667);
#5666 = CARTESIAN_POINT('',(19.666666666667,13.666666665416,
    110.33333333333));
#5667 = VECTOR('',#5668,1.);
#5668 = DIRECTION('',(0.,0.,1.));
#5669 = PCURVE('',#5234,#5670);
#5670 = DEFINITIONAL_REPRESENTATION('',(#5671),#5675);
#5671 = LINE('',#5672,#5673);
#5672 = CARTESIAN_POINT('',(3.14159265359,0.));
#5673 = VECTOR('',#5674,1.);
#5674 = DIRECTION('',(0.,-1.));
#5675 = ( GEOMETRIC_REPRESENTATION_CONTEXT(2) 
PARAMETRIC_REPRESENTATION_CONTEXT() REPRESENTATION_CONTEXT('2D SPACE',''
  ) );
#5676 = PCURVE('',#5201,#5677);
#5677 = DEFINITIONAL_REPRESENTATION('',(#5678),#5682);
#5678 = LINE('',#5679,#5680);
#5679 = CARTESIAN_POINT('',(27.333333332083,0.));
#5680 = VECTOR('',#5681,1.);
#5681 = DIRECTION('',(0.,-1.));
#5682 = ( GEOMETRIC_REPRESENTATION_CONTEXT(2) 
PARAMETRIC_REPRESENTATION_CONTEXT() REPRESENTATION_CONTEXT('2D SPACE',''
  ) );
#5683 = ORIENTED_EDGE('',*,*,#5684,.F.);
#5684 = EDGE_CURVE('',#5559,#5662,#5685,.T.);
#5685 = SURFACE_CURVE('',#5686,(#5691,#5698),.PCURVE_S1.);
#5686 = CIRCLE('',#5687,6.);
#5687 = AXIS2_PLACEMENT_3D('',#5688,#5689,#5690);
#5688 = CARTESIAN_POINT('',(13.666666666667,13.666666665416,
    110.33333333333));
#5689 = DIRECTION('',(0.,0.,-1.));
#5690 = DIRECTION('',(-1.,0.,0.));
#5691 = PCURVE('',#5234,#5692);
#5692 = DEFINITIONAL_REPRESENTATION('',(#5693),#5697);
#5693 = LINE('',#5694,#5695);
#5694 = CARTESIAN_POINT('',(0.,0.));
#5695 = VECTOR('',#5696,1.);
#5696 = DIRECTION('',(1.,0.));
#5697 = ( GEOMETRIC_REPRESENTATION_CONTEXT(2) 
PARAMETRIC_REPRESENTATION_CONTEXT() REPRESENTATION_CONTEXT('2D SPACE',''
  ) );
#5698 = PCURVE('',#5384,#5699);
#5699 = DEFINITIONAL_REPRESENTATION('',(#5700),#5708);
#5700 = ( BOUNDED_CURVE() B_SPLINE_CURVE(2,(#5701,#5702,#5703,#5704,
#5705,#5706,#5707),.UNSPECIFIED.,.T.,.F.) B_SPLINE_CURVE_WITH_KNOTS((1,2
    ,2,2,2,1),(-2.094395102393,0.,2.094395102393,4.188790204786,
6.28318530718,8.377580409573),.UNSPECIFIED.) CURVE() 
GEOMETRIC_REPRESENTATION_ITEM() RATIONAL_B_SPLINE_CURVE((1.,0.5,1.,0.5,
1.,0.5,1.)) REPRESENTATION_ITEM('') );
#5701 = CARTESIAN_POINT('',(7.666666666863,13.666666665641));
#5702 = CARTESIAN_POINT('',(7.666666666863,24.058971511054));
#5703 = CARTESIAN_POINT('',(16.666666666863,18.862819088347));
#5704 = CARTESIAN_POINT('',(25.666666666863,13.666666665641));
#5705 = CARTESIAN_POINT('',(16.666666666863,8.470514242934));
#5706 = CARTESIAN_POINT('',(7.666666666863,3.274361820227));
#5707 = CARTESIAN_POINT('',(7.666666666863,13.666666665641));
#5708 = ( GEOMETRIC_REPRESENTATION_CONTEXT(2) 
PARAMETRIC_REPRESENTATION_CONTEXT() REPRESENTATION_CONTEXT('2D SPACE',''
  ) );
#5709 = ADVANCED_FACE('',(#5710),#5201,.F.);
#5710 = FACE_BOUND('',#5711,.F.);
#5711 = EDGE_LOOP('',(#5712,#5713,#5714,#5715));
#5712 = ORIENTED_EDGE('',*,*,#5605,.T.);
#5713 = ORIENTED_EDGE('',*,*,#5185,.T.);
#5714 = ORIENTED_EDGE('',*,*,#5661,.F.);
#5715 = ORIENTED_EDGE('',*,*,#5716,.F.);
#5716 = EDGE_CURVE('',#5606,#5662,#5717,.T.);
#5717 = SURFACE_CURVE('',#5718,(#5722,#5729),.PCURVE_S1.);
#5718 = LINE('',#5719,#5720);
#5719 = CARTESIAN_POINT('',(19.666666666667,4.796163466381E-14,
    110.33333333333));
#5720 = VECTOR('',#5721,1.);
#5721 = DIRECTION('',(0.,1.,0.));
#5722 = PCURVE('',#5201,#5723);
#5723 = DEFINITIONAL_REPRESENTATION('',(#5724),#5728);
#5724 = LINE('',#5725,#5726);
#5725 = CARTESIAN_POINT('',(13.666666666667,0.));
#5726 = VECTOR('',#5727,1.);
#5727 = DIRECTION('',(1.,0.));
#5728 = ( GEOMETRIC_REPRESENTATION_CONTEXT(2) 
PARAMETRIC_REPRESENTATION_CONTEXT() REPRESENTATION_CONTEXT('2D SPACE',''
  ) );
#5729 = PCURVE('',#5384,#5730);
#5730 = DEFINITIONAL_REPRESENTATION('',(#5731),#5735);
#5731 = LINE('',#5732,#5733);
#5732 = CARTESIAN_POINT('',(19.666666666863,2.243210113521E-10));
#5733 = VECTOR('',#5734,1.);
#5734 = DIRECTION('',(0.,1.));
#5735 = ( GEOMETRIC_REPRESENTATION_CONTEXT(2) 
PARAMETRIC_REPRESENTATION_CONTEXT() REPRESENTATION_CONTEXT('2D SPACE',''
  ) );
#5736 = ADVANCED_FACE('',(#5737,#5747,#5798,#5849,#5900,#5931),#5384,.F.
  );
#5737 = FACE_BOUND('',#5738,.F.);
#5738 = EDGE_LOOP('',(#5739,#5740,#5741,#5742,#5743,#5744,#5745,#5746));
#5739 = ORIENTED_EDGE('',*,*,#5370,.F.);
#5740 = ORIENTED_EDGE('',*,*,#5424,.F.);
#5741 = ORIENTED_EDGE('',*,*,#5532,.T.);
#5742 = ORIENTED_EDGE('',*,*,#5630,.F.);
#5743 = ORIENTED_EDGE('',*,*,#5716,.T.);
#5744 = ORIENTED_EDGE('',*,*,#5684,.F.);
#5745 = ORIENTED_EDGE('',*,*,#5581,.F.);
#5746 = ORIENTED_EDGE('',*,*,#5478,.F.);
#5747 = FACE_BOUND('',#5748,.F.);
#5748 = EDGE_LOOP('',(#5749));
#5749 = ORIENTED_EDGE('',*,*,#5750,.F.);
#5750 = EDGE_CURVE('',#5751,#5751,#5753,.T.);
#5751 = VERTEX_POINT('',#5752);
#5752 = CARTESIAN_POINT('',(-17.4083502053,-16.69011776178,
    110.33333333333));
#5753 = SURFACE_CURVE('',#5754,(#5759,#5766),.PCURVE_S1.);
#5754 = ELLIPSE('',#5755,0.763858952949,0.733333333333);
#5755 = AXIS2_PLACEMENT_3D('',#5756,#5757,#5758);
#5756 = CARTESIAN_POINT('',(-16.65959848484,-16.65959848484,
    110.33333333333));
#5757 = DIRECTION('',(0.,0.,1.));
#5758 = DIRECTION('',(0.707106781187,0.707106781187,-0.));
#5759 = PCURVE('',#5384,#5760);
#5760 = DEFINITIONAL_REPRESENTATION('',(#5761),#5765);
#5761 = ELLIPSE('',#5762,0.763858952949,0.733333333333);
#5762 = AXIS2_PLACEMENT_2D('',#5763,#5764);
#5763 = CARTESIAN_POINT('',(-16.65959848465,-16.65959848462));
#5764 = DIRECTION('',(0.707106781187,0.707106781187));
#5765 = ( GEOMETRIC_REPRESENTATION_CONTEXT(2) 
PARAMETRIC_REPRESENTATION_CONTEXT() REPRESENTATION_CONTEXT('2D SPACE',''
  ) );
#5766 = PCURVE('',#5767,#5772);
#5767 = CYLINDRICAL_SURFACE('',#5768,0.733333333333);
#5768 = AXIS2_PLACEMENT_3D('',#5769,#5770,#5771);
#5769 = CARTESIAN_POINT('',(-21.6,-21.6,134.3));
#5770 = DIRECTION('',(0.197898664515,0.197898664515,-0.960037622787));
#5771 = DIRECTION('',(-0.979407877533,7.148921115984E-18,-0.201891578392
    ));
#5772 = DEFINITIONAL_REPRESENTATION('',(#5773),#5797);
#5773 = B_SPLINE_CURVE_WITH_KNOTS('',8,(#5774,#5775,#5776,#5777,#5778,
    #5779,#5780,#5781,#5782,#5783,#5784,#5785,#5786,#5787,#5788,#5789,
    #5790,#5791,#5792,#5793,#5794,#5795,#5796),.UNSPECIFIED.,.F.,.F.,(9,
    7,7,9),(2.376580242361,3.947376569156,6.303571059348,8.659765549541)
  ,.UNSPECIFIED.);
#5774 = CARTESIAN_POINT('',(6.28318530718,24.810082727147));
#5775 = CARTESIAN_POINT('',(6.08683576633,24.781012426753));
#5776 = CARTESIAN_POINT('',(5.890486225481,24.758737181945));
#5777 = CARTESIAN_POINT('',(5.694136684631,24.744963623778));
#5778 = CARTESIAN_POINT('',(5.497787143782,24.740844533106));
#5779 = CARTESIAN_POINT('',(5.301437602933,24.746752501021));
#5780 = CARTESIAN_POINT('',(5.105088062083,24.762208478669));
#5781 = CARTESIAN_POINT('',(4.908738521234,24.785965216462));
#5782 = CARTESIAN_POINT('',(4.417864669111,24.861666156987));
#5783 = CARTESIAN_POINT('',(4.123340357831,24.921764757301));
#5784 = CARTESIAN_POINT('',(3.828816046567,24.990533265157));
#5785 = CARTESIAN_POINT('',(3.53429173526,25.059270616469));
#5786 = CARTESIAN_POINT('',(3.239767424022,25.118152700158));
#5787 = CARTESIAN_POINT('',(2.945243112736,25.159414237968));
#5788 = CARTESIAN_POINT('',(2.650718801466,25.179320426133));
#5789 = CARTESIAN_POINT('',(2.061670178918,25.176753467687));
#5790 = CARTESIAN_POINT('',(1.767145867644,25.154280311718));
#5791 = CARTESIAN_POINT('',(1.472621556369,25.110791191302));
#5792 = CARTESIAN_POINT('',(1.17809724509,25.050359810655));
#5793 = CARTESIAN_POINT('',(0.88357293382,24.980997847483));
#5794 = CARTESIAN_POINT('',(0.589048622548,24.912582636509));
#5795 = CARTESIAN_POINT('',(0.294524311274,24.853688177737));
#5796 = CARTESIAN_POINT('',(1.09003715145E-14,24.810082727147));
#5797 = ( GEOMETRIC_REPRESENTATION_CONTEXT(2) 
PARAMETRIC_REPRESENTATION_CONTEXT() REPRESENTATION_CONTEXT('2D SPACE',''
  ) );
#5798 = FACE_BOUND('',#5799,.F.);
#5799 = EDGE_LOOP('',(#5800));
#5800 = ORIENTED_EDGE('',*,*,#5801,.F.);
#5801 = EDGE_CURVE('',#5802,#5802,#5804,.T.);
#5802 = VERTEX_POINT('',#5803);
#5803 = CARTESIAN_POINT('',(15.91084676439,-16.62907920791,
    110.33333333333));
#5804 = SURFACE_CURVE('',#5805,(#5810,#5817),.PCURVE_S1.);
#5805 = ELLIPSE('',#5806,0.763858952949,0.733333333333);
#5806 = AXIS2_PLACEMENT_3D('',#5807,#5808,#5809);
#5807 = CARTESIAN_POINT('',(16.659598484848,-16.65959848484,
    110.33333333333));
#5808 = DIRECTION('',(0.,0.,1.));
#5809 = DIRECTION('',(-0.707106781187,0.707106781187,0.));
#5810 = PCURVE('',#5384,#5811);
#5811 = DEFINITIONAL_REPRESENTATION('',(#5812),#5816);
#5812 = ELLIPSE('',#5813,0.763858952949,0.733333333333);
#5813 = AXIS2_PLACEMENT_2D('',#5814,#5815);
#5814 = CARTESIAN_POINT('',(16.659598485045,-16.65959848462));
#5815 = DIRECTION('',(-0.707106781187,0.707106781187));
#5816 = ( GEOMETRIC_REPRESENTATION_CONTEXT(2) 
PARAMETRIC_REPRESENTATION_CONTEXT() REPRESENTATION_CONTEXT('2D SPACE',''
  ) );
#5817 = PCURVE('',#5818,#5823);
#5818 = CYLINDRICAL_SURFACE('',#5819,0.733333333333);
#5819 = AXIS2_PLACEMENT_3D('',#5820,#5821,#5822);
#5820 = CARTESIAN_POINT('',(21.6,-21.6,134.3));
#5821 = DIRECTION('',(-0.197898664515,0.197898664515,-0.960037622787));
#5822 = DIRECTION('',(-0.979407877533,-7.148921115984E-18,0.201891578392
    ));
#5823 = DEFINITIONAL_REPRESENTATION('',(#5824),#5848);
#5824 = B_SPLINE_CURVE_WITH_KNOTS('',8,(#5825,#5826,#5827,#5828,#5829,
    #5830,#5831,#5832,#5833,#5834,#5835,#5836,#5837,#5838,#5839,#5840,
    #5841,#5842,#5843,#5844,#5845,#5846,#5847),.UNSPECIFIED.,.F.,.F.,(9,
    7,7,9),(0.765012411229,2.335808738024,4.692003228216,7.048197718408)
  ,.UNSPECIFIED.);
#5825 = CARTESIAN_POINT('',(6.28318530718,25.118516106505));
#5826 = CARTESIAN_POINT('',(6.08683576633,25.089445806112));
#5827 = CARTESIAN_POINT('',(5.89048622548,25.053580587537));
#5828 = CARTESIAN_POINT('',(5.694136684634,25.012628412992));
#5829 = CARTESIAN_POINT('',(5.497787143783,24.96885534392));
#5830 = CARTESIAN_POINT('',(5.301437602932,24.924877837272));
#5831 = CARTESIAN_POINT('',(5.105088062084,24.883329713934));
#5832 = CARTESIAN_POINT('',(4.908738521234,24.846525968882));
#5833 = CARTESIAN_POINT('',(4.417864669111,24.770825028357));
#5834 = CARTESIAN_POINT('',(4.123340357835,24.740082170839));
#5835 = CARTESIAN_POINT('',(3.828816046561,24.730019586228));
#5836 = CARTESIAN_POINT('',(3.534291735284,24.743929464279));
#5837 = CARTESIAN_POINT('',(3.239767424016,24.780707378227));
#5838 = CARTESIAN_POINT('',(2.94524311274,24.834471614245));
#5839 = CARTESIAN_POINT('',(2.650718801466,24.89699071398));
#5840 = CARTESIAN_POINT('',(2.061670178918,25.022892511663));
#5841 = CARTESIAN_POINT('',(1.767145867644,25.086275665861));
#5842 = CARTESIAN_POINT('',(1.472621556372,25.141767847248));
#5843 = CARTESIAN_POINT('',(1.178097245093,25.180978392733));
#5844 = CARTESIAN_POINT('',(0.883572933823,25.197703919373));
#5845 = CARTESIAN_POINT('',(0.589048622547,25.190438315492));
#5846 = CARTESIAN_POINT('',(0.294524311274,25.162121557096));
#5847 = CARTESIAN_POINT('',(1.33226762955E-14,25.118516106505));
#5848 = ( GEOMETRIC_REPRESENTATION_CONTEXT(2) 
PARAMETRIC_REPRESENTATION_CONTEXT() REPRESENTATION_CONTEXT('2D SPACE',''
  ) );
#5849 = FACE_BOUND('',#5850,.F.);
#5850 = EDGE_LOOP('',(#5851));
#5851 = ORIENTED_EDGE('',*,*,#5852,.F.);
#5852 = EDGE_CURVE('',#5853,#5853,#5855,.T.);
#5853 = VERTEX_POINT('',#5854);
#5854 = CARTESIAN_POINT('',(-17.4083502053,16.690117761782,
    110.33333333333));
#5855 = SURFACE_CURVE('',#5856,(#5861,#5868),.PCURVE_S1.);
#5856 = ELLIPSE('',#5857,0.763858952949,0.733333333333);
#5857 = AXIS2_PLACEMENT_3D('',#5858,#5859,#5860);
#5858 = CARTESIAN_POINT('',(-16.65959848484,16.659598484848,
    110.33333333333));
#5859 = DIRECTION('',(0.,0.,1.));
#5860 = DIRECTION('',(0.707106781187,-0.707106781187,0.));
#5861 = PCURVE('',#5384,#5862);
#5862 = DEFINITIONAL_REPRESENTATION('',(#5863),#5867);
#5863 = ELLIPSE('',#5864,0.763858952949,0.733333333333);
#5864 = AXIS2_PLACEMENT_2D('',#5865,#5866);
#5865 = CARTESIAN_POINT('',(-16.65959848465,16.659598485073));
#5866 = DIRECTION('',(0.707106781187,-0.707106781187));
#5867 = ( GEOMETRIC_REPRESENTATION_CONTEXT(2) 
PARAMETRIC_REPRESENTATION_CONTEXT() REPRESENTATION_CONTEXT('2D SPACE',''
  ) );
#5868 = PCURVE('',#5869,#5874);
#5869 = CYLINDRICAL_SURFACE('',#5870,0.733333333333);
#5870 = AXIS2_PLACEMENT_3D('',#5871,#5872,#5873);
#5871 = CARTESIAN_POINT('',(-21.6,21.6,134.3));
#5872 = DIRECTION('',(0.197898664515,-0.197898664515,-0.960037622787));
#5873 = DIRECTION('',(-0.979407877533,-7.148921115984E-18,
    -0.201891578392));
#5874 = DEFINITIONAL_REPRESENTATION('',(#5875),#5899);
#5875 = B_SPLINE_CURVE_WITH_KNOTS('',8,(#5876,#5877,#5878,#5879,#5880,
    #5881,#5882,#5883,#5884,#5885,#5886,#5887,#5888,#5889,#5890,#5891,
    #5892,#5893,#5894,#5895,#5896,#5897,#5898),.UNSPECIFIED.,.F.,.F.,(9,
    7,7,9),(3.906605064818,5.477401391613,7.833595881806,10.189790371998
    ),.UNSPECIFIED.);
#5876 = CARTESIAN_POINT('',(6.28318530718,24.810082727147));
#5877 = CARTESIAN_POINT('',(6.08683576633,24.83915302754));
#5878 = CARTESIAN_POINT('',(5.890486225481,24.875018246115));
#5879 = CARTESIAN_POINT('',(5.694136684631,24.915970420661));
#5880 = CARTESIAN_POINT('',(5.497787143782,24.959743489735));
#5881 = CARTESIAN_POINT('',(5.301437602933,25.003720996382));
#5882 = CARTESIAN_POINT('',(5.105088062083,25.045269119717));
#5883 = CARTESIAN_POINT('',(4.908738521234,25.08207286477));
#5884 = CARTESIAN_POINT('',(4.417864669111,25.157773805294));
#5885 = CARTESIAN_POINT('',(4.123340357837,25.188516662809));
#5886 = CARTESIAN_POINT('',(3.828816046567,25.19857924741));
#5887 = CARTESIAN_POINT('',(3.53429173529,25.184669369383));
#5888 = CARTESIAN_POINT('',(3.23976742402,25.147891455394));
#5889 = CARTESIAN_POINT('',(2.94524311274,25.094127219387));
#5890 = CARTESIAN_POINT('',(2.650718801466,25.031608119672));
#5891 = CARTESIAN_POINT('',(2.061670178918,24.905706321989));
#5892 = CARTESIAN_POINT('',(1.767145867644,24.842323167783));
#5893 = CARTESIAN_POINT('',(1.472621556384,24.786830986292));
#5894 = CARTESIAN_POINT('',(1.178097245095,24.747620440889));
#5895 = CARTESIAN_POINT('',(0.883572933836,24.730894914149));
#5896 = CARTESIAN_POINT('',(0.589048622548,24.738160518158));
#5897 = CARTESIAN_POINT('',(0.294524311274,24.766477276556));
#5898 = CARTESIAN_POINT('',(1.7763568394E-14,24.810082727147));
#5899 = ( GEOMETRIC_REPRESENTATION_CONTEXT(2) 
PARAMETRIC_REPRESENTATION_CONTEXT() REPRESENTATION_CONTEXT('2D SPACE',''
  ) );
#5900 = FACE_BOUND('',#5901,.F.);
#5901 = EDGE_LOOP('',(#5902));
#5902 = ORIENTED_EDGE('',*,*,#5903,.F.);
#5903 = EDGE_CURVE('',#5904,#5904,#5906,.T.);
#5904 = VERTEX_POINT('',#5905);
#5905 = CARTESIAN_POINT('',(1.5,-3.673940397442E-16,110.33333333333));
#5906 = SURFACE_CURVE('',#5907,(#5912,#5919),.PCURVE_S1.);
#5907 = CIRCLE('',#5908,1.5);
#5908 = AXIS2_PLACEMENT_3D('',#5909,#5910,#5911);
#5909 = CARTESIAN_POINT('',(0.,0.,110.33333333333));
#5910 = DIRECTION('',(0.,0.,1.));
#5911 = DIRECTION('',(1.,0.,-0.));
#5912 = PCURVE('',#5384,#5913);
#5913 = DEFINITIONAL_REPRESENTATION('',(#5914),#5918);
#5914 = CIRCLE('',#5915,1.5);
#5915 = AXIS2_PLACEMENT_2D('',#5916,#5917);
#5916 = CARTESIAN_POINT('',(1.960394978517E-10,2.242730497174E-10));
#5917 = DIRECTION('',(1.,0.));
#5918 = ( GEOMETRIC_REPRESENTATION_CONTEXT(2) 
PARAMETRIC_REPRESENTATION_CONTEXT() REPRESENTATION_CONTEXT('2D SPACE',''
  ) );
#5919 = PCURVE('',#5920,#5925);
#5920 = CYLINDRICAL_SURFACE('',#5921,1.5);
#5921 = AXIS2_PLACEMENT_3D('',#5922,#5923,#5924);
#5922 = CARTESIAN_POINT('',(0.,0.,75.133333333333));
#5923 = DIRECTION('',(0.,0.,1.));
#5924 = DIRECTION('',(1.,0.,-0.));
#5925 = DEFINITIONAL_REPRESENTATION('',(#5926),#5930);
#5926 = LINE('',#5927,#5928);
#5927 = CARTESIAN_POINT('',(0.,35.2));
#5928 = VECTOR('',#5929,1.);
#5929 = DIRECTION('',(1.,0.));
#5930 = ( GEOMETRIC_REPRESENTATION_CONTEXT(2) 
PARAMETRIC_REPRESENTATION_CONTEXT() REPRESENTATION_CONTEXT('2D SPACE',''
  ) );
#5931 = FACE_BOUND('',#5932,.F.);
#5932 = EDGE_LOOP('',(#5933));
#5933 = ORIENTED_EDGE('',*,*,#5934,.F.);
#5934 = EDGE_CURVE('',#5935,#5935,#5937,.T.);
#5935 = VERTEX_POINT('',#5936);
#5936 = CARTESIAN_POINT('',(15.91084676439,16.629079207915,
    110.33333333333));
#5937 = SURFACE_CURVE('',#5938,(#5943,#5950),.PCURVE_S1.);
#5938 = ELLIPSE('',#5939,0.763858952949,0.733333333333);
#5939 = AXIS2_PLACEMENT_3D('',#5940,#5941,#5942);
#5940 = CARTESIAN_POINT('',(16.659598484848,16.659598484848,
    110.33333333333));
#5941 = DIRECTION('',(0.,0.,1.));
#5942 = DIRECTION('',(-0.707106781187,-0.707106781187,0.));
#5943 = PCURVE('',#5384,#5944);
#5944 = DEFINITIONAL_REPRESENTATION('',(#5945),#5949);
#5945 = ELLIPSE('',#5946,0.763858952949,0.733333333333);
#5946 = AXIS2_PLACEMENT_2D('',#5947,#5948);
#5947 = CARTESIAN_POINT('',(16.659598485045,16.659598485073));
#5948 = DIRECTION('',(-0.707106781187,-0.707106781187));
#5949 = ( GEOMETRIC_REPRESENTATION_CONTEXT(2) 
PARAMETRIC_REPRESENTATION_CONTEXT() REPRESENTATION_CONTEXT('2D SPACE',''
  ) );
#5950 = PCURVE('',#5951,#5956);
#5951 = CYLINDRICAL_SURFACE('',#5952,0.733333333333);
#5952 = AXIS2_PLACEMENT_3D('',#5953,#5954,#5955);
#5953 = CARTESIAN_POINT('',(21.6,21.6,134.3));
#5954 = DIRECTION('',(-0.197898664515,-0.197898664515,-0.960037622787));
#5955 = DIRECTION('',(-0.979407877533,7.148921115984E-18,0.201891578392)
  );
#5956 = DEFINITIONAL_REPRESENTATION('',(#5957),#5981);
#5957 = B_SPLINE_CURVE_WITH_KNOTS('',8,(#5958,#5959,#5960,#5961,#5962,
    #5963,#5964,#5965,#5966,#5967,#5968,#5969,#5970,#5971,#5972,#5973,
    #5974,#5975,#5976,#5977,#5978,#5979,#5980),.UNSPECIFIED.,.F.,.F.,(9,
    7,7,9),(5.518172895951,7.088969222746,9.445163712938,11.801358203131
    ),.UNSPECIFIED.);
#5958 = CARTESIAN_POINT('',(6.28318530718,25.118516106505));
#5959 = CARTESIAN_POINT('',(6.08683576633,25.147586406899));
#5960 = CARTESIAN_POINT('',(5.890486225481,25.169861651706));
#5961 = CARTESIAN_POINT('',(5.694136684632,25.183635209874));
#5962 = CARTESIAN_POINT('',(5.497787143782,25.187754300546));
#5963 = CARTESIAN_POINT('',(5.301437602933,25.18184633263));
#5964 = CARTESIAN_POINT('',(5.105088062083,25.166390354982));
#5965 = CARTESIAN_POINT('',(4.908738521234,25.14263361719));
#5966 = CARTESIAN_POINT('',(4.417864669111,25.066932676665));
#5967 = CARTESIAN_POINT('',(4.123340357837,25.00683407633));
#5968 = CARTESIAN_POINT('',(3.828816046572,24.93806556845));
#5969 = CARTESIAN_POINT('',(3.534291735286,24.869328217117));
#5970 = CARTESIAN_POINT('',(3.239767424024,24.810446133418));
#5971 = CARTESIAN_POINT('',(2.94524311274,24.769184595675));
#5972 = CARTESIAN_POINT('',(2.650718801466,24.749278407519));
#5973 = CARTESIAN_POINT('',(2.061670178918,24.751845365965));
#5974 = CARTESIAN_POINT('',(1.767145867647,24.774318521886));
#5975 = CARTESIAN_POINT('',(1.472621556367,24.817807642381));
#5976 = CARTESIAN_POINT('',(1.178097245115,24.878239022775));
#5977 = CARTESIAN_POINT('',(0.88357293382,24.947600986211));
#5978 = CARTESIAN_POINT('',(0.589048622551,25.016016197094));
#5979 = CARTESIAN_POINT('',(0.294524311274,25.074910655915));
#5980 = CARTESIAN_POINT('',(1.59872115546E-14,25.118516106505));
#5981 = ( GEOMETRIC_REPRESENTATION_CONTEXT(2) 
PARAMETRIC_REPRESENTATION_CONTEXT() REPRESENTATION_CONTEXT('2D SPACE',''
  ) );
#5982 = ADVANCED_FACE('',(#5983,#6037,#6217),#5767,.T.);
#5983 = FACE_BOUND('',#5984,.T.);
#5984 = EDGE_LOOP('',(#5985,#6008,#6035,#6036));
#5985 = ORIENTED_EDGE('',*,*,#5986,.T.);
#5986 = EDGE_CURVE('',#5751,#5987,#5989,.T.);
#5987 = VERTEX_POINT('',#5988);
#5988 = CARTESIAN_POINT('',(-10.22489911019,-9.506666666667,
    75.48527950918));
#5989 = SEAM_CURVE('',#5990,(#5994,#6001),.PCURVE_S1.);
#5990 = LINE('',#5991,#5992);
#5991 = CARTESIAN_POINT('',(-22.31823244352,-21.6,134.15194617584));
#5992 = VECTOR('',#5993,1.);
#5993 = DIRECTION('',(0.197898664515,0.197898664515,-0.960037622787));
#5994 = PCURVE('',#5767,#5995);
#5995 = DEFINITIONAL_REPRESENTATION('',(#5996),#6000);
#5996 = LINE('',#5997,#5998);
#5997 = CARTESIAN_POINT('',(6.28318530718,-0.));
#5998 = VECTOR('',#5999,1.);
#5999 = DIRECTION('',(0.,1.));
#6000 = ( GEOMETRIC_REPRESENTATION_CONTEXT(2) 
PARAMETRIC_REPRESENTATION_CONTEXT() REPRESENTATION_CONTEXT('2D SPACE',''
  ) );
#6001 = PCURVE('',#5767,#6002);
#6002 = DEFINITIONAL_REPRESENTATION('',(#6003),#6007);
#6003 = LINE('',#6004,#6005);
#6004 = CARTESIAN_POINT('',(0.,-0.));
#6005 = VECTOR('',#6006,1.);
#6006 = DIRECTION('',(0.,1.));
#6007 = ( GEOMETRIC_REPRESENTATION_CONTEXT(2) 
PARAMETRIC_REPRESENTATION_CONTEXT() REPRESENTATION_CONTEXT('2D SPACE',''
  ) );
#6008 = ORIENTED_EDGE('',*,*,#6009,.F.);
#6009 = EDGE_CURVE('',#5987,#5987,#6010,.T.);
#6010 = SURFACE_CURVE('',#6011,(#6016,#6023),.PCURVE_S1.);
#6011 = CIRCLE('',#6012,0.733333333333);
#6012 = AXIS2_PLACEMENT_3D('',#6013,#6014,#6015);
#6013 = CARTESIAN_POINT('',(-9.506666666667,-9.506666666667,
    75.633333333333));
#6014 = DIRECTION('',(0.197898664515,0.197898664515,-0.960037622787));
#6015 = DIRECTION('',(-0.979407877533,7.148921115984E-18,-0.201891578392
    ));
#6016 = PCURVE('',#5767,#6017);
#6017 = DEFINITIONAL_REPRESENTATION('',(#6018),#6022);
#6018 = LINE('',#6019,#6020);
#6019 = CARTESIAN_POINT('',(0.,61.108716235902));
#6020 = VECTOR('',#6021,1.);
#6021 = DIRECTION('',(1.,0.));
#6022 = ( GEOMETRIC_REPRESENTATION_CONTEXT(2) 
PARAMETRIC_REPRESENTATION_CONTEXT() REPRESENTATION_CONTEXT('2D SPACE',''
  ) );
#6023 = PCURVE('',#6024,#6029);
#6024 = PLANE('',#6025);
#6025 = AXIS2_PLACEMENT_3D('',#6026,#6027,#6028);
#6026 = CARTESIAN_POINT('',(-9.506666666667,-9.506666666667,
    75.633333333333));
#6027 = DIRECTION('',(0.197898664515,0.197898664515,-0.960037622787));
#6028 = DIRECTION('',(-0.979407877533,7.148921115984E-18,-0.201891578392
    ));
#6029 = DEFINITIONAL_REPRESENTATION('',(#6030),#6034);
#6030 = CIRCLE('',#6031,0.733333333333);
#6031 = AXIS2_PLACEMENT_2D('',#6032,#6033);
#6032 = CARTESIAN_POINT('',(0.,0.));
#6033 = DIRECTION('',(1.,0.));
#6034 = ( GEOMETRIC_REPRESENTATION_CONTEXT(2) 
PARAMETRIC_REPRESENTATION_CONTEXT() REPRESENTATION_CONTEXT('2D SPACE',''
  ) );
#6035 = ORIENTED_EDGE('',*,*,#5986,.F.);
#6036 = ORIENTED_EDGE('',*,*,#5750,.F.);
#6037 = FACE_BOUND('',#6038,.T.);
#6038 = EDGE_LOOP('',(#6039,#6081,#6130,#6170));
#6039 = ORIENTED_EDGE('',*,*,#6040,.F.);
#6040 = EDGE_CURVE('',#6041,#6043,#6045,.T.);
#6041 = VERTEX_POINT('',#6042);
#6042 = CARTESIAN_POINT('',(-14.03530867886,-15.05513156505,99.6));
#6043 = VERTEX_POINT('',#6044);
#6044 = CARTESIAN_POINT('',(-14.13303216806,-14.97685449354,98.6));
#6045 = SURFACE_CURVE('',#6046,(#6054,#6065),.PCURVE_S1.);
#6046 = B_SPLINE_CURVE_WITH_KNOTS('',6,(#6047,#6048,#6049,#6050,#6051,
    #6052,#6053),.UNSPECIFIED.,.F.,.F.,(7,7),(0.,1.),
  .PIECEWISE_BEZIER_KNOTS.);
#6047 = CARTESIAN_POINT('',(-14.0353085783,-15.05513164389,99.6000024));
#6048 = CARTESIAN_POINT('',(-14.04237778961,-15.04958925441,
    99.431278027236));
#6049 = CARTESIAN_POINT('',(-14.05259488539,-15.04155840026,
    99.264573015784));
#6050 = CARTESIAN_POINT('',(-14.06617336329,-15.0308370833,
    99.09789156774));
#6051 = CARTESIAN_POINT('',(-14.08364324133,-15.01694618779,
    98.930589543437));
#6052 = CARTESIAN_POINT('',(-14.10570458833,-14.99921609965,
    98.76365599183));
#6053 = CARTESIAN_POINT('',(-14.13303256881,-14.97685416561,98.5999976)
  );
#6054 = PCURVE('',#5767,#6055);
#6055 = DEFINITIONAL_REPRESENTATION('',(#6056),#6064);
#6056 = B_SPLINE_CURVE_WITH_KNOTS('',6,(#6057,#6058,#6059,#6060,#6061,
    #6062,#6063),.UNSPECIFIED.,.F.,.F.,(7,7),(0.,1.),
  .PIECEWISE_BEZIER_KNOTS.);
#6057 = CARTESIAN_POINT('',(4.130110051766,36.105566243537));
#6058 = CARTESIAN_POINT('',(4.197029956588,36.26724583327));
#6059 = CARTESIAN_POINT('',(4.264780372602,36.426856261874));
#6060 = CARTESIAN_POINT('',(4.334729616735,36.58631129468));
#6061 = CARTESIAN_POINT('',(4.407961054649,36.746219256516));
#6062 = CARTESIAN_POINT('',(4.485366146175,36.905624596222));
#6063 = CARTESIAN_POINT('',(4.567780658968,37.061760035703));
#6064 = ( GEOMETRIC_REPRESENTATION_CONTEXT(2) 
PARAMETRIC_REPRESENTATION_CONTEXT() REPRESENTATION_CONTEXT('2D SPACE',''
  ) );
#6065 = PCURVE('',#6066,#6071);
#6066 = CYLINDRICAL_SURFACE('',#6067,6.);
#6067 = AXIS2_PLACEMENT_3D('',#6068,#6069,#6070);
#6068 = CARTESIAN_POINT('',(-10.33333333333,-10.33333333333,98.6));
#6069 = DIRECTION('',(-0.,-0.,-1.));
#6070 = DIRECTION('',(1.,0.,0.));
#6071 = DEFINITIONAL_REPRESENTATION('',(#6072),#6080);
#6072 = B_SPLINE_CURVE_WITH_KNOTS('',6,(#6073,#6074,#6075,#6076,#6077,
    #6078,#6079),.UNSPECIFIED.,.F.,.F.,(7,7),(0.,1.),
  .PIECEWISE_BEZIER_KNOTS.);
#6073 = CARTESIAN_POINT('',(-4.047469365723,-1.0000024));
#6074 = CARTESIAN_POINT('',(-4.045972221872,-0.831278027236));
#6075 = CARTESIAN_POINT('',(-4.043806300024,-0.664573015784));
#6076 = CARTESIAN_POINT('',(-4.040922837256,-0.49789156774));
#6077 = CARTESIAN_POINT('',(-4.03720295751,-0.330589543437));
#6078 = CARTESIAN_POINT('',(-4.032485973561,-0.16365599183));
#6079 = CARTESIAN_POINT('',(-4.026600788273,2.400000000069E-06));
#6080 = ( GEOMETRIC_REPRESENTATION_CONTEXT(2) 
PARAMETRIC_REPRESENTATION_CONTEXT() REPRESENTATION_CONTEXT('2D SPACE',''
  ) );
#6081 = ORIENTED_EDGE('',*,*,#6082,.T.);
#6082 = EDGE_CURVE('',#6041,#6083,#6085,.T.);
#6083 = VERTEX_POINT('',#6084);
#6084 = CARTESIAN_POINT('',(-15.05513156505,-14.03530867886,99.6));
#6085 = SURFACE_CURVE('',#6086,(#6091,#6118),.PCURVE_S1.);
#6086 = ELLIPSE('',#6087,0.763858952949,0.733333333333);
#6087 = AXIS2_PLACEMENT_3D('',#6088,#6089,#6090);
#6088 = CARTESIAN_POINT('',(-14.44706818181,-14.44706818181,99.6));
#6089 = DIRECTION('',(0.,0.,1.));
#6090 = DIRECTION('',(0.707106781187,0.707106781187,-0.));
#6091 = PCURVE('',#5767,#6092);
#6092 = DEFINITIONAL_REPRESENTATION('',(#6093),#6117);
#6093 = B_SPLINE_CURVE_WITH_KNOTS('',8,(#6094,#6095,#6096,#6097,#6098,
    #6099,#6100,#6101,#6102,#6103,#6104,#6105,#6106,#6107,#6108,#6109,
    #6110,#6111,#6112,#6113,#6114,#6115,#6116),.UNSPECIFIED.,.F.,.F.,(9,
    7,7,9),(2.376580242361,3.947376569156,6.303571059348,8.659765549541)
  ,.UNSPECIFIED.);
#6094 = CARTESIAN_POINT('',(6.28318530718,35.990200129397));
#6095 = CARTESIAN_POINT('',(6.08683576633,35.961129829003));
#6096 = CARTESIAN_POINT('',(5.890486225481,35.938854584196));
#6097 = CARTESIAN_POINT('',(5.694136684631,35.925081026028));
#6098 = CARTESIAN_POINT('',(5.497787143782,35.920961935356));
#6099 = CARTESIAN_POINT('',(5.301437602933,35.926869903271));
#6100 = CARTESIAN_POINT('',(5.105088062083,35.942325880919));
#6101 = CARTESIAN_POINT('',(4.908738521234,35.966082618712));
#6102 = CARTESIAN_POINT('',(4.417864669111,36.041783559237));
#6103 = CARTESIAN_POINT('',(4.123340357832,36.101882159566));
#6104 = CARTESIAN_POINT('',(3.828816046569,36.170650667383));
#6105 = CARTESIAN_POINT('',(3.534291735262,36.239388018695));
#6106 = CARTESIAN_POINT('',(3.239767424019,36.298270102416));
#6107 = CARTESIAN_POINT('',(2.945243112736,36.339531640214));
#6108 = CARTESIAN_POINT('',(2.650718801466,36.359437828383));
#6109 = CARTESIAN_POINT('',(2.061670178918,36.356870869937));
#6110 = CARTESIAN_POINT('',(1.767145867643,36.334397714014));
#6111 = CARTESIAN_POINT('',(1.47262155637,36.290908593418));
#6112 = CARTESIAN_POINT('',(1.17809724509,36.230477213105));
#6113 = CARTESIAN_POINT('',(0.883572933823,36.161115249569));
#6114 = CARTESIAN_POINT('',(0.589048622547,36.092700038794));
#6115 = CARTESIAN_POINT('',(0.294524311274,36.033805579987));
#6116 = CARTESIAN_POINT('',(1.09003715145E-14,35.990200129397));
#6117 = ( GEOMETRIC_REPRESENTATION_CONTEXT(2) 
PARAMETRIC_REPRESENTATION_CONTEXT() REPRESENTATION_CONTEXT('2D SPACE',''
  ) );
#6118 = PCURVE('',#6119,#6124);
#6119 = PLANE('',#6120);
#6120 = AXIS2_PLACEMENT_3D('',#6121,#6122,#6123);
#6121 = CARTESIAN_POINT('',(-1.188076681406E-08,-1.388647264403E-08,99.6
    ));
#6122 = DIRECTION('',(0.,0.,1.));
#6123 = DIRECTION('',(1.,0.,0.));
#6124 = DEFINITIONAL_REPRESENTATION('',(#6125),#6129);
#6125 = ELLIPSE('',#6126,0.763858952949,0.733333333333);
#6126 = AXIS2_PLACEMENT_2D('',#6127,#6128);
#6127 = CARTESIAN_POINT('',(-14.44706816993,-14.44706816793));
#6128 = DIRECTION('',(0.707106781187,0.707106781187));
#6129 = ( GEOMETRIC_REPRESENTATION_CONTEXT(2) 
PARAMETRIC_REPRESENTATION_CONTEXT() REPRESENTATION_CONTEXT('2D SPACE',''
  ) );
#6130 = ORIENTED_EDGE('',*,*,#6131,.F.);
#6131 = EDGE_CURVE('',#6132,#6083,#6134,.T.);
#6132 = VERTEX_POINT('',#6133);
#6133 = CARTESIAN_POINT('',(-14.97685449354,-14.13303216806,98.6));
#6134 = SURFACE_CURVE('',#6135,(#6143,#6154),.PCURVE_S1.);
#6135 = B_SPLINE_CURVE_WITH_KNOTS('',6,(#6136,#6137,#6138,#6139,#6140,
    #6141,#6142),.UNSPECIFIED.,.F.,.F.,(7,7),(0.,1.),
  .PIECEWISE_BEZIER_KNOTS.);
#6136 = CARTESIAN_POINT('',(-14.97685416561,-14.13303256881,98.5999976)
  );
#6137 = CARTESIAN_POINT('',(-14.99921581096,-14.10570494113,
    98.763653879034));
#6138 = CARTESIAN_POINT('',(-15.01694586114,-14.08364365073,
    98.930586190466));
#6139 = CARTESIAN_POINT('',(-15.03083685009,-14.06617365867,
    99.097888141598));
#6140 = CARTESIAN_POINT('',(-15.04155829037,-14.05259502529,
    99.264570570037));
#6141 = CARTESIAN_POINT('',(-15.04958922204,-14.0423778309,
    99.431277041671));
#6142 = CARTESIAN_POINT('',(-15.05513164389,-14.0353085783,99.6000024));
#6143 = PCURVE('',#5767,#6144);
#6144 = DEFINITIONAL_REPRESENTATION('',(#6145),#6153);
#6145 = B_SPLINE_CURVE_WITH_KNOTS('',6,(#6146,#6147,#6148,#6149,#6150,
    #6151,#6152),.UNSPECIFIED.,.F.,.F.,(7,7),(0.,1.),
  .PIECEWISE_BEZIER_KNOTS.);
#6146 = CARTESIAN_POINT('',(0.185379825754,37.061760035703));
#6147 = CARTESIAN_POINT('',(0.267793274593,36.905626611898));
#6148 = CARTESIAN_POINT('',(0.345197913129,36.74622245912));
#6149 = CARTESIAN_POINT('',(0.418429424512,36.586314571603));
#6150 = CARTESIAN_POINT('',(0.488379122593,36.426858603943));
#6151 = CARTESIAN_POINT('',(0.556130137237,36.267246777684));
#6152 = CARTESIAN_POINT('',(0.623050432956,36.105566243537));
#6153 = ( GEOMETRIC_REPRESENTATION_CONTEXT(2) 
PARAMETRIC_REPRESENTATION_CONTEXT() REPRESENTATION_CONTEXT('2D SPACE',''
  ) );
#6154 = PCURVE('',#6155,#6160);
#6155 = CYLINDRICAL_SURFACE('',#6156,6.);
#6156 = AXIS2_PLACEMENT_3D('',#6157,#6158,#6159);
#6157 = CARTESIAN_POINT('',(-10.33333333333,-10.33333333333,98.6));
#6158 = DIRECTION('',(-0.,-0.,-1.));
#6159 = DIRECTION('',(1.,0.,0.));
#6160 = DEFINITIONAL_REPRESENTATION('',(#6161),#6169);
#6161 = B_SPLINE_CURVE_WITH_KNOTS('',6,(#6162,#6163,#6164,#6165,#6166,
    #6167,#6168),.UNSPECIFIED.,.F.,.F.,(7,7),(0.,1.),
  .PIECEWISE_BEZIER_KNOTS.);
#6162 = CARTESIAN_POINT('',(-3.827380845701,2.400000000069E-06));
#6163 = CARTESIAN_POINT('',(-3.82149573639,-0.163653879034));
#6164 = CARTESIAN_POINT('',(-3.816778763752,-0.330586190466));
#6165 = CARTESIAN_POINT('',(-3.813058859436,-0.497888141598));
#6166 = CARTESIAN_POINT('',(-3.810175363603,-0.664570570037));
#6167 = CARTESIAN_POINT('',(-3.808009420847,-0.831277041671));
#6168 = CARTESIAN_POINT('',(-3.806512268251,-1.0000024));
#6169 = ( GEOMETRIC_REPRESENTATION_CONTEXT(2) 
PARAMETRIC_REPRESENTATION_CONTEXT() REPRESENTATION_CONTEXT('2D SPACE',''
  ) );
#6170 = ORIENTED_EDGE('',*,*,#6171,.F.);
#6171 = EDGE_CURVE('',#6043,#6132,#6172,.T.);
#6172 = SURFACE_CURVE('',#6173,(#6178,#6205),.PCURVE_S1.);
#6173 = ELLIPSE('',#6174,0.763858952949,0.733333333333);
#6174 = AXIS2_PLACEMENT_3D('',#6175,#6176,#6177);
#6175 = CARTESIAN_POINT('',(-14.24093181818,-14.24093181818,98.6));
#6176 = DIRECTION('',(0.,0.,1.));
#6177 = DIRECTION('',(0.707106781187,0.707106781187,-0.));
#6178 = PCURVE('',#5767,#6179);
#6179 = DEFINITIONAL_REPRESENTATION('',(#6180),#6204);
#6180 = B_SPLINE_CURVE_WITH_KNOTS('',8,(#6181,#6182,#6183,#6184,#6185,
    #6186,#6187,#6188,#6189,#6190,#6191,#6192,#6193,#6194,#6195,#6196,
    #6197,#6198,#6199,#6200,#6201,#6202,#6203),.UNSPECIFIED.,.F.,.F.,(9,
    7,7,9),(2.376580242361,3.947376569156,6.303571059348,8.659765549541)
  ,.UNSPECIFIED.);
#6181 = CARTESIAN_POINT('',(6.28318530718,37.031825974327));
#6182 = CARTESIAN_POINT('',(6.08683576633,37.002755673933));
#6183 = CARTESIAN_POINT('',(5.890486225481,36.980480429126));
#6184 = CARTESIAN_POINT('',(5.694136684632,36.966706870958));
#6185 = CARTESIAN_POINT('',(5.497787143782,36.962587780286));
#6186 = CARTESIAN_POINT('',(5.301437602933,36.968495748201));
#6187 = CARTESIAN_POINT('',(5.105088062083,36.98395172585));
#6188 = CARTESIAN_POINT('',(4.908738521234,37.007708463643));
#6189 = CARTESIAN_POINT('',(4.417864669111,37.083409404167));
#6190 = CARTESIAN_POINT('',(4.123340357839,37.143508004452));
#6191 = CARTESIAN_POINT('',(3.82881604656,37.212276512458));
#6192 = CARTESIAN_POINT('',(3.534291735301,37.281013863363));
#6193 = CARTESIAN_POINT('',(3.239767424014,37.339895947497));
#6194 = CARTESIAN_POINT('',(2.945243112742,37.381157485111));
#6195 = CARTESIAN_POINT('',(2.650718801466,37.401063673314));
#6196 = CARTESIAN_POINT('',(2.061670178918,37.398496714867));
#6197 = CARTESIAN_POINT('',(1.767145867643,37.376023558899));
#6198 = CARTESIAN_POINT('',(1.472621556381,37.332534438487));
#6199 = CARTESIAN_POINT('',(1.178097245086,37.272103057825));
#6200 = CARTESIAN_POINT('',(0.883572933842,37.202741094662));
#6201 = CARTESIAN_POINT('',(0.589048622548,37.13432588367));
#6202 = CARTESIAN_POINT('',(0.294524311274,37.075431424917));
#6203 = CARTESIAN_POINT('',(1.42108547152E-14,37.031825974327));
#6204 = ( GEOMETRIC_REPRESENTATION_CONTEXT(2) 
PARAMETRIC_REPRESENTATION_CONTEXT() REPRESENTATION_CONTEXT('2D SPACE',''
  ) );
#6205 = PCURVE('',#6206,#6211);
#6206 = PLANE('',#6207);
#6207 = AXIS2_PLACEMENT_3D('',#6208,#6209,#6210);
#6208 = CARTESIAN_POINT('',(-1.188076681406E-08,-1.388647264403E-08,98.6
    ));
#6209 = DIRECTION('',(0.,0.,1.));
#6210 = DIRECTION('',(1.,0.,0.));
#6211 = DEFINITIONAL_REPRESENTATION('',(#6212),#6216);
#6212 = ELLIPSE('',#6213,0.763858952949,0.733333333333);
#6213 = AXIS2_PLACEMENT_2D('',#6214,#6215);
#6214 = CARTESIAN_POINT('',(-14.2409318063,-14.24093180429));
#6215 = DIRECTION('',(0.707106781187,0.707106781187));
#6216 = ( GEOMETRIC_REPRESENTATION_CONTEXT(2) 
PARAMETRIC_REPRESENTATION_CONTEXT() REPRESENTATION_CONTEXT('2D SPACE',''
  ) );
#6217 = FACE_BOUND('',#6218,.T.);
#6218 = EDGE_LOOP('',(#6219,#6276,#6325,#6380));
#6219 = ORIENTED_EDGE('',*,*,#6220,.F.);
#6220 = EDGE_CURVE('',#6221,#6223,#6225,.T.);
#6221 = VERTEX_POINT('',#6222);
#6222 = CARTESIAN_POINT('',(-11.2972115075,-11.83751692421,
    87.866666666667));
#6223 = VERTEX_POINT('',#6224);
#6224 = CARTESIAN_POINT('',(-11.10310194581,-12.00118558124,
    86.866666666667));
#6225 = SURFACE_CURVE('',#6226,(#6239,#6255),.PCURVE_S1.);
#6226 = B_SPLINE_CURVE_WITH_KNOTS('',6,(#6227,#6228,#6229,#6230,#6231,
    #6232,#6233,#6234,#6235,#6236,#6237,#6238),.UNSPECIFIED.,.F.,.F.,(7,
    5,7),(0.,0.603573959208,1.),.UNSPECIFIED.);
#6227 = CARTESIAN_POINT('',(-11.29721225981,-11.83751626214,
    87.866669066667));
#6228 = CARTESIAN_POINT('',(-11.26742366822,-11.86373153188,
    87.771638525312));
#6229 = CARTESIAN_POINT('',(-11.24109621008,-11.88648126883,
    87.672533672292));
#6230 = CARTESIAN_POINT('',(-11.2178670819,-11.90627910876,
    87.572653646191));
#6231 = CARTESIAN_POINT('',(-11.19719019939,-11.92371414327,
    87.473303128935));
#6232 = CARTESIAN_POINT('',(-11.17846042283,-11.93936245351,
    87.37384345505));
#6233 = CARTESIAN_POINT('',(-11.14974434246,-11.96315250302,
    87.204691113159));
#6234 = CARTESIAN_POINT('',(-11.13910591079,-11.97190923379,
    87.137335882349));
#6235 = CARTESIAN_POINT('',(-11.12916750419,-11.98004372119,
    87.069829899606));
#6236 = CARTESIAN_POINT('',(-11.11988289495,-11.98760534072,
    87.002239517462));
#6237 = CARTESIAN_POINT('',(-11.1112076252,-11.99463941605,
    86.934549683187));
#6238 = CARTESIAN_POINT('',(-11.10310165924,-12.00118581268,
    86.866664266667));
#6239 = PCURVE('',#5767,#6240);
#6240 = DEFINITIONAL_REPRESENTATION('',(#6241),#6254);
#6241 = B_SPLINE_CURVE_WITH_KNOTS('',6,(#6242,#6243,#6244,#6245,#6246,
    #6247,#6248,#6249,#6250,#6251,#6252,#6253),.UNSPECIFIED.,.F.,.F.,(7,
    5,7),(0.,0.603573959208,1.),.UNSPECIFIED.);
#6242 = CARTESIAN_POINT('',(2.924579908692,48.548635075951));
#6243 = CARTESIAN_POINT('',(2.987844868579,48.640575126587));
#6244 = CARTESIAN_POINT('',(3.04621706198,48.736427540333));
#6245 = CARTESIAN_POINT('',(3.100289086547,48.832995170517));
#6246 = CARTESIAN_POINT('',(3.150863856957,48.929016962317));
#6247 = CARTESIAN_POINT('',(3.199071606125,49.025111809266));
#6248 = CARTESIAN_POINT('',(3.277574496813,49.188479276393));
#6249 = CARTESIAN_POINT('',(3.307949738749,49.253515218156));
#6250 = CARTESIAN_POINT('',(3.33765597365,49.318680494552));
#6251 = CARTESIAN_POINT('',(3.366776791573,49.383910781711));
#6252 = CARTESIAN_POINT('',(3.395407247204,49.449220359481));
#6253 = CARTESIAN_POINT('',(3.4236580756,49.514701550067));
#6254 = ( GEOMETRIC_REPRESENTATION_CONTEXT(2) 
PARAMETRIC_REPRESENTATION_CONTEXT() REPRESENTATION_CONTEXT('2D SPACE',''
  ) );
#6255 = PCURVE('',#6256,#6261);
#6256 = CYLINDRICAL_SURFACE('',#6257,6.);
#6257 = AXIS2_PLACEMENT_3D('',#6258,#6259,#6260);
#6258 = CARTESIAN_POINT('',(-7.333333333333,-7.333333333333,
    86.866666666667));
#6259 = DIRECTION('',(0.,0.,-1.));
#6260 = DIRECTION('',(-1.,0.,0.));
#6261 = DEFINITIONAL_REPRESENTATION('',(#6262),#6275);
#6262 = B_SPLINE_CURVE_WITH_KNOTS('',6,(#6263,#6264,#6265,#6266,#6267,
    #6268,#6269,#6270,#6271,#6272,#6273,#6274),.UNSPECIFIED.,.F.,.F.,(7,
    5,7),(0.,0.603573959208,1.),.UNSPECIFIED.);
#6263 = CARTESIAN_POINT('',(5.43406859843,-1.0000024));
#6264 = CARTESIAN_POINT('',(5.427455058958,-0.904971858645));
#6265 = CARTESIAN_POINT('',(5.421656144633,-0.805867005626));
#6266 = CARTESIAN_POINT('',(5.416569391674,-0.705986979524));
#6267 = CARTESIAN_POINT('',(5.412061717536,-0.606636462268));
#6268 = CARTESIAN_POINT('',(5.407994012482,-0.507176788384));
#6269 = CARTESIAN_POINT('',(5.401778932865,-0.338024446492));
#6270 = CARTESIAN_POINT('',(5.399482470164,-0.270669215683));
#6271 = CARTESIAN_POINT('',(5.397341986817,-0.203163232939));
#6272 = CARTESIAN_POINT('',(5.395346289836,-0.135572850796));
#6273 = CARTESIAN_POINT('',(5.393484853464,-6.788301652015E-02));
#6274 = CARTESIAN_POINT('',(5.39174830202,2.400000000069E-06));
#6275 = ( GEOMETRIC_REPRESENTATION_CONTEXT(2) 
PARAMETRIC_REPRESENTATION_CONTEXT() REPRESENTATION_CONTEXT('2D SPACE',''
  ) );
#6276 = ORIENTED_EDGE('',*,*,#6277,.T.);
#6277 = EDGE_CURVE('',#6221,#6278,#6280,.T.);
#6278 = VERTEX_POINT('',#6279);
#6279 = CARTESIAN_POINT('',(-11.83751692421,-11.2972115075,
    87.866666666667));
#6280 = SURFACE_CURVE('',#6281,(#6286,#6313),.PCURVE_S1.);
#6281 = ELLIPSE('',#6282,0.763858952949,0.733333333333);
#6282 = AXIS2_PLACEMENT_3D('',#6283,#6284,#6285);
#6283 = CARTESIAN_POINT('',(-12.02840151515,-12.02840151515,
    87.866666666667));
#6284 = DIRECTION('',(0.,0.,1.));
#6285 = DIRECTION('',(0.707106781187,0.707106781187,-0.));
#6286 = PCURVE('',#5767,#6287);
#6287 = DEFINITIONAL_REPRESENTATION('',(#6288),#6312);
#6288 = B_SPLINE_CURVE_WITH_KNOTS('',8,(#6289,#6290,#6291,#6292,#6293,
    #6294,#6295,#6296,#6297,#6298,#6299,#6300,#6301,#6302,#6303,#6304,
    #6305,#6306,#6307,#6308,#6309,#6310,#6311),.UNSPECIFIED.,.F.,.F.,(9,
    7,7,9),(2.376580242361,3.947376569156,6.303571059348,8.659765549541)
  ,.UNSPECIFIED.);
#6289 = CARTESIAN_POINT('',(6.28318530718,48.211943376577));
#6290 = CARTESIAN_POINT('',(6.08683576633,48.182873076184));
#6291 = CARTESIAN_POINT('',(5.890486225481,48.160597831377));
#6292 = CARTESIAN_POINT('',(5.694136684632,48.146824273208));
#6293 = CARTESIAN_POINT('',(5.497787143782,48.142705182535));
#6294 = CARTESIAN_POINT('',(5.301437602933,48.148613150451));
#6295 = CARTESIAN_POINT('',(5.105088062083,48.164069128101));
#6296 = CARTESIAN_POINT('',(4.908738521234,48.187825865893));
#6297 = CARTESIAN_POINT('',(4.417864669111,48.263526806418));
#6298 = CARTESIAN_POINT('',(4.123340357838,48.323625406662));
#6299 = CARTESIAN_POINT('',(3.828816046565,48.39239391467));
#6300 = CARTESIAN_POINT('',(3.534291735289,48.461131265573));
#6301 = CARTESIAN_POINT('',(3.239767424017,48.520013349756));
#6302 = CARTESIAN_POINT('',(2.945243112742,48.561274887336));
#6303 = CARTESIAN_POINT('',(2.650718801466,48.581181075564));
#6304 = CARTESIAN_POINT('',(2.061670178918,48.578614117118));
#6305 = CARTESIAN_POINT('',(1.767145867649,48.556140961183));
#6306 = CARTESIAN_POINT('',(1.47262155636,48.512651840618));
#6307 = CARTESIAN_POINT('',(1.178097245119,48.452220460186));
#6308 = CARTESIAN_POINT('',(0.883572933813,48.382858496779));
#6309 = CARTESIAN_POINT('',(0.589048622553,48.31444328596));
#6310 = CARTESIAN_POINT('',(0.294524311274,48.255548827168));
#6311 = CARTESIAN_POINT('',(1.24344978758E-14,48.211943376577));
#6312 = ( GEOMETRIC_REPRESENTATION_CONTEXT(2) 
PARAMETRIC_REPRESENTATION_CONTEXT() REPRESENTATION_CONTEXT('2D SPACE',''
  ) );
#6313 = PCURVE('',#6314,#6319);
#6314 = PLANE('',#6315);
#6315 = AXIS2_PLACEMENT_3D('',#6316,#6317,#6318);
#6316 = CARTESIAN_POINT('',(-6.094068721934E-09,-7.308232267026E-09,
    87.866666666667));
#6317 = DIRECTION('',(0.,0.,1.));
#6318 = DIRECTION('',(1.,0.,0.));
#6319 = DEFINITIONAL_REPRESENTATION('',(#6320),#6324);
#6320 = ELLIPSE('',#6321,0.763858952949,0.733333333333);
#6321 = AXIS2_PLACEMENT_2D('',#6322,#6323);
#6322 = CARTESIAN_POINT('',(-12.02840150905,-12.02840150784));
#6323 = DIRECTION('',(0.707106781187,0.707106781187));
#6324 = ( GEOMETRIC_REPRESENTATION_CONTEXT(2) 
PARAMETRIC_REPRESENTATION_CONTEXT() REPRESENTATION_CONTEXT('2D SPACE',''
  ) );
#6325 = ORIENTED_EDGE('',*,*,#6326,.F.);
#6326 = EDGE_CURVE('',#6327,#6278,#6329,.T.);
#6327 = VERTEX_POINT('',#6328);
#6328 = CARTESIAN_POINT('',(-12.00118558124,-11.10310194582,
    86.866666666667));
#6329 = SURFACE_CURVE('',#6330,(#6343,#6359),.PCURVE_S1.);
#6330 = B_SPLINE_CURVE_WITH_KNOTS('',6,(#6331,#6332,#6333,#6334,#6335,
    #6336,#6337,#6338,#6339,#6340,#6341,#6342),.UNSPECIFIED.,.F.,.F.,(7,
    5,7),(0.,0.82241386201,1.),.UNSPECIFIED.);
#6331 = CARTESIAN_POINT('',(-12.00118581268,-11.10310165924,
    86.866664266667));
#6332 = CARTESIAN_POINT('',(-11.98753777704,-11.12000111074,
    87.008192902437));
#6333 = CARTESIAN_POINT('',(-11.9720400429,-11.13904088249,
    87.146078506613));
#6334 = CARTESIAN_POINT('',(-11.95421136622,-11.16074249052,
    87.284083569939));
#6335 = CARTESIAN_POINT('',(-11.93334596621,-11.18586126461,
    87.423339892967));
#6336 = CARTESIAN_POINT('',(-11.90865709022,-11.21513938602,
    87.562131685533));
#6337 = CARTESIAN_POINT('',(-11.87311800457,-11.25639956512,
    87.724530383026));
#6338 = CARTESIAN_POINT('',(-11.86657243858,-11.26397015382,
    87.753230240863));
#6339 = CARTESIAN_POINT('',(-11.85976566085,-11.2718116446,
    87.781815061441));
#6340 = CARTESIAN_POINT('',(-11.85267125348,-11.2799499359,
    87.810279116699));
#6341 = CARTESIAN_POINT('',(-11.84526327534,-11.28840927535,
    87.838586088107));
#6342 = CARTESIAN_POINT('',(-11.83751626214,-11.29721225981,
    87.866669066667));
#6343 = PCURVE('',#5767,#6344);
#6344 = DEFINITIONAL_REPRESENTATION('',(#6345),#6358);
#6345 = B_SPLINE_CURVE_WITH_KNOTS('',6,(#6346,#6347,#6348,#6349,#6350,
    #6351,#6352,#6353,#6354,#6355,#6356,#6357),.UNSPECIFIED.,.F.,.F.,(7,
    5,7),(0.,0.82241386201,1.),.UNSPECIFIED.);
#6346 = CARTESIAN_POINT('',(1.329502409123,49.514701550067));
#6347 = CARTESIAN_POINT('',(1.38840020201,49.378185284168));
#6348 = CARTESIAN_POINT('',(1.447785485926,49.245108952005));
#6349 = CARTESIAN_POINT('',(1.509717835664,49.111852451134));
#6350 = CARTESIAN_POINT('',(1.575646584716,48.97731940477));
#6351 = CARTESIAN_POINT('',(1.646581534377,48.843165856631));
#6352 = CARTESIAN_POINT('',(1.73983743986,48.686124800393));
#6353 = CARTESIAN_POINT('',(1.756726833762,48.658369006474));
#6354 = CARTESIAN_POINT('',(1.773999237722,48.630721734947));
#6355 = CARTESIAN_POINT('',(1.791703913565,48.60318858777));
#6356 = CARTESIAN_POINT('',(1.809884812682,48.575804767231));
#6357 = CARTESIAN_POINT('',(1.82858057603,48.548635075951));
#6358 = ( GEOMETRIC_REPRESENTATION_CONTEXT(2) 
PARAMETRIC_REPRESENTATION_CONTEXT() REPRESENTATION_CONTEXT('2D SPACE',''
  ) );
#6359 = PCURVE('',#6360,#6365);
#6360 = CYLINDRICAL_SURFACE('',#6361,6.);
#6361 = AXIS2_PLACEMENT_3D('',#6362,#6363,#6364);
#6362 = CARTESIAN_POINT('',(-7.333333333333,-7.333333333333,
    86.866666666667));
#6363 = DIRECTION('',(0.,0.,-1.));
#6364 = DIRECTION('',(-1.,0.,0.));
#6365 = DEFINITIONAL_REPRESENTATION('',(#6366),#6379);
#6366 = B_SPLINE_CURVE_WITH_KNOTS('',6,(#6367,#6368,#6369,#6370,#6371,
    #6372,#6373,#6374,#6375,#6376,#6377,#6378),.UNSPECIFIED.,.F.,.F.,(7,
    5,7),(0.,0.82241386201,1.),.UNSPECIFIED.);
#6367 = CARTESIAN_POINT('',(5.603825985544,2.400000000069E-06));
#6368 = CARTESIAN_POINT('',(5.60020559446,-0.14152623577));
#6369 = CARTESIAN_POINT('',(5.596113989687,-0.279411839947));
#6370 = CARTESIAN_POINT('',(5.591433082027,-0.417416903273));
#6371 = CARTESIAN_POINT('',(5.585990791945,-0.5566732263));
#6372 = CARTESIAN_POINT('',(5.579608113996,-0.695465018866));
#6373 = CARTESIAN_POINT('',(5.570532155236,-0.85786371636));
#6374 = CARTESIAN_POINT('',(5.56886417287,-0.886563574196));
#6375 = CARTESIAN_POINT('',(5.567133561982,-0.915148394774));
#6376 = CARTESIAN_POINT('',(5.565334167761,-0.943612450033));
#6377 = CARTESIAN_POINT('',(5.563460091209,-0.971919421441));
#6378 = CARTESIAN_POINT('',(5.561505689134,-1.0000024));
#6379 = ( GEOMETRIC_REPRESENTATION_CONTEXT(2) 
PARAMETRIC_REPRESENTATION_CONTEXT() REPRESENTATION_CONTEXT('2D SPACE',''
  ) );
#6380 = ORIENTED_EDGE('',*,*,#6381,.F.);
#6381 = EDGE_CURVE('',#6223,#6327,#6382,.T.);
#6382 = SURFACE_CURVE('',#6383,(#6388,#6415),.PCURVE_S1.);
#6383 = ELLIPSE('',#6384,0.763858952949,0.733333333333);
#6384 = AXIS2_PLACEMENT_3D('',#6385,#6386,#6387);
#6385 = CARTESIAN_POINT('',(-11.82226515151,-11.82226515151,
    86.866666666667));
#6386 = DIRECTION('',(0.,0.,1.));
#6387 = DIRECTION('',(0.707106781187,0.707106781187,-0.));
#6388 = PCURVE('',#5767,#6389);
#6389 = DEFINITIONAL_REPRESENTATION('',(#6390),#6414);
#6390 = B_SPLINE_CURVE_WITH_KNOTS('',8,(#6391,#6392,#6393,#6394,#6395,
    #6396,#6397,#6398,#6399,#6400,#6401,#6402,#6403,#6404,#6405,#6406,
    #6407,#6408,#6409,#6410,#6411,#6412,#6413),.UNSPECIFIED.,.F.,.F.,(9,
    7,7,9),(2.376580242361,3.947376569156,6.303571059348,8.659765549541)
  ,.UNSPECIFIED.);
#6391 = CARTESIAN_POINT('',(6.28318530718,49.253569221507));
#6392 = CARTESIAN_POINT('',(6.08683576633,49.224498921114));
#6393 = CARTESIAN_POINT('',(5.890486225481,49.202223676306));
#6394 = CARTESIAN_POINT('',(5.694136684632,49.188450118138));
#6395 = CARTESIAN_POINT('',(5.497787143782,49.184331027466));
#6396 = CARTESIAN_POINT('',(5.301437602933,49.190238995381));
#6397 = CARTESIAN_POINT('',(5.105088062083,49.20569497303));
#6398 = CARTESIAN_POINT('',(4.908738521234,49.229451710823));
#6399 = CARTESIAN_POINT('',(4.417864669111,49.305152651348));
#6400 = CARTESIAN_POINT('',(4.123340357839,49.365251251573));
#6401 = CARTESIAN_POINT('',(3.828816046558,49.434019759781));
#6402 = CARTESIAN_POINT('',(3.534291735303,49.502757110363));
#6403 = CARTESIAN_POINT('',(3.239767424012,49.561639194797));
#6404 = CARTESIAN_POINT('',(2.945243112742,49.60290073224));
#6405 = CARTESIAN_POINT('',(2.650718801466,49.622806920494));
#6406 = CARTESIAN_POINT('',(2.061670178918,49.620239962048));
#6407 = CARTESIAN_POINT('',(1.767145867646,49.597766806133));
#6408 = CARTESIAN_POINT('',(1.472621556377,49.554277685425));
#6409 = CARTESIAN_POINT('',(1.178097245104,49.493846305285));
#6410 = CARTESIAN_POINT('',(0.883572933831,49.424484341609));
#6411 = CARTESIAN_POINT('',(0.589048622551,49.356069130908));
#6412 = CARTESIAN_POINT('',(0.294524311274,49.297174672098));
#6413 = CARTESIAN_POINT('',(1.59872115546E-14,49.253569221507));
#6414 = ( GEOMETRIC_REPRESENTATION_CONTEXT(2) 
PARAMETRIC_REPRESENTATION_CONTEXT() REPRESENTATION_CONTEXT('2D SPACE',''
  ) );
#6415 = PCURVE('',#6416,#6421);
#6416 = PLANE('',#6417);
#6417 = AXIS2_PLACEMENT_3D('',#6418,#6419,#6420);
#6418 = CARTESIAN_POINT('',(-6.094068721934E-09,-7.308232267026E-09,
    86.866666666667));
#6419 = DIRECTION('',(0.,0.,1.));
#6420 = DIRECTION('',(1.,0.,0.));
#6421 = DEFINITIONAL_REPRESENTATION('',(#6422),#6426);
#6422 = ELLIPSE('',#6423,0.763858952949,0.733333333333);
#6423 = AXIS2_PLACEMENT_2D('',#6424,#6425);
#6424 = CARTESIAN_POINT('',(-11.82226514542,-11.8222651442));
#6425 = DIRECTION('',(0.707106781187,0.707106781187));
#6426 = ( GEOMETRIC_REPRESENTATION_CONTEXT(2) 
PARAMETRIC_REPRESENTATION_CONTEXT() REPRESENTATION_CONTEXT('2D SPACE',''
  ) );
#6427 = ADVANCED_FACE('',(#6428),#5818,.T.);
#6428 = FACE_BOUND('',#6429,.T.);
#6429 = EDGE_LOOP('',(#6430,#6455,#6482,#6483,#6527,#6582,#6626,#6663,
    #6686,#6730,#6770,#6814,#6835,#6836,#6837,#6881,#6921,#6963,#6964,
    #6996));
#6430 = ORIENTED_EDGE('',*,*,#6431,.T.);
#6431 = EDGE_CURVE('',#6432,#6434,#6436,.T.);
#6432 = VERTEX_POINT('',#6433);
#6433 = CARTESIAN_POINT('',(11.073513431057,-11.79174587458,
    86.866666666667));
#6434 = VERTEX_POINT('',#6435);
#6435 = CARTESIAN_POINT('',(8.788434223142,-9.506666666667,
    75.781387157487));
#6436 = SEAM_CURVE('',#6437,(#6441,#6448),.PCURVE_S1.);
#6437 = LINE('',#6438,#6439);
#6438 = CARTESIAN_POINT('',(20.881767556475,-21.6,134.44805382415));
#6439 = VECTOR('',#6440,1.);
#6440 = DIRECTION('',(-0.197898664515,0.197898664515,-0.960037622787));
#6441 = PCURVE('',#5818,#6442);
#6442 = DEFINITIONAL_REPRESENTATION('',(#6443),#6447);
#6443 = LINE('',#6444,#6445);
#6444 = CARTESIAN_POINT('',(6.28318530718,-0.));
#6445 = VECTOR('',#6446,1.);
#6446 = DIRECTION('',(0.,1.));
#6447 = ( GEOMETRIC_REPRESENTATION_CONTEXT(2) 
PARAMETRIC_REPRESENTATION_CONTEXT() REPRESENTATION_CONTEXT('2D SPACE',''
  ) );
#6448 = PCURVE('',#5818,#6449);
#6449 = DEFINITIONAL_REPRESENTATION('',(#6450),#6454);
#6450 = LINE('',#6451,#6452);
#6451 = CARTESIAN_POINT('',(0.,-0.));
#6452 = VECTOR('',#6453,1.);
#6453 = DIRECTION('',(0.,1.));
#6454 = ( GEOMETRIC_REPRESENTATION_CONTEXT(2) 
PARAMETRIC_REPRESENTATION_CONTEXT() REPRESENTATION_CONTEXT('2D SPACE',''
  ) );
#6455 = ORIENTED_EDGE('',*,*,#6456,.F.);
#6456 = EDGE_CURVE('',#6434,#6434,#6457,.T.);
#6457 = SURFACE_CURVE('',#6458,(#6463,#6470),.PCURVE_S1.);
#6458 = CIRCLE('',#6459,0.733333333333);
#6459 = AXIS2_PLACEMENT_3D('',#6460,#6461,#6462);
#6460 = CARTESIAN_POINT('',(9.506666666667,-9.506666666667,
    75.633333333333));
#6461 = DIRECTION('',(-0.197898664515,0.197898664515,-0.960037622787));
#6462 = DIRECTION('',(-0.979407877533,-7.148921115984E-18,0.201891578392
    ));
#6463 = PCURVE('',#5818,#6464);
#6464 = DEFINITIONAL_REPRESENTATION('',(#6465),#6469);
#6465 = LINE('',#6466,#6467);
#6466 = CARTESIAN_POINT('',(0.,61.108716235902));
#6467 = VECTOR('',#6468,1.);
#6468 = DIRECTION('',(1.,0.));
#6469 = ( GEOMETRIC_REPRESENTATION_CONTEXT(2) 
PARAMETRIC_REPRESENTATION_CONTEXT() REPRESENTATION_CONTEXT('2D SPACE',''
  ) );
#6470 = PCURVE('',#6471,#6476);
#6471 = PLANE('',#6472);
#6472 = AXIS2_PLACEMENT_3D('',#6473,#6474,#6475);
#6473 = CARTESIAN_POINT('',(9.506666666667,-9.506666666667,
    75.633333333333));
#6474 = DIRECTION('',(-0.197898664515,0.197898664515,-0.960037622787));
#6475 = DIRECTION('',(-0.979407877533,-7.148921115984E-18,0.201891578392
    ));
#6476 = DEFINITIONAL_REPRESENTATION('',(#6477),#6481);
#6477 = CIRCLE('',#6478,0.733333333333);
#6478 = AXIS2_PLACEMENT_2D('',#6479,#6480);
#6479 = CARTESIAN_POINT('',(0.,0.));
#6480 = DIRECTION('',(1.,0.));
#6481 = ( GEOMETRIC_REPRESENTATION_CONTEXT(2) 
PARAMETRIC_REPRESENTATION_CONTEXT() REPRESENTATION_CONTEXT('2D SPACE',''
  ) );
#6482 = ORIENTED_EDGE('',*,*,#6431,.F.);
#6483 = ORIENTED_EDGE('',*,*,#6484,.F.);
#6484 = EDGE_CURVE('',#6485,#6432,#6487,.T.);
#6485 = VERTEX_POINT('',#6486);
#6486 = CARTESIAN_POINT('',(12.001185552731,-11.10310193764,
    86.866666666667));
#6487 = SURFACE_CURVE('',#6488,(#6493,#6520),.PCURVE_S1.);
#6488 = ELLIPSE('',#6489,0.763858952949,0.733333333333);
#6489 = AXIS2_PLACEMENT_3D('',#6490,#6491,#6492);
#6490 = CARTESIAN_POINT('',(11.822265151515,-11.82226515151,
    86.866666666667));
#6491 = DIRECTION('',(0.,0.,1.));
#6492 = DIRECTION('',(-0.707106781187,0.707106781187,0.));
#6493 = PCURVE('',#5818,#6494);
#6494 = DEFINITIONAL_REPRESENTATION('',(#6495),#6519);
#6495 = B_SPLINE_CURVE_WITH_KNOTS('',8,(#6496,#6497,#6498,#6499,#6500,
    #6501,#6502,#6503,#6504,#6505,#6506,#6507,#6508,#6509,#6510,#6511,
    #6512,#6513,#6514,#6515,#6516,#6517,#6518),.UNSPECIFIED.,.F.,.F.,(9,
    7,7,9),(0.765012411229,2.335808738024,4.692003228216,7.048197718408)
  ,.UNSPECIFIED.);
#6496 = CARTESIAN_POINT('',(6.28318530718,49.562002600866));
#6497 = CARTESIAN_POINT('',(6.08683576633,49.532932300472));
#6498 = CARTESIAN_POINT('',(5.890486225481,49.497067081901));
#6499 = CARTESIAN_POINT('',(5.694136684632,49.456114907342));
#6500 = CARTESIAN_POINT('',(5.497787143782,49.412341838277));
#6501 = CARTESIAN_POINT('',(5.301437602933,49.368364331639));
#6502 = CARTESIAN_POINT('',(5.105088062083,49.326816208291));
#6503 = CARTESIAN_POINT('',(4.908738521234,49.290012463243));
#6504 = CARTESIAN_POINT('',(4.417864669111,49.214311522718));
#6505 = CARTESIAN_POINT('',(4.123340357838,49.183568665183));
#6506 = CARTESIAN_POINT('',(3.828816046566,49.173506080533));
#6507 = CARTESIAN_POINT('',(3.534291735293,49.18741595861));
#6508 = CARTESIAN_POINT('',(3.239767424021,49.224193872517));
#6509 = CARTESIAN_POINT('',(2.94524311274,49.277958108605));
#6510 = CARTESIAN_POINT('',(2.650718801466,49.340477208341));
#6511 = CARTESIAN_POINT('',(2.061670178918,49.466379006024));
#6512 = CARTESIAN_POINT('',(1.767145867652,49.529762160212));
#6513 = CARTESIAN_POINT('',(1.472621556354,49.585254341524));
#6514 = CARTESIAN_POINT('',(1.178097245124,49.62446488715));
#6515 = CARTESIAN_POINT('',(0.883572933806,49.641190413676));
#6516 = CARTESIAN_POINT('',(0.589048622555,49.63392480987));
#6517 = CARTESIAN_POINT('',(0.294524311274,49.605608051456));
#6518 = CARTESIAN_POINT('',(1.33226762955E-14,49.562002600866));
#6519 = ( GEOMETRIC_REPRESENTATION_CONTEXT(2) 
PARAMETRIC_REPRESENTATION_CONTEXT() REPRESENTATION_CONTEXT('2D SPACE',''
  ) );
#6520 = PCURVE('',#6416,#6521);
#6521 = DEFINITIONAL_REPRESENTATION('',(#6522),#6526);
#6522 = ELLIPSE('',#6523,0.763858952949,0.733333333333);
#6523 = AXIS2_PLACEMENT_2D('',#6524,#6525);
#6524 = CARTESIAN_POINT('',(11.822265157609,-11.8222651442));
#6525 = DIRECTION('',(-0.707106781187,0.707106781187));
#6526 = ( GEOMETRIC_REPRESENTATION_CONTEXT(2) 
PARAMETRIC_REPRESENTATION_CONTEXT() REPRESENTATION_CONTEXT('2D SPACE',''
  ) );
#6527 = ORIENTED_EDGE('',*,*,#6528,.F.);
#6528 = EDGE_CURVE('',#6529,#6485,#6531,.T.);
#6529 = VERTEX_POINT('',#6530);
#6530 = CARTESIAN_POINT('',(11.837516880541,-11.29721151722,
    87.866666666667));
#6531 = SURFACE_CURVE('',#6532,(#6545,#6561),.PCURVE_S1.);
#6532 = B_SPLINE_CURVE_WITH_KNOTS('',6,(#6533,#6534,#6535,#6536,#6537,
    #6538,#6539,#6540,#6541,#6542,#6543,#6544),.UNSPECIFIED.,.F.,.F.,(7,
    5,7),(0.,0.600765251868,1.),.UNSPECIFIED.);
#6533 = CARTESIAN_POINT('',(11.837516218475,-11.29721226953,
    87.866669066667));
#6534 = CARTESIAN_POINT('',(11.863611782899,-11.26755970005,
    87.772072470129));
#6535 = CARTESIAN_POINT('',(11.886270673303,-11.24133981713,
    87.673448561092));
#6536 = CARTESIAN_POINT('',(11.906001342656,-11.21819287264,
    87.57405122578));
#6537 = CARTESIAN_POINT('',(11.923386514302,-11.19757868905,
    87.475168285217));
#6538 = CARTESIAN_POINT('',(11.938996316063,-11.17889862482,
    87.376171572335));
#6539 = CARTESIAN_POINT('',(11.962845187802,-11.15011762748,
    87.207052420518));
#6540 = CARTESIAN_POINT('',(11.971680988968,-11.13938471539,
    87.139228388662));
#6541 = CARTESIAN_POINT('',(11.979884589974,-11.12936284527,
    87.07125123357));
#6542 = CARTESIAN_POINT('',(11.98750658115,-11.12000465157,
    87.003189257408));
#6543 = CARTESIAN_POINT('',(11.994593383193,-11.11126458117,
    86.935026737616));
#6544 = CARTESIAN_POINT('',(12.001185784171,-11.10310165107,
    86.866664266667));
#6545 = PCURVE('',#5818,#6546);
#6546 = DEFINITIONAL_REPRESENTATION('',(#6547),#6560);
#6547 = B_SPLINE_CURVE_WITH_KNOTS('',6,(#6548,#6549,#6550,#6551,#6552,
    #6553,#6554,#6555,#6556,#6557,#6558,#6559),.UNSPECIFIED.,.F.,.F.,(7,
    5,7),(0.,0.600765251868,1.),.UNSPECIFIED.);
#6548 = CARTESIAN_POINT('',(1.313012017244,48.548635082669));
#6549 = CARTESIAN_POINT('',(1.375988091419,48.640155300883));
#6550 = CARTESIAN_POINT('',(1.434109412531,48.735542679729));
#6551 = CARTESIAN_POINT('',(1.487963587258,48.831643937521));
#6552 = CARTESIAN_POINT('',(1.538346168058,48.927214297865));
#6553 = CARTESIAN_POINT('',(1.586375492155,49.022862467606));
#6554 = CARTESIAN_POINT('',(1.664941406265,49.186199277154));
#6555 = CARTESIAN_POINT('',(1.695548883489,49.251688335182));
#6556 = CARTESIAN_POINT('',(1.725475639656,49.31730879459));
#6557 = CARTESIAN_POINT('',(1.754807179846,49.382994444547));
#6558 = CARTESIAN_POINT('',(1.783640847986,49.448760207611));
#6559 = CARTESIAN_POINT('',(1.812090205252,49.514701557326));
#6560 = ( GEOMETRIC_REPRESENTATION_CONTEXT(2) 
PARAMETRIC_REPRESENTATION_CONTEXT() REPRESENTATION_CONTEXT('2D SPACE',''
  ) );
#6561 = PCURVE('',#6562,#6567);
#6562 = CYLINDRICAL_SURFACE('',#6563,6.);
#6563 = AXIS2_PLACEMENT_3D('',#6564,#6565,#6566);
#6564 = CARTESIAN_POINT('',(7.333333298221,-7.333333333333,
    86.866666666667));
#6565 = DIRECTION('',(0.,0.,-1.));
#6566 = DIRECTION('',(-1.,0.,0.));
#6567 = DEFINITIONAL_REPRESENTATION('',(#6568),#6581);
#6568 = B_SPLINE_CURVE_WITH_KNOTS('',6,(#6569,#6570,#6571,#6572,#6573,
    #6574,#6575,#6576,#6577,#6578,#6579,#6580),.UNSPECIFIED.,.F.,.F.,(7,
    5,7),(0.,0.600765251868,1.),.UNSPECIFIED.);
#6569 = CARTESIAN_POINT('',(3.863272273794,-1.0000024));
#6570 = CARTESIAN_POINT('',(3.856688933374,-0.905405803462));
#6571 = CARTESIAN_POINT('',(3.850913481377,-0.806781894425));
#6572 = CARTESIAN_POINT('',(3.845844413942,-0.707384559113));
#6573 = CARTESIAN_POINT('',(3.841350085153,-0.60850161855));
#6574 = CARTESIAN_POINT('',(3.83729285315,-0.509504905668));
#6575 = CARTESIAN_POINT('',(3.831063187359,-0.340385753851));
#6576 = CARTESIAN_POINT('',(3.828746192038,-0.272561721995));
#6577 = CARTESIAN_POINT('',(3.826587648531,-0.204584566904));
#6578 = CARTESIAN_POINT('',(3.824576088322,-0.136522590741));
#6579 = CARTESIAN_POINT('',(3.822700728417,-6.836007094941E-02));
#6580 = CARTESIAN_POINT('',(3.820951973475,2.400000000069E-06));
#6581 = ( GEOMETRIC_REPRESENTATION_CONTEXT(2) 
PARAMETRIC_REPRESENTATION_CONTEXT() REPRESENTATION_CONTEXT('2D SPACE',''
  ) );
#6582 = ORIENTED_EDGE('',*,*,#6583,.T.);
#6583 = EDGE_CURVE('',#6529,#6584,#6586,.T.);
#6584 = VERTEX_POINT('',#6585);
#6585 = CARTESIAN_POINT('',(11.297211516062,-11.83751688578,
    87.866666666667));
#6586 = SURFACE_CURVE('',#6587,(#6592,#6619),.PCURVE_S1.);
#6587 = ELLIPSE('',#6588,0.763858952949,0.733333333333);
#6588 = AXIS2_PLACEMENT_3D('',#6589,#6590,#6591);
#6589 = CARTESIAN_POINT('',(12.028401515152,-12.02840151515,
    87.866666666667));
#6590 = DIRECTION('',(0.,0.,1.));
#6591 = DIRECTION('',(-0.707106781187,0.707106781187,0.));
#6592 = PCURVE('',#5818,#6593);
#6593 = DEFINITIONAL_REPRESENTATION('',(#6594),#6618);
#6594 = B_SPLINE_CURVE_WITH_KNOTS('',8,(#6595,#6596,#6597,#6598,#6599,
    #6600,#6601,#6602,#6603,#6604,#6605,#6606,#6607,#6608,#6609,#6610,
    #6611,#6612,#6613,#6614,#6615,#6616,#6617),.UNSPECIFIED.,.F.,.F.,(9,
    7,7,9),(0.765012411229,2.335808738024,4.692003228216,7.048197718408)
  ,.UNSPECIFIED.);
#6595 = CARTESIAN_POINT('',(6.28318530718,48.520376755936));
#6596 = CARTESIAN_POINT('',(6.08683576633,48.491306455542));
#6597 = CARTESIAN_POINT('',(5.890486225481,48.455441236967));
#6598 = CARTESIAN_POINT('',(5.694136684632,48.414489062425));
#6599 = CARTESIAN_POINT('',(5.497787143782,48.37071599335));
#6600 = CARTESIAN_POINT('',(5.301437602933,48.326738486701));
#6601 = CARTESIAN_POINT('',(5.105088062083,48.285190363366));
#6602 = CARTESIAN_POINT('',(4.908738521234,48.248386618313));
#6603 = CARTESIAN_POINT('',(4.417864669111,48.172685677788));
#6604 = CARTESIAN_POINT('',(4.123340357839,48.141942820246));
#6605 = CARTESIAN_POINT('',(3.828816046561,48.131880235674));
#6606 = CARTESIAN_POINT('',(3.534291735296,48.145790113518));
#6607 = CARTESIAN_POINT('',(3.239767424014,48.182568027661));
#6608 = CARTESIAN_POINT('',(2.945243112742,48.236332263671));
#6609 = CARTESIAN_POINT('',(2.650718801466,48.29885136341));
#6610 = CARTESIAN_POINT('',(2.061670178918,48.424753161093));
#6611 = CARTESIAN_POINT('',(1.767145867646,48.48813631526));
#6612 = CARTESIAN_POINT('',(1.472621556377,48.543628496752));
#6613 = CARTESIAN_POINT('',(1.178097245095,48.582839042058));
#6614 = CARTESIAN_POINT('',(0.883572933831,48.599564568908));
#6615 = CARTESIAN_POINT('',(0.589048622551,48.592298964885));
#6616 = CARTESIAN_POINT('',(0.294524311274,48.563982206526));
#6617 = CARTESIAN_POINT('',(1.24344978758E-14,48.520376755936));
#6618 = ( GEOMETRIC_REPRESENTATION_CONTEXT(2) 
PARAMETRIC_REPRESENTATION_CONTEXT() REPRESENTATION_CONTEXT('2D SPACE',''
  ) );
#6619 = PCURVE('',#6314,#6620);
#6620 = DEFINITIONAL_REPRESENTATION('',(#6621),#6625);
#6621 = ELLIPSE('',#6622,0.763858952949,0.733333333333);
#6622 = AXIS2_PLACEMENT_2D('',#6623,#6624);
#6623 = CARTESIAN_POINT('',(12.028401521246,-12.02840150784));
#6624 = DIRECTION('',(-0.707106781187,0.707106781187));
#6625 = ( GEOMETRIC_REPRESENTATION_CONTEXT(2) 
PARAMETRIC_REPRESENTATION_CONTEXT() REPRESENTATION_CONTEXT('2D SPACE',''
  ) );
#6626 = ORIENTED_EDGE('',*,*,#6627,.F.);
#6627 = EDGE_CURVE('',#6628,#6584,#6630,.T.);
#6628 = VERTEX_POINT('',#6629);
#6629 = CARTESIAN_POINT('',(11.201631853874,-11.91986429739,
    87.48818933524));
#6630 = SURFACE_CURVE('',#6631,(#6638,#6648),.PCURVE_S1.);
#6631 = B_SPLINE_CURVE_WITH_KNOTS('',5,(#6632,#6633,#6634,#6635,#6636,
    #6637),.UNSPECIFIED.,.F.,.F.,(6,6),(0.,1.),
  .PIECEWISE_BEZIER_KNOTS.);
#6632 = CARTESIAN_POINT('',(11.201631853874,-11.91986429739,
    87.48818933524));
#6633 = CARTESIAN_POINT('',(11.217557417352,-11.90643261347,
    87.565446754538));
#6634 = CARTESIAN_POINT('',(11.234681259607,-11.89187198266,
    87.641526135677));
#6635 = CARTESIAN_POINT('',(11.253415043217,-11.87579800186,
    87.717521044504));
#6636 = CARTESIAN_POINT('',(11.274161292091,-11.85780209627,
    87.79313264249));
#6637 = CARTESIAN_POINT('',(11.297212268373,-11.83751622371,
    87.866669066667));
#6638 = PCURVE('',#5818,#6639);
#6639 = DEFINITIONAL_REPRESENTATION('',(#6640),#6647);
#6640 = B_SPLINE_CURVE_WITH_KNOTS('',5,(#6641,#6642,#6643,#6644,#6645,
    #6646),.UNSPECIFIED.,.F.,.F.,(6,6),(0.,1.),
  .PIECEWISE_BEZIER_KNOTS.);
#6641 = CARTESIAN_POINT('',(0.,48.91460852607));
#6642 = CARTESIAN_POINT('',(3.924086451094E-02,48.839944961471));
#6643 = CARTESIAN_POINT('',(7.974447983432E-02,48.766398637138));
#6644 = CARTESIAN_POINT('',(0.122463214311,48.6929142941));
#6645 = CARTESIAN_POINT('',(0.168057175101,48.619780026051));
#6646 = CARTESIAN_POINT('',(0.217012797978,48.548635081863));
#6647 = ( GEOMETRIC_REPRESENTATION_CONTEXT(2) 
PARAMETRIC_REPRESENTATION_CONTEXT() REPRESENTATION_CONTEXT('2D SPACE',''
  ) );
#6648 = PCURVE('',#6649,#6654);
#6649 = CYLINDRICAL_SURFACE('',#6650,6.);
#6650 = AXIS2_PLACEMENT_3D('',#6651,#6652,#6653);
#6651 = CARTESIAN_POINT('',(7.333333298221,-7.333333333333,
    86.866666666667));
#6652 = DIRECTION('',(0.,0.,-1.));
#6653 = DIRECTION('',(-1.,0.,0.));
#6654 = DEFINITIONAL_REPRESENTATION('',(#6655),#6662);
#6655 = B_SPLINE_CURVE_WITH_KNOTS('',5,(#6656,#6657,#6658,#6659,#6660,
    #6661),.UNSPECIFIED.,.F.,.F.,(6,6),(0.,1.),
  .PIECEWISE_BEZIER_KNOTS.);
#6656 = CARTESIAN_POINT('',(4.011736720628,-0.621522668573));
#6657 = CARTESIAN_POINT('',(4.008264474697,-0.698780087871));
#6658 = CARTESIAN_POINT('',(4.004518256958,-0.774859469011));
#6659 = CARTESIAN_POINT('',(4.000404217031,-0.850854377837));
#6660 = CARTESIAN_POINT('',(3.995827034772,-0.926465975823));
#6661 = CARTESIAN_POINT('',(3.990709352644,-1.0000024));
#6662 = ( GEOMETRIC_REPRESENTATION_CONTEXT(2) 
PARAMETRIC_REPRESENTATION_CONTEXT() REPRESENTATION_CONTEXT('2D SPACE',''
  ) );
#6663 = ORIENTED_EDGE('',*,*,#6664,.F.);
#6664 = EDGE_CURVE('',#6665,#6628,#6667,.T.);
#6665 = VERTEX_POINT('',#6666);
#6666 = CARTESIAN_POINT('',(13.492180097724,-14.21041254124,98.6));
#6667 = SEAM_CURVE('',#6668,(#6672,#6679),.PCURVE_S1.);
#6668 = LINE('',#6669,#6670);
#6669 = CARTESIAN_POINT('',(20.881767556475,-21.6,134.44805382415));
#6670 = VECTOR('',#6671,1.);
#6671 = DIRECTION('',(-0.197898664515,0.197898664515,-0.960037622787));
#6672 = PCURVE('',#5818,#6673);
#6673 = DEFINITIONAL_REPRESENTATION('',(#6674),#6678);
#6674 = LINE('',#6675,#6676);
#6675 = CARTESIAN_POINT('',(6.28318530718,-0.));
#6676 = VECTOR('',#6677,1.);
#6677 = DIRECTION('',(0.,1.));
#6678 = ( GEOMETRIC_REPRESENTATION_CONTEXT(2) 
PARAMETRIC_REPRESENTATION_CONTEXT() REPRESENTATION_CONTEXT('2D SPACE',''
  ) );
#6679 = PCURVE('',#5818,#6680);
#6680 = DEFINITIONAL_REPRESENTATION('',(#6681),#6685);
#6681 = LINE('',#6682,#6683);
#6682 = CARTESIAN_POINT('',(0.,-0.));
#6683 = VECTOR('',#6684,1.);
#6684 = DIRECTION('',(0.,1.));
#6685 = ( GEOMETRIC_REPRESENTATION_CONTEXT(2) 
PARAMETRIC_REPRESENTATION_CONTEXT() REPRESENTATION_CONTEXT('2D SPACE',''
  ) );
#6686 = ORIENTED_EDGE('',*,*,#6687,.F.);
#6687 = EDGE_CURVE('',#6688,#6665,#6690,.T.);
#6688 = VERTEX_POINT('',#6689);
#6689 = CARTESIAN_POINT('',(14.976854480103,-14.13303209587,98.6));
#6690 = SURFACE_CURVE('',#6691,(#6696,#6723),.PCURVE_S1.);
#6691 = ELLIPSE('',#6692,0.763858952949,0.733333333333);
#6692 = AXIS2_PLACEMENT_3D('',#6693,#6694,#6695);
#6693 = CARTESIAN_POINT('',(14.240931818182,-14.24093181818,98.6));
#6694 = DIRECTION('',(0.,0.,1.));
#6695 = DIRECTION('',(-0.707106781187,0.707106781187,0.));
#6696 = PCURVE('',#5818,#6697);
#6697 = DEFINITIONAL_REPRESENTATION('',(#6698),#6722);
#6698 = B_SPLINE_CURVE_WITH_KNOTS('',8,(#6699,#6700,#6701,#6702,#6703,
    #6704,#6705,#6706,#6707,#6708,#6709,#6710,#6711,#6712,#6713,#6714,
    #6715,#6716,#6717,#6718,#6719,#6720,#6721),.UNSPECIFIED.,.F.,.F.,(9,
    7,7,9),(0.765012411229,2.335808738024,4.692003228216,7.048197718408)
  ,.UNSPECIFIED.);
#6699 = CARTESIAN_POINT('',(6.28318530718,37.340259353686));
#6700 = CARTESIAN_POINT('',(6.08683576633,37.311189053292));
#6701 = CARTESIAN_POINT('',(5.890486225481,37.275323834723));
#6702 = CARTESIAN_POINT('',(5.694136684632,37.234371660164));
#6703 = CARTESIAN_POINT('',(5.497787143782,37.190598591099));
#6704 = CARTESIAN_POINT('',(5.301437602933,37.146621084461));
#6705 = CARTESIAN_POINT('',(5.105088062083,37.105072961112));
#6706 = CARTESIAN_POINT('',(4.908738521234,37.068269216062));
#6707 = CARTESIAN_POINT('',(4.417864669111,36.992568275538));
#6708 = CARTESIAN_POINT('',(4.123340357839,36.961825418014));
#6709 = CARTESIAN_POINT('',(3.828816046559,36.951762833347));
#6710 = CARTESIAN_POINT('',(3.5342917353,36.965672711499));
#6711 = CARTESIAN_POINT('',(3.239767424014,37.002450625322));
#6712 = CARTESIAN_POINT('',(2.945243112742,37.056214861439));
#6713 = CARTESIAN_POINT('',(2.650718801466,37.11873396116));
#6714 = CARTESIAN_POINT('',(2.061670178918,37.244635758843));
#6715 = CARTESIAN_POINT('',(1.767145867649,37.308018912979));
#6716 = CARTESIAN_POINT('',(1.47262155635,37.363511094652));
#6717 = CARTESIAN_POINT('',(1.178097245124,37.402721639568));
#6718 = CARTESIAN_POINT('',(0.88357293381,37.419447166784));
#6719 = CARTESIAN_POINT('',(0.589048622554,37.41218156261));
#6720 = CARTESIAN_POINT('',(0.294524311274,37.383864804276));
#6721 = CARTESIAN_POINT('',(1.24344978758E-14,37.340259353686));
#6722 = ( GEOMETRIC_REPRESENTATION_CONTEXT(2) 
PARAMETRIC_REPRESENTATION_CONTEXT() REPRESENTATION_CONTEXT('2D SPACE',''
  ) );
#6723 = PCURVE('',#6206,#6724);
#6724 = DEFINITIONAL_REPRESENTATION('',(#6725),#6729);
#6725 = ELLIPSE('',#6726,0.763858952949,0.733333333333);
#6726 = AXIS2_PLACEMENT_2D('',#6727,#6728);
#6727 = CARTESIAN_POINT('',(14.240931830063,-14.24093180429));
#6728 = DIRECTION('',(-0.707106781187,0.707106781187));
#6729 = ( GEOMETRIC_REPRESENTATION_CONTEXT(2) 
PARAMETRIC_REPRESENTATION_CONTEXT() REPRESENTATION_CONTEXT('2D SPACE',''
  ) );
#6730 = ORIENTED_EDGE('',*,*,#6731,.F.);
#6731 = EDGE_CURVE('',#6732,#6688,#6734,.T.);
#6732 = VERTEX_POINT('',#6733);
#6733 = CARTESIAN_POINT('',(15.055131530886,-14.03530862995,99.6));
#6734 = SURFACE_CURVE('',#6735,(#6743,#6754),.PCURVE_S1.);
#6735 = B_SPLINE_CURVE_WITH_KNOTS('',6,(#6736,#6737,#6738,#6739,#6740,
    #6741,#6742),.UNSPECIFIED.,.F.,.F.,(7,7),(0.,1.),
  .PIECEWISE_BEZIER_KNOTS.);
#6736 = CARTESIAN_POINT('',(15.055131609723,-14.0353085294,99.6000024));
#6737 = CARTESIAN_POINT('',(15.049589222809,-14.04237773759,
    99.431278027995));
#6738 = CARTESIAN_POINT('',(15.041558371384,-14.05259483012,
    99.264573016525));
#6739 = CARTESIAN_POINT('',(15.03083705743,-14.06617330456,
    99.097891568483));
#6740 = CARTESIAN_POINT('',(15.016946165351,-14.08364317874,
    98.930589544432));
#6741 = CARTESIAN_POINT('',(14.999216081284,-14.1057045213,
    98.763655992935));
#6742 = CARTESIAN_POINT('',(14.976854152173,-14.13303249663,98.5999976)
  );
#6743 = PCURVE('',#5818,#6744);
#6744 = DEFINITIONAL_REPRESENTATION('',(#6745),#6753);
#6745 = B_SPLINE_CURVE_WITH_KNOTS('',6,(#6746,#6747,#6748,#6749,#6750,
    #6751,#6752),.UNSPECIFIED.,.F.,.F.,(7,7),(0.,1.),
  .PIECEWISE_BEZIER_KNOTS.);
#6746 = CARTESIAN_POINT('',(2.518542142428,36.105566259978));
#6747 = CARTESIAN_POINT('',(2.585462045466,36.267245849091));
#6748 = CARTESIAN_POINT('',(2.653212459554,36.426856277815));
#6749 = CARTESIAN_POINT('',(2.723161701225,36.586311310711));
#6750 = CARTESIAN_POINT('',(2.796393135861,36.74621927239));
#6751 = CARTESIAN_POINT('',(2.873798223095,36.905624612062));
#6752 = CARTESIAN_POINT('',(2.956212730412,37.06176005265));
#6753 = ( GEOMETRIC_REPRESENTATION_CONTEXT(2) 
PARAMETRIC_REPRESENTATION_CONTEXT() REPRESENTATION_CONTEXT('2D SPACE',''
  ) );
#6754 = PCURVE('',#6755,#6760);
#6755 = CYLINDRICAL_SURFACE('',#6756,6.);
#6756 = AXIS2_PLACEMENT_3D('',#6757,#6758,#6759);
#6757 = CARTESIAN_POINT('',(10.33333326082,-10.33333333333,98.6));
#6758 = DIRECTION('',(-0.,-0.,-1.));
#6759 = DIRECTION('',(1.,0.,0.));
#6760 = DEFINITIONAL_REPRESENTATION('',(#6761),#6769);
#6761 = B_SPLINE_CURVE_WITH_KNOTS('',6,(#6762,#6763,#6764,#6765,#6766,
    #6767,#6768),.UNSPECIFIED.,.F.,.F.,(7,7),(0.,1.),
  .PIECEWISE_BEZIER_KNOTS.);
#6762 = CARTESIAN_POINT('',(-5.618265702876,-1.0000024));
#6763 = CARTESIAN_POINT('',(-5.616768559697,-0.831278027995));
#6764 = CARTESIAN_POINT('',(-5.614602638555,-0.664573016525));
#6765 = CARTESIAN_POINT('',(-5.611719176551,-0.497891568483));
#6766 = CARTESIAN_POINT('',(-5.607999297664,-0.330589544432));
#6767 = CARTESIAN_POINT('',(-5.603282314716,-0.163655992935));
#6768 = CARTESIAN_POINT('',(-5.597397130614,2.400000000069E-06));
#6769 = ( GEOMETRIC_REPRESENTATION_CONTEXT(2) 
PARAMETRIC_REPRESENTATION_CONTEXT() REPRESENTATION_CONTEXT('2D SPACE',''
  ) );
#6770 = ORIENTED_EDGE('',*,*,#6771,.T.);
#6771 = EDGE_CURVE('',#6732,#6772,#6774,.T.);
#6772 = VERTEX_POINT('',#6773);
#6773 = CARTESIAN_POINT('',(13.69831646136,-14.41654890488,99.6));
#6774 = SURFACE_CURVE('',#6775,(#6780,#6807),.PCURVE_S1.);
#6775 = ELLIPSE('',#6776,0.763858952949,0.733333333333);
#6776 = AXIS2_PLACEMENT_3D('',#6777,#6778,#6779);
#6777 = CARTESIAN_POINT('',(14.447068181818,-14.44706818181,99.6));
#6778 = DIRECTION('',(0.,0.,1.));
#6779 = DIRECTION('',(-0.707106781187,0.707106781187,0.));
#6780 = PCURVE('',#5818,#6781);
#6781 = DEFINITIONAL_REPRESENTATION('',(#6782),#6806);
#6782 = B_SPLINE_CURVE_WITH_KNOTS('',8,(#6783,#6784,#6785,#6786,#6787,
    #6788,#6789,#6790,#6791,#6792,#6793,#6794,#6795,#6796,#6797,#6798,
    #6799,#6800,#6801,#6802,#6803,#6804,#6805),.UNSPECIFIED.,.F.,.F.,(9,
    7,7,9),(0.765012411229,2.335808738024,4.692003228216,7.048197718408)
  ,.UNSPECIFIED.);
#6783 = CARTESIAN_POINT('',(6.28318530718,36.298633508755));
#6784 = CARTESIAN_POINT('',(6.08683576633,36.269563208362));
#6785 = CARTESIAN_POINT('',(5.890486225481,36.233697989785));
#6786 = CARTESIAN_POINT('',(5.694136684631,36.192745815243));
#6787 = CARTESIAN_POINT('',(5.497787143782,36.148972746168));
#6788 = CARTESIAN_POINT('',(5.301437602933,36.104995239519));
#6789 = CARTESIAN_POINT('',(5.105088062083,36.063447116186));
#6790 = CARTESIAN_POINT('',(4.908738521234,36.026643371132));
#6791 = CARTESIAN_POINT('',(4.417864669111,35.950942430608));
#6792 = CARTESIAN_POINT('',(4.123340357835,35.920199573122));
#6793 = CARTESIAN_POINT('',(3.828816046577,35.910136988249));
#6794 = CARTESIAN_POINT('',(3.534291735274,35.92404686675));
#6795 = CARTESIAN_POINT('',(3.239767424028,35.960824780201));
#6796 = CARTESIAN_POINT('',(2.945243112738,36.014589016534));
#6797 = CARTESIAN_POINT('',(2.650718801466,36.07710811623));
#6798 = CARTESIAN_POINT('',(2.061670178918,36.203009913913));
#6799 = CARTESIAN_POINT('',(1.767145867648,36.266393068082));
#6800 = CARTESIAN_POINT('',(1.472621556369,36.321885249604));
#6801 = CARTESIAN_POINT('',(1.17809724511,36.361095794709));
#6802 = CARTESIAN_POINT('',(0.883572933823,36.377821321739));
#6803 = CARTESIAN_POINT('',(0.589048622553,36.370555717719));
#6804 = CARTESIAN_POINT('',(0.294524311274,36.342238959346));
#6805 = CARTESIAN_POINT('',(1.33226762955E-14,36.298633508755));
#6806 = ( GEOMETRIC_REPRESENTATION_CONTEXT(2) 
PARAMETRIC_REPRESENTATION_CONTEXT() REPRESENTATION_CONTEXT('2D SPACE',''
  ) );
#6807 = PCURVE('',#6119,#6808);
#6808 = DEFINITIONAL_REPRESENTATION('',(#6809),#6813);
#6809 = ELLIPSE('',#6810,0.763858952949,0.733333333333);
#6810 = AXIS2_PLACEMENT_2D('',#6811,#6812);
#6811 = CARTESIAN_POINT('',(14.447068193699,-14.44706816793));
#6812 = DIRECTION('',(-0.707106781187,0.707106781187));
#6813 = ( GEOMETRIC_REPRESENTATION_CONTEXT(2) 
PARAMETRIC_REPRESENTATION_CONTEXT() REPRESENTATION_CONTEXT('2D SPACE',''
  ) );
#6814 = ORIENTED_EDGE('',*,*,#6815,.F.);
#6815 = EDGE_CURVE('',#5802,#6772,#6816,.T.);
#6816 = SEAM_CURVE('',#6817,(#6821,#6828),.PCURVE_S1.);
#6817 = LINE('',#6818,#6819);
#6818 = CARTESIAN_POINT('',(20.881767556475,-21.6,134.44805382415));
#6819 = VECTOR('',#6820,1.);
#6820 = DIRECTION('',(-0.197898664515,0.197898664515,-0.960037622787));
#6821 = PCURVE('',#5818,#6822);
#6822 = DEFINITIONAL_REPRESENTATION('',(#6823),#6827);
#6823 = LINE('',#6824,#6825);
#6824 = CARTESIAN_POINT('',(6.28318530718,-0.));
#6825 = VECTOR('',#6826,1.);
#6826 = DIRECTION('',(0.,1.));
#6827 = ( GEOMETRIC_REPRESENTATION_CONTEXT(2) 
PARAMETRIC_REPRESENTATION_CONTEXT() REPRESENTATION_CONTEXT('2D SPACE',''
  ) );
#6828 = PCURVE('',#5818,#6829);
#6829 = DEFINITIONAL_REPRESENTATION('',(#6830),#6834);
#6830 = LINE('',#6831,#6832);
#6831 = CARTESIAN_POINT('',(0.,-0.));
#6832 = VECTOR('',#6833,1.);
#6833 = DIRECTION('',(0.,1.));
#6834 = ( GEOMETRIC_REPRESENTATION_CONTEXT(2) 
PARAMETRIC_REPRESENTATION_CONTEXT() REPRESENTATION_CONTEXT('2D SPACE',''
  ) );
#6835 = ORIENTED_EDGE('',*,*,#5801,.F.);
#6836 = ORIENTED_EDGE('',*,*,#6815,.T.);
#6837 = ORIENTED_EDGE('',*,*,#6838,.T.);
#6838 = EDGE_CURVE('',#6772,#6839,#6841,.T.);
#6839 = VERTEX_POINT('',#6840);
#6840 = CARTESIAN_POINT('',(14.035308640519,-15.05513153826,99.6));
#6841 = SURFACE_CURVE('',#6842,(#6847,#6874),.PCURVE_S1.);
#6842 = ELLIPSE('',#6843,0.763858952949,0.733333333333);
#6843 = AXIS2_PLACEMENT_3D('',#6844,#6845,#6846);
#6844 = CARTESIAN_POINT('',(14.447068181818,-14.44706818181,99.6));
#6845 = DIRECTION('',(0.,0.,1.));
#6846 = DIRECTION('',(-0.707106781187,0.707106781187,0.));
#6847 = PCURVE('',#5818,#6848);
#6848 = DEFINITIONAL_REPRESENTATION('',(#6849),#6873);
#6849 = B_SPLINE_CURVE_WITH_KNOTS('',8,(#6850,#6851,#6852,#6853,#6854,
    #6855,#6856,#6857,#6858,#6859,#6860,#6861,#6862,#6863,#6864,#6865,
    #6866,#6867,#6868,#6869,#6870,#6871,#6872),.UNSPECIFIED.,.F.,.F.,(9,
    7,7,9),(0.765012411229,2.335808738024,4.692003228216,7.048197718408)
  ,.UNSPECIFIED.);
#6850 = CARTESIAN_POINT('',(6.28318530718,36.298633508755));
#6851 = CARTESIAN_POINT('',(6.08683576633,36.269563208362));
#6852 = CARTESIAN_POINT('',(5.890486225481,36.233697989785));
#6853 = CARTESIAN_POINT('',(5.694136684631,36.192745815243));
#6854 = CARTESIAN_POINT('',(5.497787143782,36.148972746168));
#6855 = CARTESIAN_POINT('',(5.301437602933,36.104995239519));
#6856 = CARTESIAN_POINT('',(5.105088062083,36.063447116186));
#6857 = CARTESIAN_POINT('',(4.908738521234,36.026643371132));
#6858 = CARTESIAN_POINT('',(4.417864669111,35.950942430608));
#6859 = CARTESIAN_POINT('',(4.123340357835,35.920199573122));
#6860 = CARTESIAN_POINT('',(3.828816046577,35.910136988249));
#6861 = CARTESIAN_POINT('',(3.534291735274,35.92404686675));
#6862 = CARTESIAN_POINT('',(3.239767424028,35.960824780201));
#6863 = CARTESIAN_POINT('',(2.945243112738,36.014589016534));
#6864 = CARTESIAN_POINT('',(2.650718801466,36.07710811623));
#6865 = CARTESIAN_POINT('',(2.061670178918,36.203009913913));
#6866 = CARTESIAN_POINT('',(1.767145867648,36.266393068082));
#6867 = CARTESIAN_POINT('',(1.472621556369,36.321885249604));
#6868 = CARTESIAN_POINT('',(1.17809724511,36.361095794709));
#6869 = CARTESIAN_POINT('',(0.883572933823,36.377821321739));
#6870 = CARTESIAN_POINT('',(0.589048622553,36.370555717719));
#6871 = CARTESIAN_POINT('',(0.294524311274,36.342238959346));
#6872 = CARTESIAN_POINT('',(1.33226762955E-14,36.298633508755));
#6873 = ( GEOMETRIC_REPRESENTATION_CONTEXT(2) 
PARAMETRIC_REPRESENTATION_CONTEXT() REPRESENTATION_CONTEXT('2D SPACE',''
  ) );
#6874 = PCURVE('',#6119,#6875);
#6875 = DEFINITIONAL_REPRESENTATION('',(#6876),#6880);
#6876 = ELLIPSE('',#6877,0.763858952949,0.733333333333);
#6877 = AXIS2_PLACEMENT_2D('',#6878,#6879);
#6878 = CARTESIAN_POINT('',(14.447068193699,-14.44706816793));
#6879 = DIRECTION('',(-0.707106781187,0.707106781187));
#6880 = ( GEOMETRIC_REPRESENTATION_CONTEXT(2) 
PARAMETRIC_REPRESENTATION_CONTEXT() REPRESENTATION_CONTEXT('2D SPACE',''
  ) );
#6881 = ORIENTED_EDGE('',*,*,#6882,.F.);
#6882 = EDGE_CURVE('',#6883,#6839,#6885,.T.);
#6883 = VERTEX_POINT('',#6884);
#6884 = CARTESIAN_POINT('',(14.133032108994,-14.97685448254,98.6));
#6885 = SURFACE_CURVE('',#6886,(#6894,#6905),.PCURVE_S1.);
#6886 = B_SPLINE_CURVE_WITH_KNOTS('',6,(#6887,#6888,#6889,#6890,#6891,
    #6892,#6893),.UNSPECIFIED.,.F.,.F.,(7,7),(0.,1.),
  .PIECEWISE_BEZIER_KNOTS.);
#6887 = CARTESIAN_POINT('',(14.13303250975,-14.97685415461,98.5999976));
#6888 = CARTESIAN_POINT('',(14.105704808526,-14.99921586027,
    98.763654349835));
#6889 = CARTESIAN_POINT('',(14.083643535097,-15.01694589495,
    98.93058678366));
#6890 = CARTESIAN_POINT('',(14.066173585952,-15.03083685,99.097888547445
    ));
#6891 = CARTESIAN_POINT('',(14.052594982969,-15.04155826647,
    99.264570652345));
#6892 = CARTESIAN_POINT('',(14.042377795094,-15.04958919318,
    99.431276920743));
#6893 = CARTESIAN_POINT('',(14.035308539964,-15.0551316171,99.6000024));
#6894 = PCURVE('',#5818,#6895);
#6895 = DEFINITIONAL_REPRESENTATION('',(#6896),#6904);
#6896 = B_SPLINE_CURVE_WITH_KNOTS('',6,(#6897,#6898,#6899,#6900,#6901,
    #6902,#6903),.UNSPECIFIED.,.F.,.F.,(7,7),(0.,1.),
  .PIECEWISE_BEZIER_KNOTS.);
#6897 = CARTESIAN_POINT('',(4.856997381521,37.06176004957));
#6898 = CARTESIAN_POINT('',(4.93941106155,36.905626176396));
#6899 = CARTESIAN_POINT('',(5.016815719543,36.746221905825));
#6900 = CARTESIAN_POINT('',(5.090047131985,36.586314196384));
#6901 = CARTESIAN_POINT('',(5.159996693322,36.426858538031));
#6902 = CARTESIAN_POINT('',(5.227747627987,36.267246906578));
#6903 = CARTESIAN_POINT('',(5.294667970318,36.105566256427));
#6904 = ( GEOMETRIC_REPRESENTATION_CONTEXT(2) 
PARAMETRIC_REPRESENTATION_CONTEXT() REPRESENTATION_CONTEXT('2D SPACE',''
  ) );
#6905 = PCURVE('',#6906,#6911);
#6906 = CYLINDRICAL_SURFACE('',#6907,6.);
#6907 = AXIS2_PLACEMENT_3D('',#6908,#6909,#6910);
#6908 = CARTESIAN_POINT('',(10.33333326082,-10.33333333333,98.6));
#6909 = DIRECTION('',(-0.,-0.,-1.));
#6910 = DIRECTION('',(1.,0.,0.));
#6911 = DEFINITIONAL_REPRESENTATION('',(#6912),#6920);
#6912 = B_SPLINE_CURVE_WITH_KNOTS('',6,(#6913,#6914,#6915,#6916,#6917,
    #6918,#6919),.UNSPECIFIED.,.F.,.F.,(7,7),(0.,1.),
  .PIECEWISE_BEZIER_KNOTS.);
#6913 = CARTESIAN_POINT('',(-5.398177175392,2.400000000069E-06));
#6914 = CARTESIAN_POINT('',(-5.39229205023,-0.163654349835));
#6915 = CARTESIAN_POINT('',(-5.387575081415,-0.33058678366));
#6916 = CARTESIAN_POINT('',(-5.383855186212,-0.497888547445));
#6917 = CARTESIAN_POINT('',(-5.380971696815,-0.664570652345));
#6918 = CARTESIAN_POINT('',(-5.378805755423,-0.831276920743));
#6919 = CARTESIAN_POINT('',(-5.377308602283,-1.0000024));
#6920 = ( GEOMETRIC_REPRESENTATION_CONTEXT(2) 
PARAMETRIC_REPRESENTATION_CONTEXT() REPRESENTATION_CONTEXT('2D SPACE',''
  ) );
#6921 = ORIENTED_EDGE('',*,*,#6922,.F.);
#6922 = EDGE_CURVE('',#6665,#6883,#6923,.T.);
#6923 = SURFACE_CURVE('',#6924,(#6929,#6956),.PCURVE_S1.);
#6924 = ELLIPSE('',#6925,0.763858952949,0.733333333333);
#6925 = AXIS2_PLACEMENT_3D('',#6926,#6927,#6928);
#6926 = CARTESIAN_POINT('',(14.240931818182,-14.24093181818,98.6));
#6927 = DIRECTION('',(0.,0.,1.));
#6928 = DIRECTION('',(-0.707106781187,0.707106781187,0.));
#6929 = PCURVE('',#5818,#6930);
#6930 = DEFINITIONAL_REPRESENTATION('',(#6931),#6955);
#6931 = B_SPLINE_CURVE_WITH_KNOTS('',8,(#6932,#6933,#6934,#6935,#6936,
    #6937,#6938,#6939,#6940,#6941,#6942,#6943,#6944,#6945,#6946,#6947,
    #6948,#6949,#6950,#6951,#6952,#6953,#6954),.UNSPECIFIED.,.F.,.F.,(9,
    7,7,9),(0.765012411229,2.335808738024,4.692003228216,7.048197718408)
  ,.UNSPECIFIED.);
#6932 = CARTESIAN_POINT('',(6.28318530718,37.340259353686));
#6933 = CARTESIAN_POINT('',(6.08683576633,37.311189053292));
#6934 = CARTESIAN_POINT('',(5.890486225481,37.275323834723));
#6935 = CARTESIAN_POINT('',(5.694136684632,37.234371660164));
#6936 = CARTESIAN_POINT('',(5.497787143782,37.190598591099));
#6937 = CARTESIAN_POINT('',(5.301437602933,37.146621084461));
#6938 = CARTESIAN_POINT('',(5.105088062083,37.105072961112));
#6939 = CARTESIAN_POINT('',(4.908738521234,37.068269216062));
#6940 = CARTESIAN_POINT('',(4.417864669111,36.992568275538));
#6941 = CARTESIAN_POINT('',(4.123340357839,36.961825418014));
#6942 = CARTESIAN_POINT('',(3.828816046559,36.951762833347));
#6943 = CARTESIAN_POINT('',(3.5342917353,36.965672711499));
#6944 = CARTESIAN_POINT('',(3.239767424014,37.002450625322));
#6945 = CARTESIAN_POINT('',(2.945243112742,37.056214861439));
#6946 = CARTESIAN_POINT('',(2.650718801466,37.11873396116));
#6947 = CARTESIAN_POINT('',(2.061670178918,37.244635758843));
#6948 = CARTESIAN_POINT('',(1.767145867649,37.308018912979));
#6949 = CARTESIAN_POINT('',(1.47262155635,37.363511094652));
#6950 = CARTESIAN_POINT('',(1.178097245124,37.402721639568));
#6951 = CARTESIAN_POINT('',(0.88357293381,37.419447166784));
#6952 = CARTESIAN_POINT('',(0.589048622554,37.41218156261));
#6953 = CARTESIAN_POINT('',(0.294524311274,37.383864804276));
#6954 = CARTESIAN_POINT('',(1.24344978758E-14,37.340259353686));
#6955 = ( GEOMETRIC_REPRESENTATION_CONTEXT(2) 
PARAMETRIC_REPRESENTATION_CONTEXT() REPRESENTATION_CONTEXT('2D SPACE',''
  ) );
#6956 = PCURVE('',#6206,#6957);
#6957 = DEFINITIONAL_REPRESENTATION('',(#6958),#6962);
#6958 = ELLIPSE('',#6959,0.763858952949,0.733333333333);
#6959 = AXIS2_PLACEMENT_2D('',#6960,#6961);
#6960 = CARTESIAN_POINT('',(14.240931830063,-14.24093180429));
#6961 = DIRECTION('',(-0.707106781187,0.707106781187));
#6962 = ( GEOMETRIC_REPRESENTATION_CONTEXT(2) 
PARAMETRIC_REPRESENTATION_CONTEXT() REPRESENTATION_CONTEXT('2D SPACE',''
  ) );
#6963 = ORIENTED_EDGE('',*,*,#6664,.T.);
#6964 = ORIENTED_EDGE('',*,*,#6965,.F.);
#6965 = EDGE_CURVE('',#6966,#6628,#6968,.T.);
#6966 = VERTEX_POINT('',#6967);
#6967 = CARTESIAN_POINT('',(11.103101939219,-12.00118555821,
    86.866666666667));
#6968 = SURFACE_CURVE('',#6969,(#6976,#6986),.PCURVE_S1.);
#6969 = B_SPLINE_CURVE_WITH_KNOTS('',5,(#6970,#6971,#6972,#6973,#6974,
    #6975),.UNSPECIFIED.,.F.,.F.,(6,6),(0.,1.),
  .PIECEWISE_BEZIER_KNOTS.);
#6970 = CARTESIAN_POINT('',(11.103101652643,-12.00118578965,
    86.866664266667));
#6971 = CARTESIAN_POINT('',(11.118117183876,-11.98905921217,
    86.992415537891));
#6972 = CARTESIAN_POINT('',(11.135084508084,-11.97525662112,
    87.116775790078));
#6973 = CARTESIAN_POINT('',(11.154360274874,-11.95943669976,
    87.241338218311));
#6974 = CARTESIAN_POINT('',(11.176412995069,-11.94113398376,
    87.365848675104));
#6975 = CARTESIAN_POINT('',(11.201631853874,-11.91986429739,
    87.48818933524));
#6976 = PCURVE('',#5818,#6977);
#6977 = DEFINITIONAL_REPRESENTATION('',(#6978),#6985);
#6978 = B_SPLINE_CURVE_WITH_KNOTS('',5,(#6979,#6980,#6981,#6982,#6983,
    #6984),.UNSPECIFIED.,.F.,.F.,(6,6),(0.,1.),
  .PIECEWISE_BEZIER_KNOTS.);
#6979 = CARTESIAN_POINT('',(6.00111991684,49.51470155593));
#6980 = CARTESIAN_POINT('',(6.053451887799,49.393403884351));
#6981 = CARTESIAN_POINT('',(6.106852455442,49.273387067008));
#6982 = CARTESIAN_POINT('',(6.162470787396,49.153118542322));
#6983 = CARTESIAN_POINT('',(6.221045601864,49.03284169855));
#6984 = CARTESIAN_POINT('',(6.28318530718,48.91460852607));
#6985 = ( GEOMETRIC_REPRESENTATION_CONTEXT(2) 
PARAMETRIC_REPRESENTATION_CONTEXT() REPRESENTATION_CONTEXT('2D SPACE',''
  ) );
#6986 = PCURVE('',#6649,#6987);
#6987 = DEFINITIONAL_REPRESENTATION('',(#6988),#6995);
#6988 = B_SPLINE_CURVE_WITH_KNOTS('',5,(#6989,#6990,#6991,#6992,#6993,
    #6994),.UNSPECIFIED.,.F.,.F.,(6,6),(0.,1.),
  .PIECEWISE_BEZIER_KNOTS.);
#6989 = CARTESIAN_POINT('',(4.033029652641,2.399999999958E-06));
#6990 = CARTESIAN_POINT('',(4.029812856186,-0.125748871225));
#6991 = CARTESIAN_POINT('',(4.026167483627,-0.250109123411));
#6992 = CARTESIAN_POINT('',(4.022011458674,-0.374671551645));
#6993 = CARTESIAN_POINT('',(4.017235181012,-0.499182008437));
#6994 = CARTESIAN_POINT('',(4.011736720628,-0.621522668573));
#6995 = ( GEOMETRIC_REPRESENTATION_CONTEXT(2) 
PARAMETRIC_REPRESENTATION_CONTEXT() REPRESENTATION_CONTEXT('2D SPACE',''
  ) );
#6996 = ORIENTED_EDGE('',*,*,#6997,.F.);
#6997 = EDGE_CURVE('',#6432,#6966,#6998,.T.);
#6998 = SURFACE_CURVE('',#6999,(#7004,#7031),.PCURVE_S1.);
#6999 = ELLIPSE('',#7000,0.763858952949,0.733333333333);
#7000 = AXIS2_PLACEMENT_3D('',#7001,#7002,#7003);
#7001 = CARTESIAN_POINT('',(11.822265151515,-11.82226515151,
    86.866666666667));
#7002 = DIRECTION('',(0.,0.,1.));
#7003 = DIRECTION('',(-0.707106781187,0.707106781187,0.));
#7004 = PCURVE('',#5818,#7005);
#7005 = DEFINITIONAL_REPRESENTATION('',(#7006),#7030);
#7006 = B_SPLINE_CURVE_WITH_KNOTS('',8,(#7007,#7008,#7009,#7010,#7011,
    #7012,#7013,#7014,#7015,#7016,#7017,#7018,#7019,#7020,#7021,#7022,
    #7023,#7024,#7025,#7026,#7027,#7028,#7029),.UNSPECIFIED.,.F.,.F.,(9,
    7,7,9),(0.765012411229,2.335808738024,4.692003228216,7.048197718408)
  ,.UNSPECIFIED.);
#7007 = CARTESIAN_POINT('',(6.28318530718,49.562002600866));
#7008 = CARTESIAN_POINT('',(6.08683576633,49.532932300472));
#7009 = CARTESIAN_POINT('',(5.890486225481,49.497067081901));
#7010 = CARTESIAN_POINT('',(5.694136684632,49.456114907342));
#7011 = CARTESIAN_POINT('',(5.497787143782,49.412341838277));
#7012 = CARTESIAN_POINT('',(5.301437602933,49.368364331639));
#7013 = CARTESIAN_POINT('',(5.105088062083,49.326816208291));
#7014 = CARTESIAN_POINT('',(4.908738521234,49.290012463243));
#7015 = CARTESIAN_POINT('',(4.417864669111,49.214311522718));
#7016 = CARTESIAN_POINT('',(4.123340357838,49.183568665183));
#7017 = CARTESIAN_POINT('',(3.828816046566,49.173506080533));
#7018 = CARTESIAN_POINT('',(3.534291735293,49.18741595861));
#7019 = CARTESIAN_POINT('',(3.239767424021,49.224193872517));
#7020 = CARTESIAN_POINT('',(2.94524311274,49.277958108605));
#7021 = CARTESIAN_POINT('',(2.650718801466,49.340477208341));
#7022 = CARTESIAN_POINT('',(2.061670178918,49.466379006024));
#7023 = CARTESIAN_POINT('',(1.767145867652,49.529762160212));
#7024 = CARTESIAN_POINT('',(1.472621556354,49.585254341524));
#7025 = CARTESIAN_POINT('',(1.178097245124,49.62446488715));
#7026 = CARTESIAN_POINT('',(0.883572933806,49.641190413676));
#7027 = CARTESIAN_POINT('',(0.589048622555,49.63392480987));
#7028 = CARTESIAN_POINT('',(0.294524311274,49.605608051456));
#7029 = CARTESIAN_POINT('',(1.33226762955E-14,49.562002600866));
#7030 = ( GEOMETRIC_REPRESENTATION_CONTEXT(2) 
PARAMETRIC_REPRESENTATION_CONTEXT() REPRESENTATION_CONTEXT('2D SPACE',''
  ) );
#7031 = PCURVE('',#6416,#7032);
#7032 = DEFINITIONAL_REPRESENTATION('',(#7033),#7037);
#7033 = ELLIPSE('',#7034,0.763858952949,0.733333333333);
#7034 = AXIS2_PLACEMENT_2D('',#7035,#7036);
#7035 = CARTESIAN_POINT('',(11.822265157609,-11.8222651442));
#7036 = DIRECTION('',(-0.707106781187,0.707106781187));
#7037 = ( GEOMETRIC_REPRESENTATION_CONTEXT(2) 
PARAMETRIC_REPRESENTATION_CONTEXT() REPRESENTATION_CONTEXT('2D SPACE',''
  ) );
#7038 = ADVANCED_FACE('',(#7039,#7093,#7263),#5869,.T.);
#7039 = FACE_BOUND('',#7040,.T.);
#7040 = EDGE_LOOP('',(#7041,#7064,#7091,#7092));
#7041 = ORIENTED_EDGE('',*,*,#7042,.T.);
#7042 = EDGE_CURVE('',#5853,#7043,#7045,.T.);
#7043 = VERTEX_POINT('',#7044);
#7044 = CARTESIAN_POINT('',(-10.22489911019,9.506666666667,
    75.48527950918));
#7045 = SEAM_CURVE('',#7046,(#7050,#7057),.PCURVE_S1.);
#7046 = LINE('',#7047,#7048);
#7047 = CARTESIAN_POINT('',(-22.31823244352,21.6,134.15194617584));
#7048 = VECTOR('',#7049,1.);
#7049 = DIRECTION('',(0.197898664515,-0.197898664515,-0.960037622787));
#7050 = PCURVE('',#5869,#7051);
#7051 = DEFINITIONAL_REPRESENTATION('',(#7052),#7056);
#7052 = LINE('',#7053,#7054);
#7053 = CARTESIAN_POINT('',(6.28318530718,-0.));
#7054 = VECTOR('',#7055,1.);
#7055 = DIRECTION('',(0.,1.));
#7056 = ( GEOMETRIC_REPRESENTATION_CONTEXT(2) 
PARAMETRIC_REPRESENTATION_CONTEXT() REPRESENTATION_CONTEXT('2D SPACE',''
  ) );
#7057 = PCURVE('',#5869,#7058);
#7058 = DEFINITIONAL_REPRESENTATION('',(#7059),#7063);
#7059 = LINE('',#7060,#7061);
#7060 = CARTESIAN_POINT('',(0.,-0.));
#7061 = VECTOR('',#7062,1.);
#7062 = DIRECTION('',(0.,1.));
#7063 = ( GEOMETRIC_REPRESENTATION_CONTEXT(2) 
PARAMETRIC_REPRESENTATION_CONTEXT() REPRESENTATION_CONTEXT('2D SPACE',''
  ) );
#7064 = ORIENTED_EDGE('',*,*,#7065,.F.);
#7065 = EDGE_CURVE('',#7043,#7043,#7066,.T.);
#7066 = SURFACE_CURVE('',#7067,(#7072,#7079),.PCURVE_S1.);
#7067 = CIRCLE('',#7068,0.733333333333);
#7068 = AXIS2_PLACEMENT_3D('',#7069,#7070,#7071);
#7069 = CARTESIAN_POINT('',(-9.506666666667,9.506666666667,
    75.633333333333));
#7070 = DIRECTION('',(0.197898664515,-0.197898664515,-0.960037622787));
#7071 = DIRECTION('',(-0.979407877533,-7.148921115984E-18,
    -0.201891578392));
#7072 = PCURVE('',#5869,#7073);
#7073 = DEFINITIONAL_REPRESENTATION('',(#7074),#7078);
#7074 = LINE('',#7075,#7076);
#7075 = CARTESIAN_POINT('',(0.,61.108716235902));
#7076 = VECTOR('',#7077,1.);
#7077 = DIRECTION('',(1.,0.));
#7078 = ( GEOMETRIC_REPRESENTATION_CONTEXT(2) 
PARAMETRIC_REPRESENTATION_CONTEXT() REPRESENTATION_CONTEXT('2D SPACE',''
  ) );
#7079 = PCURVE('',#7080,#7085);
#7080 = PLANE('',#7081);
#7081 = AXIS2_PLACEMENT_3D('',#7082,#7083,#7084);
#7082 = CARTESIAN_POINT('',(-9.506666666667,9.506666666667,
    75.633333333333));
#7083 = DIRECTION('',(0.197898664515,-0.197898664515,-0.960037622787));
#7084 = DIRECTION('',(-0.979407877533,-7.148921115984E-18,
    -0.201891578392));
#7085 = DEFINITIONAL_REPRESENTATION('',(#7086),#7090);
#7086 = CIRCLE('',#7087,0.733333333333);
#7087 = AXIS2_PLACEMENT_2D('',#7088,#7089);
#7088 = CARTESIAN_POINT('',(0.,0.));
#7089 = DIRECTION('',(1.,0.));
#7090 = ( GEOMETRIC_REPRESENTATION_CONTEXT(2) 
PARAMETRIC_REPRESENTATION_CONTEXT() REPRESENTATION_CONTEXT('2D SPACE',''
  ) );
#7091 = ORIENTED_EDGE('',*,*,#7042,.F.);
#7092 = ORIENTED_EDGE('',*,*,#5852,.F.);
#7093 = FACE_BOUND('',#7094,.T.);
#7094 = EDGE_LOOP('',(#7095,#7141,#7181,#7225));
#7095 = ORIENTED_EDGE('',*,*,#7096,.F.);
#7096 = EDGE_CURVE('',#7097,#7099,#7101,.T.);
#7097 = VERTEX_POINT('',#7098);
#7098 = CARTESIAN_POINT('',(-14.97685448254,14.133032108994,98.6));
#7099 = VERTEX_POINT('',#7100);
#7100 = CARTESIAN_POINT('',(-14.13303209587,14.976854480103,98.6));
#7101 = SURFACE_CURVE('',#7102,(#7107,#7134),.PCURVE_S1.);
#7102 = ELLIPSE('',#7103,0.763858952949,0.733333333333);
#7103 = AXIS2_PLACEMENT_3D('',#7104,#7105,#7106);
#7104 = CARTESIAN_POINT('',(-14.24093181818,14.240931818182,98.6));
#7105 = DIRECTION('',(0.,0.,1.));
#7106 = DIRECTION('',(0.707106781187,-0.707106781187,0.));
#7107 = PCURVE('',#5869,#7108);
#7108 = DEFINITIONAL_REPRESENTATION('',(#7109),#7133);
#7109 = B_SPLINE_CURVE_WITH_KNOTS('',8,(#7110,#7111,#7112,#7113,#7114,
    #7115,#7116,#7117,#7118,#7119,#7120,#7121,#7122,#7123,#7124,#7125,
    #7126,#7127,#7128,#7129,#7130,#7131,#7132),.UNSPECIFIED.,.F.,.F.,(9,
    7,7,9),(3.906605064818,5.477401391613,7.833595881806,10.189790371998
    ),.UNSPECIFIED.);
#7110 = CARTESIAN_POINT('',(6.28318530718,37.031825974327));
#7111 = CARTESIAN_POINT('',(6.08683576633,37.060896274721));
#7112 = CARTESIAN_POINT('',(5.890486225481,37.096761493291));
#7113 = CARTESIAN_POINT('',(5.694136684632,37.137713667855));
#7114 = CARTESIAN_POINT('',(5.497787143782,37.181486736919));
#7115 = CARTESIAN_POINT('',(5.301437602933,37.225464243554));
#7116 = CARTESIAN_POINT('',(5.105088062083,37.267012366904));
#7117 = CARTESIAN_POINT('',(4.908738521234,37.30381611195));
#7118 = CARTESIAN_POINT('',(4.417864669111,37.379517052475));
#7119 = CARTESIAN_POINT('',(4.123340357841,37.410259910009));
#7120 = CARTESIAN_POINT('',(3.828816046555,37.42032249446));
#7121 = CARTESIAN_POINT('',(3.534291735315,37.406412616635));
#7122 = CARTESIAN_POINT('',(3.239767424005,37.36963470252));
#7123 = CARTESIAN_POINT('',(2.945243112745,37.315870466581));
#7124 = CARTESIAN_POINT('',(2.650718801466,37.253351366852));
#7125 = CARTESIAN_POINT('',(2.061670178918,37.127449569169));
#7126 = CARTESIAN_POINT('',(1.767145867647,37.064066414922));
#7127 = CARTESIAN_POINT('',(1.472621556374,37.008574233585));
#7128 = CARTESIAN_POINT('',(1.1780972451,36.969363687862));
#7129 = CARTESIAN_POINT('',(0.883572933827,36.952638161491));
#7130 = CARTESIAN_POINT('',(0.589048622549,36.959903765302));
#7131 = CARTESIAN_POINT('',(0.294524311274,36.988220523737));
#7132 = CARTESIAN_POINT('',(1.24344978758E-14,37.031825974327));
#7133 = ( GEOMETRIC_REPRESENTATION_CONTEXT(2) 
PARAMETRIC_REPRESENTATION_CONTEXT() REPRESENTATION_CONTEXT('2D SPACE',''
  ) );
#7134 = PCURVE('',#6206,#7135);
#7135 = DEFINITIONAL_REPRESENTATION('',(#7136),#7140);
#7136 = ELLIPSE('',#7137,0.763858952949,0.733333333333);
#7137 = AXIS2_PLACEMENT_2D('',#7138,#7139);
#7138 = CARTESIAN_POINT('',(-14.2409318063,14.240931832068));
#7139 = DIRECTION('',(0.707106781187,-0.707106781187));
#7140 = ( GEOMETRIC_REPRESENTATION_CONTEXT(2) 
PARAMETRIC_REPRESENTATION_CONTEXT() REPRESENTATION_CONTEXT('2D SPACE',''
  ) );
#7141 = ORIENTED_EDGE('',*,*,#7142,.F.);
#7142 = EDGE_CURVE('',#7143,#7097,#7145,.T.);
#7143 = VERTEX_POINT('',#7144);
#7144 = CARTESIAN_POINT('',(-15.05513153826,14.03530864052,99.6));
#7145 = SURFACE_CURVE('',#7146,(#7154,#7165),.PCURVE_S1.);
#7146 = B_SPLINE_CURVE_WITH_KNOTS('',6,(#7147,#7148,#7149,#7150,#7151,
    #7152,#7153),.UNSPECIFIED.,.F.,.F.,(7,7),(0.,1.),
  .PIECEWISE_BEZIER_KNOTS.);
#7147 = CARTESIAN_POINT('',(-15.0551316171,14.035308539964,99.6000024));
#7148 = CARTESIAN_POINT('',(-15.04958922955,14.042377748704,
    99.431278027956));
#7149 = CARTESIAN_POINT('',(-15.04155837743,14.052594841747,
    99.264573016443));
#7150 = CARTESIAN_POINT('',(-15.03083706271,14.066173316656,
    99.097891568379));
#7151 = CARTESIAN_POINT('',(-15.01694616978,14.083643191261,
    98.930589544338));
#7152 = CARTESIAN_POINT('',(-14.99921608477,14.105704534167,
    98.763655992881));
#7153 = CARTESIAN_POINT('',(-14.97685415461,14.13303250975,98.5999976));
#7154 = PCURVE('',#5869,#7155);
#7155 = DEFINITIONAL_REPRESENTATION('',(#7156),#7164);
#7156 = B_SPLINE_CURVE_WITH_KNOTS('',6,(#7157,#7158,#7159,#7160,#7161,
    #7162,#7163),.UNSPECIFIED.,.F.,.F.,(7,7),(0.,1.),
  .PIECEWISE_BEZIER_KNOTS.);
#7157 = CARTESIAN_POINT('',(5.660134812908,36.105566256427));
#7158 = CARTESIAN_POINT('',(5.727054716093,36.267245845594));
#7159 = CARTESIAN_POINT('',(5.794805130331,36.426856274395));
#7160 = CARTESIAN_POINT('',(5.864754372147,36.586311307371));
#7161 = CARTESIAN_POINT('',(5.937985806919,36.746219269125));
#7162 = CARTESIAN_POINT('',(6.015390894277,36.905624608877));
#7163 = CARTESIAN_POINT('',(6.097805401705,37.06176004957));
#7164 = ( GEOMETRIC_REPRESENTATION_CONTEXT(2) 
PARAMETRIC_REPRESENTATION_CONTEXT() REPRESENTATION_CONTEXT('2D SPACE',''
  ) );
#7165 = PCURVE('',#7166,#7171);
#7166 = CYLINDRICAL_SURFACE('',#7167,6.);
#7167 = AXIS2_PLACEMENT_3D('',#7168,#7169,#7170);
#7168 = CARTESIAN_POINT('',(-10.33333333333,10.33333326082,98.6));
#7169 = DIRECTION('',(-0.,-0.,-1.));
#7170 = DIRECTION('',(1.,0.,0.));
#7171 = DEFINITIONAL_REPRESENTATION('',(#7172),#7180);
#7172 = B_SPLINE_CURVE_WITH_KNOTS('',6,(#7173,#7174,#7175,#7176,#7177,
    #7178,#7179),.UNSPECIFIED.,.F.,.F.,(7,7),(0.,1.),
  .PIECEWISE_BEZIER_KNOTS.);
#7173 = CARTESIAN_POINT('',(-2.476673031692,-1.0000024));
#7174 = CARTESIAN_POINT('',(-2.475175888376,-0.831278027956));
#7175 = CARTESIAN_POINT('',(-2.473009967096,-0.664573016443));
#7176 = CARTESIAN_POINT('',(-2.470126504951,-0.497891568379));
#7177 = CARTESIAN_POINT('',(-2.466406625921,-0.330589544338));
#7178 = CARTESIAN_POINT('',(-2.461689642829,-0.16365599288));
#7179 = CARTESIAN_POINT('',(-2.455804458583,2.400000000069E-06));
#7180 = ( GEOMETRIC_REPRESENTATION_CONTEXT(2) 
PARAMETRIC_REPRESENTATION_CONTEXT() REPRESENTATION_CONTEXT('2D SPACE',''
  ) );
#7181 = ORIENTED_EDGE('',*,*,#7182,.T.);
#7182 = EDGE_CURVE('',#7143,#7183,#7185,.T.);
#7183 = VERTEX_POINT('',#7184);
#7184 = CARTESIAN_POINT('',(-14.03530862995,15.055131530886,99.6));
#7185 = SURFACE_CURVE('',#7186,(#7191,#7218),.PCURVE_S1.);
#7186 = ELLIPSE('',#7187,0.763858952949,0.733333333333);
#7187 = AXIS2_PLACEMENT_3D('',#7188,#7189,#7190);
#7188 = CARTESIAN_POINT('',(-14.44706818181,14.447068181818,99.6));
#7189 = DIRECTION('',(0.,0.,1.));
#7190 = DIRECTION('',(0.707106781187,-0.707106781187,0.));
#7191 = PCURVE('',#5869,#7192);
#7192 = DEFINITIONAL_REPRESENTATION('',(#7193),#7217);
#7193 = B_SPLINE_CURVE_WITH_KNOTS('',8,(#7194,#7195,#7196,#7197,#7198,
    #7199,#7200,#7201,#7202,#7203,#7204,#7205,#7206,#7207,#7208,#7209,
    #7210,#7211,#7212,#7213,#7214,#7215,#7216),.UNSPECIFIED.,.F.,.F.,(9,
    7,7,9),(3.906605064818,5.477401391613,7.833595881806,10.189790371998
    ),.UNSPECIFIED.);
#7194 = CARTESIAN_POINT('',(6.28318530718,35.990200129397));
#7195 = CARTESIAN_POINT('',(6.08683576633,36.01927042979));
#7196 = CARTESIAN_POINT('',(5.890486225481,36.055135648366));
#7197 = CARTESIAN_POINT('',(5.694136684632,36.096087822916));
#7198 = CARTESIAN_POINT('',(5.497787143782,36.13986089199));
#7199 = CARTESIAN_POINT('',(5.301437602933,36.183838398632));
#7200 = CARTESIAN_POINT('',(5.105088062083,36.225386521966));
#7201 = CARTESIAN_POINT('',(4.908738521234,36.26219026702));
#7202 = CARTESIAN_POINT('',(4.417864669111,36.337891207545));
#7203 = CARTESIAN_POINT('',(4.123340357839,36.368634065113));
#7204 = CARTESIAN_POINT('',(3.828816046558,36.378696649421));
#7205 = CARTESIAN_POINT('',(3.534291735299,36.364786771874));
#7206 = CARTESIAN_POINT('',(3.23976742401,36.32800885742));
#7207 = CARTESIAN_POINT('',(2.945243112743,36.274244621684));
#7208 = CARTESIAN_POINT('',(2.650718801466,36.211725521922));
#7209 = CARTESIAN_POINT('',(2.061670178918,36.085823724239));
#7210 = CARTESIAN_POINT('',(1.767145867648,36.022440570046));
#7211 = CARTESIAN_POINT('',(1.472621556365,35.96694838848));
#7212 = CARTESIAN_POINT('',(1.178097245131,35.927737843223));
#7213 = CARTESIAN_POINT('',(0.883572933815,35.911012316366));
#7214 = CARTESIAN_POINT('',(0.589048622551,35.918277920433));
#7215 = CARTESIAN_POINT('',(0.294524311274,35.946594678806));
#7216 = CARTESIAN_POINT('',(1.59872115546E-14,35.990200129397));
#7217 = ( GEOMETRIC_REPRESENTATION_CONTEXT(2) 
PARAMETRIC_REPRESENTATION_CONTEXT() REPRESENTATION_CONTEXT('2D SPACE',''
  ) );
#7218 = PCURVE('',#6119,#7219);
#7219 = DEFINITIONAL_REPRESENTATION('',(#7220),#7224);
#7220 = ELLIPSE('',#7221,0.763858952949,0.733333333333);
#7221 = AXIS2_PLACEMENT_2D('',#7222,#7223);
#7222 = CARTESIAN_POINT('',(-14.44706816993,14.447068195705));
#7223 = DIRECTION('',(0.707106781187,-0.707106781187));
#7224 = ( GEOMETRIC_REPRESENTATION_CONTEXT(2) 
PARAMETRIC_REPRESENTATION_CONTEXT() REPRESENTATION_CONTEXT('2D SPACE',''
  ) );
#7225 = ORIENTED_EDGE('',*,*,#7226,.F.);
#7226 = EDGE_CURVE('',#7099,#7183,#7227,.T.);
#7227 = SURFACE_CURVE('',#7228,(#7236,#7247),.PCURVE_S1.);
#7228 = B_SPLINE_CURVE_WITH_KNOTS('',6,(#7229,#7230,#7231,#7232,#7233,
    #7234,#7235),.UNSPECIFIED.,.F.,.F.,(7,7),(0.,1.),
  .PIECEWISE_BEZIER_KNOTS.);
#7229 = CARTESIAN_POINT('',(-14.13303249663,14.976854152173,98.5999976)
  );
#7230 = CARTESIAN_POINT('',(-14.10570485764,14.999215806059,
    98.763653978665));
#7231 = CARTESIAN_POINT('',(-14.08364355321,15.016945866882,
    98.930586443176));
#7232 = CARTESIAN_POINT('',(-14.06617356083,15.030836855169,
    99.097888528005));
#7233 = CARTESIAN_POINT('',(-14.05259494168,15.041558283793,
    99.264570988655));
#7234 = CARTESIAN_POINT('',(-14.04237776704,15.049589199719,
    99.431277325081));
#7235 = CARTESIAN_POINT('',(-14.0353085294,15.055131609723,99.6000024));
#7236 = PCURVE('',#5869,#7237);
#7237 = DEFINITIONAL_REPRESENTATION('',(#7238),#7246);
#7238 = B_SPLINE_CURVE_WITH_KNOTS('',6,(#7239,#7240,#7241,#7242,#7243,
    #7244,#7245),.UNSPECIFIED.,.F.,.F.,(7,7),(0.,1.),
  .PIECEWISE_BEZIER_KNOTS.);
#7239 = CARTESIAN_POINT('',(1.715404745635,37.06176005265));
#7240 = CARTESIAN_POINT('',(1.797818238613,36.905626533741));
#7241 = CARTESIAN_POINT('',(1.875222941948,36.746222234672));
#7242 = CARTESIAN_POINT('',(1.948454498187,36.586314218995));
#7243 = CARTESIAN_POINT('',(2.018404198292,36.426858219902));
#7244 = CARTESIAN_POINT('',(2.08615515179,36.267246522656));
#7245 = CARTESIAN_POINT('',(2.153075333619,36.105566259978));
#7246 = ( GEOMETRIC_REPRESENTATION_CONTEXT(2) 
PARAMETRIC_REPRESENTATION_CONTEXT() REPRESENTATION_CONTEXT('2D SPACE',''
  ) );
#7247 = PCURVE('',#7248,#7253);
#7248 = CYLINDRICAL_SURFACE('',#7249,6.);
#7249 = AXIS2_PLACEMENT_3D('',#7250,#7251,#7252);
#7250 = CARTESIAN_POINT('',(-10.33333333333,10.33333326082,98.6));
#7251 = DIRECTION('',(-0.,-0.,-1.));
#7252 = DIRECTION('',(1.,0.,0.));
#7253 = DEFINITIONAL_REPRESENTATION('',(#7254),#7262);
#7254 = B_SPLINE_CURVE_WITH_KNOTS('',6,(#7255,#7256,#7257,#7258,#7259,
    #7260,#7261),.UNSPECIFIED.,.F.,.F.,(7,7),(0.,1.),
  .PIECEWISE_BEZIER_KNOTS.);
#7255 = CARTESIAN_POINT('',(-2.256584503361,2.400000000069E-06));
#7256 = CARTESIAN_POINT('',(-2.250699391692,-0.163653978665));
#7257 = CARTESIAN_POINT('',(-2.245982416117,-0.330586443176));
#7258 = CARTESIAN_POINT('',(-2.242262511831,-0.497888528005));
#7259 = CARTESIAN_POINT('',(-2.239379019061,-0.664570988655));
#7260 = CARTESIAN_POINT('',(-2.237213080515,-0.831277325081));
#7261 = CARTESIAN_POINT('',(-2.235715931099,-1.0000024));
#7262 = ( GEOMETRIC_REPRESENTATION_CONTEXT(2) 
PARAMETRIC_REPRESENTATION_CONTEXT() REPRESENTATION_CONTEXT('2D SPACE',''
  ) );
#7263 = FACE_BOUND('',#7264,.T.);
#7264 = EDGE_LOOP('',(#7265,#7311,#7366,#7410));
#7265 = ORIENTED_EDGE('',*,*,#7266,.F.);
#7266 = EDGE_CURVE('',#7267,#7269,#7271,.T.);
#7267 = VERTEX_POINT('',#7268);
#7268 = CARTESIAN_POINT('',(-12.00118555821,11.103101939219,
    86.866666666667));
#7269 = VERTEX_POINT('',#7270);
#7270 = CARTESIAN_POINT('',(-11.10310193764,12.001185552731,
    86.866666666667));
#7271 = SURFACE_CURVE('',#7272,(#7277,#7304),.PCURVE_S1.);
#7272 = ELLIPSE('',#7273,0.763858952949,0.733333333333);
#7273 = AXIS2_PLACEMENT_3D('',#7274,#7275,#7276);
#7274 = CARTESIAN_POINT('',(-11.82226515151,11.822265151515,
    86.866666666667));
#7275 = DIRECTION('',(0.,0.,1.));
#7276 = DIRECTION('',(0.707106781187,-0.707106781187,0.));
#7277 = PCURVE('',#5869,#7278);
#7278 = DEFINITIONAL_REPRESENTATION('',(#7279),#7303);
#7279 = B_SPLINE_CURVE_WITH_KNOTS('',8,(#7280,#7281,#7282,#7283,#7284,
    #7285,#7286,#7287,#7288,#7289,#7290,#7291,#7292,#7293,#7294,#7295,
    #7296,#7297,#7298,#7299,#7300,#7301,#7302),.UNSPECIFIED.,.F.,.F.,(9,
    7,7,9),(3.906605064818,5.477401391613,7.833595881806,10.189790371998
    ),.UNSPECIFIED.);
#7280 = CARTESIAN_POINT('',(6.28318530718,49.253569221507));
#7281 = CARTESIAN_POINT('',(6.08683576633,49.282639521901));
#7282 = CARTESIAN_POINT('',(5.890486225481,49.318504740471));
#7283 = CARTESIAN_POINT('',(5.694136684631,49.359456915032));
#7284 = CARTESIAN_POINT('',(5.497787143783,49.403229984103));
#7285 = CARTESIAN_POINT('',(5.301437602933,49.44720749074));
#7286 = CARTESIAN_POINT('',(5.105088062083,49.488755614079));
#7287 = CARTESIAN_POINT('',(4.908738521234,49.525559359131));
#7288 = CARTESIAN_POINT('',(4.417864669111,49.601260299655));
#7289 = CARTESIAN_POINT('',(4.123340357837,49.63200315708));
#7290 = CARTESIAN_POINT('',(3.828816046558,49.642065742009));
#7291 = CARTESIAN_POINT('',(3.53429173529,49.628155863164));
#7292 = CARTESIAN_POINT('',(3.239767424006,49.591377950049));
#7293 = CARTESIAN_POINT('',(2.94524311274,49.537613713652));
#7294 = CARTESIAN_POINT('',(2.650718801466,49.475094614033));
#7295 = CARTESIAN_POINT('',(2.061670178918,49.34919281635));
#7296 = CARTESIAN_POINT('',(1.767145867643,49.285809662137));
#7297 = CARTESIAN_POINT('',(1.472621556371,49.230317480704));
#7298 = CARTESIAN_POINT('',(1.178097245092,49.191106935211));
#7299 = CARTESIAN_POINT('',(0.883572933823,49.174381408514));
#7300 = CARTESIAN_POINT('',(0.589048622547,49.181647012518));
#7301 = CARTESIAN_POINT('',(0.294524311274,49.209963770917));
#7302 = CARTESIAN_POINT('',(1.09003715145E-14,49.253569221507));
#7303 = ( GEOMETRIC_REPRESENTATION_CONTEXT(2) 
PARAMETRIC_REPRESENTATION_CONTEXT() REPRESENTATION_CONTEXT('2D SPACE',''
  ) );
#7304 = PCURVE('',#6416,#7305);
#7305 = DEFINITIONAL_REPRESENTATION('',(#7306),#7310);
#7306 = ELLIPSE('',#7307,0.763858952949,0.733333333333);
#7307 = AXIS2_PLACEMENT_2D('',#7308,#7309);
#7308 = CARTESIAN_POINT('',(-11.82226514542,11.822265158823));
#7309 = DIRECTION('',(0.707106781187,-0.707106781187));
#7310 = ( GEOMETRIC_REPRESENTATION_CONTEXT(2) 
PARAMETRIC_REPRESENTATION_CONTEXT() REPRESENTATION_CONTEXT('2D SPACE',''
  ) );
#7311 = ORIENTED_EDGE('',*,*,#7312,.F.);
#7312 = EDGE_CURVE('',#7313,#7267,#7315,.T.);
#7313 = VERTEX_POINT('',#7314);
#7314 = CARTESIAN_POINT('',(-11.83751688578,11.297211516062,
    87.866666666667));
#7315 = SURFACE_CURVE('',#7316,(#7329,#7345),.PCURVE_S1.);
#7316 = B_SPLINE_CURVE_WITH_KNOTS('',6,(#7317,#7318,#7319,#7320,#7321,
    #7322,#7323,#7324,#7325,#7326,#7327,#7328),.UNSPECIFIED.,.F.,.F.,(7,
    5,7),(0.,0.603574036929,1.),.UNSPECIFIED.);
#7317 = CARTESIAN_POINT('',(-11.83751622371,11.297212268373,
    87.866669066667));
#7318 = CARTESIAN_POINT('',(-11.86373149983,11.267423670122,
    87.771638514823));
#7319 = CARTESIAN_POINT('',(-11.88648124169,11.241096206675,
    87.672533648709));
#7320 = CARTESIAN_POINT('',(-11.90627908535,11.217867074408,
    87.572653609285));
#7321 = CARTESIAN_POINT('',(-11.92371412274,11.197190188706,
    87.473303079402));
#7322 = CARTESIAN_POINT('',(-11.93936243533,11.178460409511,
    87.373843393091));
#7323 = CARTESIAN_POINT('',(-11.96315248528,11.149744328863,
    87.20469104961));
#7324 = CARTESIAN_POINT('',(-11.97190921461,11.139105899045,
    87.13733583145));
#7325 = CARTESIAN_POINT('',(-11.98004370078,11.129167494056,
    87.069829861399));
#7326 = CARTESIAN_POINT('',(-11.98760531928,11.119882886192,
    87.002239491952));
#7327 = CARTESIAN_POINT('',(-11.99463939374,11.111207617616,
    86.93454967039));
#7328 = CARTESIAN_POINT('',(-12.00118578965,11.103101652643,
    86.866664266667));
#7329 = PCURVE('',#5869,#7330);
#7330 = DEFINITIONAL_REPRESENTATION('',(#7331),#7344);
#7331 = B_SPLINE_CURVE_WITH_KNOTS('',6,(#7332,#7333,#7334,#7335,#7336,
    #7337,#7338,#7339,#7340,#7341,#7342,#7343),.UNSPECIFIED.,.F.,.F.,(7,
    5,7),(0.,0.603574036929,1.),.UNSPECIFIED.);
#7332 = CARTESIAN_POINT('',(4.454604678069,48.548635081863));
#7333 = CARTESIAN_POINT('',(4.517869650631,48.640575142625));
#7334 = CARTESIAN_POINT('',(4.576241854614,48.736427569018));
#7335 = CARTESIAN_POINT('',(4.630313887929,48.832995212064));
#7336 = CARTESIAN_POINT('',(4.680888665654,48.929017016048));
#7337 = CARTESIAN_POINT('',(4.729096421351,49.025111874983));
#7338 = CARTESIAN_POINT('',(4.807599313056,49.188479343604));
#7339 = CARTESIAN_POINT('',(4.837974549548,49.253515273142));
#7340 = CARTESIAN_POINT('',(4.867680779224,49.318680537278));
#7341 = CARTESIAN_POINT('',(4.896801592103,49.38391081218));
#7342 = CARTESIAN_POINT('',(4.925432042823,49.449220377683));
#7343 = CARTESIAN_POINT('',(4.953682866387,49.51470155593));
#7344 = ( GEOMETRIC_REPRESENTATION_CONTEXT(2) 
PARAMETRIC_REPRESENTATION_CONTEXT() REPRESENTATION_CONTEXT('2D SPACE',''
  ) );
#7345 = PCURVE('',#7346,#7351);
#7346 = CYLINDRICAL_SURFACE('',#7347,6.);
#7347 = AXIS2_PLACEMENT_3D('',#7348,#7349,#7350);
#7348 = CARTESIAN_POINT('',(-7.333333333333,7.333333298221,
    86.866666666667));
#7349 = DIRECTION('',(0.,0.,-1.));
#7350 = DIRECTION('',(-1.,0.,0.));
#7351 = DEFINITIONAL_REPRESENTATION('',(#7352),#7365);
#7352 = B_SPLINE_CURVE_WITH_KNOTS('',6,(#7353,#7354,#7355,#7356,#7357,
    #7358,#7359,#7360,#7361,#7362,#7363,#7364),.UNSPECIFIED.,.F.,.F.,(7,
    5,7),(0.,0.603574036929,1.),.UNSPECIFIED.);
#7353 = CARTESIAN_POINT('',(0.721679627741,-1.0000024));
#7354 = CARTESIAN_POINT('',(0.715066086734,-0.904971848157));
#7355 = CARTESIAN_POINT('',(0.709267171203,-0.805866982043));
#7356 = CARTESIAN_POINT('',(0.704180417322,-0.705986942618));
#7357 = CARTESIAN_POINT('',(0.699672742469,-0.606636412735));
#7358 = CARTESIAN_POINT('',(0.695605036827,-0.507176726424));
#7359 = CARTESIAN_POINT('',(0.689389957128,-0.338024382943));
#7360 = CARTESIAN_POINT('',(0.687093494818,-0.270669164784));
#7361 = CARTESIAN_POINT('',(0.684953011807,-0.203163194732));
#7362 = CARTESIAN_POINT('',(0.682957315114,-0.135572825285));
#7363 = CARTESIAN_POINT('',(0.681095878984,-6.78830037234E-02));
#7364 = CARTESIAN_POINT('',(0.679359327744,2.400000000069E-06));
#7365 = ( GEOMETRIC_REPRESENTATION_CONTEXT(2) 
PARAMETRIC_REPRESENTATION_CONTEXT() REPRESENTATION_CONTEXT('2D SPACE',''
  ) );
#7366 = ORIENTED_EDGE('',*,*,#7367,.T.);
#7367 = EDGE_CURVE('',#7313,#7368,#7370,.T.);
#7368 = VERTEX_POINT('',#7369);
#7369 = CARTESIAN_POINT('',(-11.29721151722,11.837516880542,
    87.866666666667));
#7370 = SURFACE_CURVE('',#7371,(#7376,#7403),.PCURVE_S1.);
#7371 = ELLIPSE('',#7372,0.763858952949,0.733333333333);
#7372 = AXIS2_PLACEMENT_3D('',#7373,#7374,#7375);
#7373 = CARTESIAN_POINT('',(-12.02840151515,12.028401515152,
    87.866666666667));
#7374 = DIRECTION('',(0.,0.,1.));
#7375 = DIRECTION('',(0.707106781187,-0.707106781187,0.));
#7376 = PCURVE('',#5869,#7377);
#7377 = DEFINITIONAL_REPRESENTATION('',(#7378),#7402);
#7378 = B_SPLINE_CURVE_WITH_KNOTS('',8,(#7379,#7380,#7381,#7382,#7383,
    #7384,#7385,#7386,#7387,#7388,#7389,#7390,#7391,#7392,#7393,#7394,
    #7395,#7396,#7397,#7398,#7399,#7400,#7401),.UNSPECIFIED.,.F.,.F.,(9,
    7,7,9),(3.906605064818,5.477401391613,7.833595881806,10.189790371998
    ),.UNSPECIFIED.);
#7379 = CARTESIAN_POINT('',(6.28318530718,48.211943376577));
#7380 = CARTESIAN_POINT('',(6.08683576633,48.241013676971));
#7381 = CARTESIAN_POINT('',(5.890486225481,48.276878895551));
#7382 = CARTESIAN_POINT('',(5.694136684631,48.317831070078));
#7383 = CARTESIAN_POINT('',(5.497787143782,48.361604139163));
#7384 = CARTESIAN_POINT('',(5.301437602933,48.405581645823));
#7385 = CARTESIAN_POINT('',(5.105088062083,48.447129769141));
#7386 = CARTESIAN_POINT('',(4.908738521234,48.483933514201));
#7387 = CARTESIAN_POINT('',(4.417864669111,48.559634454725));
#7388 = CARTESIAN_POINT('',(4.123340357839,48.590377312162));
#7389 = CARTESIAN_POINT('',(3.828816046558,48.600439897072));
#7390 = CARTESIAN_POINT('',(3.534291735301,48.586530018344));
#7391 = CARTESIAN_POINT('',(3.239767424014,48.549752105095));
#7392 = CARTESIAN_POINT('',(2.945243112742,48.495987868725));
#7393 = CARTESIAN_POINT('',(2.650718801466,48.433468769103));
#7394 = CARTESIAN_POINT('',(2.061670178918,48.30756697142));
#7395 = CARTESIAN_POINT('',(1.767145867647,48.24418381713));
#7396 = CARTESIAN_POINT('',(1.472621556369,48.188691635978));
#7397 = CARTESIAN_POINT('',(1.178097245103,48.14948108999));
#7398 = CARTESIAN_POINT('',(0.883572933823,48.132755563855));
#7399 = CARTESIAN_POINT('',(0.589048622551,48.140021167533));
#7400 = CARTESIAN_POINT('',(0.294524311274,48.168337925987));
#7401 = CARTESIAN_POINT('',(1.42108547152E-14,48.211943376577));
#7402 = ( GEOMETRIC_REPRESENTATION_CONTEXT(2) 
PARAMETRIC_REPRESENTATION_CONTEXT() REPRESENTATION_CONTEXT('2D SPACE',''
  ) );
#7403 = PCURVE('',#6314,#7404);
#7404 = DEFINITIONAL_REPRESENTATION('',(#7405),#7409);
#7405 = ELLIPSE('',#7406,0.763858952949,0.733333333333);
#7406 = AXIS2_PLACEMENT_2D('',#7407,#7408);
#7407 = CARTESIAN_POINT('',(-12.02840150905,12.02840152246));
#7408 = DIRECTION('',(0.707106781187,-0.707106781187));
#7409 = ( GEOMETRIC_REPRESENTATION_CONTEXT(2) 
PARAMETRIC_REPRESENTATION_CONTEXT() REPRESENTATION_CONTEXT('2D SPACE',''
  ) );
#7410 = ORIENTED_EDGE('',*,*,#7411,.F.);
#7411 = EDGE_CURVE('',#7269,#7368,#7412,.T.);
#7412 = SURFACE_CURVE('',#7413,(#7426,#7442),.PCURVE_S1.);
#7413 = B_SPLINE_CURVE_WITH_KNOTS('',6,(#7414,#7415,#7416,#7417,#7418,
    #7419,#7420,#7421,#7422,#7423,#7424,#7425),.UNSPECIFIED.,.F.,.F.,(7,
    5,7),(0.,0.822413764415,1.),.UNSPECIFIED.);
#7414 = CARTESIAN_POINT('',(-11.10310165107,12.001185784171,
    86.866664266667));
#7415 = CARTESIAN_POINT('',(-11.12000110205,11.987537748996,
    87.008192885954));
#7416 = CARTESIAN_POINT('',(-11.13904087293,11.972040015624,
    87.146078474839));
#7417 = CARTESIAN_POINT('',(-11.16074247964,11.954211340106,
    87.284083522684));
#7418 = CARTESIAN_POINT('',(-11.18586125175,11.933345941825,
    87.42333982958));
#7419 = CARTESIAN_POINT('',(-11.21513937032,11.908657068383,
    87.562131605937));
#7420 = CARTESIAN_POINT('',(-11.25639954965,11.873117982845,
    87.724530304981));
#7421 = CARTESIAN_POINT('',(-11.26397014268,11.866572413158,
    87.753230178749));
#7422 = CARTESIAN_POINT('',(-11.2718116381,11.859765631435,
    87.781815015137));
#7423 = CARTESIAN_POINT('',(-11.27994993439,11.852671219715,
    87.810279086081));
#7424 = CARTESIAN_POINT('',(-11.28840927923,11.845263236845,
    87.838586072974));
#7425 = CARTESIAN_POINT('',(-11.29721226953,11.837516218475,
    87.866669066667));
#7426 = PCURVE('',#5869,#7427);
#7427 = DEFINITIONAL_REPRESENTATION('',(#7428),#7441);
#7428 = B_SPLINE_CURVE_WITH_KNOTS('',6,(#7429,#7430,#7431,#7432,#7433,
    #7434,#7435,#7436,#7437,#7438,#7439,#7440),.UNSPECIFIED.,.F.,.F.,(7,
    5,7),(0.,0.822413764415,1.),.UNSPECIFIED.);
#7429 = CARTESIAN_POINT('',(2.859527270795,49.514701557326));
#7430 = CARTESIAN_POINT('',(2.918425057804,49.378185307262));
#7431 = CARTESIAN_POINT('',(2.977810336122,49.2451089898));
#7432 = CARTESIAN_POINT('',(3.039742679904,49.111852503824));
#7433 = CARTESIAN_POINT('',(3.105671422241,48.977319472993));
#7434 = CARTESIAN_POINT('',(3.176606364189,48.843165940476));
#7435 = CARTESIAN_POINT('',(3.26986226994,48.686124882681));
#7436 = CARTESIAN_POINT('',(3.286751673327,48.658369073344));
#7437 = CARTESIAN_POINT('',(3.304024087214,48.630721786511));
#7438 = CARTESIAN_POINT('',(3.321728773518,48.603188624145));
#7439 = CARTESIAN_POINT('',(3.339909683706,48.575804788609));
#7440 = CARTESIAN_POINT('',(3.358605458803,48.548635082669));
#7441 = ( GEOMETRIC_REPRESENTATION_CONTEXT(2) 
PARAMETRIC_REPRESENTATION_CONTEXT() REPRESENTATION_CONTEXT('2D SPACE',''
  ) );
#7442 = PCURVE('',#7443,#7448);
#7443 = CYLINDRICAL_SURFACE('',#7444,6.);
#7444 = AXIS2_PLACEMENT_3D('',#7445,#7446,#7447);
#7445 = CARTESIAN_POINT('',(-7.333333333333,7.333333298221,
    86.866666666667));
#7446 = DIRECTION('',(0.,0.,-1.));
#7447 = DIRECTION('',(-1.,0.,0.));
#7448 = DEFINITIONAL_REPRESENTATION('',(#7449),#7462);
#7449 = B_SPLINE_CURVE_WITH_KNOTS('',6,(#7450,#7451,#7452,#7453,#7454,
    #7455,#7456,#7457,#7458,#7459,#7460,#7461),.UNSPECIFIED.,.F.,.F.,(7,
    5,7),(0.,0.822413764415,1.),.UNSPECIFIED.);
#7450 = CARTESIAN_POINT('',(0.89143700691,2.400000000069E-06));
#7451 = CARTESIAN_POINT('',(0.887816615941,-0.141526219287));
#7452 = CARTESIAN_POINT('',(0.883725011362,-0.279411808172));
#7453 = CARTESIAN_POINT('',(0.879044103994,-0.417416856018));
#7454 = CARTESIAN_POINT('',(0.87360181435,-0.556673162914));
#7455 = CARTESIAN_POINT('',(0.867219137039,-0.69546493927));
#7456 = CARTESIAN_POINT('',(0.85814317826,-0.857863638314));
#7457 = CARTESIAN_POINT('',(0.856475194945,-0.886563512082));
#7458 = CARTESIAN_POINT('',(0.854744583037,-0.91514834847));
#7459 = CARTESIAN_POINT('',(0.852945187714,-0.943612419414));
#7460 = CARTESIAN_POINT('',(0.851071109965,-0.971919406308));
#7461 = CARTESIAN_POINT('',(0.84911670659,-1.0000024));
#7462 = ( GEOMETRIC_REPRESENTATION_CONTEXT(2) 
PARAMETRIC_REPRESENTATION_CONTEXT() REPRESENTATION_CONTEXT('2D SPACE',''
  ) );
#7463 = ADVANCED_FACE('',(#7464),#5920,.T.);
#7464 = FACE_BOUND('',#7465,.T.);
#7465 = EDGE_LOOP('',(#7466,#7467,#7490,#7512));
#7466 = ORIENTED_EDGE('',*,*,#5903,.F.);
#7467 = ORIENTED_EDGE('',*,*,#7468,.F.);
#7468 = EDGE_CURVE('',#7469,#5904,#7471,.T.);
#7469 = VERTEX_POINT('',#7470);
#7470 = CARTESIAN_POINT('',(1.5,-3.673940397442E-16,99.6));
#7471 = SEAM_CURVE('',#7472,(#7476,#7483),.PCURVE_S1.);
#7472 = LINE('',#7473,#7474);
#7473 = CARTESIAN_POINT('',(1.5,-3.673940397442E-16,75.133333333333));
#7474 = VECTOR('',#7475,1.);
#7475 = DIRECTION('',(0.,0.,1.));
#7476 = PCURVE('',#5920,#7477);
#7477 = DEFINITIONAL_REPRESENTATION('',(#7478),#7482);
#7478 = LINE('',#7479,#7480);
#7479 = CARTESIAN_POINT('',(6.28318530718,-0.));
#7480 = VECTOR('',#7481,1.);
#7481 = DIRECTION('',(0.,1.));
#7482 = ( GEOMETRIC_REPRESENTATION_CONTEXT(2) 
PARAMETRIC_REPRESENTATION_CONTEXT() REPRESENTATION_CONTEXT('2D SPACE',''
  ) );
#7483 = PCURVE('',#5920,#7484);
#7484 = DEFINITIONAL_REPRESENTATION('',(#7485),#7489);
#7485 = LINE('',#7486,#7487);
#7486 = CARTESIAN_POINT('',(0.,-0.));
#7487 = VECTOR('',#7488,1.);
#7488 = DIRECTION('',(0.,1.));
#7489 = ( GEOMETRIC_REPRESENTATION_CONTEXT(2) 
PARAMETRIC_REPRESENTATION_CONTEXT() REPRESENTATION_CONTEXT('2D SPACE',''
  ) );
#7490 = ORIENTED_EDGE('',*,*,#7491,.T.);
#7491 = EDGE_CURVE('',#7469,#7469,#7492,.T.);
#7492 = SURFACE_CURVE('',#7493,(#7498,#7505),.PCURVE_S1.);
#7493 = CIRCLE('',#7494,1.5);
#7494 = AXIS2_PLACEMENT_3D('',#7495,#7496,#7497);
#7495 = CARTESIAN_POINT('',(0.,0.,99.6));
#7496 = DIRECTION('',(0.,0.,1.));
#7497 = DIRECTION('',(1.,0.,-0.));
#7498 = PCURVE('',#5920,#7499);
#7499 = DEFINITIONAL_REPRESENTATION('',(#7500),#7504);
#7500 = LINE('',#7501,#7502);
#7501 = CARTESIAN_POINT('',(0.,24.466666666667));
#7502 = VECTOR('',#7503,1.);
#7503 = DIRECTION('',(1.,0.));
#7504 = ( GEOMETRIC_REPRESENTATION_CONTEXT(2) 
PARAMETRIC_REPRESENTATION_CONTEXT() REPRESENTATION_CONTEXT('2D SPACE',''
  ) );
#7505 = PCURVE('',#6119,#7506);
#7506 = DEFINITIONAL_REPRESENTATION('',(#7507),#7511);
#7507 = CIRCLE('',#7508,1.5);
#7508 = AXIS2_PLACEMENT_2D('',#7509,#7510);
#7509 = CARTESIAN_POINT('',(1.188076681406E-08,1.388647264403E-08));
#7510 = DIRECTION('',(1.,0.));
#7511 = ( GEOMETRIC_REPRESENTATION_CONTEXT(2) 
PARAMETRIC_REPRESENTATION_CONTEXT() REPRESENTATION_CONTEXT('2D SPACE',''
  ) );
#7512 = ORIENTED_EDGE('',*,*,#7468,.T.);
#7513 = ADVANCED_FACE('',(#7514),#5951,.T.);
#7514 = FACE_BOUND('',#7515,.T.);
#7515 = EDGE_LOOP('',(#7516,#7541,#7568,#7569,#7613,#7650,#7673,#7717,
    #7757,#7801,#7822,#7823,#7824,#7868,#7908,#7950,#7951,#7983,#8027,
    #8082));
#7516 = ORIENTED_EDGE('',*,*,#7517,.T.);
#7517 = EDGE_CURVE('',#7518,#7520,#7522,.T.);
#7518 = VERTEX_POINT('',#7519);
#7519 = CARTESIAN_POINT('',(11.073513431057,11.791745874582,
    86.866666666667));
#7520 = VERTEX_POINT('',#7521);
#7521 = CARTESIAN_POINT('',(8.788434223142,9.506666666667,
    75.781387157487));
#7522 = SEAM_CURVE('',#7523,(#7527,#7534),.PCURVE_S1.);
#7523 = LINE('',#7524,#7525);
#7524 = CARTESIAN_POINT('',(20.881767556475,21.6,134.44805382415));
#7525 = VECTOR('',#7526,1.);
#7526 = DIRECTION('',(-0.197898664515,-0.197898664515,-0.960037622787));
#7527 = PCURVE('',#5951,#7528);
#7528 = DEFINITIONAL_REPRESENTATION('',(#7529),#7533);
#7529 = LINE('',#7530,#7531);
#7530 = CARTESIAN_POINT('',(6.28318530718,-0.));
#7531 = VECTOR('',#7532,1.);
#7532 = DIRECTION('',(0.,1.));
#7533 = ( GEOMETRIC_REPRESENTATION_CONTEXT(2) 
PARAMETRIC_REPRESENTATION_CONTEXT() REPRESENTATION_CONTEXT('2D SPACE',''
  ) );
#7534 = PCURVE('',#5951,#7535);
#7535 = DEFINITIONAL_REPRESENTATION('',(#7536),#7540);
#7536 = LINE('',#7537,#7538);
#7537 = CARTESIAN_POINT('',(0.,-0.));
#7538 = VECTOR('',#7539,1.);
#7539 = DIRECTION('',(0.,1.));
#7540 = ( GEOMETRIC_REPRESENTATION_CONTEXT(2) 
PARAMETRIC_REPRESENTATION_CONTEXT() REPRESENTATION_CONTEXT('2D SPACE',''
  ) );
#7541 = ORIENTED_EDGE('',*,*,#7542,.F.);
#7542 = EDGE_CURVE('',#7520,#7520,#7543,.T.);
#7543 = SURFACE_CURVE('',#7544,(#7549,#7556),.PCURVE_S1.);
#7544 = CIRCLE('',#7545,0.733333333333);
#7545 = AXIS2_PLACEMENT_3D('',#7546,#7547,#7548);
#7546 = CARTESIAN_POINT('',(9.506666666667,9.506666666667,
    75.633333333333));
#7547 = DIRECTION('',(-0.197898664515,-0.197898664515,-0.960037622787));
#7548 = DIRECTION('',(-0.979407877533,7.148921115984E-18,0.201891578392)
  );
#7549 = PCURVE('',#5951,#7550);
#7550 = DEFINITIONAL_REPRESENTATION('',(#7551),#7555);
#7551 = LINE('',#7552,#7553);
#7552 = CARTESIAN_POINT('',(0.,61.108716235902));
#7553 = VECTOR('',#7554,1.);
#7554 = DIRECTION('',(1.,0.));
#7555 = ( GEOMETRIC_REPRESENTATION_CONTEXT(2) 
PARAMETRIC_REPRESENTATION_CONTEXT() REPRESENTATION_CONTEXT('2D SPACE',''
  ) );
#7556 = PCURVE('',#7557,#7562);
#7557 = PLANE('',#7558);
#7558 = AXIS2_PLACEMENT_3D('',#7559,#7560,#7561);
#7559 = CARTESIAN_POINT('',(9.506666666667,9.506666666667,
    75.633333333333));
#7560 = DIRECTION('',(-0.197898664515,-0.197898664515,-0.960037622787));
#7561 = DIRECTION('',(-0.979407877533,7.148921115984E-18,0.201891578392)
  );
#7562 = DEFINITIONAL_REPRESENTATION('',(#7563),#7567);
#7563 = CIRCLE('',#7564,0.733333333333);
#7564 = AXIS2_PLACEMENT_2D('',#7565,#7566);
#7565 = CARTESIAN_POINT('',(0.,0.));
#7566 = DIRECTION('',(1.,0.));
#7567 = ( GEOMETRIC_REPRESENTATION_CONTEXT(2) 
PARAMETRIC_REPRESENTATION_CONTEXT() REPRESENTATION_CONTEXT('2D SPACE',''
  ) );
#7568 = ORIENTED_EDGE('',*,*,#7517,.F.);
#7569 = ORIENTED_EDGE('',*,*,#7570,.F.);
#7570 = EDGE_CURVE('',#7571,#7518,#7573,.T.);
#7571 = VERTEX_POINT('',#7572);
#7572 = CARTESIAN_POINT('',(11.103101937647,12.001185552731,
    86.866666666667));
#7573 = SURFACE_CURVE('',#7574,(#7579,#7606),.PCURVE_S1.);
#7574 = ELLIPSE('',#7575,0.763858952949,0.733333333333);
#7575 = AXIS2_PLACEMENT_3D('',#7576,#7577,#7578);
#7576 = CARTESIAN_POINT('',(11.822265151515,11.822265151515,
    86.866666666667));
#7577 = DIRECTION('',(0.,0.,1.));
#7578 = DIRECTION('',(-0.707106781187,-0.707106781187,0.));
#7579 = PCURVE('',#5951,#7580);
#7580 = DEFINITIONAL_REPRESENTATION('',(#7581),#7605);
#7581 = B_SPLINE_CURVE_WITH_KNOTS('',8,(#7582,#7583,#7584,#7585,#7586,
    #7587,#7588,#7589,#7590,#7591,#7592,#7593,#7594,#7595,#7596,#7597,
    #7598,#7599,#7600,#7601,#7602,#7603,#7604),.UNSPECIFIED.,.F.,.F.,(9,
    7,7,9),(5.518172895951,7.088969222746,9.445163712938,11.801358203131
    ),.UNSPECIFIED.);
#7582 = CARTESIAN_POINT('',(6.28318530718,49.562002600866));
#7583 = CARTESIAN_POINT('',(6.08683576633,49.59107290126));
#7584 = CARTESIAN_POINT('',(5.890486225481,49.613348146067));
#7585 = CARTESIAN_POINT('',(5.694136684631,49.627121704235));
#7586 = CARTESIAN_POINT('',(5.497787143782,49.631240794907));
#7587 = CARTESIAN_POINT('',(5.301437602933,49.625332826991));
#7588 = CARTESIAN_POINT('',(5.105088062083,49.609876849342));
#7589 = CARTESIAN_POINT('',(4.908738521234,49.58612011155));
#7590 = CARTESIAN_POINT('',(4.417864669111,49.510419171026));
#7591 = CARTESIAN_POINT('',(4.123340357832,49.450320570696));
#7592 = CARTESIAN_POINT('',(3.828816046565,49.381552062709));
#7593 = CARTESIAN_POINT('',(3.534291735271,49.312814711562));
#7594 = CARTESIAN_POINT('',(3.239767424021,49.253932627656));
#7595 = CARTESIAN_POINT('',(2.945243112736,49.212671090053));
#7596 = CARTESIAN_POINT('',(2.650718801466,49.192764901879));
#7597 = CARTESIAN_POINT('',(2.061670178918,49.195331860326));
#7598 = CARTESIAN_POINT('',(1.767145867644,49.217805016299));
#7599 = CARTESIAN_POINT('',(1.472621556367,49.261294136586));
#7600 = CARTESIAN_POINT('',(1.178097245094,49.321725517385));
#7601 = CARTESIAN_POINT('',(0.88357293382,49.391087480429));
#7602 = CARTESIAN_POINT('',(0.589048622548,49.459502691494));
#7603 = CARTESIAN_POINT('',(0.294524311274,49.518397150276));
#7604 = CARTESIAN_POINT('',(1.33226762955E-14,49.562002600866));
#7605 = ( GEOMETRIC_REPRESENTATION_CONTEXT(2) 
PARAMETRIC_REPRESENTATION_CONTEXT() REPRESENTATION_CONTEXT('2D SPACE',''
  ) );
#7606 = PCURVE('',#6416,#7607);
#7607 = DEFINITIONAL_REPRESENTATION('',(#7608),#7612);
#7608 = ELLIPSE('',#7609,0.763858952949,0.733333333333);
#7609 = AXIS2_PLACEMENT_2D('',#7610,#7611);
#7610 = CARTESIAN_POINT('',(11.822265157609,11.822265158823));
#7611 = DIRECTION('',(-0.707106781187,-0.707106781187));
#7612 = ( GEOMETRIC_REPRESENTATION_CONTEXT(2) 
PARAMETRIC_REPRESENTATION_CONTEXT() REPRESENTATION_CONTEXT('2D SPACE',''
  ) );
#7613 = ORIENTED_EDGE('',*,*,#7614,.F.);
#7614 = EDGE_CURVE('',#7615,#7571,#7617,.T.);
#7615 = VERTEX_POINT('',#7616);
#7616 = CARTESIAN_POINT('',(11.201631850892,11.919864294416,
    87.48818932077));
#7617 = SURFACE_CURVE('',#7618,(#7625,#7635),.PCURVE_S1.);
#7618 = B_SPLINE_CURVE_WITH_KNOTS('',5,(#7619,#7620,#7621,#7622,#7623,
    #7624),.UNSPECIFIED.,.F.,.F.,(6,6),(0.,1.),
  .PIECEWISE_BEZIER_KNOTS.);
#7619 = CARTESIAN_POINT('',(11.201631850892,11.919864294416,
    87.48818932077));
#7620 = CARTESIAN_POINT('',(11.17641303997,11.941133940034,
    87.365848892925));
#7621 = CARTESIAN_POINT('',(11.154360292025,11.959436680273,
    87.241338370108));
#7622 = CARTESIAN_POINT('',(11.135084473228,11.975256643545,
    87.116775616662));
#7623 = CARTESIAN_POINT('',(11.118117136304,11.989059244037,
    86.992415150212));
#7624 = CARTESIAN_POINT('',(11.103101651071,12.001185784171,
    86.866664266667));
#7625 = PCURVE('',#5951,#7626);
#7626 = DEFINITIONAL_REPRESENTATION('',(#7627),#7634);
#7627 = B_SPLINE_CURVE_WITH_KNOTS('',5,(#7628,#7629,#7630,#7631,#7632,
    #7633),.UNSPECIFIED.,.F.,.F.,(6,6),(0.,1.),
  .PIECEWISE_BEZIER_KNOTS.);
#7628 = CARTESIAN_POINT('',(0.,48.914608541142));
#7629 = CARTESIAN_POINT('',(6.213958685051E-02,49.032841489202));
#7630 = CARTESIAN_POINT('',(0.120714452616,49.153118397055));
#7631 = CARTESIAN_POINT('',(0.176332926714,49.273387235954));
#7632 = CARTESIAN_POINT('',(0.22973357321,49.393404259647));
#7633 = CARTESIAN_POINT('',(0.282065382795,49.514701557326));
#7634 = ( GEOMETRIC_REPRESENTATION_CONTEXT(2) 
PARAMETRIC_REPRESENTATION_CONTEXT() REPRESENTATION_CONTEXT('2D SPACE',''
  ) );
#7635 = PCURVE('',#7636,#7641);
#7636 = CYLINDRICAL_SURFACE('',#7637,6.);
#7637 = AXIS2_PLACEMENT_3D('',#7638,#7639,#7640);
#7638 = CARTESIAN_POINT('',(7.333333333333,7.333333298221,
    86.866666666667));
#7639 = DIRECTION('',(0.,0.,-1.));
#7640 = DIRECTION('',(-1.,0.,0.));
#7641 = DEFINITIONAL_REPRESENTATION('',(#7642),#7649);
#7642 = B_SPLINE_CURVE_WITH_KNOTS('',5,(#7643,#7644,#7645,#7646,#7647,
    #7648),.UNSPECIFIED.,.F.,.F.,(6,6),(0.,1.),
  .PIECEWISE_BEZIER_KNOTS.);
#7643 = CARTESIAN_POINT('',(2.271448578245,-0.621522654104));
#7644 = CARTESIAN_POINT('',(2.26595012834,-0.499182226258));
#7645 = CARTESIAN_POINT('',(2.261173844539,-0.374671703441));
#7646 = CARTESIAN_POINT('',(2.257017808456,-0.250108949996));
#7647 = CARTESIAN_POINT('',(2.25337243326,-0.125748483545));
#7648 = CARTESIAN_POINT('',(2.25015564668,2.399999999958E-06));
#7649 = ( GEOMETRIC_REPRESENTATION_CONTEXT(2) 
PARAMETRIC_REPRESENTATION_CONTEXT() REPRESENTATION_CONTEXT('2D SPACE',''
  ) );
#7650 = ORIENTED_EDGE('',*,*,#7651,.F.);
#7651 = EDGE_CURVE('',#7652,#7615,#7654,.T.);
#7652 = VERTEX_POINT('',#7653);
#7653 = CARTESIAN_POINT('',(13.492180097724,14.210412541248,98.6));
#7654 = SEAM_CURVE('',#7655,(#7659,#7666),.PCURVE_S1.);
#7655 = LINE('',#7656,#7657);
#7656 = CARTESIAN_POINT('',(20.881767556475,21.6,134.44805382415));
#7657 = VECTOR('',#7658,1.);
#7658 = DIRECTION('',(-0.197898664515,-0.197898664515,-0.960037622787));
#7659 = PCURVE('',#5951,#7660);
#7660 = DEFINITIONAL_REPRESENTATION('',(#7661),#7665);
#7661 = LINE('',#7662,#7663);
#7662 = CARTESIAN_POINT('',(6.28318530718,-0.));
#7663 = VECTOR('',#7664,1.);
#7664 = DIRECTION('',(0.,1.));
#7665 = ( GEOMETRIC_REPRESENTATION_CONTEXT(2) 
PARAMETRIC_REPRESENTATION_CONTEXT() REPRESENTATION_CONTEXT('2D SPACE',''
  ) );
#7666 = PCURVE('',#5951,#7667);
#7667 = DEFINITIONAL_REPRESENTATION('',(#7668),#7672);
#7668 = LINE('',#7669,#7670);
#7669 = CARTESIAN_POINT('',(0.,-0.));
#7670 = VECTOR('',#7671,1.);
#7671 = DIRECTION('',(0.,1.));
#7672 = ( GEOMETRIC_REPRESENTATION_CONTEXT(2) 
PARAMETRIC_REPRESENTATION_CONTEXT() REPRESENTATION_CONTEXT('2D SPACE',''
  ) );
#7673 = ORIENTED_EDGE('',*,*,#7674,.F.);
#7674 = EDGE_CURVE('',#7675,#7652,#7677,.T.);
#7675 = VERTEX_POINT('',#7676);
#7676 = CARTESIAN_POINT('',(14.133032095876,14.976854480103,98.6));
#7677 = SURFACE_CURVE('',#7678,(#7683,#7710),.PCURVE_S1.);
#7678 = ELLIPSE('',#7679,0.763858952949,0.733333333333);
#7679 = AXIS2_PLACEMENT_3D('',#7680,#7681,#7682);
#7680 = CARTESIAN_POINT('',(14.240931818182,14.240931818182,98.6));
#7681 = DIRECTION('',(0.,0.,1.));
#7682 = DIRECTION('',(-0.707106781187,-0.707106781187,0.));
#7683 = PCURVE('',#5951,#7684);
#7684 = DEFINITIONAL_REPRESENTATION('',(#7685),#7709);
#7685 = B_SPLINE_CURVE_WITH_KNOTS('',8,(#7686,#7687,#7688,#7689,#7690,
    #7691,#7692,#7693,#7694,#7695,#7696,#7697,#7698,#7699,#7700,#7701,
    #7702,#7703,#7704,#7705,#7706,#7707,#7708),.UNSPECIFIED.,.F.,.F.,(9,
    7,7,9),(5.518172895951,7.088969222746,9.445163712938,11.801358203131
    ),.UNSPECIFIED.);
#7686 = CARTESIAN_POINT('',(6.28318530718,37.340259353686));
#7687 = CARTESIAN_POINT('',(6.08683576633,37.369329654079));
#7688 = CARTESIAN_POINT('',(5.890486225481,37.391604898886));
#7689 = CARTESIAN_POINT('',(5.694136684632,37.405378457054));
#7690 = CARTESIAN_POINT('',(5.497787143782,37.409497547726));
#7691 = CARTESIAN_POINT('',(5.301437602933,37.403589579811));
#7692 = CARTESIAN_POINT('',(5.105088062083,37.388133602162));
#7693 = CARTESIAN_POINT('',(4.908738521234,37.36437686437));
#7694 = CARTESIAN_POINT('',(4.417864669111,37.288675923845));
#7695 = CARTESIAN_POINT('',(4.123340357838,37.228577323481));
#7696 = CARTESIAN_POINT('',(3.828816046566,37.159808815649));
#7697 = CARTESIAN_POINT('',(3.534291735296,37.091071464142));
#7698 = CARTESIAN_POINT('',(3.239767424016,37.03218938064));
#7699 = CARTESIAN_POINT('',(2.945243112742,36.990927842822));
#7700 = CARTESIAN_POINT('',(2.650718801466,36.971021654699));
#7701 = CARTESIAN_POINT('',(2.061670178918,36.973588613145));
#7702 = CARTESIAN_POINT('',(1.76714586765,36.99606176904));
#7703 = CARTESIAN_POINT('',(1.472621556367,37.039550889642));
#7704 = CARTESIAN_POINT('',(1.17809724513,37.099982269803));
#7705 = CARTESIAN_POINT('',(0.883572933815,37.169344233464));
#7706 = CARTESIAN_POINT('',(0.589048622554,37.237759444263));
#7707 = CARTESIAN_POINT('',(0.294524311274,37.296653903095));
#7708 = CARTESIAN_POINT('',(1.42108547152E-14,37.340259353686));
#7709 = ( GEOMETRIC_REPRESENTATION_CONTEXT(2) 
PARAMETRIC_REPRESENTATION_CONTEXT() REPRESENTATION_CONTEXT('2D SPACE',''
  ) );
#7710 = PCURVE('',#6206,#7711);
#7711 = DEFINITIONAL_REPRESENTATION('',(#7712),#7716);
#7712 = ELLIPSE('',#7713,0.763858952949,0.733333333333);
#7713 = AXIS2_PLACEMENT_2D('',#7714,#7715);
#7714 = CARTESIAN_POINT('',(14.240931830063,14.240931832068));
#7715 = DIRECTION('',(-0.707106781187,-0.707106781187));
#7716 = ( GEOMETRIC_REPRESENTATION_CONTEXT(2) 
PARAMETRIC_REPRESENTATION_CONTEXT() REPRESENTATION_CONTEXT('2D SPACE',''
  ) );
#7717 = ORIENTED_EDGE('',*,*,#7718,.F.);
#7718 = EDGE_CURVE('',#7719,#7675,#7721,.T.);
#7719 = VERTEX_POINT('',#7720);
#7720 = CARTESIAN_POINT('',(14.035308629956,15.055131530886,99.6));
#7721 = SURFACE_CURVE('',#7722,(#7730,#7741),.PCURVE_S1.);
#7722 = B_SPLINE_CURVE_WITH_KNOTS('',6,(#7723,#7724,#7725,#7726,#7727,
    #7728,#7729),.UNSPECIFIED.,.F.,.F.,(7,7),(0.,1.),
  .PIECEWISE_BEZIER_KNOTS.);
#7723 = CARTESIAN_POINT('',(14.035308529401,15.055131609723,99.6000024)
  );
#7724 = CARTESIAN_POINT('',(14.042377737592,15.049589222809,
    99.431278027995));
#7725 = CARTESIAN_POINT('',(14.052594830126,15.041558371384,
    99.264573016525));
#7726 = CARTESIAN_POINT('',(14.066173304565,15.03083705743,
    99.097891568483));
#7727 = CARTESIAN_POINT('',(14.083643178748,15.016946165351,
    98.930589544432));
#7728 = CARTESIAN_POINT('',(14.105704521301,14.999216081284,
    98.763655992935));
#7729 = CARTESIAN_POINT('',(14.133032496632,14.976854152173,98.5999976)
  );
#7730 = PCURVE('',#5951,#7731);
#7731 = DEFINITIONAL_REPRESENTATION('',(#7732),#7740);
#7732 = B_SPLINE_CURVE_WITH_KNOTS('',6,(#7733,#7734,#7735,#7736,#7737,
    #7738,#7739),.UNSPECIFIED.,.F.,.F.,(7,7),(0.,1.),
  .PIECEWISE_BEZIER_KNOTS.);
#7733 = CARTESIAN_POINT('',(0.98851731997,36.105566259978));
#7734 = CARTESIAN_POINT('',(1.055437223008,36.267245849091));
#7735 = CARTESIAN_POINT('',(1.123187637096,36.426856277814));
#7736 = CARTESIAN_POINT('',(1.193136878768,36.586311310711));
#7737 = CARTESIAN_POINT('',(1.266368313404,36.74621927239));
#7738 = CARTESIAN_POINT('',(1.343773400638,36.905624612062));
#7739 = CARTESIAN_POINT('',(1.426187907954,37.06176005265));
#7740 = ( GEOMETRIC_REPRESENTATION_CONTEXT(2) 
PARAMETRIC_REPRESENTATION_CONTEXT() REPRESENTATION_CONTEXT('2D SPACE',''
  ) );
#7741 = PCURVE('',#7742,#7747);
#7742 = CYLINDRICAL_SURFACE('',#7743,6.);
#7743 = AXIS2_PLACEMENT_3D('',#7744,#7745,#7746);
#7744 = CARTESIAN_POINT('',(10.333333333333,10.33333326082,98.6));
#7745 = DIRECTION('',(-0.,-0.,-1.));
#7746 = DIRECTION('',(1.,0.,0.));
#7747 = DEFINITIONAL_REPRESENTATION('',(#7748),#7756);
#7748 = B_SPLINE_CURVE_WITH_KNOTS('',6,(#7749,#7750,#7751,#7752,#7753,
    #7754,#7755),.UNSPECIFIED.,.F.,.F.,(7,7),(0.,1.),
  .PIECEWISE_BEZIER_KNOTS.);
#7749 = CARTESIAN_POINT('',(-0.905876722491,-1.0000024));
#7750 = CARTESIAN_POINT('',(-0.904379579312,-0.831278027995));
#7751 = CARTESIAN_POINT('',(-0.902213658171,-0.664573016525));
#7752 = CARTESIAN_POINT('',(-0.899330196166,-0.497891568483));
#7753 = CARTESIAN_POINT('',(-0.895610317279,-0.330589544431));
#7754 = CARTESIAN_POINT('',(-0.890893334332,-0.163655992935));
#7755 = CARTESIAN_POINT('',(-0.885008150229,2.400000000069E-06));
#7756 = ( GEOMETRIC_REPRESENTATION_CONTEXT(2) 
PARAMETRIC_REPRESENTATION_CONTEXT() REPRESENTATION_CONTEXT('2D SPACE',''
  ) );
#7757 = ORIENTED_EDGE('',*,*,#7758,.T.);
#7758 = EDGE_CURVE('',#7719,#7759,#7761,.T.);
#7759 = VERTEX_POINT('',#7760);
#7760 = CARTESIAN_POINT('',(13.69831646136,14.416548904885,99.6));
#7761 = SURFACE_CURVE('',#7762,(#7767,#7794),.PCURVE_S1.);
#7762 = ELLIPSE('',#7763,0.763858952949,0.733333333333);
#7763 = AXIS2_PLACEMENT_3D('',#7764,#7765,#7766);
#7764 = CARTESIAN_POINT('',(14.447068181818,14.447068181818,99.6));
#7765 = DIRECTION('',(0.,0.,1.));
#7766 = DIRECTION('',(-0.707106781187,-0.707106781187,0.));
#7767 = PCURVE('',#5951,#7768);
#7768 = DEFINITIONAL_REPRESENTATION('',(#7769),#7793);
#7769 = B_SPLINE_CURVE_WITH_KNOTS('',8,(#7770,#7771,#7772,#7773,#7774,
    #7775,#7776,#7777,#7778,#7779,#7780,#7781,#7782,#7783,#7784,#7785,
    #7786,#7787,#7788,#7789,#7790,#7791,#7792),.UNSPECIFIED.,.F.,.F.,(9,
    7,7,9),(5.518172895951,7.088969222746,9.445163712938,11.801358203131
    ),.UNSPECIFIED.);
#7770 = CARTESIAN_POINT('',(6.28318530718,36.298633508755));
#7771 = CARTESIAN_POINT('',(6.08683576633,36.327703809149));
#7772 = CARTESIAN_POINT('',(5.890486225481,36.349979053957));
#7773 = CARTESIAN_POINT('',(5.694136684632,36.363752612124));
#7774 = CARTESIAN_POINT('',(5.497787143782,36.367871702795));
#7775 = CARTESIAN_POINT('',(5.301437602933,36.361963734881));
#7776 = CARTESIAN_POINT('',(5.105088062083,36.346507757233));
#7777 = CARTESIAN_POINT('',(4.908738521234,36.32275101944));
#7778 = CARTESIAN_POINT('',(4.417864669111,36.247050078915));
#7779 = CARTESIAN_POINT('',(4.123340357839,36.186951478574));
#7780 = CARTESIAN_POINT('',(3.828816046556,36.118182970653));
#7781 = CARTESIAN_POINT('',(3.534291735303,36.049445619393));
#7782 = CARTESIAN_POINT('',(3.23976742401,35.990563535635));
#7783 = CARTESIAN_POINT('',(2.945243112743,35.949301997917));
#7784 = CARTESIAN_POINT('',(2.650718801466,35.929395809769));
#7785 = CARTESIAN_POINT('',(2.061670178918,35.931962768215));
#7786 = CARTESIAN_POINT('',(1.767145867645,35.954435924148));
#7787 = CARTESIAN_POINT('',(1.472621556373,35.997925044602));
#7788 = CARTESIAN_POINT('',(1.1780972451,36.058356425054));
#7789 = CARTESIAN_POINT('',(0.883572933825,36.127718388459));
#7790 = CARTESIAN_POINT('',(0.589048622549,36.196133599358));
#7791 = CARTESIAN_POINT('',(0.294524311274,36.255028058165));
#7792 = CARTESIAN_POINT('',(1.33226762955E-14,36.298633508755));
#7793 = ( GEOMETRIC_REPRESENTATION_CONTEXT(2) 
PARAMETRIC_REPRESENTATION_CONTEXT() REPRESENTATION_CONTEXT('2D SPACE',''
  ) );
#7794 = PCURVE('',#6119,#7795);
#7795 = DEFINITIONAL_REPRESENTATION('',(#7796),#7800);
#7796 = ELLIPSE('',#7797,0.763858952949,0.733333333333);
#7797 = AXIS2_PLACEMENT_2D('',#7798,#7799);
#7798 = CARTESIAN_POINT('',(14.447068193699,14.447068195705));
#7799 = DIRECTION('',(-0.707106781187,-0.707106781187));
#7800 = ( GEOMETRIC_REPRESENTATION_CONTEXT(2) 
PARAMETRIC_REPRESENTATION_CONTEXT() REPRESENTATION_CONTEXT('2D SPACE',''
  ) );
#7801 = ORIENTED_EDGE('',*,*,#7802,.F.);
#7802 = EDGE_CURVE('',#5935,#7759,#7803,.T.);
#7803 = SEAM_CURVE('',#7804,(#7808,#7815),.PCURVE_S1.);
#7804 = LINE('',#7805,#7806);
#7805 = CARTESIAN_POINT('',(20.881767556475,21.6,134.44805382415));
#7806 = VECTOR('',#7807,1.);
#7807 = DIRECTION('',(-0.197898664515,-0.197898664515,-0.960037622787));
#7808 = PCURVE('',#5951,#7809);
#7809 = DEFINITIONAL_REPRESENTATION('',(#7810),#7814);
#7810 = LINE('',#7811,#7812);
#7811 = CARTESIAN_POINT('',(6.28318530718,-0.));
#7812 = VECTOR('',#7813,1.);
#7813 = DIRECTION('',(0.,1.));
#7814 = ( GEOMETRIC_REPRESENTATION_CONTEXT(2) 
PARAMETRIC_REPRESENTATION_CONTEXT() REPRESENTATION_CONTEXT('2D SPACE',''
  ) );
#7815 = PCURVE('',#5951,#7816);
#7816 = DEFINITIONAL_REPRESENTATION('',(#7817),#7821);
#7817 = LINE('',#7818,#7819);
#7818 = CARTESIAN_POINT('',(0.,-0.));
#7819 = VECTOR('',#7820,1.);
#7820 = DIRECTION('',(0.,1.));
#7821 = ( GEOMETRIC_REPRESENTATION_CONTEXT(2) 
PARAMETRIC_REPRESENTATION_CONTEXT() REPRESENTATION_CONTEXT('2D SPACE',''
  ) );
#7822 = ORIENTED_EDGE('',*,*,#5934,.F.);
#7823 = ORIENTED_EDGE('',*,*,#7802,.T.);
#7824 = ORIENTED_EDGE('',*,*,#7825,.T.);
#7825 = EDGE_CURVE('',#7759,#7826,#7828,.T.);
#7826 = VERTEX_POINT('',#7827);
#7827 = CARTESIAN_POINT('',(15.055131538266,14.035308640519,99.6));
#7828 = SURFACE_CURVE('',#7829,(#7834,#7861),.PCURVE_S1.);
#7829 = ELLIPSE('',#7830,0.763858952949,0.733333333333);
#7830 = AXIS2_PLACEMENT_3D('',#7831,#7832,#7833);
#7831 = CARTESIAN_POINT('',(14.447068181818,14.447068181818,99.6));
#7832 = DIRECTION('',(0.,0.,1.));
#7833 = DIRECTION('',(-0.707106781187,-0.707106781187,0.));
#7834 = PCURVE('',#5951,#7835);
#7835 = DEFINITIONAL_REPRESENTATION('',(#7836),#7860);
#7836 = B_SPLINE_CURVE_WITH_KNOTS('',8,(#7837,#7838,#7839,#7840,#7841,
    #7842,#7843,#7844,#7845,#7846,#7847,#7848,#7849,#7850,#7851,#7852,
    #7853,#7854,#7855,#7856,#7857,#7858,#7859),.UNSPECIFIED.,.F.,.F.,(9,
    7,7,9),(5.518172895951,7.088969222746,9.445163712938,11.801358203131
    ),.UNSPECIFIED.);
#7837 = CARTESIAN_POINT('',(6.28318530718,36.298633508755));
#7838 = CARTESIAN_POINT('',(6.08683576633,36.327703809149));
#7839 = CARTESIAN_POINT('',(5.890486225481,36.349979053957));
#7840 = CARTESIAN_POINT('',(5.694136684632,36.363752612124));
#7841 = CARTESIAN_POINT('',(5.497787143782,36.367871702795));
#7842 = CARTESIAN_POINT('',(5.301437602933,36.361963734881));
#7843 = CARTESIAN_POINT('',(5.105088062083,36.346507757233));
#7844 = CARTESIAN_POINT('',(4.908738521234,36.32275101944));
#7845 = CARTESIAN_POINT('',(4.417864669111,36.247050078915));
#7846 = CARTESIAN_POINT('',(4.123340357839,36.186951478574));
#7847 = CARTESIAN_POINT('',(3.828816046556,36.118182970653));
#7848 = CARTESIAN_POINT('',(3.534291735303,36.049445619393));
#7849 = CARTESIAN_POINT('',(3.23976742401,35.990563535635));
#7850 = CARTESIAN_POINT('',(2.945243112743,35.949301997917));
#7851 = CARTESIAN_POINT('',(2.650718801466,35.929395809769));
#7852 = CARTESIAN_POINT('',(2.061670178918,35.931962768215));
#7853 = CARTESIAN_POINT('',(1.767145867645,35.954435924148));
#7854 = CARTESIAN_POINT('',(1.472621556373,35.997925044602));
#7855 = CARTESIAN_POINT('',(1.1780972451,36.058356425054));
#7856 = CARTESIAN_POINT('',(0.883572933825,36.127718388459));
#7857 = CARTESIAN_POINT('',(0.589048622549,36.196133599358));
#7858 = CARTESIAN_POINT('',(0.294524311274,36.255028058165));
#7859 = CARTESIAN_POINT('',(1.33226762955E-14,36.298633508755));
#7860 = ( GEOMETRIC_REPRESENTATION_CONTEXT(2) 
PARAMETRIC_REPRESENTATION_CONTEXT() REPRESENTATION_CONTEXT('2D SPACE',''
  ) );
#7861 = PCURVE('',#6119,#7862);
#7862 = DEFINITIONAL_REPRESENTATION('',(#7863),#7867);
#7863 = ELLIPSE('',#7864,0.763858952949,0.733333333333);
#7864 = AXIS2_PLACEMENT_2D('',#7865,#7866);
#7865 = CARTESIAN_POINT('',(14.447068193699,14.447068195705));
#7866 = DIRECTION('',(-0.707106781187,-0.707106781187));
#7867 = ( GEOMETRIC_REPRESENTATION_CONTEXT(2) 
PARAMETRIC_REPRESENTATION_CONTEXT() REPRESENTATION_CONTEXT('2D SPACE',''
  ) );
#7868 = ORIENTED_EDGE('',*,*,#7869,.F.);
#7869 = EDGE_CURVE('',#7870,#7826,#7872,.T.);
#7870 = VERTEX_POINT('',#7871);
#7871 = CARTESIAN_POINT('',(14.976854482547,14.133032108994,98.6));
#7872 = SURFACE_CURVE('',#7873,(#7881,#7892),.PCURVE_S1.);
#7873 = B_SPLINE_CURVE_WITH_KNOTS('',6,(#7874,#7875,#7876,#7877,#7878,
    #7879,#7880),.UNSPECIFIED.,.F.,.F.,(7,7),(0.,1.),
  .PIECEWISE_BEZIER_KNOTS.);
#7874 = CARTESIAN_POINT('',(14.976854154616,14.13303250975,98.5999976));
#7875 = CARTESIAN_POINT('',(14.999215860272,14.105704808526,
    98.763654349835));
#7876 = CARTESIAN_POINT('',(15.01694589495,14.083643535097,
    98.93058678366));
#7877 = CARTESIAN_POINT('',(15.030836850004,14.066173585952,
    99.097888547445));
#7878 = CARTESIAN_POINT('',(15.041558266471,14.052594982969,
    99.264570652345));
#7879 = CARTESIAN_POINT('',(15.049589193187,14.042377795094,
    99.431276920742));
#7880 = CARTESIAN_POINT('',(15.055131617103,14.035308539964,99.6000024)
  );
#7881 = PCURVE('',#5951,#7882);
#7882 = DEFINITIONAL_REPRESENTATION('',(#7883),#7891);
#7883 = B_SPLINE_CURVE_WITH_KNOTS('',6,(#7884,#7885,#7886,#7887,#7888,
    #7889,#7890),.UNSPECIFIED.,.F.,.F.,(7,7),(0.,1.),
  .PIECEWISE_BEZIER_KNOTS.);
#7884 = CARTESIAN_POINT('',(3.326972559064,37.06176004957));
#7885 = CARTESIAN_POINT('',(3.409386239093,36.905626176396));
#7886 = CARTESIAN_POINT('',(3.486790897086,36.746221905825));
#7887 = CARTESIAN_POINT('',(3.560022309528,36.586314196384));
#7888 = CARTESIAN_POINT('',(3.629971870865,36.426858538031));
#7889 = CARTESIAN_POINT('',(3.69772280553,36.267246906578));
#7890 = CARTESIAN_POINT('',(3.764643147861,36.105566256427));
#7891 = ( GEOMETRIC_REPRESENTATION_CONTEXT(2) 
PARAMETRIC_REPRESENTATION_CONTEXT() REPRESENTATION_CONTEXT('2D SPACE',''
  ) );
#7892 = PCURVE('',#7893,#7898);
#7893 = CYLINDRICAL_SURFACE('',#7894,6.);
#7894 = AXIS2_PLACEMENT_3D('',#7895,#7896,#7897);
#7895 = CARTESIAN_POINT('',(10.333333333333,10.33333326082,98.6));
#7896 = DIRECTION('',(-0.,-0.,-1.));
#7897 = DIRECTION('',(1.,0.,0.));
#7898 = DEFINITIONAL_REPRESENTATION('',(#7899),#7907);
#7899 = B_SPLINE_CURVE_WITH_KNOTS('',6,(#7900,#7901,#7902,#7903,#7904,
    #7905,#7906),.UNSPECIFIED.,.F.,.F.,(7,7),(0.,1.),
  .PIECEWISE_BEZIER_KNOTS.);
#7900 = CARTESIAN_POINT('',(-0.685788195007,2.400000000069E-06));
#7901 = CARTESIAN_POINT('',(-0.679903069845,-0.163654349835));
#7902 = CARTESIAN_POINT('',(-0.675186101031,-0.33058678366));
#7903 = CARTESIAN_POINT('',(-0.671466205828,-0.497888547445));
#7904 = CARTESIAN_POINT('',(-0.66858271643,-0.664570652345));
#7905 = CARTESIAN_POINT('',(-0.666416775039,-0.831276920742));
#7906 = CARTESIAN_POINT('',(-0.664919621898,-1.0000024));
#7907 = ( GEOMETRIC_REPRESENTATION_CONTEXT(2) 
PARAMETRIC_REPRESENTATION_CONTEXT() REPRESENTATION_CONTEXT('2D SPACE',''
  ) );
#7908 = ORIENTED_EDGE('',*,*,#7909,.F.);
#7909 = EDGE_CURVE('',#7652,#7870,#7910,.T.);
#7910 = SURFACE_CURVE('',#7911,(#7916,#7943),.PCURVE_S1.);
#7911 = ELLIPSE('',#7912,0.763858952949,0.733333333333);
#7912 = AXIS2_PLACEMENT_3D('',#7913,#7914,#7915);
#7913 = CARTESIAN_POINT('',(14.240931818182,14.240931818182,98.6));
#7914 = DIRECTION('',(0.,0.,1.));
#7915 = DIRECTION('',(-0.707106781187,-0.707106781187,0.));
#7916 = PCURVE('',#5951,#7917);
#7917 = DEFINITIONAL_REPRESENTATION('',(#7918),#7942);
#7918 = B_SPLINE_CURVE_WITH_KNOTS('',8,(#7919,#7920,#7921,#7922,#7923,
    #7924,#7925,#7926,#7927,#7928,#7929,#7930,#7931,#7932,#7933,#7934,
    #7935,#7936,#7937,#7938,#7939,#7940,#7941),.UNSPECIFIED.,.F.,.F.,(9,
    7,7,9),(5.518172895951,7.088969222746,9.445163712938,11.801358203131
    ),.UNSPECIFIED.);
#7919 = CARTESIAN_POINT('',(6.28318530718,37.340259353686));
#7920 = CARTESIAN_POINT('',(6.08683576633,37.369329654079));
#7921 = CARTESIAN_POINT('',(5.890486225481,37.391604898886));
#7922 = CARTESIAN_POINT('',(5.694136684632,37.405378457054));
#7923 = CARTESIAN_POINT('',(5.497787143782,37.409497547726));
#7924 = CARTESIAN_POINT('',(5.301437602933,37.403589579811));
#7925 = CARTESIAN_POINT('',(5.105088062083,37.388133602162));
#7926 = CARTESIAN_POINT('',(4.908738521234,37.36437686437));
#7927 = CARTESIAN_POINT('',(4.417864669111,37.288675923845));
#7928 = CARTESIAN_POINT('',(4.123340357838,37.228577323481));
#7929 = CARTESIAN_POINT('',(3.828816046566,37.159808815649));
#7930 = CARTESIAN_POINT('',(3.534291735296,37.091071464142));
#7931 = CARTESIAN_POINT('',(3.239767424016,37.03218938064));
#7932 = CARTESIAN_POINT('',(2.945243112742,36.990927842822));
#7933 = CARTESIAN_POINT('',(2.650718801466,36.971021654699));
#7934 = CARTESIAN_POINT('',(2.061670178918,36.973588613145));
#7935 = CARTESIAN_POINT('',(1.76714586765,36.99606176904));
#7936 = CARTESIAN_POINT('',(1.472621556367,37.039550889642));
#7937 = CARTESIAN_POINT('',(1.17809724513,37.099982269803));
#7938 = CARTESIAN_POINT('',(0.883572933815,37.169344233464));
#7939 = CARTESIAN_POINT('',(0.589048622554,37.237759444263));
#7940 = CARTESIAN_POINT('',(0.294524311274,37.296653903095));
#7941 = CARTESIAN_POINT('',(1.42108547152E-14,37.340259353686));
#7942 = ( GEOMETRIC_REPRESENTATION_CONTEXT(2) 
PARAMETRIC_REPRESENTATION_CONTEXT() REPRESENTATION_CONTEXT('2D SPACE',''
  ) );
#7943 = PCURVE('',#6206,#7944);
#7944 = DEFINITIONAL_REPRESENTATION('',(#7945),#7949);
#7945 = ELLIPSE('',#7946,0.763858952949,0.733333333333);
#7946 = AXIS2_PLACEMENT_2D('',#7947,#7948);
#7947 = CARTESIAN_POINT('',(14.240931830063,14.240931832068));
#7948 = DIRECTION('',(-0.707106781187,-0.707106781187));
#7949 = ( GEOMETRIC_REPRESENTATION_CONTEXT(2) 
PARAMETRIC_REPRESENTATION_CONTEXT() REPRESENTATION_CONTEXT('2D SPACE',''
  ) );
#7950 = ORIENTED_EDGE('',*,*,#7651,.T.);
#7951 = ORIENTED_EDGE('',*,*,#7952,.F.);
#7952 = EDGE_CURVE('',#7953,#7615,#7955,.T.);
#7953 = VERTEX_POINT('',#7954);
#7954 = CARTESIAN_POINT('',(11.297211517228,11.837516880541,
    87.866666666667));
#7955 = SURFACE_CURVE('',#7956,(#7963,#7973),.PCURVE_S1.);
#7956 = B_SPLINE_CURVE_WITH_KNOTS('',5,(#7957,#7958,#7959,#7960,#7961,
    #7962),.UNSPECIFIED.,.F.,.F.,(6,6),(0.,1.),
  .PIECEWISE_BEZIER_KNOTS.);
#7957 = CARTESIAN_POINT('',(11.297212269539,11.837516218475,
    87.866669066667));
#7958 = CARTESIAN_POINT('',(11.274161337935,11.857802051413,
    87.793132785835));
#7959 = CARTESIAN_POINT('',(11.253415069994,11.87579797447,
    87.717521162851));
#7960 = CARTESIAN_POINT('',(11.234681249175,11.891871986891,
    87.641526112147));
#7961 = CARTESIAN_POINT('',(11.217557381317,11.906432638599,
    87.565446579724));
#7962 = CARTESIAN_POINT('',(11.201631850892,11.919864294416,
    87.48818932077));
#7963 = PCURVE('',#5951,#7964);
#7964 = DEFINITIONAL_REPRESENTATION('',(#7965),#7972);
#7965 = B_SPLINE_CURVE_WITH_KNOTS('',5,(#7966,#7967,#7968,#7969,#7970,
    #7971),.UNSPECIFIED.,.F.,.F.,(6,6),(0.,1.),
  .PIECEWISE_BEZIER_KNOTS.);
#7966 = CARTESIAN_POINT('',(6.066172501966,48.548635082669));
#7967 = CARTESIAN_POINT('',(6.115128029392,48.61977988824));
#7968 = CARTESIAN_POINT('',(6.160722024472,48.692914180605));
#7969 = CARTESIAN_POINT('',(6.203440839676,48.766398660956));
#7970 = CARTESIAN_POINT('',(6.243944524414,48.839945131459));
#7971 = CARTESIAN_POINT('',(6.28318530718,48.914608541142));
#7972 = ( GEOMETRIC_REPRESENTATION_CONTEXT(2) 
PARAMETRIC_REPRESENTATION_CONTEXT() REPRESENTATION_CONTEXT('2D SPACE',''
  ) );
#7973 = PCURVE('',#7636,#7974);
#7974 = DEFINITIONAL_REPRESENTATION('',(#7975),#7982);
#7975 = B_SPLINE_CURVE_WITH_KNOTS('',5,(#7976,#7977,#7978,#7979,#7980,
    #7981),.UNSPECIFIED.,.F.,.F.,(6,6),(0.,1.),
  .PIECEWISE_BEZIER_KNOTS.);
#7976 = CARTESIAN_POINT('',(2.292475947,-1.0000024));
#7977 = CARTESIAN_POINT('',(2.287358274824,-0.926466119169));
#7978 = CARTESIAN_POINT('',(2.282781088256,-0.850854496184));
#7979 = CARTESIAN_POINT('',(2.278667040193,-0.77485944548));
#7980 = CARTESIAN_POINT('',(2.274920816946,-0.698779913057));
#7981 = CARTESIAN_POINT('',(2.271448578245,-0.621522654104));
#7982 = ( GEOMETRIC_REPRESENTATION_CONTEXT(2) 
PARAMETRIC_REPRESENTATION_CONTEXT() REPRESENTATION_CONTEXT('2D SPACE',''
  ) );
#7983 = ORIENTED_EDGE('',*,*,#7984,.T.);
#7984 = EDGE_CURVE('',#7953,#7985,#7987,.T.);
#7985 = VERTEX_POINT('',#7986);
#7986 = CARTESIAN_POINT('',(11.83751688578,11.297211516062,
    87.866666666667));
#7987 = SURFACE_CURVE('',#7988,(#7993,#8020),.PCURVE_S1.);
#7988 = ELLIPSE('',#7989,0.763858952949,0.733333333333);
#7989 = AXIS2_PLACEMENT_3D('',#7990,#7991,#7992);
#7990 = CARTESIAN_POINT('',(12.028401515152,12.028401515152,
    87.866666666667));
#7991 = DIRECTION('',(0.,0.,1.));
#7992 = DIRECTION('',(-0.707106781187,-0.707106781187,0.));
#7993 = PCURVE('',#5951,#7994);
#7994 = DEFINITIONAL_REPRESENTATION('',(#7995),#8019);
#7995 = B_SPLINE_CURVE_WITH_KNOTS('',8,(#7996,#7997,#7998,#7999,#8000,
    #8001,#8002,#8003,#8004,#8005,#8006,#8007,#8008,#8009,#8010,#8011,
    #8012,#8013,#8014,#8015,#8016,#8017,#8018),.UNSPECIFIED.,.F.,.F.,(9,
    7,7,9),(5.518172895951,7.088969222746,9.445163712938,11.801358203131
    ),.UNSPECIFIED.);
#7996 = CARTESIAN_POINT('',(6.28318530718,48.520376755936));
#7997 = CARTESIAN_POINT('',(6.08683576633,48.549447056329));
#7998 = CARTESIAN_POINT('',(5.890486225481,48.571722301137));
#7999 = CARTESIAN_POINT('',(5.694136684632,48.585495859304));
#8000 = CARTESIAN_POINT('',(5.497787143782,48.589614949976));
#8001 = CARTESIAN_POINT('',(5.301437602933,48.583706982061));
#8002 = CARTESIAN_POINT('',(5.105088062083,48.568251004413));
#8003 = CARTESIAN_POINT('',(4.908738521234,48.54449426662));
#8004 = CARTESIAN_POINT('',(4.417864669111,48.468793326096));
#8005 = CARTESIAN_POINT('',(4.123340357836,48.408694725793));
#8006 = CARTESIAN_POINT('',(3.828816046569,48.339926217656));
#8007 = CARTESIAN_POINT('',(3.534291735282,48.271188866743));
#8008 = CARTESIAN_POINT('',(3.239767424025,48.212306782586));
#8009 = CARTESIAN_POINT('',(2.945243112739,48.171045245155));
#8010 = CARTESIAN_POINT('',(2.650718801466,48.151139056949));
#8011 = CARTESIAN_POINT('',(2.061670178918,48.153706015396));
#8012 = CARTESIAN_POINT('',(1.767145867651,48.176179171314));
#8013 = CARTESIAN_POINT('',(1.472621556356,48.21966829186));
#8014 = CARTESIAN_POINT('',(1.178097245143,48.280099672135));
#8015 = CARTESIAN_POINT('',(0.883572933802,48.349461635683));
#8016 = CARTESIAN_POINT('',(0.589048622555,48.417876846509));
#8017 = CARTESIAN_POINT('',(0.294524311274,48.476771305346));
#8018 = CARTESIAN_POINT('',(2.6645352591E-15,48.520376755936));
#8019 = ( GEOMETRIC_REPRESENTATION_CONTEXT(2) 
PARAMETRIC_REPRESENTATION_CONTEXT() REPRESENTATION_CONTEXT('2D SPACE',''
  ) );
#8020 = PCURVE('',#6314,#8021);
#8021 = DEFINITIONAL_REPRESENTATION('',(#8022),#8026);
#8022 = ELLIPSE('',#8023,0.763858952949,0.733333333333);
#8023 = AXIS2_PLACEMENT_2D('',#8024,#8025);
#8024 = CARTESIAN_POINT('',(12.028401521246,12.02840152246));
#8025 = DIRECTION('',(-0.707106781187,-0.707106781187));
#8026 = ( GEOMETRIC_REPRESENTATION_CONTEXT(2) 
PARAMETRIC_REPRESENTATION_CONTEXT() REPRESENTATION_CONTEXT('2D SPACE',''
  ) );
#8027 = ORIENTED_EDGE('',*,*,#8028,.F.);
#8028 = EDGE_CURVE('',#8029,#7985,#8031,.T.);
#8029 = VERTEX_POINT('',#8030);
#8030 = CARTESIAN_POINT('',(12.001185558217,11.103101939219,
    86.866666666667));
#8031 = SURFACE_CURVE('',#8032,(#8045,#8061),.PCURVE_S1.);
#8032 = B_SPLINE_CURVE_WITH_KNOTS('',6,(#8033,#8034,#8035,#8036,#8037,
    #8038,#8039,#8040,#8041,#8042,#8043,#8044),.UNSPECIFIED.,.F.,.F.,(7,
    5,7),(0.,0.822413782766,1.),.UNSPECIFIED.);
#8033 = CARTESIAN_POINT('',(12.001185789656,11.103101652643,
    86.866664266667));
#8034 = CARTESIAN_POINT('',(11.987537754212,11.120001103692,
    87.008192889228));
#8035 = CARTESIAN_POINT('',(11.972040020486,11.139040874702,
    87.146078480989));
#8036 = CARTESIAN_POINT('',(11.954211344488,11.160742481643,
    87.284083531775));
#8037 = CARTESIAN_POINT('',(11.933345945533,11.185861254153,
    87.423339841819));
#8038 = CARTESIAN_POINT('',(11.908657071138,11.215139373366,
    87.562131621334));
#8039 = CARTESIAN_POINT('',(11.873117984811,11.256399552893,
    87.724530319916));
#8040 = CARTESIAN_POINT('',(11.866572415674,11.26397014516,
    87.753230190651));
#8041 = CARTESIAN_POINT('',(11.859765634546,11.271811639762,
    87.781815024023));
#8042 = CARTESIAN_POINT('',(11.852671223474,11.279949935177,
    87.810279091968));
#8043 = CARTESIAN_POINT('',(11.84526324131,11.288409279085,
    87.838586075892));
#8044 = CARTESIAN_POINT('',(11.837516223713,11.297212268373,
    87.866669066667));
#8045 = PCURVE('',#5951,#8046);
#8046 = DEFINITIONAL_REPRESENTATION('',(#8047),#8060);
#8047 = B_SPLINE_CURVE_WITH_KNOTS('',6,(#8048,#8049,#8050,#8051,#8052,
    #8053,#8054,#8055,#8056,#8057,#8058,#8059),.UNSPECIFIED.,.F.,.F.,(7,
    5,7),(0.,0.822413782766,1.),.UNSPECIFIED.);
#8048 = CARTESIAN_POINT('',(4.471095094383,49.51470155593));
#8049 = CARTESIAN_POINT('',(4.5299928828,49.378185302764));
#8050 = CARTESIAN_POINT('',(4.589378162452,49.245108982585));
#8051 = CARTESIAN_POINT('',(4.651310507708,49.111852493834));
#8052 = CARTESIAN_POINT('',(4.717239251796,48.977319460035));
#8053 = CARTESIAN_POINT('',(4.788174195852,48.843165924547));
#8054 = CARTESIAN_POINT('',(4.881430102583,48.686124867313));
#8055 = CARTESIAN_POINT('',(4.898319504382,48.65836906093));
#8056 = CARTESIAN_POINT('',(4.915591916613,48.630721777037));
#8057 = CARTESIAN_POINT('',(4.933296601179,48.603188617594));
#8058 = CARTESIAN_POINT('',(4.951477509537,48.575804784955));
#8059 = CARTESIAN_POINT('',(4.9701732827,48.548635081863));
#8060 = ( GEOMETRIC_REPRESENTATION_CONTEXT(2) 
PARAMETRIC_REPRESENTATION_CONTEXT() REPRESENTATION_CONTEXT('2D SPACE',''
  ) );
#8061 = PCURVE('',#8062,#8067);
#8062 = CYLINDRICAL_SURFACE('',#8063,6.);
#8063 = AXIS2_PLACEMENT_3D('',#8064,#8065,#8066);
#8064 = CARTESIAN_POINT('',(7.333333333333,7.333333298221,
    86.866666666667));
#8065 = DIRECTION('',(0.,0.,-1.));
#8066 = DIRECTION('',(-1.,0.,0.));
#8067 = DEFINITIONAL_REPRESENTATION('',(#8068),#8081);
#8068 = B_SPLINE_CURVE_WITH_KNOTS('',6,(#8069,#8070,#8071,#8072,#8073,
    #8074,#8075,#8076,#8077,#8078,#8079,#8080),.UNSPECIFIED.,.F.,.F.,(7,
    5,7),(0.,0.822413782766,1.),.UNSPECIFIED.);
#8069 = CARTESIAN_POINT('',(2.462233325846,2.400000000069E-06));
#8070 = CARTESIAN_POINT('',(2.45861293484,-0.141526222561));
#8071 = CARTESIAN_POINT('',(2.454521330207,-0.279411814323));
#8072 = CARTESIAN_POINT('',(2.449840422759,-0.417416865108));
#8073 = CARTESIAN_POINT('',(2.444398132992,-0.556673175153));
#8074 = CARTESIAN_POINT('',(2.438015455496,-0.695464954667));
#8075 = CARTESIAN_POINT('',(2.428939496606,-0.857863653249));
#8076 = CARTESIAN_POINT('',(2.427271513448,-0.886563523984));
#8077 = CARTESIAN_POINT('',(2.425540901708,-0.915148357356));
#8078 = CARTESIAN_POINT('',(2.423741506565,-0.943612425302));
#8079 = CARTESIAN_POINT('',(2.421867429012,-0.971919409225));
#8080 = CARTESIAN_POINT('',(2.419913025849,-1.0000024));
#8081 = ( GEOMETRIC_REPRESENTATION_CONTEXT(2) 
PARAMETRIC_REPRESENTATION_CONTEXT() REPRESENTATION_CONTEXT('2D SPACE',''
  ) );
#8082 = ORIENTED_EDGE('',*,*,#8083,.F.);
#8083 = EDGE_CURVE('',#7518,#8029,#8084,.T.);
#8084 = SURFACE_CURVE('',#8085,(#8090,#8117),.PCURVE_S1.);
#8085 = ELLIPSE('',#8086,0.763858952949,0.733333333333);
#8086 = AXIS2_PLACEMENT_3D('',#8087,#8088,#8089);
#8087 = CARTESIAN_POINT('',(11.822265151515,11.822265151515,
    86.866666666667));
#8088 = DIRECTION('',(0.,0.,1.));
#8089 = DIRECTION('',(-0.707106781187,-0.707106781187,0.));
#8090 = PCURVE('',#5951,#8091);
#8091 = DEFINITIONAL_REPRESENTATION('',(#8092),#8116);
#8092 = B_SPLINE_CURVE_WITH_KNOTS('',8,(#8093,#8094,#8095,#8096,#8097,
    #8098,#8099,#8100,#8101,#8102,#8103,#8104,#8105,#8106,#8107,#8108,
    #8109,#8110,#8111,#8112,#8113,#8114,#8115),.UNSPECIFIED.,.F.,.F.,(9,
    7,7,9),(5.518172895951,7.088969222746,9.445163712938,11.801358203131
    ),.UNSPECIFIED.);
#8093 = CARTESIAN_POINT('',(6.28318530718,49.562002600866));
#8094 = CARTESIAN_POINT('',(6.08683576633,49.59107290126));
#8095 = CARTESIAN_POINT('',(5.890486225481,49.613348146067));
#8096 = CARTESIAN_POINT('',(5.694136684631,49.627121704235));
#8097 = CARTESIAN_POINT('',(5.497787143782,49.631240794907));
#8098 = CARTESIAN_POINT('',(5.301437602933,49.625332826991));
#8099 = CARTESIAN_POINT('',(5.105088062083,49.609876849342));
#8100 = CARTESIAN_POINT('',(4.908738521234,49.58612011155));
#8101 = CARTESIAN_POINT('',(4.417864669111,49.510419171026));
#8102 = CARTESIAN_POINT('',(4.123340357832,49.450320570696));
#8103 = CARTESIAN_POINT('',(3.828816046565,49.381552062709));
#8104 = CARTESIAN_POINT('',(3.534291735271,49.312814711562));
#8105 = CARTESIAN_POINT('',(3.239767424021,49.253932627656));
#8106 = CARTESIAN_POINT('',(2.945243112736,49.212671090053));
#8107 = CARTESIAN_POINT('',(2.650718801466,49.192764901879));
#8108 = CARTESIAN_POINT('',(2.061670178918,49.195331860326));
#8109 = CARTESIAN_POINT('',(1.767145867644,49.217805016299));
#8110 = CARTESIAN_POINT('',(1.472621556367,49.261294136586));
#8111 = CARTESIAN_POINT('',(1.178097245094,49.321725517385));
#8112 = CARTESIAN_POINT('',(0.88357293382,49.391087480429));
#8113 = CARTESIAN_POINT('',(0.589048622548,49.459502691494));
#8114 = CARTESIAN_POINT('',(0.294524311274,49.518397150276));
#8115 = CARTESIAN_POINT('',(1.33226762955E-14,49.562002600866));
#8116 = ( GEOMETRIC_REPRESENTATION_CONTEXT(2) 
PARAMETRIC_REPRESENTATION_CONTEXT() REPRESENTATION_CONTEXT('2D SPACE',''
  ) );
#8117 = PCURVE('',#6416,#8118);
#8118 = DEFINITIONAL_REPRESENTATION('',(#8119),#8123);
#8119 = ELLIPSE('',#8120,0.763858952949,0.733333333333);
#8120 = AXIS2_PLACEMENT_2D('',#8121,#8122);
#8121 = CARTESIAN_POINT('',(11.822265157609,11.822265158823));
#8122 = DIRECTION('',(-0.707106781187,-0.707106781187));
#8123 = ( GEOMETRIC_REPRESENTATION_CONTEXT(2) 
PARAMETRIC_REPRESENTATION_CONTEXT() REPRESENTATION_CONTEXT('2D SPACE',''
  ) );
#8124 = ADVANCED_FACE('',(#8125),#6024,.T.);
#8125 = FACE_BOUND('',#8126,.T.);
#8126 = EDGE_LOOP('',(#8127));
#8127 = ORIENTED_EDGE('',*,*,#6009,.T.);
#8128 = ADVANCED_FACE('',(#8129),#6066,.T.);
#8129 = FACE_BOUND('',#8130,.F.);
#8130 = EDGE_LOOP('',(#8131,#8155,#8156,#8180));
#8131 = ORIENTED_EDGE('',*,*,#8132,.F.);
#8132 = EDGE_CURVE('',#6043,#8133,#8135,.T.);
#8133 = VERTEX_POINT('',#8134);
#8134 = CARTESIAN_POINT('',(-10.33333333333,-16.33333333333,98.6));
#8135 = SURFACE_CURVE('',#8136,(#8141,#8148),.PCURVE_S1.);
#8136 = CIRCLE('',#8137,6.);
#8137 = AXIS2_PLACEMENT_3D('',#8138,#8139,#8140);
#8138 = CARTESIAN_POINT('',(-10.33333333333,-10.33333333333,98.6));
#8139 = DIRECTION('',(0.,0.,1.));
#8140 = DIRECTION('',(1.,0.,0.));
#8141 = PCURVE('',#6066,#8142);
#8142 = DEFINITIONAL_REPRESENTATION('',(#8143),#8147);
#8143 = LINE('',#8144,#8145);
#8144 = CARTESIAN_POINT('',(-0.,0.));
#8145 = VECTOR('',#8146,1.);
#8146 = DIRECTION('',(-1.,0.));
#8147 = ( GEOMETRIC_REPRESENTATION_CONTEXT(2) 
PARAMETRIC_REPRESENTATION_CONTEXT() REPRESENTATION_CONTEXT('2D SPACE',''
  ) );
#8148 = PCURVE('',#6206,#8149);
#8149 = DEFINITIONAL_REPRESENTATION('',(#8150),#8154);
#8150 = CIRCLE('',#8151,6.);
#8151 = AXIS2_PLACEMENT_2D('',#8152,#8153);
#8152 = CARTESIAN_POINT('',(-10.33333332145,-10.33333331944));
#8153 = DIRECTION('',(1.,0.));
#8154 = ( GEOMETRIC_REPRESENTATION_CONTEXT(2) 
PARAMETRIC_REPRESENTATION_CONTEXT() REPRESENTATION_CONTEXT('2D SPACE',''
  ) );
#8155 = ORIENTED_EDGE('',*,*,#6040,.F.);
#8156 = ORIENTED_EDGE('',*,*,#8157,.T.);
#8157 = EDGE_CURVE('',#6041,#8158,#8160,.T.);
#8158 = VERTEX_POINT('',#8159);
#8159 = CARTESIAN_POINT('',(-10.33333333333,-16.33333333333,99.6));
#8160 = SURFACE_CURVE('',#8161,(#8166,#8173),.PCURVE_S1.);
#8161 = CIRCLE('',#8162,6.);
#8162 = AXIS2_PLACEMENT_3D('',#8163,#8164,#8165);
#8163 = CARTESIAN_POINT('',(-10.33333333333,-10.33333333333,99.6));
#8164 = DIRECTION('',(0.,0.,1.));
#8165 = DIRECTION('',(1.,0.,0.));
#8166 = PCURVE('',#6066,#8167);
#8167 = DEFINITIONAL_REPRESENTATION('',(#8168),#8172);
#8168 = LINE('',#8169,#8170);
#8169 = CARTESIAN_POINT('',(-0.,-1.));
#8170 = VECTOR('',#8171,1.);
#8171 = DIRECTION('',(-1.,0.));
#8172 = ( GEOMETRIC_REPRESENTATION_CONTEXT(2) 
PARAMETRIC_REPRESENTATION_CONTEXT() REPRESENTATION_CONTEXT('2D SPACE',''
  ) );
#8173 = PCURVE('',#6119,#8174);
#8174 = DEFINITIONAL_REPRESENTATION('',(#8175),#8179);
#8175 = CIRCLE('',#8176,6.);
#8176 = AXIS2_PLACEMENT_2D('',#8177,#8178);
#8177 = CARTESIAN_POINT('',(-10.33333332145,-10.33333331944));
#8178 = DIRECTION('',(1.,0.));
#8179 = ( GEOMETRIC_REPRESENTATION_CONTEXT(2) 
PARAMETRIC_REPRESENTATION_CONTEXT() REPRESENTATION_CONTEXT('2D SPACE',''
  ) );
#8180 = ORIENTED_EDGE('',*,*,#8181,.F.);
#8181 = EDGE_CURVE('',#8133,#8158,#8182,.T.);
#8182 = SURFACE_CURVE('',#8183,(#8187,#8194),.PCURVE_S1.);
#8183 = LINE('',#8184,#8185);
#8184 = CARTESIAN_POINT('',(-10.33333333333,-16.33333333333,98.6));
#8185 = VECTOR('',#8186,1.);
#8186 = DIRECTION('',(0.,0.,1.));
#8187 = PCURVE('',#6066,#8188);
#8188 = DEFINITIONAL_REPRESENTATION('',(#8189),#8193);
#8189 = LINE('',#8190,#8191);
#8190 = CARTESIAN_POINT('',(-4.712388980385,0.));
#8191 = VECTOR('',#8192,1.);
#8192 = DIRECTION('',(-0.,-1.));
#8193 = ( GEOMETRIC_REPRESENTATION_CONTEXT(2) 
PARAMETRIC_REPRESENTATION_CONTEXT() REPRESENTATION_CONTEXT('2D SPACE',''
  ) );
#8194 = PCURVE('',#8195,#8200);
#8195 = PLANE('',#8196);
#8196 = AXIS2_PLACEMENT_3D('',#8197,#8198,#8199);
#8197 = CARTESIAN_POINT('',(-10.33333333333,-16.33333333333,98.6));
#8198 = DIRECTION('',(0.,1.,0.));
#8199 = DIRECTION('',(1.,0.,0.));
#8200 = DEFINITIONAL_REPRESENTATION('',(#8201),#8205);
#8201 = LINE('',#8202,#8203);
#8202 = CARTESIAN_POINT('',(0.,0.));
#8203 = VECTOR('',#8204,1.);
#8204 = DIRECTION('',(0.,-1.));
#8205 = ( GEOMETRIC_REPRESENTATION_CONTEXT(2) 
PARAMETRIC_REPRESENTATION_CONTEXT() REPRESENTATION_CONTEXT('2D SPACE',''
  ) );
#8206 = ADVANCED_FACE('',(#8207,#8483),#6206,.F.);
#8207 = FACE_BOUND('',#8208,.F.);
#8208 = EDGE_LOOP('',(#8209,#8239,#8261,#8262,#8263,#8286,#8308,#8309,
    #8310,#8334,#8362,#8384,#8385,#8386,#8410,#8438,#8460,#8461));
#8209 = ORIENTED_EDGE('',*,*,#8210,.F.);
#8210 = EDGE_CURVE('',#8211,#8213,#8215,.T.);
#8211 = VERTEX_POINT('',#8212);
#8212 = CARTESIAN_POINT('',(-16.33333333333,-10.33333333333,98.6));
#8213 = VERTEX_POINT('',#8214);
#8214 = CARTESIAN_POINT('',(-16.33333333333,10.33333326082,98.6));
#8215 = SURFACE_CURVE('',#8216,(#8220,#8227),.PCURVE_S1.);
#8216 = LINE('',#8217,#8218);
#8217 = CARTESIAN_POINT('',(-16.33333333333,2.30926389122E-14,98.6));
#8218 = VECTOR('',#8219,1.);
#8219 = DIRECTION('',(0.,1.,0.));
#8220 = PCURVE('',#6206,#8221);
#8221 = DEFINITIONAL_REPRESENTATION('',(#8222),#8226);
#8222 = LINE('',#8223,#8224);
#8223 = CARTESIAN_POINT('',(-16.33333332145,1.388649573667E-08));
#8224 = VECTOR('',#8225,1.);
#8225 = DIRECTION('',(0.,1.));
#8226 = ( GEOMETRIC_REPRESENTATION_CONTEXT(2) 
PARAMETRIC_REPRESENTATION_CONTEXT() REPRESENTATION_CONTEXT('2D SPACE',''
  ) );
#8227 = PCURVE('',#8228,#8233);
#8228 = PLANE('',#8229);
#8229 = AXIS2_PLACEMENT_3D('',#8230,#8231,#8232);
#8230 = CARTESIAN_POINT('',(-16.33333333333,-10.33333333333,98.6));
#8231 = DIRECTION('',(-1.,0.,0.));
#8232 = DIRECTION('',(0.,1.,0.));
#8233 = DEFINITIONAL_REPRESENTATION('',(#8234),#8238);
#8234 = LINE('',#8235,#8236);
#8235 = CARTESIAN_POINT('',(10.333333333333,0.));
#8236 = VECTOR('',#8237,1.);
#8237 = DIRECTION('',(1.,0.));
#8238 = ( GEOMETRIC_REPRESENTATION_CONTEXT(2) 
PARAMETRIC_REPRESENTATION_CONTEXT() REPRESENTATION_CONTEXT('2D SPACE',''
  ) );
#8239 = ORIENTED_EDGE('',*,*,#8240,.T.);
#8240 = EDGE_CURVE('',#8211,#6132,#8241,.T.);
#8241 = SURFACE_CURVE('',#8242,(#8247,#8254),.PCURVE_S1.);
#8242 = CIRCLE('',#8243,6.);
#8243 = AXIS2_PLACEMENT_3D('',#8244,#8245,#8246);
#8244 = CARTESIAN_POINT('',(-10.33333333333,-10.33333333333,98.6));
#8245 = DIRECTION('',(0.,0.,1.));
#8246 = DIRECTION('',(1.,0.,0.));
#8247 = PCURVE('',#6206,#8248);
#8248 = DEFINITIONAL_REPRESENTATION('',(#8249),#8253);
#8249 = CIRCLE('',#8250,6.);
#8250 = AXIS2_PLACEMENT_2D('',#8251,#8252);
#8251 = CARTESIAN_POINT('',(-10.33333332145,-10.33333331944));
#8252 = DIRECTION('',(1.,0.));
#8253 = ( GEOMETRIC_REPRESENTATION_CONTEXT(2) 
PARAMETRIC_REPRESENTATION_CONTEXT() REPRESENTATION_CONTEXT('2D SPACE',''
  ) );
#8254 = PCURVE('',#6155,#8255);
#8255 = DEFINITIONAL_REPRESENTATION('',(#8256),#8260);
#8256 = LINE('',#8257,#8258);
#8257 = CARTESIAN_POINT('',(-0.,0.));
#8258 = VECTOR('',#8259,1.);
#8259 = DIRECTION('',(-1.,0.));
#8260 = ( GEOMETRIC_REPRESENTATION_CONTEXT(2) 
PARAMETRIC_REPRESENTATION_CONTEXT() REPRESENTATION_CONTEXT('2D SPACE',''
  ) );
#8261 = ORIENTED_EDGE('',*,*,#6171,.F.);
#8262 = ORIENTED_EDGE('',*,*,#8132,.T.);
#8263 = ORIENTED_EDGE('',*,*,#8264,.T.);
#8264 = EDGE_CURVE('',#8133,#8265,#8267,.T.);
#8265 = VERTEX_POINT('',#8266);
#8266 = CARTESIAN_POINT('',(10.33333326082,-16.33333333333,98.6));
#8267 = SURFACE_CURVE('',#8268,(#8272,#8279),.PCURVE_S1.);
#8268 = LINE('',#8269,#8270);
#8269 = CARTESIAN_POINT('',(0.,-16.33333333333,98.6));
#8270 = VECTOR('',#8271,1.);
#8271 = DIRECTION('',(1.,0.,0.));
#8272 = PCURVE('',#6206,#8273);
#8273 = DEFINITIONAL_REPRESENTATION('',(#8274),#8278);
#8274 = LINE('',#8275,#8276);
#8275 = CARTESIAN_POINT('',(1.188076681406E-08,-16.33333331944));
#8276 = VECTOR('',#8277,1.);
#8277 = DIRECTION('',(1.,0.));
#8278 = ( GEOMETRIC_REPRESENTATION_CONTEXT(2) 
PARAMETRIC_REPRESENTATION_CONTEXT() REPRESENTATION_CONTEXT('2D SPACE',''
  ) );
#8279 = PCURVE('',#8195,#8280);
#8280 = DEFINITIONAL_REPRESENTATION('',(#8281),#8285);
#8281 = LINE('',#8282,#8283);
#8282 = CARTESIAN_POINT('',(10.333333333333,0.));
#8283 = VECTOR('',#8284,1.);
#8284 = DIRECTION('',(1.,0.));
#8285 = ( GEOMETRIC_REPRESENTATION_CONTEXT(2) 
PARAMETRIC_REPRESENTATION_CONTEXT() REPRESENTATION_CONTEXT('2D SPACE',''
  ) );
#8286 = ORIENTED_EDGE('',*,*,#8287,.T.);
#8287 = EDGE_CURVE('',#8265,#6883,#8288,.T.);
#8288 = SURFACE_CURVE('',#8289,(#8294,#8301),.PCURVE_S1.);
#8289 = CIRCLE('',#8290,6.);
#8290 = AXIS2_PLACEMENT_3D('',#8291,#8292,#8293);
#8291 = CARTESIAN_POINT('',(10.33333326082,-10.33333333333,98.6));
#8292 = DIRECTION('',(0.,0.,1.));
#8293 = DIRECTION('',(1.,0.,0.));
#8294 = PCURVE('',#6206,#8295);
#8295 = DEFINITIONAL_REPRESENTATION('',(#8296),#8300);
#8296 = CIRCLE('',#8297,6.);
#8297 = AXIS2_PLACEMENT_2D('',#8298,#8299);
#8298 = CARTESIAN_POINT('',(10.333333272701,-10.33333331944));
#8299 = DIRECTION('',(1.,0.));
#8300 = ( GEOMETRIC_REPRESENTATION_CONTEXT(2) 
PARAMETRIC_REPRESENTATION_CONTEXT() REPRESENTATION_CONTEXT('2D SPACE',''
  ) );
#8301 = PCURVE('',#6906,#8302);
#8302 = DEFINITIONAL_REPRESENTATION('',(#8303),#8307);
#8303 = LINE('',#8304,#8305);
#8304 = CARTESIAN_POINT('',(-0.,0.));
#8305 = VECTOR('',#8306,1.);
#8306 = DIRECTION('',(-1.,0.));
#8307 = ( GEOMETRIC_REPRESENTATION_CONTEXT(2) 
PARAMETRIC_REPRESENTATION_CONTEXT() REPRESENTATION_CONTEXT('2D SPACE',''
  ) );
#8308 = ORIENTED_EDGE('',*,*,#6922,.F.);
#8309 = ORIENTED_EDGE('',*,*,#6687,.F.);
#8310 = ORIENTED_EDGE('',*,*,#8311,.T.);
#8311 = EDGE_CURVE('',#6688,#8312,#8314,.T.);
#8312 = VERTEX_POINT('',#8313);
#8313 = CARTESIAN_POINT('',(16.333333297077,-10.33333333333,98.6));
#8314 = SURFACE_CURVE('',#8315,(#8320,#8327),.PCURVE_S1.);
#8315 = CIRCLE('',#8316,6.);
#8316 = AXIS2_PLACEMENT_3D('',#8317,#8318,#8319);
#8317 = CARTESIAN_POINT('',(10.33333326082,-10.33333333333,98.6));
#8318 = DIRECTION('',(0.,0.,1.));
#8319 = DIRECTION('',(1.,0.,0.));
#8320 = PCURVE('',#6206,#8321);
#8321 = DEFINITIONAL_REPRESENTATION('',(#8322),#8326);
#8322 = CIRCLE('',#8323,6.);
#8323 = AXIS2_PLACEMENT_2D('',#8324,#8325);
#8324 = CARTESIAN_POINT('',(10.333333272701,-10.33333331944));
#8325 = DIRECTION('',(1.,0.));
#8326 = ( GEOMETRIC_REPRESENTATION_CONTEXT(2) 
PARAMETRIC_REPRESENTATION_CONTEXT() REPRESENTATION_CONTEXT('2D SPACE',''
  ) );
#8327 = PCURVE('',#6755,#8328);
#8328 = DEFINITIONAL_REPRESENTATION('',(#8329),#8333);
#8329 = LINE('',#8330,#8331);
#8330 = CARTESIAN_POINT('',(-0.,0.));
#8331 = VECTOR('',#8332,1.);
#8332 = DIRECTION('',(-1.,0.));
#8333 = ( GEOMETRIC_REPRESENTATION_CONTEXT(2) 
PARAMETRIC_REPRESENTATION_CONTEXT() REPRESENTATION_CONTEXT('2D SPACE',''
  ) );
#8334 = ORIENTED_EDGE('',*,*,#8335,.T.);
#8335 = EDGE_CURVE('',#8312,#8336,#8338,.T.);
#8336 = VERTEX_POINT('',#8337);
#8337 = CARTESIAN_POINT('',(16.333333333333,10.33333326082,98.6));
#8338 = SURFACE_CURVE('',#8339,(#8343,#8350),.PCURVE_S1.);
#8339 = LINE('',#8340,#8341);
#8340 = CARTESIAN_POINT('',(16.333333333333,2.30926389122E-14,98.6));
#8341 = VECTOR('',#8342,1.);
#8342 = DIRECTION('',(0.,1.,0.));
#8343 = PCURVE('',#6206,#8344);
#8344 = DEFINITIONAL_REPRESENTATION('',(#8345),#8349);
#8345 = LINE('',#8346,#8347);
#8346 = CARTESIAN_POINT('',(16.333333345214,1.388649573667E-08));
#8347 = VECTOR('',#8348,1.);
#8348 = DIRECTION('',(0.,1.));
#8349 = ( GEOMETRIC_REPRESENTATION_CONTEXT(2) 
PARAMETRIC_REPRESENTATION_CONTEXT() REPRESENTATION_CONTEXT('2D SPACE',''
  ) );
#8350 = PCURVE('',#8351,#8356);
#8351 = PLANE('',#8352);
#8352 = AXIS2_PLACEMENT_3D('',#8353,#8354,#8355);
#8353 = CARTESIAN_POINT('',(16.333333333333,-10.33333333333,98.6));
#8354 = DIRECTION('',(-1.,0.,0.));
#8355 = DIRECTION('',(0.,1.,0.));
#8356 = DEFINITIONAL_REPRESENTATION('',(#8357),#8361);
#8357 = LINE('',#8358,#8359);
#8358 = CARTESIAN_POINT('',(10.333333333333,0.));
#8359 = VECTOR('',#8360,1.);
#8360 = DIRECTION('',(1.,0.));
#8361 = ( GEOMETRIC_REPRESENTATION_CONTEXT(2) 
PARAMETRIC_REPRESENTATION_CONTEXT() REPRESENTATION_CONTEXT('2D SPACE',''
  ) );
#8362 = ORIENTED_EDGE('',*,*,#8363,.T.);
#8363 = EDGE_CURVE('',#8336,#7870,#8364,.T.);
#8364 = SURFACE_CURVE('',#8365,(#8370,#8377),.PCURVE_S1.);
#8365 = CIRCLE('',#8366,6.);
#8366 = AXIS2_PLACEMENT_3D('',#8367,#8368,#8369);
#8367 = CARTESIAN_POINT('',(10.333333333333,10.33333326082,98.6));
#8368 = DIRECTION('',(0.,0.,1.));
#8369 = DIRECTION('',(1.,0.,0.));
#8370 = PCURVE('',#6206,#8371);
#8371 = DEFINITIONAL_REPRESENTATION('',(#8372),#8376);
#8372 = CIRCLE('',#8373,6.);
#8373 = AXIS2_PLACEMENT_2D('',#8374,#8375);
#8374 = CARTESIAN_POINT('',(10.333333345214,10.333333274707));
#8375 = DIRECTION('',(1.,0.));
#8376 = ( GEOMETRIC_REPRESENTATION_CONTEXT(2) 
PARAMETRIC_REPRESENTATION_CONTEXT() REPRESENTATION_CONTEXT('2D SPACE',''
  ) );
#8377 = PCURVE('',#7893,#8378);
#8378 = DEFINITIONAL_REPRESENTATION('',(#8379),#8383);
#8379 = LINE('',#8380,#8381);
#8380 = CARTESIAN_POINT('',(-0.,0.));
#8381 = VECTOR('',#8382,1.);
#8382 = DIRECTION('',(-1.,0.));
#8383 = ( GEOMETRIC_REPRESENTATION_CONTEXT(2) 
PARAMETRIC_REPRESENTATION_CONTEXT() REPRESENTATION_CONTEXT('2D SPACE',''
  ) );
#8384 = ORIENTED_EDGE('',*,*,#7909,.F.);
#8385 = ORIENTED_EDGE('',*,*,#7674,.F.);
#8386 = ORIENTED_EDGE('',*,*,#8387,.T.);
#8387 = EDGE_CURVE('',#7675,#8388,#8390,.T.);
#8388 = VERTEX_POINT('',#8389);
#8389 = CARTESIAN_POINT('',(10.333333333333,16.333333297077,98.6));
#8390 = SURFACE_CURVE('',#8391,(#8396,#8403),.PCURVE_S1.);
#8391 = CIRCLE('',#8392,6.);
#8392 = AXIS2_PLACEMENT_3D('',#8393,#8394,#8395);
#8393 = CARTESIAN_POINT('',(10.333333333333,10.33333326082,98.6));
#8394 = DIRECTION('',(0.,0.,1.));
#8395 = DIRECTION('',(1.,0.,0.));
#8396 = PCURVE('',#6206,#8397);
#8397 = DEFINITIONAL_REPRESENTATION('',(#8398),#8402);
#8398 = CIRCLE('',#8399,6.);
#8399 = AXIS2_PLACEMENT_2D('',#8400,#8401);
#8400 = CARTESIAN_POINT('',(10.333333345214,10.333333274707));
#8401 = DIRECTION('',(1.,0.));
#8402 = ( GEOMETRIC_REPRESENTATION_CONTEXT(2) 
PARAMETRIC_REPRESENTATION_CONTEXT() REPRESENTATION_CONTEXT('2D SPACE',''
  ) );
#8403 = PCURVE('',#7742,#8404);
#8404 = DEFINITIONAL_REPRESENTATION('',(#8405),#8409);
#8405 = LINE('',#8406,#8407);
#8406 = CARTESIAN_POINT('',(-0.,0.));
#8407 = VECTOR('',#8408,1.);
#8408 = DIRECTION('',(-1.,0.));
#8409 = ( GEOMETRIC_REPRESENTATION_CONTEXT(2) 
PARAMETRIC_REPRESENTATION_CONTEXT() REPRESENTATION_CONTEXT('2D SPACE',''
  ) );
#8410 = ORIENTED_EDGE('',*,*,#8411,.F.);
#8411 = EDGE_CURVE('',#8412,#8388,#8414,.T.);
#8412 = VERTEX_POINT('',#8413);
#8413 = CARTESIAN_POINT('',(-10.33333333333,16.333333297077,98.6));
#8414 = SURFACE_CURVE('',#8415,(#8419,#8426),.PCURVE_S1.);
#8415 = LINE('',#8416,#8417);
#8416 = CARTESIAN_POINT('',(0.,16.333333333333,98.6));
#8417 = VECTOR('',#8418,1.);
#8418 = DIRECTION('',(1.,0.,0.));
#8419 = PCURVE('',#6206,#8420);
#8420 = DEFINITIONAL_REPRESENTATION('',(#8421),#8425);
#8421 = LINE('',#8422,#8423);
#8422 = CARTESIAN_POINT('',(1.188076681406E-08,16.33333334722));
#8423 = VECTOR('',#8424,1.);
#8424 = DIRECTION('',(1.,0.));
#8425 = ( GEOMETRIC_REPRESENTATION_CONTEXT(2) 
PARAMETRIC_REPRESENTATION_CONTEXT() REPRESENTATION_CONTEXT('2D SPACE',''
  ) );
#8426 = PCURVE('',#8427,#8432);
#8427 = PLANE('',#8428);
#8428 = AXIS2_PLACEMENT_3D('',#8429,#8430,#8431);
#8429 = CARTESIAN_POINT('',(-10.33333333333,16.333333333333,98.6));
#8430 = DIRECTION('',(0.,1.,0.));
#8431 = DIRECTION('',(1.,0.,0.));
#8432 = DEFINITIONAL_REPRESENTATION('',(#8433),#8437);
#8433 = LINE('',#8434,#8435);
#8434 = CARTESIAN_POINT('',(10.333333333333,0.));
#8435 = VECTOR('',#8436,1.);
#8436 = DIRECTION('',(1.,0.));
#8437 = ( GEOMETRIC_REPRESENTATION_CONTEXT(2) 
PARAMETRIC_REPRESENTATION_CONTEXT() REPRESENTATION_CONTEXT('2D SPACE',''
  ) );
#8438 = ORIENTED_EDGE('',*,*,#8439,.T.);
#8439 = EDGE_CURVE('',#8412,#7099,#8440,.T.);
#8440 = SURFACE_CURVE('',#8441,(#8446,#8453),.PCURVE_S1.);
#8441 = CIRCLE('',#8442,6.);
#8442 = AXIS2_PLACEMENT_3D('',#8443,#8444,#8445);
#8443 = CARTESIAN_POINT('',(-10.33333333333,10.33333326082,98.6));
#8444 = DIRECTION('',(0.,0.,1.));
#8445 = DIRECTION('',(1.,0.,0.));
#8446 = PCURVE('',#6206,#8447);
#8447 = DEFINITIONAL_REPRESENTATION('',(#8448),#8452);
#8448 = CIRCLE('',#8449,6.);
#8449 = AXIS2_PLACEMENT_2D('',#8450,#8451);
#8450 = CARTESIAN_POINT('',(-10.33333332145,10.333333274707));
#8451 = DIRECTION('',(1.,0.));
#8452 = ( GEOMETRIC_REPRESENTATION_CONTEXT(2) 
PARAMETRIC_REPRESENTATION_CONTEXT() REPRESENTATION_CONTEXT('2D SPACE',''
  ) );
#8453 = PCURVE('',#7248,#8454);
#8454 = DEFINITIONAL_REPRESENTATION('',(#8455),#8459);
#8455 = LINE('',#8456,#8457);
#8456 = CARTESIAN_POINT('',(-0.,0.));
#8457 = VECTOR('',#8458,1.);
#8458 = DIRECTION('',(-1.,0.));
#8459 = ( GEOMETRIC_REPRESENTATION_CONTEXT(2) 
PARAMETRIC_REPRESENTATION_CONTEXT() REPRESENTATION_CONTEXT('2D SPACE',''
  ) );
#8460 = ORIENTED_EDGE('',*,*,#7096,.F.);
#8461 = ORIENTED_EDGE('',*,*,#8462,.T.);
#8462 = EDGE_CURVE('',#7097,#8213,#8463,.T.);
#8463 = SURFACE_CURVE('',#8464,(#8469,#8476),.PCURVE_S1.);
#8464 = CIRCLE('',#8465,6.);
#8465 = AXIS2_PLACEMENT_3D('',#8466,#8467,#8468);
#8466 = CARTESIAN_POINT('',(-10.33333333333,10.33333326082,98.6));
#8467 = DIRECTION('',(0.,0.,1.));
#8468 = DIRECTION('',(1.,0.,0.));
#8469 = PCURVE('',#6206,#8470);
#8470 = DEFINITIONAL_REPRESENTATION('',(#8471),#8475);
#8471 = CIRCLE('',#8472,6.);
#8472 = AXIS2_PLACEMENT_2D('',#8473,#8474);
#8473 = CARTESIAN_POINT('',(-10.33333332145,10.333333274707));
#8474 = DIRECTION('',(1.,0.));
#8475 = ( GEOMETRIC_REPRESENTATION_CONTEXT(2) 
PARAMETRIC_REPRESENTATION_CONTEXT() REPRESENTATION_CONTEXT('2D SPACE',''
  ) );
#8476 = PCURVE('',#7166,#8477);
#8477 = DEFINITIONAL_REPRESENTATION('',(#8478),#8482);
#8478 = LINE('',#8479,#8480);
#8479 = CARTESIAN_POINT('',(-0.,0.));
#8480 = VECTOR('',#8481,1.);
#8481 = DIRECTION('',(-1.,0.));
#8482 = ( GEOMETRIC_REPRESENTATION_CONTEXT(2) 
PARAMETRIC_REPRESENTATION_CONTEXT() REPRESENTATION_CONTEXT('2D SPACE',''
  ) );
#8483 = FACE_BOUND('',#8484,.F.);
#8484 = EDGE_LOOP('',(#8485));
#8485 = ORIENTED_EDGE('',*,*,#8486,.F.);
#8486 = EDGE_CURVE('',#8487,#8487,#8489,.T.);
#8487 = VERTEX_POINT('',#8488);
#8488 = CARTESIAN_POINT('',(1.5,-3.673940397442E-16,98.6));
#8489 = SURFACE_CURVE('',#8490,(#8495,#8502),.PCURVE_S1.);
#8490 = CIRCLE('',#8491,1.5);
#8491 = AXIS2_PLACEMENT_3D('',#8492,#8493,#8494);
#8492 = CARTESIAN_POINT('',(0.,0.,98.6));
#8493 = DIRECTION('',(0.,0.,1.));
#8494 = DIRECTION('',(1.,0.,-0.));
#8495 = PCURVE('',#6206,#8496);
#8496 = DEFINITIONAL_REPRESENTATION('',(#8497),#8501);
#8497 = CIRCLE('',#8498,1.5);
#8498 = AXIS2_PLACEMENT_2D('',#8499,#8500);
#8499 = CARTESIAN_POINT('',(1.188076681406E-08,1.388647264403E-08));
#8500 = DIRECTION('',(1.,0.));
#8501 = ( GEOMETRIC_REPRESENTATION_CONTEXT(2) 
PARAMETRIC_REPRESENTATION_CONTEXT() REPRESENTATION_CONTEXT('2D SPACE',''
  ) );
#8502 = PCURVE('',#8503,#8508);
#8503 = CYLINDRICAL_SURFACE('',#8504,1.5);
#8504 = AXIS2_PLACEMENT_3D('',#8505,#8506,#8507);
#8505 = CARTESIAN_POINT('',(0.,0.,75.133333333333));
#8506 = DIRECTION('',(0.,0.,1.));
#8507 = DIRECTION('',(1.,0.,-0.));
#8508 = DEFINITIONAL_REPRESENTATION('',(#8509),#8513);
#8509 = LINE('',#8510,#8511);
#8510 = CARTESIAN_POINT('',(0.,23.466666666667));
#8511 = VECTOR('',#8512,1.);
#8512 = DIRECTION('',(1.,0.));
#8513 = ( GEOMETRIC_REPRESENTATION_CONTEXT(2) 
PARAMETRIC_REPRESENTATION_CONTEXT() REPRESENTATION_CONTEXT('2D SPACE',''
  ) );
#8514 = ADVANCED_FACE('',(#8515),#6155,.T.);
#8515 = FACE_BOUND('',#8516,.F.);
#8516 = EDGE_LOOP('',(#8517,#8518,#8541,#8563));
#8517 = ORIENTED_EDGE('',*,*,#8240,.F.);
#8518 = ORIENTED_EDGE('',*,*,#8519,.T.);
#8519 = EDGE_CURVE('',#8211,#8520,#8522,.T.);
#8520 = VERTEX_POINT('',#8521);
#8521 = CARTESIAN_POINT('',(-16.33333333333,-10.33333333333,99.6));
#8522 = SURFACE_CURVE('',#8523,(#8527,#8534),.PCURVE_S1.);
#8523 = LINE('',#8524,#8525);
#8524 = CARTESIAN_POINT('',(-16.33333333333,-10.33333333333,98.6));
#8525 = VECTOR('',#8526,1.);
#8526 = DIRECTION('',(0.,0.,1.));
#8527 = PCURVE('',#6155,#8528);
#8528 = DEFINITIONAL_REPRESENTATION('',(#8529),#8533);
#8529 = LINE('',#8530,#8531);
#8530 = CARTESIAN_POINT('',(-3.14159265359,0.));
#8531 = VECTOR('',#8532,1.);
#8532 = DIRECTION('',(-0.,-1.));
#8533 = ( GEOMETRIC_REPRESENTATION_CONTEXT(2) 
PARAMETRIC_REPRESENTATION_CONTEXT() REPRESENTATION_CONTEXT('2D SPACE',''
  ) );
#8534 = PCURVE('',#8228,#8535);
#8535 = DEFINITIONAL_REPRESENTATION('',(#8536),#8540);
#8536 = LINE('',#8537,#8538);
#8537 = CARTESIAN_POINT('',(0.,0.));
#8538 = VECTOR('',#8539,1.);
#8539 = DIRECTION('',(0.,-1.));
#8540 = ( GEOMETRIC_REPRESENTATION_CONTEXT(2) 
PARAMETRIC_REPRESENTATION_CONTEXT() REPRESENTATION_CONTEXT('2D SPACE',''
  ) );
#8541 = ORIENTED_EDGE('',*,*,#8542,.T.);
#8542 = EDGE_CURVE('',#8520,#6083,#8543,.T.);
#8543 = SURFACE_CURVE('',#8544,(#8549,#8556),.PCURVE_S1.);
#8544 = CIRCLE('',#8545,6.);
#8545 = AXIS2_PLACEMENT_3D('',#8546,#8547,#8548);
#8546 = CARTESIAN_POINT('',(-10.33333333333,-10.33333333333,99.6));
#8547 = DIRECTION('',(0.,0.,1.));
#8548 = DIRECTION('',(1.,0.,0.));
#8549 = PCURVE('',#6155,#8550);
#8550 = DEFINITIONAL_REPRESENTATION('',(#8551),#8555);
#8551 = LINE('',#8552,#8553);
#8552 = CARTESIAN_POINT('',(-0.,-1.));
#8553 = VECTOR('',#8554,1.);
#8554 = DIRECTION('',(-1.,0.));
#8555 = ( GEOMETRIC_REPRESENTATION_CONTEXT(2) 
PARAMETRIC_REPRESENTATION_CONTEXT() REPRESENTATION_CONTEXT('2D SPACE',''
  ) );
#8556 = PCURVE('',#6119,#8557);
#8557 = DEFINITIONAL_REPRESENTATION('',(#8558),#8562);
#8558 = CIRCLE('',#8559,6.);
#8559 = AXIS2_PLACEMENT_2D('',#8560,#8561);
#8560 = CARTESIAN_POINT('',(-10.33333332145,-10.33333331944));
#8561 = DIRECTION('',(1.,0.));
#8562 = ( GEOMETRIC_REPRESENTATION_CONTEXT(2) 
PARAMETRIC_REPRESENTATION_CONTEXT() REPRESENTATION_CONTEXT('2D SPACE',''
  ) );
#8563 = ORIENTED_EDGE('',*,*,#6131,.F.);
#8564 = ADVANCED_FACE('',(#8565,#8803),#6119,.T.);
#8565 = FACE_BOUND('',#8566,.T.);
#8566 = EDGE_LOOP('',(#8567,#8590,#8591,#8592,#8593,#8616,#8638,#8639,
    #8640,#8664,#8687,#8709,#8710,#8711,#8735,#8758,#8780,#8781));
#8567 = ORIENTED_EDGE('',*,*,#8568,.F.);
#8568 = EDGE_CURVE('',#8520,#8569,#8571,.T.);
#8569 = VERTEX_POINT('',#8570);
#8570 = CARTESIAN_POINT('',(-16.33333333333,10.33333326082,99.6));
#8571 = SURFACE_CURVE('',#8572,(#8576,#8583),.PCURVE_S1.);
#8572 = LINE('',#8573,#8574);
#8573 = CARTESIAN_POINT('',(-16.33333333333,2.30926389122E-14,99.6));
#8574 = VECTOR('',#8575,1.);
#8575 = DIRECTION('',(0.,1.,0.));
#8576 = PCURVE('',#6119,#8577);
#8577 = DEFINITIONAL_REPRESENTATION('',(#8578),#8582);
#8578 = LINE('',#8579,#8580);
#8579 = CARTESIAN_POINT('',(-16.33333332145,1.388649573667E-08));
#8580 = VECTOR('',#8581,1.);
#8581 = DIRECTION('',(0.,1.));
#8582 = ( GEOMETRIC_REPRESENTATION_CONTEXT(2) 
PARAMETRIC_REPRESENTATION_CONTEXT() REPRESENTATION_CONTEXT('2D SPACE',''
  ) );
#8583 = PCURVE('',#8228,#8584);
#8584 = DEFINITIONAL_REPRESENTATION('',(#8585),#8589);
#8585 = LINE('',#8586,#8587);
#8586 = CARTESIAN_POINT('',(10.333333333333,-1.));
#8587 = VECTOR('',#8588,1.);
#8588 = DIRECTION('',(1.,0.));
#8589 = ( GEOMETRIC_REPRESENTATION_CONTEXT(2) 
PARAMETRIC_REPRESENTATION_CONTEXT() REPRESENTATION_CONTEXT('2D SPACE',''
  ) );
#8590 = ORIENTED_EDGE('',*,*,#8542,.T.);
#8591 = ORIENTED_EDGE('',*,*,#6082,.F.);
#8592 = ORIENTED_EDGE('',*,*,#8157,.T.);
#8593 = ORIENTED_EDGE('',*,*,#8594,.T.);
#8594 = EDGE_CURVE('',#8158,#8595,#8597,.T.);
#8595 = VERTEX_POINT('',#8596);
#8596 = CARTESIAN_POINT('',(10.33333326082,-16.33333333333,99.6));
#8597 = SURFACE_CURVE('',#8598,(#8602,#8609),.PCURVE_S1.);
#8598 = LINE('',#8599,#8600);
#8599 = CARTESIAN_POINT('',(0.,-16.33333333333,99.6));
#8600 = VECTOR('',#8601,1.);
#8601 = DIRECTION('',(1.,0.,0.));
#8602 = PCURVE('',#6119,#8603);
#8603 = DEFINITIONAL_REPRESENTATION('',(#8604),#8608);
#8604 = LINE('',#8605,#8606);
#8605 = CARTESIAN_POINT('',(1.188076681406E-08,-16.33333331944));
#8606 = VECTOR('',#8607,1.);
#8607 = DIRECTION('',(1.,0.));
#8608 = ( GEOMETRIC_REPRESENTATION_CONTEXT(2) 
PARAMETRIC_REPRESENTATION_CONTEXT() REPRESENTATION_CONTEXT('2D SPACE',''
  ) );
#8609 = PCURVE('',#8195,#8610);
#8610 = DEFINITIONAL_REPRESENTATION('',(#8611),#8615);
#8611 = LINE('',#8612,#8613);
#8612 = CARTESIAN_POINT('',(10.333333333333,-1.));
#8613 = VECTOR('',#8614,1.);
#8614 = DIRECTION('',(1.,0.));
#8615 = ( GEOMETRIC_REPRESENTATION_CONTEXT(2) 
PARAMETRIC_REPRESENTATION_CONTEXT() REPRESENTATION_CONTEXT('2D SPACE',''
  ) );
#8616 = ORIENTED_EDGE('',*,*,#8617,.T.);
#8617 = EDGE_CURVE('',#8595,#6839,#8618,.T.);
#8618 = SURFACE_CURVE('',#8619,(#8624,#8631),.PCURVE_S1.);
#8619 = CIRCLE('',#8620,6.);
#8620 = AXIS2_PLACEMENT_3D('',#8621,#8622,#8623);
#8621 = CARTESIAN_POINT('',(10.33333326082,-10.33333333333,99.6));
#8622 = DIRECTION('',(0.,0.,1.));
#8623 = DIRECTION('',(1.,0.,0.));
#8624 = PCURVE('',#6119,#8625);
#8625 = DEFINITIONAL_REPRESENTATION('',(#8626),#8630);
#8626 = CIRCLE('',#8627,6.);
#8627 = AXIS2_PLACEMENT_2D('',#8628,#8629);
#8628 = CARTESIAN_POINT('',(10.333333272701,-10.33333331944));
#8629 = DIRECTION('',(1.,0.));
#8630 = ( GEOMETRIC_REPRESENTATION_CONTEXT(2) 
PARAMETRIC_REPRESENTATION_CONTEXT() REPRESENTATION_CONTEXT('2D SPACE',''
  ) );
#8631 = PCURVE('',#6906,#8632);
#8632 = DEFINITIONAL_REPRESENTATION('',(#8633),#8637);
#8633 = LINE('',#8634,#8635);
#8634 = CARTESIAN_POINT('',(-0.,-1.));
#8635 = VECTOR('',#8636,1.);
#8636 = DIRECTION('',(-1.,0.));
#8637 = ( GEOMETRIC_REPRESENTATION_CONTEXT(2) 
PARAMETRIC_REPRESENTATION_CONTEXT() REPRESENTATION_CONTEXT('2D SPACE',''
  ) );
#8638 = ORIENTED_EDGE('',*,*,#6838,.F.);
#8639 = ORIENTED_EDGE('',*,*,#6771,.F.);
#8640 = ORIENTED_EDGE('',*,*,#8641,.T.);
#8641 = EDGE_CURVE('',#6732,#8642,#8644,.T.);
#8642 = VERTEX_POINT('',#8643);
#8643 = CARTESIAN_POINT('',(16.333333297077,-10.33333333333,99.6));
#8644 = SURFACE_CURVE('',#8645,(#8650,#8657),.PCURVE_S1.);
#8645 = CIRCLE('',#8646,6.);
#8646 = AXIS2_PLACEMENT_3D('',#8647,#8648,#8649);
#8647 = CARTESIAN_POINT('',(10.33333326082,-10.33333333333,99.6));
#8648 = DIRECTION('',(0.,0.,1.));
#8649 = DIRECTION('',(1.,0.,0.));
#8650 = PCURVE('',#6119,#8651);
#8651 = DEFINITIONAL_REPRESENTATION('',(#8652),#8656);
#8652 = CIRCLE('',#8653,6.);
#8653 = AXIS2_PLACEMENT_2D('',#8654,#8655);
#8654 = CARTESIAN_POINT('',(10.333333272701,-10.33333331944));
#8655 = DIRECTION('',(1.,0.));
#8656 = ( GEOMETRIC_REPRESENTATION_CONTEXT(2) 
PARAMETRIC_REPRESENTATION_CONTEXT() REPRESENTATION_CONTEXT('2D SPACE',''
  ) );
#8657 = PCURVE('',#6755,#8658);
#8658 = DEFINITIONAL_REPRESENTATION('',(#8659),#8663);
#8659 = LINE('',#8660,#8661);
#8660 = CARTESIAN_POINT('',(-0.,-1.));
#8661 = VECTOR('',#8662,1.);
#8662 = DIRECTION('',(-1.,0.));
#8663 = ( GEOMETRIC_REPRESENTATION_CONTEXT(2) 
PARAMETRIC_REPRESENTATION_CONTEXT() REPRESENTATION_CONTEXT('2D SPACE',''
  ) );
#8664 = ORIENTED_EDGE('',*,*,#8665,.T.);
#8665 = EDGE_CURVE('',#8642,#8666,#8668,.T.);
#8666 = VERTEX_POINT('',#8667);
#8667 = CARTESIAN_POINT('',(16.333333333333,10.33333326082,99.6));
#8668 = SURFACE_CURVE('',#8669,(#8673,#8680),.PCURVE_S1.);
#8669 = LINE('',#8670,#8671);
#8670 = CARTESIAN_POINT('',(16.333333333333,2.30926389122E-14,99.6));
#8671 = VECTOR('',#8672,1.);
#8672 = DIRECTION('',(0.,1.,0.));
#8673 = PCURVE('',#6119,#8674);
#8674 = DEFINITIONAL_REPRESENTATION('',(#8675),#8679);
#8675 = LINE('',#8676,#8677);
#8676 = CARTESIAN_POINT('',(16.333333345214,1.388649573667E-08));
#8677 = VECTOR('',#8678,1.);
#8678 = DIRECTION('',(0.,1.));
#8679 = ( GEOMETRIC_REPRESENTATION_CONTEXT(2) 
PARAMETRIC_REPRESENTATION_CONTEXT() REPRESENTATION_CONTEXT('2D SPACE',''
  ) );
#8680 = PCURVE('',#8351,#8681);
#8681 = DEFINITIONAL_REPRESENTATION('',(#8682),#8686);
#8682 = LINE('',#8683,#8684);
#8683 = CARTESIAN_POINT('',(10.333333333333,-1.));
#8684 = VECTOR('',#8685,1.);
#8685 = DIRECTION('',(1.,0.));
#8686 = ( GEOMETRIC_REPRESENTATION_CONTEXT(2) 
PARAMETRIC_REPRESENTATION_CONTEXT() REPRESENTATION_CONTEXT('2D SPACE',''
  ) );
#8687 = ORIENTED_EDGE('',*,*,#8688,.T.);
#8688 = EDGE_CURVE('',#8666,#7826,#8689,.T.);
#8689 = SURFACE_CURVE('',#8690,(#8695,#8702),.PCURVE_S1.);
#8690 = CIRCLE('',#8691,6.);
#8691 = AXIS2_PLACEMENT_3D('',#8692,#8693,#8694);
#8692 = CARTESIAN_POINT('',(10.333333333333,10.33333326082,99.6));
#8693 = DIRECTION('',(0.,0.,1.));
#8694 = DIRECTION('',(1.,0.,0.));
#8695 = PCURVE('',#6119,#8696);
#8696 = DEFINITIONAL_REPRESENTATION('',(#8697),#8701);
#8697 = CIRCLE('',#8698,6.);
#8698 = AXIS2_PLACEMENT_2D('',#8699,#8700);
#8699 = CARTESIAN_POINT('',(10.333333345214,10.333333274707));
#8700 = DIRECTION('',(1.,0.));
#8701 = ( GEOMETRIC_REPRESENTATION_CONTEXT(2) 
PARAMETRIC_REPRESENTATION_CONTEXT() REPRESENTATION_CONTEXT('2D SPACE',''
  ) );
#8702 = PCURVE('',#7893,#8703);
#8703 = DEFINITIONAL_REPRESENTATION('',(#8704),#8708);
#8704 = LINE('',#8705,#8706);
#8705 = CARTESIAN_POINT('',(-0.,-1.));
#8706 = VECTOR('',#8707,1.);
#8707 = DIRECTION('',(-1.,0.));
#8708 = ( GEOMETRIC_REPRESENTATION_CONTEXT(2) 
PARAMETRIC_REPRESENTATION_CONTEXT() REPRESENTATION_CONTEXT('2D SPACE',''
  ) );
#8709 = ORIENTED_EDGE('',*,*,#7825,.F.);
#8710 = ORIENTED_EDGE('',*,*,#7758,.F.);
#8711 = ORIENTED_EDGE('',*,*,#8712,.T.);
#8712 = EDGE_CURVE('',#7719,#8713,#8715,.T.);
#8713 = VERTEX_POINT('',#8714);
#8714 = CARTESIAN_POINT('',(10.333333333333,16.333333297077,99.6));
#8715 = SURFACE_CURVE('',#8716,(#8721,#8728),.PCURVE_S1.);
#8716 = CIRCLE('',#8717,6.);
#8717 = AXIS2_PLACEMENT_3D('',#8718,#8719,#8720);
#8718 = CARTESIAN_POINT('',(10.333333333333,10.33333326082,99.6));
#8719 = DIRECTION('',(0.,0.,1.));
#8720 = DIRECTION('',(1.,0.,0.));
#8721 = PCURVE('',#6119,#8722);
#8722 = DEFINITIONAL_REPRESENTATION('',(#8723),#8727);
#8723 = CIRCLE('',#8724,6.);
#8724 = AXIS2_PLACEMENT_2D('',#8725,#8726);
#8725 = CARTESIAN_POINT('',(10.333333345214,10.333333274707));
#8726 = DIRECTION('',(1.,0.));
#8727 = ( GEOMETRIC_REPRESENTATION_CONTEXT(2) 
PARAMETRIC_REPRESENTATION_CONTEXT() REPRESENTATION_CONTEXT('2D SPACE',''
  ) );
#8728 = PCURVE('',#7742,#8729);
#8729 = DEFINITIONAL_REPRESENTATION('',(#8730),#8734);
#8730 = LINE('',#8731,#8732);
#8731 = CARTESIAN_POINT('',(-0.,-1.));
#8732 = VECTOR('',#8733,1.);
#8733 = DIRECTION('',(-1.,0.));
#8734 = ( GEOMETRIC_REPRESENTATION_CONTEXT(2) 
PARAMETRIC_REPRESENTATION_CONTEXT() REPRESENTATION_CONTEXT('2D SPACE',''
  ) );
#8735 = ORIENTED_EDGE('',*,*,#8736,.F.);
#8736 = EDGE_CURVE('',#8737,#8713,#8739,.T.);
#8737 = VERTEX_POINT('',#8738);
#8738 = CARTESIAN_POINT('',(-10.33333333333,16.333333297077,99.6));
#8739 = SURFACE_CURVE('',#8740,(#8744,#8751),.PCURVE_S1.);
#8740 = LINE('',#8741,#8742);
#8741 = CARTESIAN_POINT('',(0.,16.333333333333,99.6));
#8742 = VECTOR('',#8743,1.);
#8743 = DIRECTION('',(1.,0.,0.));
#8744 = PCURVE('',#6119,#8745);
#8745 = DEFINITIONAL_REPRESENTATION('',(#8746),#8750);
#8746 = LINE('',#8747,#8748);
#8747 = CARTESIAN_POINT('',(1.188076681406E-08,16.33333334722));
#8748 = VECTOR('',#8749,1.);
#8749 = DIRECTION('',(1.,0.));
#8750 = ( GEOMETRIC_REPRESENTATION_CONTEXT(2) 
PARAMETRIC_REPRESENTATION_CONTEXT() REPRESENTATION_CONTEXT('2D SPACE',''
  ) );
#8751 = PCURVE('',#8427,#8752);
#8752 = DEFINITIONAL_REPRESENTATION('',(#8753),#8757);
#8753 = LINE('',#8754,#8755);
#8754 = CARTESIAN_POINT('',(10.333333333333,-1.));
#8755 = VECTOR('',#8756,1.);
#8756 = DIRECTION('',(1.,0.));
#8757 = ( GEOMETRIC_REPRESENTATION_CONTEXT(2) 
PARAMETRIC_REPRESENTATION_CONTEXT() REPRESENTATION_CONTEXT('2D SPACE',''
  ) );
#8758 = ORIENTED_EDGE('',*,*,#8759,.T.);
#8759 = EDGE_CURVE('',#8737,#7183,#8760,.T.);
#8760 = SURFACE_CURVE('',#8761,(#8766,#8773),.PCURVE_S1.);
#8761 = CIRCLE('',#8762,6.);
#8762 = AXIS2_PLACEMENT_3D('',#8763,#8764,#8765);
#8763 = CARTESIAN_POINT('',(-10.33333333333,10.33333326082,99.6));
#8764 = DIRECTION('',(0.,0.,1.));
#8765 = DIRECTION('',(1.,0.,0.));
#8766 = PCURVE('',#6119,#8767);
#8767 = DEFINITIONAL_REPRESENTATION('',(#8768),#8772);
#8768 = CIRCLE('',#8769,6.);
#8769 = AXIS2_PLACEMENT_2D('',#8770,#8771);
#8770 = CARTESIAN_POINT('',(-10.33333332145,10.333333274707));
#8771 = DIRECTION('',(1.,0.));
#8772 = ( GEOMETRIC_REPRESENTATION_CONTEXT(2) 
PARAMETRIC_REPRESENTATION_CONTEXT() REPRESENTATION_CONTEXT('2D SPACE',''
  ) );
#8773 = PCURVE('',#7248,#8774);
#8774 = DEFINITIONAL_REPRESENTATION('',(#8775),#8779);
#8775 = LINE('',#8776,#8777);
#8776 = CARTESIAN_POINT('',(-0.,-1.));
#8777 = VECTOR('',#8778,1.);
#8778 = DIRECTION('',(-1.,0.));
#8779 = ( GEOMETRIC_REPRESENTATION_CONTEXT(2) 
PARAMETRIC_REPRESENTATION_CONTEXT() REPRESENTATION_CONTEXT('2D SPACE',''
  ) );
#8780 = ORIENTED_EDGE('',*,*,#7182,.F.);
#8781 = ORIENTED_EDGE('',*,*,#8782,.T.);
#8782 = EDGE_CURVE('',#7143,#8569,#8783,.T.);
#8783 = SURFACE_CURVE('',#8784,(#8789,#8796),.PCURVE_S1.);
#8784 = CIRCLE('',#8785,6.);
#8785 = AXIS2_PLACEMENT_3D('',#8786,#8787,#8788);
#8786 = CARTESIAN_POINT('',(-10.33333333333,10.33333326082,99.6));
#8787 = DIRECTION('',(0.,0.,1.));
#8788 = DIRECTION('',(1.,0.,0.));
#8789 = PCURVE('',#6119,#8790);
#8790 = DEFINITIONAL_REPRESENTATION('',(#8791),#8795);
#8791 = CIRCLE('',#8792,6.);
#8792 = AXIS2_PLACEMENT_2D('',#8793,#8794);
#8793 = CARTESIAN_POINT('',(-10.33333332145,10.333333274707));
#8794 = DIRECTION('',(1.,0.));
#8795 = ( GEOMETRIC_REPRESENTATION_CONTEXT(2) 
PARAMETRIC_REPRESENTATION_CONTEXT() REPRESENTATION_CONTEXT('2D SPACE',''
  ) );
#8796 = PCURVE('',#7166,#8797);
#8797 = DEFINITIONAL_REPRESENTATION('',(#8798),#8802);
#8798 = LINE('',#8799,#8800);
#8799 = CARTESIAN_POINT('',(-0.,-1.));
#8800 = VECTOR('',#8801,1.);
#8801 = DIRECTION('',(-1.,0.));
#8802 = ( GEOMETRIC_REPRESENTATION_CONTEXT(2) 
PARAMETRIC_REPRESENTATION_CONTEXT() REPRESENTATION_CONTEXT('2D SPACE',''
  ) );
#8803 = FACE_BOUND('',#8804,.T.);
#8804 = EDGE_LOOP('',(#8805));
#8805 = ORIENTED_EDGE('',*,*,#7491,.F.);
#8806 = ADVANCED_FACE('',(#8807),#6256,.T.);
#8807 = FACE_BOUND('',#8808,.T.);
#8808 = EDGE_LOOP('',(#8809,#8837,#8865,#8891));
#8809 = ORIENTED_EDGE('',*,*,#8810,.F.);
#8810 = EDGE_CURVE('',#8811,#6223,#8813,.T.);
#8811 = VERTEX_POINT('',#8812);
#8812 = CARTESIAN_POINT('',(-7.333333333333,-13.33333333333,
    86.866666666667));
#8813 = SURFACE_CURVE('',#8814,(#8819,#8826),.PCURVE_S1.);
#8814 = CIRCLE('',#8815,6.);
#8815 = AXIS2_PLACEMENT_3D('',#8816,#8817,#8818);
#8816 = CARTESIAN_POINT('',(-7.333333333333,-7.333333333333,
    86.866666666667));
#8817 = DIRECTION('',(0.,0.,-1.));
#8818 = DIRECTION('',(-1.,0.,0.));
#8819 = PCURVE('',#6256,#8820);
#8820 = DEFINITIONAL_REPRESENTATION('',(#8821),#8825);
#8821 = LINE('',#8822,#8823);
#8822 = CARTESIAN_POINT('',(0.,0.));
#8823 = VECTOR('',#8824,1.);
#8824 = DIRECTION('',(1.,0.));
#8825 = ( GEOMETRIC_REPRESENTATION_CONTEXT(2) 
PARAMETRIC_REPRESENTATION_CONTEXT() REPRESENTATION_CONTEXT('2D SPACE',''
  ) );
#8826 = PCURVE('',#6416,#8827);
#8827 = DEFINITIONAL_REPRESENTATION('',(#8828),#8836);
#8828 = ( BOUNDED_CURVE() B_SPLINE_CURVE(2,(#8829,#8830,#8831,#8832,
#8833,#8834,#8835),.UNSPECIFIED.,.T.,.F.) B_SPLINE_CURVE_WITH_KNOTS((1,2
    ,2,2,2,1),(-2.094395102393,0.,2.094395102393,4.188790204786,
6.28318530718,8.377580409573),.UNSPECIFIED.) CURVE() 
GEOMETRIC_REPRESENTATION_ITEM() RATIONAL_B_SPLINE_CURVE((1.,0.5,1.,0.5,
1.,0.5,1.)) REPRESENTATION_ITEM('') );
#8829 = CARTESIAN_POINT('',(-13.33333332723,-7.333333326025));
#8830 = CARTESIAN_POINT('',(-13.33333332723,3.058971519388));
#8831 = CARTESIAN_POINT('',(-4.333333327239,-2.137180903318));
#8832 = CARTESIAN_POINT('',(4.666666672761,-7.333333326025));
#8833 = CARTESIAN_POINT('',(-4.333333327239,-12.52948574873));
#8834 = CARTESIAN_POINT('',(-13.33333332723,-17.72563817143));
#8835 = CARTESIAN_POINT('',(-13.33333332723,-7.333333326025));
#8836 = ( GEOMETRIC_REPRESENTATION_CONTEXT(2) 
PARAMETRIC_REPRESENTATION_CONTEXT() REPRESENTATION_CONTEXT('2D SPACE',''
  ) );
#8837 = ORIENTED_EDGE('',*,*,#8838,.T.);
#8838 = EDGE_CURVE('',#8811,#8839,#8841,.T.);
#8839 = VERTEX_POINT('',#8840);
#8840 = CARTESIAN_POINT('',(-7.333333333333,-13.33333333333,
    87.866666666667));
#8841 = SURFACE_CURVE('',#8842,(#8846,#8853),.PCURVE_S1.);
#8842 = LINE('',#8843,#8844);
#8843 = CARTESIAN_POINT('',(-7.333333333333,-13.33333333333,
    86.866666666667));
#8844 = VECTOR('',#8845,1.);
#8845 = DIRECTION('',(0.,0.,1.));
#8846 = PCURVE('',#6256,#8847);
#8847 = DEFINITIONAL_REPRESENTATION('',(#8848),#8852);
#8848 = LINE('',#8849,#8850);
#8849 = CARTESIAN_POINT('',(4.712388980385,0.));
#8850 = VECTOR('',#8851,1.);
#8851 = DIRECTION('',(0.,-1.));
#8852 = ( GEOMETRIC_REPRESENTATION_CONTEXT(2) 
PARAMETRIC_REPRESENTATION_CONTEXT() REPRESENTATION_CONTEXT('2D SPACE',''
  ) );
#8853 = PCURVE('',#8854,#8859);
#8854 = PLANE('',#8855);
#8855 = AXIS2_PLACEMENT_3D('',#8856,#8857,#8858);
#8856 = CARTESIAN_POINT('',(-7.333333333333,-13.33333333333,
    86.866666666667));
#8857 = DIRECTION('',(0.,1.,0.));
#8858 = DIRECTION('',(1.,0.,0.));
#8859 = DEFINITIONAL_REPRESENTATION('',(#8860),#8864);
#8860 = LINE('',#8861,#8862);
#8861 = CARTESIAN_POINT('',(0.,0.));
#8862 = VECTOR('',#8863,1.);
#8863 = DIRECTION('',(0.,-1.));
#8864 = ( GEOMETRIC_REPRESENTATION_CONTEXT(2) 
PARAMETRIC_REPRESENTATION_CONTEXT() REPRESENTATION_CONTEXT('2D SPACE',''
  ) );
#8865 = ORIENTED_EDGE('',*,*,#8866,.T.);
#8866 = EDGE_CURVE('',#8839,#6221,#8867,.T.);
#8867 = SURFACE_CURVE('',#8868,(#8873,#8880),.PCURVE_S1.);
#8868 = CIRCLE('',#8869,6.);
#8869 = AXIS2_PLACEMENT_3D('',#8870,#8871,#8872);
#8870 = CARTESIAN_POINT('',(-7.333333333333,-7.333333333333,
    87.866666666667));
#8871 = DIRECTION('',(0.,0.,-1.));
#8872 = DIRECTION('',(-1.,0.,0.));
#8873 = PCURVE('',#6256,#8874);
#8874 = DEFINITIONAL_REPRESENTATION('',(#8875),#8879);
#8875 = LINE('',#8876,#8877);
#8876 = CARTESIAN_POINT('',(0.,-1.));
#8877 = VECTOR('',#8878,1.);
#8878 = DIRECTION('',(1.,0.));
#8879 = ( GEOMETRIC_REPRESENTATION_CONTEXT(2) 
PARAMETRIC_REPRESENTATION_CONTEXT() REPRESENTATION_CONTEXT('2D SPACE',''
  ) );
#8880 = PCURVE('',#6314,#8881);
#8881 = DEFINITIONAL_REPRESENTATION('',(#8882),#8890);
#8882 = ( BOUNDED_CURVE() B_SPLINE_CURVE(2,(#8883,#8884,#8885,#8886,
#8887,#8888,#8889),.UNSPECIFIED.,.T.,.F.) B_SPLINE_CURVE_WITH_KNOTS((1,2
    ,2,2,2,1),(-2.094395102393,0.,2.094395102393,4.188790204786,
6.28318530718,8.377580409573),.UNSPECIFIED.) CURVE() 
GEOMETRIC_REPRESENTATION_ITEM() RATIONAL_B_SPLINE_CURVE((1.,0.5,1.,0.5,
1.,0.5,1.)) REPRESENTATION_ITEM('') );
#8883 = CARTESIAN_POINT('',(-13.33333332723,-7.333333326025));
#8884 = CARTESIAN_POINT('',(-13.33333332723,3.058971519388));
#8885 = CARTESIAN_POINT('',(-4.333333327239,-2.137180903318));
#8886 = CARTESIAN_POINT('',(4.666666672761,-7.333333326025));
#8887 = CARTESIAN_POINT('',(-4.333333327239,-12.52948574873));
#8888 = CARTESIAN_POINT('',(-13.33333332723,-17.72563817143));
#8889 = CARTESIAN_POINT('',(-13.33333332723,-7.333333326025));
#8890 = ( GEOMETRIC_REPRESENTATION_CONTEXT(2) 
PARAMETRIC_REPRESENTATION_CONTEXT() REPRESENTATION_CONTEXT('2D SPACE',''
  ) );
#8891 = ORIENTED_EDGE('',*,*,#6220,.T.);
#8892 = ADVANCED_FACE('',(#8893,#9197),#6416,.F.);
#8893 = FACE_BOUND('',#8894,.F.);
#8894 = EDGE_LOOP('',(#8895,#8925,#8951,#8952,#8953,#8976,#9002,#9003,
    #9004,#9032,#9060,#9086,#9087,#9088,#9116,#9144,#9170,#9171));
#8895 = ORIENTED_EDGE('',*,*,#8896,.F.);
#8896 = EDGE_CURVE('',#8897,#8899,#8901,.T.);
#8897 = VERTEX_POINT('',#8898);
#8898 = CARTESIAN_POINT('',(-13.33333333333,-7.333333333333,
    86.866666666667));
#8899 = VERTEX_POINT('',#8900);
#8900 = CARTESIAN_POINT('',(-13.33333333333,7.333333298221,
    86.866666666667));
#8901 = SURFACE_CURVE('',#8902,(#8906,#8913),.PCURVE_S1.);
#8902 = LINE('',#8903,#8904);
#8903 = CARTESIAN_POINT('',(-13.33333333333,8.881784197001E-15,
    86.866666666667));
#8904 = VECTOR('',#8905,1.);
#8905 = DIRECTION('',(0.,1.,0.));
#8906 = PCURVE('',#6416,#8907);
#8907 = DEFINITIONAL_REPRESENTATION('',(#8908),#8912);
#8908 = LINE('',#8909,#8910);
#8909 = CARTESIAN_POINT('',(-13.33333332723,7.30824114881E-09));
#8910 = VECTOR('',#8911,1.);
#8911 = DIRECTION('',(0.,1.));
#8912 = ( GEOMETRIC_REPRESENTATION_CONTEXT(2) 
PARAMETRIC_REPRESENTATION_CONTEXT() REPRESENTATION_CONTEXT('2D SPACE',''
  ) );
#8913 = PCURVE('',#8914,#8919);
#8914 = PLANE('',#8915);
#8915 = AXIS2_PLACEMENT_3D('',#8916,#8917,#8918);
#8916 = CARTESIAN_POINT('',(-13.33333333333,-7.333333333333,
    86.866666666667));
#8917 = DIRECTION('',(-1.,0.,0.));
#8918 = DIRECTION('',(0.,1.,0.));
#8919 = DEFINITIONAL_REPRESENTATION('',(#8920),#8924);
#8920 = LINE('',#8921,#8922);
#8921 = CARTESIAN_POINT('',(7.333333333333,0.));
#8922 = VECTOR('',#8923,1.);
#8923 = DIRECTION('',(1.,0.));
#8924 = ( GEOMETRIC_REPRESENTATION_CONTEXT(2) 
PARAMETRIC_REPRESENTATION_CONTEXT() REPRESENTATION_CONTEXT('2D SPACE',''
  ) );
#8925 = ORIENTED_EDGE('',*,*,#8926,.F.);
#8926 = EDGE_CURVE('',#6327,#8897,#8927,.T.);
#8927 = SURFACE_CURVE('',#8928,(#8933,#8944),.PCURVE_S1.);
#8928 = CIRCLE('',#8929,6.);
#8929 = AXIS2_PLACEMENT_3D('',#8930,#8931,#8932);
#8930 = CARTESIAN_POINT('',(-7.333333333333,-7.333333333333,
    86.866666666667));
#8931 = DIRECTION('',(0.,0.,-1.));
#8932 = DIRECTION('',(-1.,0.,0.));
#8933 = PCURVE('',#6416,#8934);
#8934 = DEFINITIONAL_REPRESENTATION('',(#8935),#8943);
#8935 = ( BOUNDED_CURVE() B_SPLINE_CURVE(2,(#8936,#8937,#8938,#8939,
#8940,#8941,#8942),.UNSPECIFIED.,.T.,.F.) B_SPLINE_CURVE_WITH_KNOTS((1,2
    ,2,2,2,1),(-2.094395102393,0.,2.094395102393,4.188790204786,
6.28318530718,8.377580409573),.UNSPECIFIED.) CURVE() 
GEOMETRIC_REPRESENTATION_ITEM() RATIONAL_B_SPLINE_CURVE((1.,0.5,1.,0.5,
1.,0.5,1.)) REPRESENTATION_ITEM('') );
#8936 = CARTESIAN_POINT('',(-13.33333332723,-7.333333326025));
#8937 = CARTESIAN_POINT('',(-13.33333332723,3.058971519388));
#8938 = CARTESIAN_POINT('',(-4.333333327239,-2.137180903318));
#8939 = CARTESIAN_POINT('',(4.666666672761,-7.333333326025));
#8940 = CARTESIAN_POINT('',(-4.333333327239,-12.52948574873));
#8941 = CARTESIAN_POINT('',(-13.33333332723,-17.72563817143));
#8942 = CARTESIAN_POINT('',(-13.33333332723,-7.333333326025));
#8943 = ( GEOMETRIC_REPRESENTATION_CONTEXT(2) 
PARAMETRIC_REPRESENTATION_CONTEXT() REPRESENTATION_CONTEXT('2D SPACE',''
  ) );
#8944 = PCURVE('',#6360,#8945);
#8945 = DEFINITIONAL_REPRESENTATION('',(#8946),#8950);
#8946 = LINE('',#8947,#8948);
#8947 = CARTESIAN_POINT('',(0.,0.));
#8948 = VECTOR('',#8949,1.);
#8949 = DIRECTION('',(1.,0.));
#8950 = ( GEOMETRIC_REPRESENTATION_CONTEXT(2) 
PARAMETRIC_REPRESENTATION_CONTEXT() REPRESENTATION_CONTEXT('2D SPACE',''
  ) );
#8951 = ORIENTED_EDGE('',*,*,#6381,.F.);
#8952 = ORIENTED_EDGE('',*,*,#8810,.F.);
#8953 = ORIENTED_EDGE('',*,*,#8954,.T.);
#8954 = EDGE_CURVE('',#8811,#8955,#8957,.T.);
#8955 = VERTEX_POINT('',#8956);
#8956 = CARTESIAN_POINT('',(7.333333298221,-13.33333333333,
    86.866666666667));
#8957 = SURFACE_CURVE('',#8958,(#8962,#8969),.PCURVE_S1.);
#8958 = LINE('',#8959,#8960);
#8959 = CARTESIAN_POINT('',(0.,-13.33333333333,86.866666666667));
#8960 = VECTOR('',#8961,1.);
#8961 = DIRECTION('',(1.,0.,0.));
#8962 = PCURVE('',#6416,#8963);
#8963 = DEFINITIONAL_REPRESENTATION('',(#8964),#8968);
#8964 = LINE('',#8965,#8966);
#8965 = CARTESIAN_POINT('',(6.094068721934E-09,-13.33333332602));
#8966 = VECTOR('',#8967,1.);
#8967 = DIRECTION('',(1.,0.));
#8968 = ( GEOMETRIC_REPRESENTATION_CONTEXT(2) 
PARAMETRIC_REPRESENTATION_CONTEXT() REPRESENTATION_CONTEXT('2D SPACE',''
  ) );
#8969 = PCURVE('',#8854,#8970);
#8970 = DEFINITIONAL_REPRESENTATION('',(#8971),#8975);
#8971 = LINE('',#8972,#8973);
#8972 = CARTESIAN_POINT('',(7.333333333333,0.));
#8973 = VECTOR('',#8974,1.);
#8974 = DIRECTION('',(1.,0.));
#8975 = ( GEOMETRIC_REPRESENTATION_CONTEXT(2) 
PARAMETRIC_REPRESENTATION_CONTEXT() REPRESENTATION_CONTEXT('2D SPACE',''
  ) );
#8976 = ORIENTED_EDGE('',*,*,#8977,.F.);
#8977 = EDGE_CURVE('',#6966,#8955,#8978,.T.);
#8978 = SURFACE_CURVE('',#8979,(#8984,#8995),.PCURVE_S1.);
#8979 = CIRCLE('',#8980,6.);
#8980 = AXIS2_PLACEMENT_3D('',#8981,#8982,#8983);
#8981 = CARTESIAN_POINT('',(7.333333298221,-7.333333333333,
    86.866666666667));
#8982 = DIRECTION('',(0.,0.,-1.));
#8983 = DIRECTION('',(-1.,0.,0.));
#8984 = PCURVE('',#6416,#8985);
#8985 = DEFINITIONAL_REPRESENTATION('',(#8986),#8994);
#8986 = ( BOUNDED_CURVE() B_SPLINE_CURVE(2,(#8987,#8988,#8989,#8990,
#8991,#8992,#8993),.UNSPECIFIED.,.T.,.F.) B_SPLINE_CURVE_WITH_KNOTS((1,2
    ,2,2,2,1),(-2.094395102393,0.,2.094395102393,4.188790204786,
6.28318530718,8.377580409573),.UNSPECIFIED.) CURVE() 
GEOMETRIC_REPRESENTATION_ITEM() RATIONAL_B_SPLINE_CURVE((1.,0.5,1.,0.5,
1.,0.5,1.)) REPRESENTATION_ITEM('') );
#8987 = CARTESIAN_POINT('',(1.333333304315,-7.333333326025));
#8988 = CARTESIAN_POINT('',(1.333333304315,3.058971519388));
#8989 = CARTESIAN_POINT('',(10.333333304315,-2.137180903318));
#8990 = CARTESIAN_POINT('',(19.333333304315,-7.333333326025));
#8991 = CARTESIAN_POINT('',(10.333333304315,-12.52948574873));
#8992 = CARTESIAN_POINT('',(1.333333304315,-17.72563817143));
#8993 = CARTESIAN_POINT('',(1.333333304315,-7.333333326025));
#8994 = ( GEOMETRIC_REPRESENTATION_CONTEXT(2) 
PARAMETRIC_REPRESENTATION_CONTEXT() REPRESENTATION_CONTEXT('2D SPACE',''
  ) );
#8995 = PCURVE('',#6649,#8996);
#8996 = DEFINITIONAL_REPRESENTATION('',(#8997),#9001);
#8997 = LINE('',#8998,#8999);
#8998 = CARTESIAN_POINT('',(0.,0.));
#8999 = VECTOR('',#9000,1.);
#9000 = DIRECTION('',(1.,0.));
#9001 = ( GEOMETRIC_REPRESENTATION_CONTEXT(2) 
PARAMETRIC_REPRESENTATION_CONTEXT() REPRESENTATION_CONTEXT('2D SPACE',''
  ) );
#9002 = ORIENTED_EDGE('',*,*,#6997,.F.);
#9003 = ORIENTED_EDGE('',*,*,#6484,.F.);
#9004 = ORIENTED_EDGE('',*,*,#9005,.F.);
#9005 = EDGE_CURVE('',#9006,#6485,#9008,.T.);
#9006 = VERTEX_POINT('',#9007);
#9007 = CARTESIAN_POINT('',(13.333333315777,-7.333333333333,
    86.866666666667));
#9008 = SURFACE_CURVE('',#9009,(#9014,#9025),.PCURVE_S1.);
#9009 = CIRCLE('',#9010,6.);
#9010 = AXIS2_PLACEMENT_3D('',#9011,#9012,#9013);
#9011 = CARTESIAN_POINT('',(7.333333298221,-7.333333333333,
    86.866666666667));
#9012 = DIRECTION('',(0.,0.,-1.));
#9013 = DIRECTION('',(-1.,0.,0.));
#9014 = PCURVE('',#6416,#9015);
#9015 = DEFINITIONAL_REPRESENTATION('',(#9016),#9024);
#9016 = ( BOUNDED_CURVE() B_SPLINE_CURVE(2,(#9017,#9018,#9019,#9020,
#9021,#9022,#9023),.UNSPECIFIED.,.T.,.F.) B_SPLINE_CURVE_WITH_KNOTS((1,2
    ,2,2,2,1),(-2.094395102393,0.,2.094395102393,4.188790204786,
6.28318530718,8.377580409573),.UNSPECIFIED.) CURVE() 
GEOMETRIC_REPRESENTATION_ITEM() RATIONAL_B_SPLINE_CURVE((1.,0.5,1.,0.5,
1.,0.5,1.)) REPRESENTATION_ITEM('') );
#9017 = CARTESIAN_POINT('',(1.333333304315,-7.333333326025));
#9018 = CARTESIAN_POINT('',(1.333333304315,3.058971519388));
#9019 = CARTESIAN_POINT('',(10.333333304315,-2.137180903318));
#9020 = CARTESIAN_POINT('',(19.333333304315,-7.333333326025));
#9021 = CARTESIAN_POINT('',(10.333333304315,-12.52948574873));
#9022 = CARTESIAN_POINT('',(1.333333304315,-17.72563817143));
#9023 = CARTESIAN_POINT('',(1.333333304315,-7.333333326025));
#9024 = ( GEOMETRIC_REPRESENTATION_CONTEXT(2) 
PARAMETRIC_REPRESENTATION_CONTEXT() REPRESENTATION_CONTEXT('2D SPACE',''
  ) );
#9025 = PCURVE('',#6562,#9026);
#9026 = DEFINITIONAL_REPRESENTATION('',(#9027),#9031);
#9027 = LINE('',#9028,#9029);
#9028 = CARTESIAN_POINT('',(0.,0.));
#9029 = VECTOR('',#9030,1.);
#9030 = DIRECTION('',(1.,0.));
#9031 = ( GEOMETRIC_REPRESENTATION_CONTEXT(2) 
PARAMETRIC_REPRESENTATION_CONTEXT() REPRESENTATION_CONTEXT('2D SPACE',''
  ) );
#9032 = ORIENTED_EDGE('',*,*,#9033,.T.);
#9033 = EDGE_CURVE('',#9006,#9034,#9036,.T.);
#9034 = VERTEX_POINT('',#9035);
#9035 = CARTESIAN_POINT('',(13.333333333333,7.333333298221,
    86.866666666667));
#9036 = SURFACE_CURVE('',#9037,(#9041,#9048),.PCURVE_S1.);
#9037 = LINE('',#9038,#9039);
#9038 = CARTESIAN_POINT('',(13.333333333333,8.881784197001E-15,
    86.866666666667));
#9039 = VECTOR('',#9040,1.);
#9040 = DIRECTION('',(0.,1.,0.));
#9041 = PCURVE('',#6416,#9042);
#9042 = DEFINITIONAL_REPRESENTATION('',(#9043),#9047);
#9043 = LINE('',#9044,#9045);
#9044 = CARTESIAN_POINT('',(13.333333339427,7.30824114881E-09));
#9045 = VECTOR('',#9046,1.);
#9046 = DIRECTION('',(0.,1.));
#9047 = ( GEOMETRIC_REPRESENTATION_CONTEXT(2) 
PARAMETRIC_REPRESENTATION_CONTEXT() REPRESENTATION_CONTEXT('2D SPACE',''
  ) );
#9048 = PCURVE('',#9049,#9054);
#9049 = PLANE('',#9050);
#9050 = AXIS2_PLACEMENT_3D('',#9051,#9052,#9053);
#9051 = CARTESIAN_POINT('',(13.333333333333,-7.333333333333,
    86.866666666667));
#9052 = DIRECTION('',(-1.,0.,0.));
#9053 = DIRECTION('',(0.,1.,0.));
#9054 = DEFINITIONAL_REPRESENTATION('',(#9055),#9059);
#9055 = LINE('',#9056,#9057);
#9056 = CARTESIAN_POINT('',(7.333333333333,0.));
#9057 = VECTOR('',#9058,1.);
#9058 = DIRECTION('',(1.,0.));
#9059 = ( GEOMETRIC_REPRESENTATION_CONTEXT(2) 
PARAMETRIC_REPRESENTATION_CONTEXT() REPRESENTATION_CONTEXT('2D SPACE',''
  ) );
#9060 = ORIENTED_EDGE('',*,*,#9061,.F.);
#9061 = EDGE_CURVE('',#8029,#9034,#9062,.T.);
#9062 = SURFACE_CURVE('',#9063,(#9068,#9079),.PCURVE_S1.);
#9063 = CIRCLE('',#9064,6.);
#9064 = AXIS2_PLACEMENT_3D('',#9065,#9066,#9067);
#9065 = CARTESIAN_POINT('',(7.333333333333,7.333333298221,
    86.866666666667));
#9066 = DIRECTION('',(0.,0.,-1.));
#9067 = DIRECTION('',(-1.,0.,0.));
#9068 = PCURVE('',#6416,#9069);
#9069 = DEFINITIONAL_REPRESENTATION('',(#9070),#9078);
#9070 = ( BOUNDED_CURVE() B_SPLINE_CURVE(2,(#9071,#9072,#9073,#9074,
#9075,#9076,#9077),.UNSPECIFIED.,.T.,.F.) B_SPLINE_CURVE_WITH_KNOTS((1,2
    ,2,2,2,1),(-2.094395102393,0.,2.094395102393,4.188790204786,
6.28318530718,8.377580409573),.UNSPECIFIED.) CURVE() 
GEOMETRIC_REPRESENTATION_ITEM() RATIONAL_B_SPLINE_CURVE((1.,0.5,1.,0.5,
1.,0.5,1.)) REPRESENTATION_ITEM('') );
#9071 = CARTESIAN_POINT('',(1.333333339427,7.33333330553));
#9072 = CARTESIAN_POINT('',(1.333333339427,17.725638150943));
#9073 = CARTESIAN_POINT('',(10.333333339427,12.529485728236));
#9074 = CARTESIAN_POINT('',(19.333333339427,7.33333330553));
#9075 = CARTESIAN_POINT('',(10.333333339427,2.137180882823));
#9076 = CARTESIAN_POINT('',(1.333333339427,-3.058971539884));
#9077 = CARTESIAN_POINT('',(1.333333339427,7.33333330553));
#9078 = ( GEOMETRIC_REPRESENTATION_CONTEXT(2) 
PARAMETRIC_REPRESENTATION_CONTEXT() REPRESENTATION_CONTEXT('2D SPACE',''
  ) );
#9079 = PCURVE('',#8062,#9080);
#9080 = DEFINITIONAL_REPRESENTATION('',(#9081),#9085);
#9081 = LINE('',#9082,#9083);
#9082 = CARTESIAN_POINT('',(0.,0.));
#9083 = VECTOR('',#9084,1.);
#9084 = DIRECTION('',(1.,0.));
#9085 = ( GEOMETRIC_REPRESENTATION_CONTEXT(2) 
PARAMETRIC_REPRESENTATION_CONTEXT() REPRESENTATION_CONTEXT('2D SPACE',''
  ) );
#9086 = ORIENTED_EDGE('',*,*,#8083,.F.);
#9087 = ORIENTED_EDGE('',*,*,#7570,.F.);
#9088 = ORIENTED_EDGE('',*,*,#9089,.F.);
#9089 = EDGE_CURVE('',#9090,#7571,#9092,.T.);
#9090 = VERTEX_POINT('',#9091);
#9091 = CARTESIAN_POINT('',(7.333333333333,13.333333315777,
    86.866666666667));
#9092 = SURFACE_CURVE('',#9093,(#9098,#9109),.PCURVE_S1.);
#9093 = CIRCLE('',#9094,6.);
#9094 = AXIS2_PLACEMENT_3D('',#9095,#9096,#9097);
#9095 = CARTESIAN_POINT('',(7.333333333333,7.333333298221,
    86.866666666667));
#9096 = DIRECTION('',(0.,0.,-1.));
#9097 = DIRECTION('',(-1.,0.,0.));
#9098 = PCURVE('',#6416,#9099);
#9099 = DEFINITIONAL_REPRESENTATION('',(#9100),#9108);
#9100 = ( BOUNDED_CURVE() B_SPLINE_CURVE(2,(#9101,#9102,#9103,#9104,
#9105,#9106,#9107),.UNSPECIFIED.,.T.,.F.) B_SPLINE_CURVE_WITH_KNOTS((1,2
    ,2,2,2,1),(-2.094395102393,0.,2.094395102393,4.188790204786,
6.28318530718,8.377580409573),.UNSPECIFIED.) CURVE() 
GEOMETRIC_REPRESENTATION_ITEM() RATIONAL_B_SPLINE_CURVE((1.,0.5,1.,0.5,
1.,0.5,1.)) REPRESENTATION_ITEM('') );
#9101 = CARTESIAN_POINT('',(1.333333339427,7.33333330553));
#9102 = CARTESIAN_POINT('',(1.333333339427,17.725638150943));
#9103 = CARTESIAN_POINT('',(10.333333339427,12.529485728236));
#9104 = CARTESIAN_POINT('',(19.333333339427,7.33333330553));
#9105 = CARTESIAN_POINT('',(10.333333339427,2.137180882823));
#9106 = CARTESIAN_POINT('',(1.333333339427,-3.058971539884));
#9107 = CARTESIAN_POINT('',(1.333333339427,7.33333330553));
#9108 = ( GEOMETRIC_REPRESENTATION_CONTEXT(2) 
PARAMETRIC_REPRESENTATION_CONTEXT() REPRESENTATION_CONTEXT('2D SPACE',''
  ) );
#9109 = PCURVE('',#7636,#9110);
#9110 = DEFINITIONAL_REPRESENTATION('',(#9111),#9115);
#9111 = LINE('',#9112,#9113);
#9112 = CARTESIAN_POINT('',(0.,0.));
#9113 = VECTOR('',#9114,1.);
#9114 = DIRECTION('',(1.,0.));
#9115 = ( GEOMETRIC_REPRESENTATION_CONTEXT(2) 
PARAMETRIC_REPRESENTATION_CONTEXT() REPRESENTATION_CONTEXT('2D SPACE',''
  ) );
#9116 = ORIENTED_EDGE('',*,*,#9117,.F.);
#9117 = EDGE_CURVE('',#9118,#9090,#9120,.T.);
#9118 = VERTEX_POINT('',#9119);
#9119 = CARTESIAN_POINT('',(-7.333333333333,13.333333315777,
    86.866666666667));
#9120 = SURFACE_CURVE('',#9121,(#9125,#9132),.PCURVE_S1.);
#9121 = LINE('',#9122,#9123);
#9122 = CARTESIAN_POINT('',(0.,13.333333333333,86.866666666667));
#9123 = VECTOR('',#9124,1.);
#9124 = DIRECTION('',(1.,0.,0.));
#9125 = PCURVE('',#6416,#9126);
#9126 = DEFINITIONAL_REPRESENTATION('',(#9127),#9131);
#9127 = LINE('',#9128,#9129);
#9128 = CARTESIAN_POINT('',(6.094068721934E-09,13.333333340642));
#9129 = VECTOR('',#9130,1.);
#9130 = DIRECTION('',(1.,0.));
#9131 = ( GEOMETRIC_REPRESENTATION_CONTEXT(2) 
PARAMETRIC_REPRESENTATION_CONTEXT() REPRESENTATION_CONTEXT('2D SPACE',''
  ) );
#9132 = PCURVE('',#9133,#9138);
#9133 = PLANE('',#9134);
#9134 = AXIS2_PLACEMENT_3D('',#9135,#9136,#9137);
#9135 = CARTESIAN_POINT('',(-7.333333333333,13.333333333333,
    86.866666666667));
#9136 = DIRECTION('',(0.,1.,0.));
#9137 = DIRECTION('',(1.,0.,0.));
#9138 = DEFINITIONAL_REPRESENTATION('',(#9139),#9143);
#9139 = LINE('',#9140,#9141);
#9140 = CARTESIAN_POINT('',(7.333333333333,0.));
#9141 = VECTOR('',#9142,1.);
#9142 = DIRECTION('',(1.,0.));
#9143 = ( GEOMETRIC_REPRESENTATION_CONTEXT(2) 
PARAMETRIC_REPRESENTATION_CONTEXT() REPRESENTATION_CONTEXT('2D SPACE',''
  ) );
#9144 = ORIENTED_EDGE('',*,*,#9145,.F.);
#9145 = EDGE_CURVE('',#7269,#9118,#9146,.T.);
#9146 = SURFACE_CURVE('',#9147,(#9152,#9163),.PCURVE_S1.);
#9147 = CIRCLE('',#9148,6.);
#9148 = AXIS2_PLACEMENT_3D('',#9149,#9150,#9151);
#9149 = CARTESIAN_POINT('',(-7.333333333333,7.333333298221,
    86.866666666667));
#9150 = DIRECTION('',(0.,0.,-1.));
#9151 = DIRECTION('',(-1.,0.,0.));
#9152 = PCURVE('',#6416,#9153);
#9153 = DEFINITIONAL_REPRESENTATION('',(#9154),#9162);
#9154 = ( BOUNDED_CURVE() B_SPLINE_CURVE(2,(#9155,#9156,#9157,#9158,
#9159,#9160,#9161),.UNSPECIFIED.,.T.,.F.) B_SPLINE_CURVE_WITH_KNOTS((1,2
    ,2,2,2,1),(-2.094395102393,0.,2.094395102393,4.188790204786,
6.28318530718,8.377580409573),.UNSPECIFIED.) CURVE() 
GEOMETRIC_REPRESENTATION_ITEM() RATIONAL_B_SPLINE_CURVE((1.,0.5,1.,0.5,
1.,0.5,1.)) REPRESENTATION_ITEM('') );
#9155 = CARTESIAN_POINT('',(-13.33333332723,7.33333330553));
#9156 = CARTESIAN_POINT('',(-13.33333332723,17.725638150943));
#9157 = CARTESIAN_POINT('',(-4.333333327239,12.529485728236));
#9158 = CARTESIAN_POINT('',(4.666666672761,7.33333330553));
#9159 = CARTESIAN_POINT('',(-4.333333327239,2.137180882823));
#9160 = CARTESIAN_POINT('',(-13.33333332723,-3.058971539884));
#9161 = CARTESIAN_POINT('',(-13.33333332723,7.33333330553));
#9162 = ( GEOMETRIC_REPRESENTATION_CONTEXT(2) 
PARAMETRIC_REPRESENTATION_CONTEXT() REPRESENTATION_CONTEXT('2D SPACE',''
  ) );
#9163 = PCURVE('',#7443,#9164);
#9164 = DEFINITIONAL_REPRESENTATION('',(#9165),#9169);
#9165 = LINE('',#9166,#9167);
#9166 = CARTESIAN_POINT('',(0.,0.));
#9167 = VECTOR('',#9168,1.);
#9168 = DIRECTION('',(1.,0.));
#9169 = ( GEOMETRIC_REPRESENTATION_CONTEXT(2) 
PARAMETRIC_REPRESENTATION_CONTEXT() REPRESENTATION_CONTEXT('2D SPACE',''
  ) );
#9170 = ORIENTED_EDGE('',*,*,#7266,.F.);
#9171 = ORIENTED_EDGE('',*,*,#9172,.F.);
#9172 = EDGE_CURVE('',#8899,#7267,#9173,.T.);
#9173 = SURFACE_CURVE('',#9174,(#9179,#9190),.PCURVE_S1.);
#9174 = CIRCLE('',#9175,6.);
#9175 = AXIS2_PLACEMENT_3D('',#9176,#9177,#9178);
#9176 = CARTESIAN_POINT('',(-7.333333333333,7.333333298221,
    86.866666666667));
#9177 = DIRECTION('',(0.,0.,-1.));
#9178 = DIRECTION('',(-1.,0.,0.));
#9179 = PCURVE('',#6416,#9180);
#9180 = DEFINITIONAL_REPRESENTATION('',(#9181),#9189);
#9181 = ( BOUNDED_CURVE() B_SPLINE_CURVE(2,(#9182,#9183,#9184,#9185,
#9186,#9187,#9188),.UNSPECIFIED.,.T.,.F.) B_SPLINE_CURVE_WITH_KNOTS((1,2
    ,2,2,2,1),(-2.094395102393,0.,2.094395102393,4.188790204786,
6.28318530718,8.377580409573),.UNSPECIFIED.) CURVE() 
GEOMETRIC_REPRESENTATION_ITEM() RATIONAL_B_SPLINE_CURVE((1.,0.5,1.,0.5,
1.,0.5,1.)) REPRESENTATION_ITEM('') );
#9182 = CARTESIAN_POINT('',(-13.33333332723,7.33333330553));
#9183 = CARTESIAN_POINT('',(-13.33333332723,17.725638150943));
#9184 = CARTESIAN_POINT('',(-4.333333327239,12.529485728236));
#9185 = CARTESIAN_POINT('',(4.666666672761,7.33333330553));
#9186 = CARTESIAN_POINT('',(-4.333333327239,2.137180882823));
#9187 = CARTESIAN_POINT('',(-13.33333332723,-3.058971539884));
#9188 = CARTESIAN_POINT('',(-13.33333332723,7.33333330553));
#9189 = ( GEOMETRIC_REPRESENTATION_CONTEXT(2) 
PARAMETRIC_REPRESENTATION_CONTEXT() REPRESENTATION_CONTEXT('2D SPACE',''
  ) );
#9190 = PCURVE('',#7346,#9191);
#9191 = DEFINITIONAL_REPRESENTATION('',(#9192),#9196);
#9192 = LINE('',#9193,#9194);
#9193 = CARTESIAN_POINT('',(0.,0.));
#9194 = VECTOR('',#9195,1.);
#9195 = DIRECTION('',(1.,0.));
#9196 = ( GEOMETRIC_REPRESENTATION_CONTEXT(2) 
PARAMETRIC_REPRESENTATION_CONTEXT() REPRESENTATION_CONTEXT('2D SPACE',''
  ) );
#9197 = FACE_BOUND('',#9198,.F.);
#9198 = EDGE_LOOP('',(#9199));
#9199 = ORIENTED_EDGE('',*,*,#9200,.F.);
#9200 = EDGE_CURVE('',#9201,#9201,#9203,.T.);
#9201 = VERTEX_POINT('',#9202);
#9202 = CARTESIAN_POINT('',(3.333333333333,-8.164311994316E-16,
    86.866666666667));
#9203 = SURFACE_CURVE('',#9204,(#9209,#9216),.PCURVE_S1.);
#9204 = CIRCLE('',#9205,3.333333333333);
#9205 = AXIS2_PLACEMENT_3D('',#9206,#9207,#9208);
#9206 = CARTESIAN_POINT('',(0.,0.,86.866666666667));
#9207 = DIRECTION('',(0.,0.,1.));
#9208 = DIRECTION('',(1.,0.,-0.));
#9209 = PCURVE('',#6416,#9210);
#9210 = DEFINITIONAL_REPRESENTATION('',(#9211),#9215);
#9211 = CIRCLE('',#9212,3.333333333333);
#9212 = AXIS2_PLACEMENT_2D('',#9213,#9214);
#9213 = CARTESIAN_POINT('',(6.094068721934E-09,7.308232267026E-09));
#9214 = DIRECTION('',(1.,0.));
#9215 = ( GEOMETRIC_REPRESENTATION_CONTEXT(2) 
PARAMETRIC_REPRESENTATION_CONTEXT() REPRESENTATION_CONTEXT('2D SPACE',''
  ) );
#9216 = PCURVE('',#9217,#9222);
#9217 = CYLINDRICAL_SURFACE('',#9218,3.333333333333);
#9218 = AXIS2_PLACEMENT_3D('',#9219,#9220,#9221);
#9219 = CARTESIAN_POINT('',(0.,0.,80.2));
#9220 = DIRECTION('',(0.,0.,1.));
#9221 = DIRECTION('',(1.,0.,-0.));
#9222 = DEFINITIONAL_REPRESENTATION('',(#9223),#9227);
#9223 = LINE('',#9224,#9225);
#9224 = CARTESIAN_POINT('',(0.,6.666666666667));
#9225 = VECTOR('',#9226,1.);
#9226 = DIRECTION('',(1.,0.));
#9227 = ( GEOMETRIC_REPRESENTATION_CONTEXT(2) 
PARAMETRIC_REPRESENTATION_CONTEXT() REPRESENTATION_CONTEXT('2D SPACE',''
  ) );
#9228 = ADVANCED_FACE('',(#9229),#6360,.T.);
#9229 = FACE_BOUND('',#9230,.T.);
#9230 = EDGE_LOOP('',(#9231,#9232,#9233,#9261));
#9231 = ORIENTED_EDGE('',*,*,#8926,.F.);
#9232 = ORIENTED_EDGE('',*,*,#6326,.T.);
#9233 = ORIENTED_EDGE('',*,*,#9234,.T.);
#9234 = EDGE_CURVE('',#6278,#9235,#9237,.T.);
#9235 = VERTEX_POINT('',#9236);
#9236 = CARTESIAN_POINT('',(-13.33333333333,-7.333333333333,
    87.866666666667));
#9237 = SURFACE_CURVE('',#9238,(#9243,#9250),.PCURVE_S1.);
#9238 = CIRCLE('',#9239,6.);
#9239 = AXIS2_PLACEMENT_3D('',#9240,#9241,#9242);
#9240 = CARTESIAN_POINT('',(-7.333333333333,-7.333333333333,
    87.866666666667));
#9241 = DIRECTION('',(0.,0.,-1.));
#9242 = DIRECTION('',(-1.,0.,0.));
#9243 = PCURVE('',#6360,#9244);
#9244 = DEFINITIONAL_REPRESENTATION('',(#9245),#9249);
#9245 = LINE('',#9246,#9247);
#9246 = CARTESIAN_POINT('',(0.,-1.));
#9247 = VECTOR('',#9248,1.);
#9248 = DIRECTION('',(1.,0.));
#9249 = ( GEOMETRIC_REPRESENTATION_CONTEXT(2) 
PARAMETRIC_REPRESENTATION_CONTEXT() REPRESENTATION_CONTEXT('2D SPACE',''
  ) );
#9250 = PCURVE('',#6314,#9251);
#9251 = DEFINITIONAL_REPRESENTATION('',(#9252),#9260);
#9252 = ( BOUNDED_CURVE() B_SPLINE_CURVE(2,(#9253,#9254,#9255,#9256,
#9257,#9258,#9259),.UNSPECIFIED.,.T.,.F.) B_SPLINE_CURVE_WITH_KNOTS((1,2
    ,2,2,2,1),(-2.094395102393,0.,2.094395102393,4.188790204786,
6.28318530718,8.377580409573),.UNSPECIFIED.) CURVE() 
GEOMETRIC_REPRESENTATION_ITEM() RATIONAL_B_SPLINE_CURVE((1.,0.5,1.,0.5,
1.,0.5,1.)) REPRESENTATION_ITEM('') );
#9253 = CARTESIAN_POINT('',(-13.33333332723,-7.333333326025));
#9254 = CARTESIAN_POINT('',(-13.33333332723,3.058971519388));
#9255 = CARTESIAN_POINT('',(-4.333333327239,-2.137180903318));
#9256 = CARTESIAN_POINT('',(4.666666672761,-7.333333326025));
#9257 = CARTESIAN_POINT('',(-4.333333327239,-12.52948574873));
#9258 = CARTESIAN_POINT('',(-13.33333332723,-17.72563817143));
#9259 = CARTESIAN_POINT('',(-13.33333332723,-7.333333326025));
#9260 = ( GEOMETRIC_REPRESENTATION_CONTEXT(2) 
PARAMETRIC_REPRESENTATION_CONTEXT() REPRESENTATION_CONTEXT('2D SPACE',''
  ) );
#9261 = ORIENTED_EDGE('',*,*,#9262,.F.);
#9262 = EDGE_CURVE('',#8897,#9235,#9263,.T.);
#9263 = SURFACE_CURVE('',#9264,(#9268,#9275),.PCURVE_S1.);
#9264 = LINE('',#9265,#9266);
#9265 = CARTESIAN_POINT('',(-13.33333333333,-7.333333333333,
    86.866666666667));
#9266 = VECTOR('',#9267,1.);
#9267 = DIRECTION('',(0.,0.,1.));
#9268 = PCURVE('',#6360,#9269);
#9269 = DEFINITIONAL_REPRESENTATION('',(#9270),#9274);
#9270 = LINE('',#9271,#9272);
#9271 = CARTESIAN_POINT('',(6.28318530718,0.));
#9272 = VECTOR('',#9273,1.);
#9273 = DIRECTION('',(0.,-1.));
#9274 = ( GEOMETRIC_REPRESENTATION_CONTEXT(2) 
PARAMETRIC_REPRESENTATION_CONTEXT() REPRESENTATION_CONTEXT('2D SPACE',''
  ) );
#9275 = PCURVE('',#8914,#9276);
#9276 = DEFINITIONAL_REPRESENTATION('',(#9277),#9281);
#9277 = LINE('',#9278,#9279);
#9278 = CARTESIAN_POINT('',(-8.881784197001E-16,0.));
#9279 = VECTOR('',#9280,1.);
#9280 = DIRECTION('',(0.,-1.));
#9281 = ( GEOMETRIC_REPRESENTATION_CONTEXT(2) 
PARAMETRIC_REPRESENTATION_CONTEXT() REPRESENTATION_CONTEXT('2D SPACE',''
  ) );
#9282 = ADVANCED_FACE('',(#9283,#9543),#6314,.T.);
#9283 = FACE_BOUND('',#9284,.T.);
#9284 = EDGE_LOOP('',(#9285,#9308,#9309,#9310,#9311,#9334,#9360,#9361,
    #9389,#9412,#9438,#9439,#9467,#9490,#9516,#9517));
#9285 = ORIENTED_EDGE('',*,*,#9286,.F.);
#9286 = EDGE_CURVE('',#9235,#9287,#9289,.T.);
#9287 = VERTEX_POINT('',#9288);
#9288 = CARTESIAN_POINT('',(-13.33333333333,7.333333298221,
    87.866666666667));
#9289 = SURFACE_CURVE('',#9290,(#9294,#9301),.PCURVE_S1.);
#9290 = LINE('',#9291,#9292);
#9291 = CARTESIAN_POINT('',(-13.33333333333,8.881784197001E-15,
    87.866666666667));
#9292 = VECTOR('',#9293,1.);
#9293 = DIRECTION('',(0.,1.,0.));
#9294 = PCURVE('',#6314,#9295);
#9295 = DEFINITIONAL_REPRESENTATION('',(#9296),#9300);
#9296 = LINE('',#9297,#9298);
#9297 = CARTESIAN_POINT('',(-13.33333332723,7.30824114881E-09));
#9298 = VECTOR('',#9299,1.);
#9299 = DIRECTION('',(0.,1.));
#9300 = ( GEOMETRIC_REPRESENTATION_CONTEXT(2) 
PARAMETRIC_REPRESENTATION_CONTEXT() REPRESENTATION_CONTEXT('2D SPACE',''
  ) );
#9301 = PCURVE('',#8914,#9302);
#9302 = DEFINITIONAL_REPRESENTATION('',(#9303),#9307);
#9303 = LINE('',#9304,#9305);
#9304 = CARTESIAN_POINT('',(7.333333333333,-1.));
#9305 = VECTOR('',#9306,1.);
#9306 = DIRECTION('',(1.,0.));
#9307 = ( GEOMETRIC_REPRESENTATION_CONTEXT(2) 
PARAMETRIC_REPRESENTATION_CONTEXT() REPRESENTATION_CONTEXT('2D SPACE',''
  ) );
#9308 = ORIENTED_EDGE('',*,*,#9234,.F.);
#9309 = ORIENTED_EDGE('',*,*,#6277,.F.);
#9310 = ORIENTED_EDGE('',*,*,#8866,.F.);
#9311 = ORIENTED_EDGE('',*,*,#9312,.T.);
#9312 = EDGE_CURVE('',#8839,#9313,#9315,.T.);
#9313 = VERTEX_POINT('',#9314);
#9314 = CARTESIAN_POINT('',(7.333333298221,-13.33333333333,
    87.866666666667));
#9315 = SURFACE_CURVE('',#9316,(#9320,#9327),.PCURVE_S1.);
#9316 = LINE('',#9317,#9318);
#9317 = CARTESIAN_POINT('',(0.,-13.33333333333,87.866666666667));
#9318 = VECTOR('',#9319,1.);
#9319 = DIRECTION('',(1.,0.,0.));
#9320 = PCURVE('',#6314,#9321);
#9321 = DEFINITIONAL_REPRESENTATION('',(#9322),#9326);
#9322 = LINE('',#9323,#9324);
#9323 = CARTESIAN_POINT('',(6.094068721934E-09,-13.33333332602));
#9324 = VECTOR('',#9325,1.);
#9325 = DIRECTION('',(1.,0.));
#9326 = ( GEOMETRIC_REPRESENTATION_CONTEXT(2) 
PARAMETRIC_REPRESENTATION_CONTEXT() REPRESENTATION_CONTEXT('2D SPACE',''
  ) );
#9327 = PCURVE('',#8854,#9328);
#9328 = DEFINITIONAL_REPRESENTATION('',(#9329),#9333);
#9329 = LINE('',#9330,#9331);
#9330 = CARTESIAN_POINT('',(7.333333333333,-1.));
#9331 = VECTOR('',#9332,1.);
#9332 = DIRECTION('',(1.,0.));
#9333 = ( GEOMETRIC_REPRESENTATION_CONTEXT(2) 
PARAMETRIC_REPRESENTATION_CONTEXT() REPRESENTATION_CONTEXT('2D SPACE',''
  ) );
#9334 = ORIENTED_EDGE('',*,*,#9335,.F.);
#9335 = EDGE_CURVE('',#6584,#9313,#9336,.T.);
#9336 = SURFACE_CURVE('',#9337,(#9342,#9353),.PCURVE_S1.);
#9337 = CIRCLE('',#9338,6.);
#9338 = AXIS2_PLACEMENT_3D('',#9339,#9340,#9341);
#9339 = CARTESIAN_POINT('',(7.333333298221,-7.333333333333,
    87.866666666667));
#9340 = DIRECTION('',(0.,0.,-1.));
#9341 = DIRECTION('',(-1.,0.,0.));
#9342 = PCURVE('',#6314,#9343);
#9343 = DEFINITIONAL_REPRESENTATION('',(#9344),#9352);
#9344 = ( BOUNDED_CURVE() B_SPLINE_CURVE(2,(#9345,#9346,#9347,#9348,
#9349,#9350,#9351),.UNSPECIFIED.,.T.,.F.) B_SPLINE_CURVE_WITH_KNOTS((1,2
    ,2,2,2,1),(-2.094395102393,0.,2.094395102393,4.188790204786,
6.28318530718,8.377580409573),.UNSPECIFIED.) CURVE() 
GEOMETRIC_REPRESENTATION_ITEM() RATIONAL_B_SPLINE_CURVE((1.,0.5,1.,0.5,
1.,0.5,1.)) REPRESENTATION_ITEM('') );
#9345 = CARTESIAN_POINT('',(1.333333304315,-7.333333326025));
#9346 = CARTESIAN_POINT('',(1.333333304315,3.058971519388));
#9347 = CARTESIAN_POINT('',(10.333333304315,-2.137180903318));
#9348 = CARTESIAN_POINT('',(19.333333304315,-7.333333326025));
#9349 = CARTESIAN_POINT('',(10.333333304315,-12.52948574873));
#9350 = CARTESIAN_POINT('',(1.333333304315,-17.72563817143));
#9351 = CARTESIAN_POINT('',(1.333333304315,-7.333333326025));
#9352 = ( GEOMETRIC_REPRESENTATION_CONTEXT(2) 
PARAMETRIC_REPRESENTATION_CONTEXT() REPRESENTATION_CONTEXT('2D SPACE',''
  ) );
#9353 = PCURVE('',#6649,#9354);
#9354 = DEFINITIONAL_REPRESENTATION('',(#9355),#9359);
#9355 = LINE('',#9356,#9357);
#9356 = CARTESIAN_POINT('',(0.,-1.));
#9357 = VECTOR('',#9358,1.);
#9358 = DIRECTION('',(1.,0.));
#9359 = ( GEOMETRIC_REPRESENTATION_CONTEXT(2) 
PARAMETRIC_REPRESENTATION_CONTEXT() REPRESENTATION_CONTEXT('2D SPACE',''
  ) );
#9360 = ORIENTED_EDGE('',*,*,#6583,.F.);
#9361 = ORIENTED_EDGE('',*,*,#9362,.F.);
#9362 = EDGE_CURVE('',#9363,#6529,#9365,.T.);
#9363 = VERTEX_POINT('',#9364);
#9364 = CARTESIAN_POINT('',(13.333333315777,-7.333333333333,
    87.866666666667));
#9365 = SURFACE_CURVE('',#9366,(#9371,#9382),.PCURVE_S1.);
#9366 = CIRCLE('',#9367,6.);
#9367 = AXIS2_PLACEMENT_3D('',#9368,#9369,#9370);
#9368 = CARTESIAN_POINT('',(7.333333298221,-7.333333333333,
    87.866666666667));
#9369 = DIRECTION('',(0.,0.,-1.));
#9370 = DIRECTION('',(-1.,0.,0.));
#9371 = PCURVE('',#6314,#9372);
#9372 = DEFINITIONAL_REPRESENTATION('',(#9373),#9381);
#9373 = ( BOUNDED_CURVE() B_SPLINE_CURVE(2,(#9374,#9375,#9376,#9377,
#9378,#9379,#9380),.UNSPECIFIED.,.T.,.F.) B_SPLINE_CURVE_WITH_KNOTS((1,2
    ,2,2,2,1),(-2.094395102393,0.,2.094395102393,4.188790204786,
6.28318530718,8.377580409573),.UNSPECIFIED.) CURVE() 
GEOMETRIC_REPRESENTATION_ITEM() RATIONAL_B_SPLINE_CURVE((1.,0.5,1.,0.5,
1.,0.5,1.)) REPRESENTATION_ITEM('') );
#9374 = CARTESIAN_POINT('',(1.333333304315,-7.333333326025));
#9375 = CARTESIAN_POINT('',(1.333333304315,3.058971519388));
#9376 = CARTESIAN_POINT('',(10.333333304315,-2.137180903318));
#9377 = CARTESIAN_POINT('',(19.333333304315,-7.333333326025));
#9378 = CARTESIAN_POINT('',(10.333333304315,-12.52948574873));
#9379 = CARTESIAN_POINT('',(1.333333304315,-17.72563817143));
#9380 = CARTESIAN_POINT('',(1.333333304315,-7.333333326025));
#9381 = ( GEOMETRIC_REPRESENTATION_CONTEXT(2) 
PARAMETRIC_REPRESENTATION_CONTEXT() REPRESENTATION_CONTEXT('2D SPACE',''
  ) );
#9382 = PCURVE('',#6562,#9383);
#9383 = DEFINITIONAL_REPRESENTATION('',(#9384),#9388);
#9384 = LINE('',#9385,#9386);
#9385 = CARTESIAN_POINT('',(0.,-1.));
#9386 = VECTOR('',#9387,1.);
#9387 = DIRECTION('',(1.,0.));
#9388 = ( GEOMETRIC_REPRESENTATION_CONTEXT(2) 
PARAMETRIC_REPRESENTATION_CONTEXT() REPRESENTATION_CONTEXT('2D SPACE',''
  ) );
#9389 = ORIENTED_EDGE('',*,*,#9390,.T.);
#9390 = EDGE_CURVE('',#9363,#9391,#9393,.T.);
#9391 = VERTEX_POINT('',#9392);
#9392 = CARTESIAN_POINT('',(13.333333333333,7.333333298221,
    87.866666666667));
#9393 = SURFACE_CURVE('',#9394,(#9398,#9405),.PCURVE_S1.);
#9394 = LINE('',#9395,#9396);
#9395 = CARTESIAN_POINT('',(13.333333333333,8.881784197001E-15,
    87.866666666667));
#9396 = VECTOR('',#9397,1.);
#9397 = DIRECTION('',(0.,1.,0.));
#9398 = PCURVE('',#6314,#9399);
#9399 = DEFINITIONAL_REPRESENTATION('',(#9400),#9404);
#9400 = LINE('',#9401,#9402);
#9401 = CARTESIAN_POINT('',(13.333333339427,7.30824114881E-09));
#9402 = VECTOR('',#9403,1.);
#9403 = DIRECTION('',(0.,1.));
#9404 = ( GEOMETRIC_REPRESENTATION_CONTEXT(2) 
PARAMETRIC_REPRESENTATION_CONTEXT() REPRESENTATION_CONTEXT('2D SPACE',''
  ) );
#9405 = PCURVE('',#9049,#9406);
#9406 = DEFINITIONAL_REPRESENTATION('',(#9407),#9411);
#9407 = LINE('',#9408,#9409);
#9408 = CARTESIAN_POINT('',(7.333333333333,-1.));
#9409 = VECTOR('',#9410,1.);
#9410 = DIRECTION('',(1.,0.));
#9411 = ( GEOMETRIC_REPRESENTATION_CONTEXT(2) 
PARAMETRIC_REPRESENTATION_CONTEXT() REPRESENTATION_CONTEXT('2D SPACE',''
  ) );
#9412 = ORIENTED_EDGE('',*,*,#9413,.F.);
#9413 = EDGE_CURVE('',#7985,#9391,#9414,.T.);
#9414 = SURFACE_CURVE('',#9415,(#9420,#9431),.PCURVE_S1.);
#9415 = CIRCLE('',#9416,6.);
#9416 = AXIS2_PLACEMENT_3D('',#9417,#9418,#9419);
#9417 = CARTESIAN_POINT('',(7.333333333333,7.333333298221,
    87.866666666667));
#9418 = DIRECTION('',(0.,0.,-1.));
#9419 = DIRECTION('',(-1.,0.,0.));
#9420 = PCURVE('',#6314,#9421);
#9421 = DEFINITIONAL_REPRESENTATION('',(#9422),#9430);
#9422 = ( BOUNDED_CURVE() B_SPLINE_CURVE(2,(#9423,#9424,#9425,#9426,
#9427,#9428,#9429),.UNSPECIFIED.,.T.,.F.) B_SPLINE_CURVE_WITH_KNOTS((1,2
    ,2,2,2,1),(-2.094395102393,0.,2.094395102393,4.188790204786,
6.28318530718,8.377580409573),.UNSPECIFIED.) CURVE() 
GEOMETRIC_REPRESENTATION_ITEM() RATIONAL_B_SPLINE_CURVE((1.,0.5,1.,0.5,
1.,0.5,1.)) REPRESENTATION_ITEM('') );
#9423 = CARTESIAN_POINT('',(1.333333339427,7.33333330553));
#9424 = CARTESIAN_POINT('',(1.333333339427,17.725638150943));
#9425 = CARTESIAN_POINT('',(10.333333339427,12.529485728236));
#9426 = CARTESIAN_POINT('',(19.333333339427,7.33333330553));
#9427 = CARTESIAN_POINT('',(10.333333339427,2.137180882823));
#9428 = CARTESIAN_POINT('',(1.333333339427,-3.058971539884));
#9429 = CARTESIAN_POINT('',(1.333333339427,7.33333330553));
#9430 = ( GEOMETRIC_REPRESENTATION_CONTEXT(2) 
PARAMETRIC_REPRESENTATION_CONTEXT() REPRESENTATION_CONTEXT('2D SPACE',''
  ) );
#9431 = PCURVE('',#8062,#9432);
#9432 = DEFINITIONAL_REPRESENTATION('',(#9433),#9437);
#9433 = LINE('',#9434,#9435);
#9434 = CARTESIAN_POINT('',(0.,-1.));
#9435 = VECTOR('',#9436,1.);
#9436 = DIRECTION('',(1.,0.));
#9437 = ( GEOMETRIC_REPRESENTATION_CONTEXT(2) 
PARAMETRIC_REPRESENTATION_CONTEXT() REPRESENTATION_CONTEXT('2D SPACE',''
  ) );
#9438 = ORIENTED_EDGE('',*,*,#7984,.F.);
#9439 = ORIENTED_EDGE('',*,*,#9440,.F.);
#9440 = EDGE_CURVE('',#9441,#7953,#9443,.T.);
#9441 = VERTEX_POINT('',#9442);
#9442 = CARTESIAN_POINT('',(7.333333333333,13.333333315777,
    87.866666666667));
#9443 = SURFACE_CURVE('',#9444,(#9449,#9460),.PCURVE_S1.);
#9444 = CIRCLE('',#9445,6.);
#9445 = AXIS2_PLACEMENT_3D('',#9446,#9447,#9448);
#9446 = CARTESIAN_POINT('',(7.333333333333,7.333333298221,
    87.866666666667));
#9447 = DIRECTION('',(0.,0.,-1.));
#9448 = DIRECTION('',(-1.,0.,0.));
#9449 = PCURVE('',#6314,#9450);
#9450 = DEFINITIONAL_REPRESENTATION('',(#9451),#9459);
#9451 = ( BOUNDED_CURVE() B_SPLINE_CURVE(2,(#9452,#9453,#9454,#9455,
#9456,#9457,#9458),.UNSPECIFIED.,.T.,.F.) B_SPLINE_CURVE_WITH_KNOTS((1,2
    ,2,2,2,1),(-2.094395102393,0.,2.094395102393,4.188790204786,
6.28318530718,8.377580409573),.UNSPECIFIED.) CURVE() 
GEOMETRIC_REPRESENTATION_ITEM() RATIONAL_B_SPLINE_CURVE((1.,0.5,1.,0.5,
1.,0.5,1.)) REPRESENTATION_ITEM('') );
#9452 = CARTESIAN_POINT('',(1.333333339427,7.33333330553));
#9453 = CARTESIAN_POINT('',(1.333333339427,17.725638150943));
#9454 = CARTESIAN_POINT('',(10.333333339427,12.529485728236));
#9455 = CARTESIAN_POINT('',(19.333333339427,7.33333330553));
#9456 = CARTESIAN_POINT('',(10.333333339427,2.137180882823));
#9457 = CARTESIAN_POINT('',(1.333333339427,-3.058971539884));
#9458 = CARTESIAN_POINT('',(1.333333339427,7.33333330553));
#9459 = ( GEOMETRIC_REPRESENTATION_CONTEXT(2) 
PARAMETRIC_REPRESENTATION_CONTEXT() REPRESENTATION_CONTEXT('2D SPACE',''
  ) );
#9460 = PCURVE('',#7636,#9461);
#9461 = DEFINITIONAL_REPRESENTATION('',(#9462),#9466);
#9462 = LINE('',#9463,#9464);
#9463 = CARTESIAN_POINT('',(0.,-1.));
#9464 = VECTOR('',#9465,1.);
#9465 = DIRECTION('',(1.,0.));
#9466 = ( GEOMETRIC_REPRESENTATION_CONTEXT(2) 
PARAMETRIC_REPRESENTATION_CONTEXT() REPRESENTATION_CONTEXT('2D SPACE',''
  ) );
#9467 = ORIENTED_EDGE('',*,*,#9468,.F.);
#9468 = EDGE_CURVE('',#9469,#9441,#9471,.T.);
#9469 = VERTEX_POINT('',#9470);
#9470 = CARTESIAN_POINT('',(-7.333333333333,13.333333315777,
    87.866666666667));
#9471 = SURFACE_CURVE('',#9472,(#9476,#9483),.PCURVE_S1.);
#9472 = LINE('',#9473,#9474);
#9473 = CARTESIAN_POINT('',(0.,13.333333333333,87.866666666667));
#9474 = VECTOR('',#9475,1.);
#9475 = DIRECTION('',(1.,0.,0.));
#9476 = PCURVE('',#6314,#9477);
#9477 = DEFINITIONAL_REPRESENTATION('',(#9478),#9482);
#9478 = LINE('',#9479,#9480);
#9479 = CARTESIAN_POINT('',(6.094068721934E-09,13.333333340642));
#9480 = VECTOR('',#9481,1.);
#9481 = DIRECTION('',(1.,0.));
#9482 = ( GEOMETRIC_REPRESENTATION_CONTEXT(2) 
PARAMETRIC_REPRESENTATION_CONTEXT() REPRESENTATION_CONTEXT('2D SPACE',''
  ) );
#9483 = PCURVE('',#9133,#9484);
#9484 = DEFINITIONAL_REPRESENTATION('',(#9485),#9489);
#9485 = LINE('',#9486,#9487);
#9486 = CARTESIAN_POINT('',(7.333333333333,-1.));
#9487 = VECTOR('',#9488,1.);
#9488 = DIRECTION('',(1.,0.));
#9489 = ( GEOMETRIC_REPRESENTATION_CONTEXT(2) 
PARAMETRIC_REPRESENTATION_CONTEXT() REPRESENTATION_CONTEXT('2D SPACE',''
  ) );
#9490 = ORIENTED_EDGE('',*,*,#9491,.F.);
#9491 = EDGE_CURVE('',#7368,#9469,#9492,.T.);
#9492 = SURFACE_CURVE('',#9493,(#9498,#9509),.PCURVE_S1.);
#9493 = CIRCLE('',#9494,6.);
#9494 = AXIS2_PLACEMENT_3D('',#9495,#9496,#9497);
#9495 = CARTESIAN_POINT('',(-7.333333333333,7.333333298221,
    87.866666666667));
#9496 = DIRECTION('',(0.,0.,-1.));
#9497 = DIRECTION('',(-1.,0.,0.));
#9498 = PCURVE('',#6314,#9499);
#9499 = DEFINITIONAL_REPRESENTATION('',(#9500),#9508);
#9500 = ( BOUNDED_CURVE() B_SPLINE_CURVE(2,(#9501,#9502,#9503,#9504,
#9505,#9506,#9507),.UNSPECIFIED.,.T.,.F.) B_SPLINE_CURVE_WITH_KNOTS((1,2
    ,2,2,2,1),(-2.094395102393,0.,2.094395102393,4.188790204786,
6.28318530718,8.377580409573),.UNSPECIFIED.) CURVE() 
GEOMETRIC_REPRESENTATION_ITEM() RATIONAL_B_SPLINE_CURVE((1.,0.5,1.,0.5,
1.,0.5,1.)) REPRESENTATION_ITEM('') );
#9501 = CARTESIAN_POINT('',(-13.33333332723,7.33333330553));
#9502 = CARTESIAN_POINT('',(-13.33333332723,17.725638150943));
#9503 = CARTESIAN_POINT('',(-4.333333327239,12.529485728236));
#9504 = CARTESIAN_POINT('',(4.666666672761,7.33333330553));
#9505 = CARTESIAN_POINT('',(-4.333333327239,2.137180882823));
#9506 = CARTESIAN_POINT('',(-13.33333332723,-3.058971539884));
#9507 = CARTESIAN_POINT('',(-13.33333332723,7.33333330553));
#9508 = ( GEOMETRIC_REPRESENTATION_CONTEXT(2) 
PARAMETRIC_REPRESENTATION_CONTEXT() REPRESENTATION_CONTEXT('2D SPACE',''
  ) );
#9509 = PCURVE('',#7443,#9510);
#9510 = DEFINITIONAL_REPRESENTATION('',(#9511),#9515);
#9511 = LINE('',#9512,#9513);
#9512 = CARTESIAN_POINT('',(0.,-1.));
#9513 = VECTOR('',#9514,1.);
#9514 = DIRECTION('',(1.,0.));
#9515 = ( GEOMETRIC_REPRESENTATION_CONTEXT(2) 
PARAMETRIC_REPRESENTATION_CONTEXT() REPRESENTATION_CONTEXT('2D SPACE',''
  ) );
#9516 = ORIENTED_EDGE('',*,*,#7367,.F.);
#9517 = ORIENTED_EDGE('',*,*,#9518,.F.);
#9518 = EDGE_CURVE('',#9287,#7313,#9519,.T.);
#9519 = SURFACE_CURVE('',#9520,(#9525,#9536),.PCURVE_S1.);
#9520 = CIRCLE('',#9521,6.);
#9521 = AXIS2_PLACEMENT_3D('',#9522,#9523,#9524);
#9522 = CARTESIAN_POINT('',(-7.333333333333,7.333333298221,
    87.866666666667));
#9523 = DIRECTION('',(0.,0.,-1.));
#9524 = DIRECTION('',(-1.,0.,0.));
#9525 = PCURVE('',#6314,#9526);
#9526 = DEFINITIONAL_REPRESENTATION('',(#9527),#9535);
#9527 = ( BOUNDED_CURVE() B_SPLINE_CURVE(2,(#9528,#9529,#9530,#9531,
#9532,#9533,#9534),.UNSPECIFIED.,.T.,.F.) B_SPLINE_CURVE_WITH_KNOTS((1,2
    ,2,2,2,1),(-2.094395102393,0.,2.094395102393,4.188790204786,
6.28318530718,8.377580409573),.UNSPECIFIED.) CURVE() 
GEOMETRIC_REPRESENTATION_ITEM() RATIONAL_B_SPLINE_CURVE((1.,0.5,1.,0.5,
1.,0.5,1.)) REPRESENTATION_ITEM('') );
#9528 = CARTESIAN_POINT('',(-13.33333332723,7.33333330553));
#9529 = CARTESIAN_POINT('',(-13.33333332723,17.725638150943));
#9530 = CARTESIAN_POINT('',(-4.333333327239,12.529485728236));
#9531 = CARTESIAN_POINT('',(4.666666672761,7.33333330553));
#9532 = CARTESIAN_POINT('',(-4.333333327239,2.137180882823));
#9533 = CARTESIAN_POINT('',(-13.33333332723,-3.058971539884));
#9534 = CARTESIAN_POINT('',(-13.33333332723,7.33333330553));
#9535 = ( GEOMETRIC_REPRESENTATION_CONTEXT(2) 
PARAMETRIC_REPRESENTATION_CONTEXT() REPRESENTATION_CONTEXT('2D SPACE',''
  ) );
#9536 = PCURVE('',#7346,#9537);
#9537 = DEFINITIONAL_REPRESENTATION('',(#9538),#9542);
#9538 = LINE('',#9539,#9540);
#9539 = CARTESIAN_POINT('',(0.,-1.));
#9540 = VECTOR('',#9541,1.);
#9541 = DIRECTION('',(1.,0.));
#9542 = ( GEOMETRIC_REPRESENTATION_CONTEXT(2) 
PARAMETRIC_REPRESENTATION_CONTEXT() REPRESENTATION_CONTEXT('2D SPACE',''
  ) );
#9543 = FACE_BOUND('',#9544,.T.);
#9544 = EDGE_LOOP('',(#9545));
#9545 = ORIENTED_EDGE('',*,*,#9546,.F.);
#9546 = EDGE_CURVE('',#9547,#9547,#9549,.T.);
#9547 = VERTEX_POINT('',#9548);
#9548 = CARTESIAN_POINT('',(1.5,-3.673940397442E-16,87.866666666667));
#9549 = SURFACE_CURVE('',#9550,(#9555,#9562),.PCURVE_S1.);
#9550 = CIRCLE('',#9551,1.5);
#9551 = AXIS2_PLACEMENT_3D('',#9552,#9553,#9554);
#9552 = CARTESIAN_POINT('',(0.,0.,87.866666666667));
#9553 = DIRECTION('',(0.,0.,1.));
#9554 = DIRECTION('',(1.,0.,-0.));
#9555 = PCURVE('',#6314,#9556);
#9556 = DEFINITIONAL_REPRESENTATION('',(#9557),#9561);
#9557 = CIRCLE('',#9558,1.5);
#9558 = AXIS2_PLACEMENT_2D('',#9559,#9560);
#9559 = CARTESIAN_POINT('',(6.094068721934E-09,7.308232267026E-09));
#9560 = DIRECTION('',(1.,0.));
#9561 = ( GEOMETRIC_REPRESENTATION_CONTEXT(2) 
PARAMETRIC_REPRESENTATION_CONTEXT() REPRESENTATION_CONTEXT('2D SPACE',''
  ) );
#9562 = PCURVE('',#8503,#9563);
#9563 = DEFINITIONAL_REPRESENTATION('',(#9564),#9568);
#9564 = LINE('',#9565,#9566);
#9565 = CARTESIAN_POINT('',(0.,12.733333333333));
#9566 = VECTOR('',#9567,1.);
#9567 = DIRECTION('',(1.,0.));
#9568 = ( GEOMETRIC_REPRESENTATION_CONTEXT(2) 
PARAMETRIC_REPRESENTATION_CONTEXT() REPRESENTATION_CONTEXT('2D SPACE',''
  ) );
#9569 = ADVANCED_FACE('',(#9570),#6649,.T.);
#9570 = FACE_BOUND('',#9571,.T.);
#9571 = EDGE_LOOP('',(#9572,#9573,#9574,#9575,#9576));
#9572 = ORIENTED_EDGE('',*,*,#8977,.F.);
#9573 = ORIENTED_EDGE('',*,*,#6965,.T.);
#9574 = ORIENTED_EDGE('',*,*,#6627,.T.);
#9575 = ORIENTED_EDGE('',*,*,#9335,.T.);
#9576 = ORIENTED_EDGE('',*,*,#9577,.F.);
#9577 = EDGE_CURVE('',#8955,#9313,#9578,.T.);
#9578 = SURFACE_CURVE('',#9579,(#9583,#9590),.PCURVE_S1.);
#9579 = LINE('',#9580,#9581);
#9580 = CARTESIAN_POINT('',(7.333333298221,-13.33333333333,
    86.866666666667));
#9581 = VECTOR('',#9582,1.);
#9582 = DIRECTION('',(0.,0.,1.));
#9583 = PCURVE('',#6649,#9584);
#9584 = DEFINITIONAL_REPRESENTATION('',(#9585),#9589);
#9585 = LINE('',#9586,#9587);
#9586 = CARTESIAN_POINT('',(4.712388980385,0.));
#9587 = VECTOR('',#9588,1.);
#9588 = DIRECTION('',(0.,-1.));
#9589 = ( GEOMETRIC_REPRESENTATION_CONTEXT(2) 
PARAMETRIC_REPRESENTATION_CONTEXT() REPRESENTATION_CONTEXT('2D SPACE',''
  ) );
#9590 = PCURVE('',#8854,#9591);
#9591 = DEFINITIONAL_REPRESENTATION('',(#9592),#9596);
#9592 = LINE('',#9593,#9594);
#9593 = CARTESIAN_POINT('',(14.666666631555,0.));
#9594 = VECTOR('',#9595,1.);
#9595 = DIRECTION('',(0.,-1.));
#9596 = ( GEOMETRIC_REPRESENTATION_CONTEXT(2) 
PARAMETRIC_REPRESENTATION_CONTEXT() REPRESENTATION_CONTEXT('2D SPACE',''
  ) );
#9597 = ADVANCED_FACE('',(#9598),#6906,.T.);
#9598 = FACE_BOUND('',#9599,.F.);
#9599 = EDGE_LOOP('',(#9600,#9601,#9622,#9623));
#9600 = ORIENTED_EDGE('',*,*,#8287,.F.);
#9601 = ORIENTED_EDGE('',*,*,#9602,.T.);
#9602 = EDGE_CURVE('',#8265,#8595,#9603,.T.);
#9603 = SURFACE_CURVE('',#9604,(#9608,#9615),.PCURVE_S1.);
#9604 = LINE('',#9605,#9606);
#9605 = CARTESIAN_POINT('',(10.33333326082,-16.33333333333,98.6));
#9606 = VECTOR('',#9607,1.);
#9607 = DIRECTION('',(0.,0.,1.));
#9608 = PCURVE('',#6906,#9609);
#9609 = DEFINITIONAL_REPRESENTATION('',(#9610),#9614);
#9610 = LINE('',#9611,#9612);
#9611 = CARTESIAN_POINT('',(-4.712388980385,0.));
#9612 = VECTOR('',#9613,1.);
#9613 = DIRECTION('',(-0.,-1.));
#9614 = ( GEOMETRIC_REPRESENTATION_CONTEXT(2) 
PARAMETRIC_REPRESENTATION_CONTEXT() REPRESENTATION_CONTEXT('2D SPACE',''
  ) );
#9615 = PCURVE('',#8195,#9616);
#9616 = DEFINITIONAL_REPRESENTATION('',(#9617),#9621);
#9617 = LINE('',#9618,#9619);
#9618 = CARTESIAN_POINT('',(20.666666594154,0.));
#9619 = VECTOR('',#9620,1.);
#9620 = DIRECTION('',(0.,-1.));
#9621 = ( GEOMETRIC_REPRESENTATION_CONTEXT(2) 
PARAMETRIC_REPRESENTATION_CONTEXT() REPRESENTATION_CONTEXT('2D SPACE',''
  ) );
#9622 = ORIENTED_EDGE('',*,*,#8617,.T.);
#9623 = ORIENTED_EDGE('',*,*,#6882,.F.);
#9624 = ADVANCED_FACE('',(#9625),#6755,.T.);
#9625 = FACE_BOUND('',#9626,.F.);
#9626 = EDGE_LOOP('',(#9627,#9628,#9629,#9630));
#9627 = ORIENTED_EDGE('',*,*,#8311,.F.);
#9628 = ORIENTED_EDGE('',*,*,#6731,.F.);
#9629 = ORIENTED_EDGE('',*,*,#8641,.T.);
#9630 = ORIENTED_EDGE('',*,*,#9631,.F.);
#9631 = EDGE_CURVE('',#8312,#8642,#9632,.T.);
#9632 = SURFACE_CURVE('',#9633,(#9637,#9644),.PCURVE_S1.);
#9633 = LINE('',#9634,#9635);
#9634 = CARTESIAN_POINT('',(16.333333297077,-10.33333333333,98.6));
#9635 = VECTOR('',#9636,1.);
#9636 = DIRECTION('',(0.,0.,1.));
#9637 = PCURVE('',#6755,#9638);
#9638 = DEFINITIONAL_REPRESENTATION('',(#9639),#9643);
#9639 = LINE('',#9640,#9641);
#9640 = CARTESIAN_POINT('',(-6.28318530718,0.));
#9641 = VECTOR('',#9642,1.);
#9642 = DIRECTION('',(-0.,-1.));
#9643 = ( GEOMETRIC_REPRESENTATION_CONTEXT(2) 
PARAMETRIC_REPRESENTATION_CONTEXT() REPRESENTATION_CONTEXT('2D SPACE',''
  ) );
#9644 = PCURVE('',#8351,#9645);
#9645 = DEFINITIONAL_REPRESENTATION('',(#9646),#9650);
#9646 = LINE('',#9647,#9648);
#9647 = CARTESIAN_POINT('',(0.,0.));
#9648 = VECTOR('',#9649,1.);
#9649 = DIRECTION('',(0.,-1.));
#9650 = ( GEOMETRIC_REPRESENTATION_CONTEXT(2) 
PARAMETRIC_REPRESENTATION_CONTEXT() REPRESENTATION_CONTEXT('2D SPACE',''
  ) );
#9651 = ADVANCED_FACE('',(#9652),#6562,.T.);
#9652 = FACE_BOUND('',#9653,.T.);
#9653 = EDGE_LOOP('',(#9654,#9655,#9676,#9677));
#9654 = ORIENTED_EDGE('',*,*,#9005,.F.);
#9655 = ORIENTED_EDGE('',*,*,#9656,.T.);
#9656 = EDGE_CURVE('',#9006,#9363,#9657,.T.);
#9657 = SURFACE_CURVE('',#9658,(#9662,#9669),.PCURVE_S1.);
#9658 = LINE('',#9659,#9660);
#9659 = CARTESIAN_POINT('',(13.333333315777,-7.333333333333,
    86.866666666667));
#9660 = VECTOR('',#9661,1.);
#9661 = DIRECTION('',(0.,0.,1.));
#9662 = PCURVE('',#6562,#9663);
#9663 = DEFINITIONAL_REPRESENTATION('',(#9664),#9668);
#9664 = LINE('',#9665,#9666);
#9665 = CARTESIAN_POINT('',(3.14159265359,0.));
#9666 = VECTOR('',#9667,1.);
#9667 = DIRECTION('',(0.,-1.));
#9668 = ( GEOMETRIC_REPRESENTATION_CONTEXT(2) 
PARAMETRIC_REPRESENTATION_CONTEXT() REPRESENTATION_CONTEXT('2D SPACE',''
  ) );
#9669 = PCURVE('',#9049,#9670);
#9670 = DEFINITIONAL_REPRESENTATION('',(#9671),#9675);
#9671 = LINE('',#9672,#9673);
#9672 = CARTESIAN_POINT('',(0.,0.));
#9673 = VECTOR('',#9674,1.);
#9674 = DIRECTION('',(0.,-1.));
#9675 = ( GEOMETRIC_REPRESENTATION_CONTEXT(2) 
PARAMETRIC_REPRESENTATION_CONTEXT() REPRESENTATION_CONTEXT('2D SPACE',''
  ) );
#9676 = ORIENTED_EDGE('',*,*,#9362,.T.);
#9677 = ORIENTED_EDGE('',*,*,#6528,.T.);
#9678 = ADVANCED_FACE('',(#9679),#6471,.T.);
#9679 = FACE_BOUND('',#9680,.T.);
#9680 = EDGE_LOOP('',(#9681));
#9681 = ORIENTED_EDGE('',*,*,#6456,.T.);
#9682 = ADVANCED_FACE('',(#9683),#7080,.T.);
#9683 = FACE_BOUND('',#9684,.T.);
#9684 = EDGE_LOOP('',(#9685));
#9685 = ORIENTED_EDGE('',*,*,#7065,.T.);
#9686 = ADVANCED_FACE('',(#9687),#7248,.T.);
#9687 = FACE_BOUND('',#9688,.F.);
#9688 = EDGE_LOOP('',(#9689,#9690,#9711,#9712));
#9689 = ORIENTED_EDGE('',*,*,#8439,.F.);
#9690 = ORIENTED_EDGE('',*,*,#9691,.T.);
#9691 = EDGE_CURVE('',#8412,#8737,#9692,.T.);
#9692 = SURFACE_CURVE('',#9693,(#9697,#9704),.PCURVE_S1.);
#9693 = LINE('',#9694,#9695);
#9694 = CARTESIAN_POINT('',(-10.33333333333,16.333333297077,98.6));
#9695 = VECTOR('',#9696,1.);
#9696 = DIRECTION('',(0.,0.,1.));
#9697 = PCURVE('',#7248,#9698);
#9698 = DEFINITIONAL_REPRESENTATION('',(#9699),#9703);
#9699 = LINE('',#9700,#9701);
#9700 = CARTESIAN_POINT('',(-1.570796326795,0.));
#9701 = VECTOR('',#9702,1.);
#9702 = DIRECTION('',(-0.,-1.));
#9703 = ( GEOMETRIC_REPRESENTATION_CONTEXT(2) 
PARAMETRIC_REPRESENTATION_CONTEXT() REPRESENTATION_CONTEXT('2D SPACE',''
  ) );
#9704 = PCURVE('',#8427,#9705);
#9705 = DEFINITIONAL_REPRESENTATION('',(#9706),#9710);
#9706 = LINE('',#9707,#9708);
#9707 = CARTESIAN_POINT('',(0.,0.));
#9708 = VECTOR('',#9709,1.);
#9709 = DIRECTION('',(0.,-1.));
#9710 = ( GEOMETRIC_REPRESENTATION_CONTEXT(2) 
PARAMETRIC_REPRESENTATION_CONTEXT() REPRESENTATION_CONTEXT('2D SPACE',''
  ) );
#9711 = ORIENTED_EDGE('',*,*,#8759,.T.);
#9712 = ORIENTED_EDGE('',*,*,#7226,.F.);
#9713 = ADVANCED_FACE('',(#9714),#7166,.T.);
#9714 = FACE_BOUND('',#9715,.F.);
#9715 = EDGE_LOOP('',(#9716,#9717,#9718,#9719));
#9716 = ORIENTED_EDGE('',*,*,#8462,.F.);
#9717 = ORIENTED_EDGE('',*,*,#7142,.F.);
#9718 = ORIENTED_EDGE('',*,*,#8782,.T.);
#9719 = ORIENTED_EDGE('',*,*,#9720,.F.);
#9720 = EDGE_CURVE('',#8213,#8569,#9721,.T.);
#9721 = SURFACE_CURVE('',#9722,(#9726,#9733),.PCURVE_S1.);
#9722 = LINE('',#9723,#9724);
#9723 = CARTESIAN_POINT('',(-16.33333333333,10.33333326082,98.6));
#9724 = VECTOR('',#9725,1.);
#9725 = DIRECTION('',(0.,0.,1.));
#9726 = PCURVE('',#7166,#9727);
#9727 = DEFINITIONAL_REPRESENTATION('',(#9728),#9732);
#9728 = LINE('',#9729,#9730);
#9729 = CARTESIAN_POINT('',(-3.14159265359,0.));
#9730 = VECTOR('',#9731,1.);
#9731 = DIRECTION('',(-0.,-1.));
#9732 = ( GEOMETRIC_REPRESENTATION_CONTEXT(2) 
PARAMETRIC_REPRESENTATION_CONTEXT() REPRESENTATION_CONTEXT('2D SPACE',''
  ) );
#9733 = PCURVE('',#8228,#9734);
#9734 = DEFINITIONAL_REPRESENTATION('',(#9735),#9739);
#9735 = LINE('',#9736,#9737);
#9736 = CARTESIAN_POINT('',(20.666666594154,0.));
#9737 = VECTOR('',#9738,1.);
#9738 = DIRECTION('',(0.,-1.));
#9739 = ( GEOMETRIC_REPRESENTATION_CONTEXT(2) 
PARAMETRIC_REPRESENTATION_CONTEXT() REPRESENTATION_CONTEXT('2D SPACE',''
  ) );
#9740 = ADVANCED_FACE('',(#9741),#7443,.T.);
#9741 = FACE_BOUND('',#9742,.T.);
#9742 = EDGE_LOOP('',(#9743,#9744,#9745,#9746));
#9743 = ORIENTED_EDGE('',*,*,#9145,.F.);
#9744 = ORIENTED_EDGE('',*,*,#7411,.T.);
#9745 = ORIENTED_EDGE('',*,*,#9491,.T.);
#9746 = ORIENTED_EDGE('',*,*,#9747,.F.);
#9747 = EDGE_CURVE('',#9118,#9469,#9748,.T.);
#9748 = SURFACE_CURVE('',#9749,(#9753,#9760),.PCURVE_S1.);
#9749 = LINE('',#9750,#9751);
#9750 = CARTESIAN_POINT('',(-7.333333333333,13.333333315777,
    86.866666666667));
#9751 = VECTOR('',#9752,1.);
#9752 = DIRECTION('',(0.,0.,1.));
#9753 = PCURVE('',#7443,#9754);
#9754 = DEFINITIONAL_REPRESENTATION('',(#9755),#9759);
#9755 = LINE('',#9756,#9757);
#9756 = CARTESIAN_POINT('',(1.570796326795,0.));
#9757 = VECTOR('',#9758,1.);
#9758 = DIRECTION('',(0.,-1.));
#9759 = ( GEOMETRIC_REPRESENTATION_CONTEXT(2) 
PARAMETRIC_REPRESENTATION_CONTEXT() REPRESENTATION_CONTEXT('2D SPACE',''
  ) );
#9760 = PCURVE('',#9133,#9761);
#9761 = DEFINITIONAL_REPRESENTATION('',(#9762),#9766);
#9762 = LINE('',#9763,#9764);
#9763 = CARTESIAN_POINT('',(0.,0.));
#9764 = VECTOR('',#9765,1.);
#9765 = DIRECTION('',(0.,-1.));
#9766 = ( GEOMETRIC_REPRESENTATION_CONTEXT(2) 
PARAMETRIC_REPRESENTATION_CONTEXT() REPRESENTATION_CONTEXT('2D SPACE',''
  ) );
#9767 = ADVANCED_FACE('',(#9768),#7346,.T.);
#9768 = FACE_BOUND('',#9769,.T.);
#9769 = EDGE_LOOP('',(#9770,#9771,#9792,#9793));
#9770 = ORIENTED_EDGE('',*,*,#9172,.F.);
#9771 = ORIENTED_EDGE('',*,*,#9772,.T.);
#9772 = EDGE_CURVE('',#8899,#9287,#9773,.T.);
#9773 = SURFACE_CURVE('',#9774,(#9778,#9785),.PCURVE_S1.);
#9774 = LINE('',#9775,#9776);
#9775 = CARTESIAN_POINT('',(-13.33333333333,7.333333298221,
    86.866666666667));
#9776 = VECTOR('',#9777,1.);
#9777 = DIRECTION('',(0.,0.,1.));
#9778 = PCURVE('',#7346,#9779);
#9779 = DEFINITIONAL_REPRESENTATION('',(#9780),#9784);
#9780 = LINE('',#9781,#9782);
#9781 = CARTESIAN_POINT('',(0.,0.));
#9782 = VECTOR('',#9783,1.);
#9783 = DIRECTION('',(0.,-1.));
#9784 = ( GEOMETRIC_REPRESENTATION_CONTEXT(2) 
PARAMETRIC_REPRESENTATION_CONTEXT() REPRESENTATION_CONTEXT('2D SPACE',''
  ) );
#9785 = PCURVE('',#8914,#9786);
#9786 = DEFINITIONAL_REPRESENTATION('',(#9787),#9791);
#9787 = LINE('',#9788,#9789);
#9788 = CARTESIAN_POINT('',(14.666666631555,0.));
#9789 = VECTOR('',#9790,1.);
#9790 = DIRECTION('',(0.,-1.));
#9791 = ( GEOMETRIC_REPRESENTATION_CONTEXT(2) 
PARAMETRIC_REPRESENTATION_CONTEXT() REPRESENTATION_CONTEXT('2D SPACE',''
  ) );
#9792 = ORIENTED_EDGE('',*,*,#9518,.T.);
#9793 = ORIENTED_EDGE('',*,*,#7312,.T.);
#9794 = ADVANCED_FACE('',(#9795),#8062,.T.);
#9795 = FACE_BOUND('',#9796,.T.);
#9796 = EDGE_LOOP('',(#9797,#9798,#9799,#9800));
#9797 = ORIENTED_EDGE('',*,*,#9061,.F.);
#9798 = ORIENTED_EDGE('',*,*,#8028,.T.);
#9799 = ORIENTED_EDGE('',*,*,#9413,.T.);
#9800 = ORIENTED_EDGE('',*,*,#9801,.F.);
#9801 = EDGE_CURVE('',#9034,#9391,#9802,.T.);
#9802 = SURFACE_CURVE('',#9803,(#9807,#9814),.PCURVE_S1.);
#9803 = LINE('',#9804,#9805);
#9804 = CARTESIAN_POINT('',(13.333333333333,7.333333298221,
    86.866666666667));
#9805 = VECTOR('',#9806,1.);
#9806 = DIRECTION('',(0.,0.,1.));
#9807 = PCURVE('',#8062,#9808);
#9808 = DEFINITIONAL_REPRESENTATION('',(#9809),#9813);
#9809 = LINE('',#9810,#9811);
#9810 = CARTESIAN_POINT('',(3.14159265359,0.));
#9811 = VECTOR('',#9812,1.);
#9812 = DIRECTION('',(0.,-1.));
#9813 = ( GEOMETRIC_REPRESENTATION_CONTEXT(2) 
PARAMETRIC_REPRESENTATION_CONTEXT() REPRESENTATION_CONTEXT('2D SPACE',''
  ) );
#9814 = PCURVE('',#9049,#9815);
#9815 = DEFINITIONAL_REPRESENTATION('',(#9816),#9820);
#9816 = LINE('',#9817,#9818);
#9817 = CARTESIAN_POINT('',(14.666666631555,0.));
#9818 = VECTOR('',#9819,1.);
#9819 = DIRECTION('',(0.,-1.));
#9820 = ( GEOMETRIC_REPRESENTATION_CONTEXT(2) 
PARAMETRIC_REPRESENTATION_CONTEXT() REPRESENTATION_CONTEXT('2D SPACE',''
  ) );
#9821 = ADVANCED_FACE('',(#9822),#7636,.T.);
#9822 = FACE_BOUND('',#9823,.T.);
#9823 = EDGE_LOOP('',(#9824,#9825,#9846,#9847,#9848));
#9824 = ORIENTED_EDGE('',*,*,#9089,.F.);
#9825 = ORIENTED_EDGE('',*,*,#9826,.T.);
#9826 = EDGE_CURVE('',#9090,#9441,#9827,.T.);
#9827 = SURFACE_CURVE('',#9828,(#9832,#9839),.PCURVE_S1.);
#9828 = LINE('',#9829,#9830);
#9829 = CARTESIAN_POINT('',(7.333333333333,13.333333315777,
    86.866666666667));
#9830 = VECTOR('',#9831,1.);
#9831 = DIRECTION('',(0.,0.,1.));
#9832 = PCURVE('',#7636,#9833);
#9833 = DEFINITIONAL_REPRESENTATION('',(#9834),#9838);
#9834 = LINE('',#9835,#9836);
#9835 = CARTESIAN_POINT('',(1.570796326795,0.));
#9836 = VECTOR('',#9837,1.);
#9837 = DIRECTION('',(0.,-1.));
#9838 = ( GEOMETRIC_REPRESENTATION_CONTEXT(2) 
PARAMETRIC_REPRESENTATION_CONTEXT() REPRESENTATION_CONTEXT('2D SPACE',''
  ) );
#9839 = PCURVE('',#9133,#9840);
#9840 = DEFINITIONAL_REPRESENTATION('',(#9841),#9845);
#9841 = LINE('',#9842,#9843);
#9842 = CARTESIAN_POINT('',(14.666666666667,0.));
#9843 = VECTOR('',#9844,1.);
#9844 = DIRECTION('',(0.,-1.));
#9845 = ( GEOMETRIC_REPRESENTATION_CONTEXT(2) 
PARAMETRIC_REPRESENTATION_CONTEXT() REPRESENTATION_CONTEXT('2D SPACE',''
  ) );
#9846 = ORIENTED_EDGE('',*,*,#9440,.T.);
#9847 = ORIENTED_EDGE('',*,*,#7952,.T.);
#9848 = ORIENTED_EDGE('',*,*,#7614,.T.);
#9849 = ADVANCED_FACE('',(#9850),#7893,.T.);
#9850 = FACE_BOUND('',#9851,.F.);
#9851 = EDGE_LOOP('',(#9852,#9853,#9874,#9875));
#9852 = ORIENTED_EDGE('',*,*,#8363,.F.);
#9853 = ORIENTED_EDGE('',*,*,#9854,.T.);
#9854 = EDGE_CURVE('',#8336,#8666,#9855,.T.);
#9855 = SURFACE_CURVE('',#9856,(#9860,#9867),.PCURVE_S1.);
#9856 = LINE('',#9857,#9858);
#9857 = CARTESIAN_POINT('',(16.333333333333,10.33333326082,98.6));
#9858 = VECTOR('',#9859,1.);
#9859 = DIRECTION('',(0.,0.,1.));
#9860 = PCURVE('',#7893,#9861);
#9861 = DEFINITIONAL_REPRESENTATION('',(#9862),#9866);
#9862 = LINE('',#9863,#9864);
#9863 = CARTESIAN_POINT('',(-0.,0.));
#9864 = VECTOR('',#9865,1.);
#9865 = DIRECTION('',(-0.,-1.));
#9866 = ( GEOMETRIC_REPRESENTATION_CONTEXT(2) 
PARAMETRIC_REPRESENTATION_CONTEXT() REPRESENTATION_CONTEXT('2D SPACE',''
  ) );
#9867 = PCURVE('',#8351,#9868);
#9868 = DEFINITIONAL_REPRESENTATION('',(#9869),#9873);
#9869 = LINE('',#9870,#9871);
#9870 = CARTESIAN_POINT('',(20.666666594154,0.));
#9871 = VECTOR('',#9872,1.);
#9872 = DIRECTION('',(0.,-1.));
#9873 = ( GEOMETRIC_REPRESENTATION_CONTEXT(2) 
PARAMETRIC_REPRESENTATION_CONTEXT() REPRESENTATION_CONTEXT('2D SPACE',''
  ) );
#9874 = ORIENTED_EDGE('',*,*,#8688,.T.);
#9875 = ORIENTED_EDGE('',*,*,#7869,.F.);
#9876 = ADVANCED_FACE('',(#9877),#7742,.T.);
#9877 = FACE_BOUND('',#9878,.F.);
#9878 = EDGE_LOOP('',(#9879,#9880,#9881,#9882));
#9879 = ORIENTED_EDGE('',*,*,#8387,.F.);
#9880 = ORIENTED_EDGE('',*,*,#7718,.F.);
#9881 = ORIENTED_EDGE('',*,*,#8712,.T.);
#9882 = ORIENTED_EDGE('',*,*,#9883,.F.);
#9883 = EDGE_CURVE('',#8388,#8713,#9884,.T.);
#9884 = SURFACE_CURVE('',#9885,(#9889,#9896),.PCURVE_S1.);
#9885 = LINE('',#9886,#9887);
#9886 = CARTESIAN_POINT('',(10.333333333333,16.333333297077,98.6));
#9887 = VECTOR('',#9888,1.);
#9888 = DIRECTION('',(0.,0.,1.));
#9889 = PCURVE('',#7742,#9890);
#9890 = DEFINITIONAL_REPRESENTATION('',(#9891),#9895);
#9891 = LINE('',#9892,#9893);
#9892 = CARTESIAN_POINT('',(-1.570796326795,0.));
#9893 = VECTOR('',#9894,1.);
#9894 = DIRECTION('',(-0.,-1.));
#9895 = ( GEOMETRIC_REPRESENTATION_CONTEXT(2) 
PARAMETRIC_REPRESENTATION_CONTEXT() REPRESENTATION_CONTEXT('2D SPACE',''
  ) );
#9896 = PCURVE('',#8427,#9897);
#9897 = DEFINITIONAL_REPRESENTATION('',(#9898),#9902);
#9898 = LINE('',#9899,#9900);
#9899 = CARTESIAN_POINT('',(20.666666666667,0.));
#9900 = VECTOR('',#9901,1.);
#9901 = DIRECTION('',(0.,-1.));
#9902 = ( GEOMETRIC_REPRESENTATION_CONTEXT(2) 
PARAMETRIC_REPRESENTATION_CONTEXT() REPRESENTATION_CONTEXT('2D SPACE',''
  ) );
#9903 = ADVANCED_FACE('',(#9904),#7557,.T.);
#9904 = FACE_BOUND('',#9905,.T.);
#9905 = EDGE_LOOP('',(#9906));
#9906 = ORIENTED_EDGE('',*,*,#7542,.T.);
#9907 = ADVANCED_FACE('',(#9908),#8195,.F.);
#9908 = FACE_BOUND('',#9909,.F.);
#9909 = EDGE_LOOP('',(#9910,#9911,#9912,#9913));
#9910 = ORIENTED_EDGE('',*,*,#8181,.T.);
#9911 = ORIENTED_EDGE('',*,*,#8594,.T.);
#9912 = ORIENTED_EDGE('',*,*,#9602,.F.);
#9913 = ORIENTED_EDGE('',*,*,#8264,.F.);
#9914 = ADVANCED_FACE('',(#9915),#8228,.T.);
#9915 = FACE_BOUND('',#9916,.T.);
#9916 = EDGE_LOOP('',(#9917,#9918,#9919,#9920));
#9917 = ORIENTED_EDGE('',*,*,#8519,.T.);
#9918 = ORIENTED_EDGE('',*,*,#8568,.T.);
#9919 = ORIENTED_EDGE('',*,*,#9720,.F.);
#9920 = ORIENTED_EDGE('',*,*,#8210,.F.);
#9921 = ADVANCED_FACE('',(#9922),#8427,.T.);
#9922 = FACE_BOUND('',#9923,.T.);
#9923 = EDGE_LOOP('',(#9924,#9925,#9926,#9927));
#9924 = ORIENTED_EDGE('',*,*,#9691,.T.);
#9925 = ORIENTED_EDGE('',*,*,#8736,.T.);
#9926 = ORIENTED_EDGE('',*,*,#9883,.F.);
#9927 = ORIENTED_EDGE('',*,*,#8411,.F.);
#9928 = ADVANCED_FACE('',(#9929),#8351,.F.);
#9929 = FACE_BOUND('',#9930,.F.);
#9930 = EDGE_LOOP('',(#9931,#9932,#9933,#9934));
#9931 = ORIENTED_EDGE('',*,*,#9631,.T.);
#9932 = ORIENTED_EDGE('',*,*,#8665,.T.);
#9933 = ORIENTED_EDGE('',*,*,#9854,.F.);
#9934 = ORIENTED_EDGE('',*,*,#8335,.F.);
#9935 = ADVANCED_FACE('',(#9936),#8503,.T.);
#9936 = FACE_BOUND('',#9937,.T.);
#9937 = EDGE_LOOP('',(#9938,#9939,#9960,#9961));
#9938 = ORIENTED_EDGE('',*,*,#8486,.F.);
#9939 = ORIENTED_EDGE('',*,*,#9940,.F.);
#9940 = EDGE_CURVE('',#9547,#8487,#9941,.T.);
#9941 = SEAM_CURVE('',#9942,(#9946,#9953),.PCURVE_S1.);
#9942 = LINE('',#9943,#9944);
#9943 = CARTESIAN_POINT('',(1.5,-3.673940397442E-16,75.133333333333));
#9944 = VECTOR('',#9945,1.);
#9945 = DIRECTION('',(0.,0.,1.));
#9946 = PCURVE('',#8503,#9947);
#9947 = DEFINITIONAL_REPRESENTATION('',(#9948),#9952);
#9948 = LINE('',#9949,#9950);
#9949 = CARTESIAN_POINT('',(6.28318530718,-0.));
#9950 = VECTOR('',#9951,1.);
#9951 = DIRECTION('',(0.,1.));
#9952 = ( GEOMETRIC_REPRESENTATION_CONTEXT(2) 
PARAMETRIC_REPRESENTATION_CONTEXT() REPRESENTATION_CONTEXT('2D SPACE',''
  ) );
#9953 = PCURVE('',#8503,#9954);
#9954 = DEFINITIONAL_REPRESENTATION('',(#9955),#9959);
#9955 = LINE('',#9956,#9957);
#9956 = CARTESIAN_POINT('',(0.,-0.));
#9957 = VECTOR('',#9958,1.);
#9958 = DIRECTION('',(0.,1.));
#9959 = ( GEOMETRIC_REPRESENTATION_CONTEXT(2) 
PARAMETRIC_REPRESENTATION_CONTEXT() REPRESENTATION_CONTEXT('2D SPACE',''
  ) );
#9960 = ORIENTED_EDGE('',*,*,#9546,.T.);
#9961 = ORIENTED_EDGE('',*,*,#9940,.T.);
#9962 = ADVANCED_FACE('',(#9963),#8854,.F.);
#9963 = FACE_BOUND('',#9964,.F.);
#9964 = EDGE_LOOP('',(#9965,#9966,#9967,#9968));
#9965 = ORIENTED_EDGE('',*,*,#8838,.T.);
#9966 = ORIENTED_EDGE('',*,*,#9312,.T.);
#9967 = ORIENTED_EDGE('',*,*,#9577,.F.);
#9968 = ORIENTED_EDGE('',*,*,#8954,.F.);
#9969 = ADVANCED_FACE('',(#9970),#8914,.T.);
#9970 = FACE_BOUND('',#9971,.T.);
#9971 = EDGE_LOOP('',(#9972,#9973,#9974,#9975));
#9972 = ORIENTED_EDGE('',*,*,#9262,.T.);
#9973 = ORIENTED_EDGE('',*,*,#9286,.T.);
#9974 = ORIENTED_EDGE('',*,*,#9772,.F.);
#9975 = ORIENTED_EDGE('',*,*,#8896,.F.);
#9976 = ADVANCED_FACE('',(#9977),#9133,.T.);
#9977 = FACE_BOUND('',#9978,.T.);
#9978 = EDGE_LOOP('',(#9979,#9980,#9981,#9982));
#9979 = ORIENTED_EDGE('',*,*,#9747,.T.);
#9980 = ORIENTED_EDGE('',*,*,#9468,.T.);
#9981 = ORIENTED_EDGE('',*,*,#9826,.F.);
#9982 = ORIENTED_EDGE('',*,*,#9117,.F.);
#9983 = ADVANCED_FACE('',(#9984),#9049,.F.);
#9984 = FACE_BOUND('',#9985,.F.);
#9985 = EDGE_LOOP('',(#9986,#9987,#9988,#9989));
#9986 = ORIENTED_EDGE('',*,*,#9656,.T.);
#9987 = ORIENTED_EDGE('',*,*,#9390,.T.);
#9988 = ORIENTED_EDGE('',*,*,#9801,.F.);
#9989 = ORIENTED_EDGE('',*,*,#9033,.F.);
#9990 = ADVANCED_FACE('',(#9991),#9217,.T.);
#9991 = FACE_BOUND('',#9992,.T.);
#9992 = EDGE_LOOP('',(#9993,#9994,#10017,#10044));
#9993 = ORIENTED_EDGE('',*,*,#9200,.F.);
#9994 = ORIENTED_EDGE('',*,*,#9995,.F.);
#9995 = EDGE_CURVE('',#9996,#9201,#9998,.T.);
#9996 = VERTEX_POINT('',#9997);
#9997 = CARTESIAN_POINT('',(3.333333333333,-8.164311994316E-16,80.2));
#9998 = SEAM_CURVE('',#9999,(#10003,#10010),.PCURVE_S1.);
#9999 = LINE('',#10000,#10001);
#10000 = CARTESIAN_POINT('',(3.333333333333,-8.164311994316E-16,80.2));
#10001 = VECTOR('',#10002,1.);
#10002 = DIRECTION('',(0.,0.,1.));
#10003 = PCURVE('',#9217,#10004);
#10004 = DEFINITIONAL_REPRESENTATION('',(#10005),#10009);
#10005 = LINE('',#10006,#10007);
#10006 = CARTESIAN_POINT('',(6.28318530718,-0.));
#10007 = VECTOR('',#10008,1.);
#10008 = DIRECTION('',(0.,1.));
#10009 = ( GEOMETRIC_REPRESENTATION_CONTEXT(2) 
PARAMETRIC_REPRESENTATION_CONTEXT() REPRESENTATION_CONTEXT('2D SPACE',''
  ) );
#10010 = PCURVE('',#9217,#10011);
#10011 = DEFINITIONAL_REPRESENTATION('',(#10012),#10016);
#10012 = LINE('',#10013,#10014);
#10013 = CARTESIAN_POINT('',(0.,-0.));
#10014 = VECTOR('',#10015,1.);
#10015 = DIRECTION('',(0.,1.));
#10016 = ( GEOMETRIC_REPRESENTATION_CONTEXT(2) 
PARAMETRIC_REPRESENTATION_CONTEXT() REPRESENTATION_CONTEXT('2D SPACE',''
  ) );
#10017 = ORIENTED_EDGE('',*,*,#10018,.T.);
#10018 = EDGE_CURVE('',#9996,#9996,#10019,.T.);
#10019 = SURFACE_CURVE('',#10020,(#10025,#10032),.PCURVE_S1.);
#10020 = CIRCLE('',#10021,3.333333333333);
#10021 = AXIS2_PLACEMENT_3D('',#10022,#10023,#10024);
#10022 = CARTESIAN_POINT('',(0.,0.,80.2));
#10023 = DIRECTION('',(0.,0.,1.));
#10024 = DIRECTION('',(1.,0.,-0.));
#10025 = PCURVE('',#9217,#10026);
#10026 = DEFINITIONAL_REPRESENTATION('',(#10027),#10031);
#10027 = LINE('',#10028,#10029);
#10028 = CARTESIAN_POINT('',(0.,0.));
#10029 = VECTOR('',#10030,1.);
#10030 = DIRECTION('',(1.,0.));
#10031 = ( GEOMETRIC_REPRESENTATION_CONTEXT(2) 
PARAMETRIC_REPRESENTATION_CONTEXT() REPRESENTATION_CONTEXT('2D SPACE',''
  ) );
#10032 = PCURVE('',#10033,#10038);
#10033 = PLANE('',#10034);
#10034 = AXIS2_PLACEMENT_3D('',#10035,#10036,#10037);
#10035 = CARTESIAN_POINT('',(0.,0.,80.2));
#10036 = DIRECTION('',(0.,0.,1.));
#10037 = DIRECTION('',(1.,0.,-0.));
#10038 = DEFINITIONAL_REPRESENTATION('',(#10039),#10043);
#10039 = CIRCLE('',#10040,3.333333333333);
#10040 = AXIS2_PLACEMENT_2D('',#10041,#10042);
#10041 = CARTESIAN_POINT('',(0.,0.));
#10042 = DIRECTION('',(1.,0.));
#10043 = ( GEOMETRIC_REPRESENTATION_CONTEXT(2) 
PARAMETRIC_REPRESENTATION_CONTEXT() REPRESENTATION_CONTEXT('2D SPACE',''
  ) );
#10044 = ORIENTED_EDGE('',*,*,#9995,.T.);
#10045 = ADVANCED_FACE('',(#10046,#10049),#10033,.F.);
#10046 = FACE_BOUND('',#10047,.F.);
#10047 = EDGE_LOOP('',(#10048));
#10048 = ORIENTED_EDGE('',*,*,#10018,.T.);
#10049 = FACE_BOUND('',#10050,.F.);
#10050 = EDGE_LOOP('',(#10051));
#10051 = ORIENTED_EDGE('',*,*,#10052,.F.);
#10052 = EDGE_CURVE('',#10053,#10053,#10055,.T.);
#10053 = VERTEX_POINT('',#10054);
#10054 = CARTESIAN_POINT('',(1.5,-3.673940397442E-16,80.2));
#10055 = SURFACE_CURVE('',#10056,(#10061,#10068),.PCURVE_S1.);
#10056 = CIRCLE('',#10057,1.5);
#10057 = AXIS2_PLACEMENT_3D('',#10058,#10059,#10060);
#10058 = CARTESIAN_POINT('',(0.,0.,80.2));
#10059 = DIRECTION('',(0.,0.,1.));
#10060 = DIRECTION('',(1.,0.,-0.));
#10061 = PCURVE('',#10033,#10062);
#10062 = DEFINITIONAL_REPRESENTATION('',(#10063),#10067);
#10063 = CIRCLE('',#10064,1.5);
#10064 = AXIS2_PLACEMENT_2D('',#10065,#10066);
#10065 = CARTESIAN_POINT('',(0.,0.));
#10066 = DIRECTION('',(1.,0.));
#10067 = ( GEOMETRIC_REPRESENTATION_CONTEXT(2) 
PARAMETRIC_REPRESENTATION_CONTEXT() REPRESENTATION_CONTEXT('2D SPACE',''
  ) );
#10068 = PCURVE('',#10069,#10074);
#10069 = CYLINDRICAL_SURFACE('',#10070,1.5);
#10070 = AXIS2_PLACEMENT_3D('',#10071,#10072,#10073);
#10071 = CARTESIAN_POINT('',(0.,0.,75.133333333333));
#10072 = DIRECTION('',(0.,0.,1.));
#10073 = DIRECTION('',(1.,0.,-0.));
#10074 = DEFINITIONAL_REPRESENTATION('',(#10075),#10079);
#10075 = LINE('',#10076,#10077);
#10076 = CARTESIAN_POINT('',(0.,5.066666666667));
#10077 = VECTOR('',#10078,1.);
#10078 = DIRECTION('',(1.,0.));
#10079 = ( GEOMETRIC_REPRESENTATION_CONTEXT(2) 
PARAMETRIC_REPRESENTATION_CONTEXT() REPRESENTATION_CONTEXT('2D SPACE',''
  ) );
#10080 = ADVANCED_FACE('',(#10081),#10069,.T.);
#10081 = FACE_BOUND('',#10082,.T.);
#10082 = EDGE_LOOP('',(#10083,#10084,#10107,#10134));
#10083 = ORIENTED_EDGE('',*,*,#10052,.F.);
#10084 = ORIENTED_EDGE('',*,*,#10085,.F.);
#10085 = EDGE_CURVE('',#10086,#10053,#10088,.T.);
#10086 = VERTEX_POINT('',#10087);
#10087 = CARTESIAN_POINT('',(1.5,-3.673940397442E-16,76.133333333333));
#10088 = SEAM_CURVE('',#10089,(#10093,#10100),.PCURVE_S1.);
#10089 = LINE('',#10090,#10091);
#10090 = CARTESIAN_POINT('',(1.5,-3.673940397442E-16,75.133333333333));
#10091 = VECTOR('',#10092,1.);
#10092 = DIRECTION('',(0.,0.,1.));
#10093 = PCURVE('',#10069,#10094);
#10094 = DEFINITIONAL_REPRESENTATION('',(#10095),#10099);
#10095 = LINE('',#10096,#10097);
#10096 = CARTESIAN_POINT('',(6.28318530718,-0.));
#10097 = VECTOR('',#10098,1.);
#10098 = DIRECTION('',(0.,1.));
#10099 = ( GEOMETRIC_REPRESENTATION_CONTEXT(2) 
PARAMETRIC_REPRESENTATION_CONTEXT() REPRESENTATION_CONTEXT('2D SPACE',''
  ) );
#10100 = PCURVE('',#10069,#10101);
#10101 = DEFINITIONAL_REPRESENTATION('',(#10102),#10106);
#10102 = LINE('',#10103,#10104);
#10103 = CARTESIAN_POINT('',(0.,-0.));
#10104 = VECTOR('',#10105,1.);
#10105 = DIRECTION('',(0.,1.));
#10106 = ( GEOMETRIC_REPRESENTATION_CONTEXT(2) 
PARAMETRIC_REPRESENTATION_CONTEXT() REPRESENTATION_CONTEXT('2D SPACE',''
  ) );
#10107 = ORIENTED_EDGE('',*,*,#10108,.T.);
#10108 = EDGE_CURVE('',#10086,#10086,#10109,.T.);
#10109 = SURFACE_CURVE('',#10110,(#10115,#10122),.PCURVE_S1.);
#10110 = CIRCLE('',#10111,1.5);
#10111 = AXIS2_PLACEMENT_3D('',#10112,#10113,#10114);
#10112 = CARTESIAN_POINT('',(0.,0.,76.133333333333));
#10113 = DIRECTION('',(0.,0.,1.));
#10114 = DIRECTION('',(1.,0.,-0.));
#10115 = PCURVE('',#10069,#10116);
#10116 = DEFINITIONAL_REPRESENTATION('',(#10117),#10121);
#10117 = LINE('',#10118,#10119);
#10118 = CARTESIAN_POINT('',(0.,1.));
#10119 = VECTOR('',#10120,1.);
#10120 = DIRECTION('',(1.,0.));
#10121 = ( GEOMETRIC_REPRESENTATION_CONTEXT(2) 
PARAMETRIC_REPRESENTATION_CONTEXT() REPRESENTATION_CONTEXT('2D SPACE',''
  ) );
#10122 = PCURVE('',#10123,#10128);
#10123 = PLANE('',#10124);
#10124 = AXIS2_PLACEMENT_3D('',#10125,#10126,#10127);
#10125 = CARTESIAN_POINT('',(-1.458811737535E-09,-3.545214362129E-10,
    76.133333333333));
#10126 = DIRECTION('',(0.,0.,1.));
#10127 = DIRECTION('',(1.,0.,0.));
#10128 = DEFINITIONAL_REPRESENTATION('',(#10129),#10133);
#10129 = CIRCLE('',#10130,1.5);
#10130 = AXIS2_PLACEMENT_2D('',#10131,#10132);
#10131 = CARTESIAN_POINT('',(1.458811737535E-09,3.545214362129E-10));
#10132 = DIRECTION('',(1.,0.));
#10133 = ( GEOMETRIC_REPRESENTATION_CONTEXT(2) 
PARAMETRIC_REPRESENTATION_CONTEXT() REPRESENTATION_CONTEXT('2D SPACE',''
  ) );
#10134 = ORIENTED_EDGE('',*,*,#10085,.T.);
#10135 = ADVANCED_FACE('',(#10136,#10382),#10123,.T.);
#10136 = FACE_BOUND('',#10137,.T.);
#10137 = EDGE_LOOP('',(#10138,#10168,#10201,#10229,#10262,#10290,#10323,
    #10351));
#10138 = ORIENTED_EDGE('',*,*,#10139,.F.);
#10139 = EDGE_CURVE('',#10140,#10142,#10144,.T.);
#10140 = VERTEX_POINT('',#10141);
#10141 = CARTESIAN_POINT('',(-10.33333333333,-4.333333333333,
    76.133333333333));
#10142 = VERTEX_POINT('',#10143);
#10143 = CARTESIAN_POINT('',(-10.33333333333,4.33333332949,
    76.133333333333));
#10144 = SURFACE_CURVE('',#10145,(#10149,#10156),.PCURVE_S1.);
#10145 = LINE('',#10146,#10147);
#10146 = CARTESIAN_POINT('',(-10.33333333333,1.7763568394E-15,
    76.133333333333));
#10147 = VECTOR('',#10148,1.);
#10148 = DIRECTION('',(0.,1.,0.));
#10149 = PCURVE('',#10123,#10150);
#10150 = DEFINITIONAL_REPRESENTATION('',(#10151),#10155);
#10151 = LINE('',#10152,#10153);
#10152 = CARTESIAN_POINT('',(-10.33333333187,3.545232125697E-10));
#10153 = VECTOR('',#10154,1.);
#10154 = DIRECTION('',(0.,1.));
#10155 = ( GEOMETRIC_REPRESENTATION_CONTEXT(2) 
PARAMETRIC_REPRESENTATION_CONTEXT() REPRESENTATION_CONTEXT('2D SPACE',''
  ) );
#10156 = PCURVE('',#10157,#10162);
#10157 = PLANE('',#10158);
#10158 = AXIS2_PLACEMENT_3D('',#10159,#10160,#10161);
#10159 = CARTESIAN_POINT('',(-10.33333333333,-4.333333333333,
    75.133333333333));
#10160 = DIRECTION('',(-1.,0.,0.));
#10161 = DIRECTION('',(0.,1.,0.));
#10162 = DEFINITIONAL_REPRESENTATION('',(#10163),#10167);
#10163 = LINE('',#10164,#10165);
#10164 = CARTESIAN_POINT('',(4.333333333333,-1.));
#10165 = VECTOR('',#10166,1.);
#10166 = DIRECTION('',(1.,0.));
#10167 = ( GEOMETRIC_REPRESENTATION_CONTEXT(2) 
PARAMETRIC_REPRESENTATION_CONTEXT() REPRESENTATION_CONTEXT('2D SPACE',''
  ) );
#10168 = ORIENTED_EDGE('',*,*,#10169,.F.);
#10169 = EDGE_CURVE('',#10170,#10140,#10172,.T.);
#10170 = VERTEX_POINT('',#10171);
#10171 = CARTESIAN_POINT('',(-4.333333333333,-10.33333333333,
    76.133333333333));
#10172 = SURFACE_CURVE('',#10173,(#10178,#10189),.PCURVE_S1.);
#10173 = CIRCLE('',#10174,6.);
#10174 = AXIS2_PLACEMENT_3D('',#10175,#10176,#10177);
#10175 = CARTESIAN_POINT('',(-4.333333333333,-4.333333333333,
    76.133333333333));
#10176 = DIRECTION('',(0.,0.,-1.));
#10177 = DIRECTION('',(-1.,0.,0.));
#10178 = PCURVE('',#10123,#10179);
#10179 = DEFINITIONAL_REPRESENTATION('',(#10180),#10188);
#10180 = ( BOUNDED_CURVE() B_SPLINE_CURVE(2,(#10181,#10182,#10183,#10184
    ,#10185,#10186,#10187),.UNSPECIFIED.,.T.,.F.) 
B_SPLINE_CURVE_WITH_KNOTS((1,2,2,2,2,1),(-2.094395102393,0.,
    2.094395102393,4.188790204786,6.28318530718,8.377580409573),
.UNSPECIFIED.) CURVE() GEOMETRIC_REPRESENTATION_ITEM() 
RATIONAL_B_SPLINE_CURVE((1.,0.5,1.,0.5,1.,0.5,1.)) REPRESENTATION_ITEM(
  '') );
#10181 = CARTESIAN_POINT('',(-10.33333333187,-4.333333332979));
#10182 = CARTESIAN_POINT('',(-10.33333333187,6.058971512434));
#10183 = CARTESIAN_POINT('',(-1.333333331875,0.862819089728));
#10184 = CARTESIAN_POINT('',(7.666666668125,-4.333333332979));
#10185 = CARTESIAN_POINT('',(-1.333333331875,-9.529485755685));
#10186 = CARTESIAN_POINT('',(-10.33333333187,-14.72563817839));
#10187 = CARTESIAN_POINT('',(-10.33333333187,-4.333333332979));
#10188 = ( GEOMETRIC_REPRESENTATION_CONTEXT(2) 
PARAMETRIC_REPRESENTATION_CONTEXT() REPRESENTATION_CONTEXT('2D SPACE',''
  ) );
#10189 = PCURVE('',#10190,#10195);
#10190 = CYLINDRICAL_SURFACE('',#10191,6.);
#10191 = AXIS2_PLACEMENT_3D('',#10192,#10193,#10194);
#10192 = CARTESIAN_POINT('',(-4.333333333333,-4.333333333333,
    75.133333333333));
#10193 = DIRECTION('',(0.,0.,-1.));
#10194 = DIRECTION('',(-1.,0.,0.));
#10195 = DEFINITIONAL_REPRESENTATION('',(#10196),#10200);
#10196 = LINE('',#10197,#10198);
#10197 = CARTESIAN_POINT('',(0.,-1.));
#10198 = VECTOR('',#10199,1.);
#10199 = DIRECTION('',(1.,0.));
#10200 = ( GEOMETRIC_REPRESENTATION_CONTEXT(2) 
PARAMETRIC_REPRESENTATION_CONTEXT() REPRESENTATION_CONTEXT('2D SPACE',''
  ) );
#10201 = ORIENTED_EDGE('',*,*,#10202,.T.);
#10202 = EDGE_CURVE('',#10170,#10203,#10205,.T.);
#10203 = VERTEX_POINT('',#10204);
#10204 = CARTESIAN_POINT('',(4.333333325646,-10.33333333333,
    76.133333333333));
#10205 = SURFACE_CURVE('',#10206,(#10210,#10217),.PCURVE_S1.);
#10206 = LINE('',#10207,#10208);
#10207 = CARTESIAN_POINT('',(0.,-10.33333333333,76.133333333333));
#10208 = VECTOR('',#10209,1.);
#10209 = DIRECTION('',(1.,0.,0.));
#10210 = PCURVE('',#10123,#10211);
#10211 = DEFINITIONAL_REPRESENTATION('',(#10212),#10216);
#10212 = LINE('',#10213,#10214);
#10213 = CARTESIAN_POINT('',(1.458811737535E-09,-10.33333333297));
#10214 = VECTOR('',#10215,1.);
#10215 = DIRECTION('',(1.,0.));
#10216 = ( GEOMETRIC_REPRESENTATION_CONTEXT(2) 
PARAMETRIC_REPRESENTATION_CONTEXT() REPRESENTATION_CONTEXT('2D SPACE',''
  ) );
#10217 = PCURVE('',#10218,#10223);
#10218 = PLANE('',#10219);
#10219 = AXIS2_PLACEMENT_3D('',#10220,#10221,#10222);
#10220 = CARTESIAN_POINT('',(-4.333333333333,-10.33333333333,
    75.133333333333));
#10221 = DIRECTION('',(0.,1.,0.));
#10222 = DIRECTION('',(1.,0.,0.));
#10223 = DEFINITIONAL_REPRESENTATION('',(#10224),#10228);
#10224 = LINE('',#10225,#10226);
#10225 = CARTESIAN_POINT('',(4.333333333333,-1.));
#10226 = VECTOR('',#10227,1.);
#10227 = DIRECTION('',(1.,0.));
#10228 = ( GEOMETRIC_REPRESENTATION_CONTEXT(2) 
PARAMETRIC_REPRESENTATION_CONTEXT() REPRESENTATION_CONTEXT('2D SPACE',''
  ) );
#10229 = ORIENTED_EDGE('',*,*,#10230,.F.);
#10230 = EDGE_CURVE('',#10231,#10203,#10233,.T.);
#10231 = VERTEX_POINT('',#10232);
#10232 = CARTESIAN_POINT('',(10.33333332949,-4.333333333333,
    76.133333333333));
#10233 = SURFACE_CURVE('',#10234,(#10239,#10250),.PCURVE_S1.);
#10234 = CIRCLE('',#10235,6.);
#10235 = AXIS2_PLACEMENT_3D('',#10236,#10237,#10238);
#10236 = CARTESIAN_POINT('',(4.333333325646,-4.333333333333,
    76.133333333333));
#10237 = DIRECTION('',(0.,0.,-1.));
#10238 = DIRECTION('',(-1.,0.,0.));
#10239 = PCURVE('',#10123,#10240);
#10240 = DEFINITIONAL_REPRESENTATION('',(#10241),#10249);
#10241 = ( BOUNDED_CURVE() B_SPLINE_CURVE(2,(#10242,#10243,#10244,#10245
    ,#10246,#10247,#10248),.UNSPECIFIED.,.T.,.F.) 
B_SPLINE_CURVE_WITH_KNOTS((1,2,2,2,2,1),(-2.094395102393,0.,
    2.094395102393,4.188790204786,6.28318530718,8.377580409573),
.UNSPECIFIED.) CURVE() GEOMETRIC_REPRESENTATION_ITEM() 
RATIONAL_B_SPLINE_CURVE((1.,0.5,1.,0.5,1.,0.5,1.)) REPRESENTATION_ITEM(
  '') );
#10242 = CARTESIAN_POINT('',(-1.666666672895,-4.333333332979));
#10243 = CARTESIAN_POINT('',(-1.666666672895,6.058971512434));
#10244 = CARTESIAN_POINT('',(7.333333327105,0.862819089728));
#10245 = CARTESIAN_POINT('',(16.333333327105,-4.333333332979));
#10246 = CARTESIAN_POINT('',(7.333333327105,-9.529485755685));
#10247 = CARTESIAN_POINT('',(-1.666666672895,-14.72563817839));
#10248 = CARTESIAN_POINT('',(-1.666666672895,-4.333333332979));
#10249 = ( GEOMETRIC_REPRESENTATION_CONTEXT(2) 
PARAMETRIC_REPRESENTATION_CONTEXT() REPRESENTATION_CONTEXT('2D SPACE',''
  ) );
#10250 = PCURVE('',#10251,#10256);
#10251 = CYLINDRICAL_SURFACE('',#10252,6.);
#10252 = AXIS2_PLACEMENT_3D('',#10253,#10254,#10255);
#10253 = CARTESIAN_POINT('',(4.333333325646,-4.333333333333,
    75.133333333333));
#10254 = DIRECTION('',(0.,0.,-1.));
#10255 = DIRECTION('',(-1.,0.,0.));
#10256 = DEFINITIONAL_REPRESENTATION('',(#10257),#10261);
#10257 = LINE('',#10258,#10259);
#10258 = CARTESIAN_POINT('',(0.,-1.));
#10259 = VECTOR('',#10260,1.);
#10260 = DIRECTION('',(1.,0.));
#10261 = ( GEOMETRIC_REPRESENTATION_CONTEXT(2) 
PARAMETRIC_REPRESENTATION_CONTEXT() REPRESENTATION_CONTEXT('2D SPACE',''
  ) );
#10262 = ORIENTED_EDGE('',*,*,#10263,.T.);
#10263 = EDGE_CURVE('',#10231,#10264,#10266,.T.);
#10264 = VERTEX_POINT('',#10265);
#10265 = CARTESIAN_POINT('',(10.333333333333,4.33333332949,
    76.133333333333));
#10266 = SURFACE_CURVE('',#10267,(#10271,#10278),.PCURVE_S1.);
#10267 = LINE('',#10268,#10269);
#10268 = CARTESIAN_POINT('',(10.333333333333,1.7763568394E-15,
    76.133333333333));
#10269 = VECTOR('',#10270,1.);
#10270 = DIRECTION('',(0.,1.,0.));
#10271 = PCURVE('',#10123,#10272);
#10272 = DEFINITIONAL_REPRESENTATION('',(#10273),#10277);
#10273 = LINE('',#10274,#10275);
#10274 = CARTESIAN_POINT('',(10.333333334792,3.545232125697E-10));
#10275 = VECTOR('',#10276,1.);
#10276 = DIRECTION('',(0.,1.));
#10277 = ( GEOMETRIC_REPRESENTATION_CONTEXT(2) 
PARAMETRIC_REPRESENTATION_CONTEXT() REPRESENTATION_CONTEXT('2D SPACE',''
  ) );
#10278 = PCURVE('',#10279,#10284);
#10279 = PLANE('',#10280);
#10280 = AXIS2_PLACEMENT_3D('',#10281,#10282,#10283);
#10281 = CARTESIAN_POINT('',(10.333333333333,-4.333333333333,
    75.133333333333));
#10282 = DIRECTION('',(-1.,0.,0.));
#10283 = DIRECTION('',(0.,1.,0.));
#10284 = DEFINITIONAL_REPRESENTATION('',(#10285),#10289);
#10285 = LINE('',#10286,#10287);
#10286 = CARTESIAN_POINT('',(4.333333333333,-1.));
#10287 = VECTOR('',#10288,1.);
#10288 = DIRECTION('',(1.,0.));
#10289 = ( GEOMETRIC_REPRESENTATION_CONTEXT(2) 
PARAMETRIC_REPRESENTATION_CONTEXT() REPRESENTATION_CONTEXT('2D SPACE',''
  ) );
#10290 = ORIENTED_EDGE('',*,*,#10291,.F.);
#10291 = EDGE_CURVE('',#10292,#10264,#10294,.T.);
#10292 = VERTEX_POINT('',#10293);
#10293 = CARTESIAN_POINT('',(4.333333333333,10.333333331411,
    76.133333333333));
#10294 = SURFACE_CURVE('',#10295,(#10300,#10311),.PCURVE_S1.);
#10295 = CIRCLE('',#10296,6.);
#10296 = AXIS2_PLACEMENT_3D('',#10297,#10298,#10299);
#10297 = CARTESIAN_POINT('',(4.333333333333,4.33333332949,
    76.133333333333));
#10298 = DIRECTION('',(0.,0.,-1.));
#10299 = DIRECTION('',(-1.,0.,0.));
#10300 = PCURVE('',#10123,#10301);
#10301 = DEFINITIONAL_REPRESENTATION('',(#10302),#10310);
#10302 = ( BOUNDED_CURVE() B_SPLINE_CURVE(2,(#10303,#10304,#10305,#10306
    ,#10307,#10308,#10309),.UNSPECIFIED.,.T.,.F.) 
B_SPLINE_CURVE_WITH_KNOTS((1,2,2,2,2,1),(-2.094395102393,0.,
    2.094395102393,4.188790204786,6.28318530718,8.377580409573),
.UNSPECIFIED.) CURVE() GEOMETRIC_REPRESENTATION_ITEM() 
RATIONAL_B_SPLINE_CURVE((1.,0.5,1.,0.5,1.,0.5,1.)) REPRESENTATION_ITEM(
  '') );
#10303 = CARTESIAN_POINT('',(-1.666666665208,4.333333329844));
#10304 = CARTESIAN_POINT('',(-1.666666665208,14.725638175257));
#10305 = CARTESIAN_POINT('',(7.333333334792,9.529485752551));
#10306 = CARTESIAN_POINT('',(16.333333334792,4.333333329844));
#10307 = CARTESIAN_POINT('',(7.333333334792,-0.862819092863));
#10308 = CARTESIAN_POINT('',(-1.666666665208,-6.058971515569));
#10309 = CARTESIAN_POINT('',(-1.666666665208,4.333333329844));
#10310 = ( GEOMETRIC_REPRESENTATION_CONTEXT(2) 
PARAMETRIC_REPRESENTATION_CONTEXT() REPRESENTATION_CONTEXT('2D SPACE',''
  ) );
#10311 = PCURVE('',#10312,#10317);
#10312 = CYLINDRICAL_SURFACE('',#10313,6.);
#10313 = AXIS2_PLACEMENT_3D('',#10314,#10315,#10316);
#10314 = CARTESIAN_POINT('',(4.333333333333,4.33333332949,
    75.133333333333));
#10315 = DIRECTION('',(0.,0.,-1.));
#10316 = DIRECTION('',(-1.,0.,0.));
#10317 = DEFINITIONAL_REPRESENTATION('',(#10318),#10322);
#10318 = LINE('',#10319,#10320);
#10319 = CARTESIAN_POINT('',(0.,-1.));
#10320 = VECTOR('',#10321,1.);
#10321 = DIRECTION('',(1.,0.));
#10322 = ( GEOMETRIC_REPRESENTATION_CONTEXT(2) 
PARAMETRIC_REPRESENTATION_CONTEXT() REPRESENTATION_CONTEXT('2D SPACE',''
  ) );
#10323 = ORIENTED_EDGE('',*,*,#10324,.F.);
#10324 = EDGE_CURVE('',#10325,#10292,#10327,.T.);
#10325 = VERTEX_POINT('',#10326);
#10326 = CARTESIAN_POINT('',(-4.333333333333,10.333333331411,
    76.133333333333));
#10327 = SURFACE_CURVE('',#10328,(#10332,#10339),.PCURVE_S1.);
#10328 = LINE('',#10329,#10330);
#10329 = CARTESIAN_POINT('',(0.,10.333333333333,76.133333333333));
#10330 = VECTOR('',#10331,1.);
#10331 = DIRECTION('',(1.,0.,0.));
#10332 = PCURVE('',#10123,#10333);
#10333 = DEFINITIONAL_REPRESENTATION('',(#10334),#10338);
#10334 = LINE('',#10335,#10336);
#10335 = CARTESIAN_POINT('',(1.458811737535E-09,10.333333333688));
#10336 = VECTOR('',#10337,1.);
#10337 = DIRECTION('',(1.,0.));
#10338 = ( GEOMETRIC_REPRESENTATION_CONTEXT(2) 
PARAMETRIC_REPRESENTATION_CONTEXT() REPRESENTATION_CONTEXT('2D SPACE',''
  ) );
#10339 = PCURVE('',#10340,#10345);
#10340 = PLANE('',#10341);
#10341 = AXIS2_PLACEMENT_3D('',#10342,#10343,#10344);
#10342 = CARTESIAN_POINT('',(-4.333333333333,10.333333333333,
    75.133333333333));
#10343 = DIRECTION('',(0.,1.,0.));
#10344 = DIRECTION('',(1.,0.,0.));
#10345 = DEFINITIONAL_REPRESENTATION('',(#10346),#10350);
#10346 = LINE('',#10347,#10348);
#10347 = CARTESIAN_POINT('',(4.333333333333,-1.));
#10348 = VECTOR('',#10349,1.);
#10349 = DIRECTION('',(1.,0.));
#10350 = ( GEOMETRIC_REPRESENTATION_CONTEXT(2) 
PARAMETRIC_REPRESENTATION_CONTEXT() REPRESENTATION_CONTEXT('2D SPACE',''
  ) );
#10351 = ORIENTED_EDGE('',*,*,#10352,.F.);
#10352 = EDGE_CURVE('',#10142,#10325,#10353,.T.);
#10353 = SURFACE_CURVE('',#10354,(#10359,#10370),.PCURVE_S1.);
#10354 = CIRCLE('',#10355,6.);
#10355 = AXIS2_PLACEMENT_3D('',#10356,#10357,#10358);
#10356 = CARTESIAN_POINT('',(-4.333333333333,4.33333332949,
    76.133333333333));
#10357 = DIRECTION('',(0.,0.,-1.));
#10358 = DIRECTION('',(-1.,0.,0.));
#10359 = PCURVE('',#10123,#10360);
#10360 = DEFINITIONAL_REPRESENTATION('',(#10361),#10369);
#10361 = ( BOUNDED_CURVE() B_SPLINE_CURVE(2,(#10362,#10363,#10364,#10365
    ,#10366,#10367,#10368),.UNSPECIFIED.,.T.,.F.) 
B_SPLINE_CURVE_WITH_KNOTS((1,2,2,2,2,1),(-2.094395102393,0.,
    2.094395102393,4.188790204786,6.28318530718,8.377580409573),
.UNSPECIFIED.) CURVE() GEOMETRIC_REPRESENTATION_ITEM() 
RATIONAL_B_SPLINE_CURVE((1.,0.5,1.,0.5,1.,0.5,1.)) REPRESENTATION_ITEM(
  '') );
#10362 = CARTESIAN_POINT('',(-10.33333333187,4.333333329844));
#10363 = CARTESIAN_POINT('',(-10.33333333187,14.725638175257));
#10364 = CARTESIAN_POINT('',(-1.333333331875,9.529485752551));
#10365 = CARTESIAN_POINT('',(7.666666668125,4.333333329844));
#10366 = CARTESIAN_POINT('',(-1.333333331875,-0.862819092863));
#10367 = CARTESIAN_POINT('',(-10.33333333187,-6.058971515569));
#10368 = CARTESIAN_POINT('',(-10.33333333187,4.333333329844));
#10369 = ( GEOMETRIC_REPRESENTATION_CONTEXT(2) 
PARAMETRIC_REPRESENTATION_CONTEXT() REPRESENTATION_CONTEXT('2D SPACE',''
  ) );
#10370 = PCURVE('',#10371,#10376);
#10371 = CYLINDRICAL_SURFACE('',#10372,6.);
#10372 = AXIS2_PLACEMENT_3D('',#10373,#10374,#10375);
#10373 = CARTESIAN_POINT('',(-4.333333333333,4.33333332949,
    75.133333333333));
#10374 = DIRECTION('',(0.,0.,-1.));
#10375 = DIRECTION('',(-1.,0.,0.));
#10376 = DEFINITIONAL_REPRESENTATION('',(#10377),#10381);
#10377 = LINE('',#10378,#10379);
#10378 = CARTESIAN_POINT('',(0.,-1.));
#10379 = VECTOR('',#10380,1.);
#10380 = DIRECTION('',(1.,0.));
#10381 = ( GEOMETRIC_REPRESENTATION_CONTEXT(2) 
PARAMETRIC_REPRESENTATION_CONTEXT() REPRESENTATION_CONTEXT('2D SPACE',''
  ) );
#10382 = FACE_BOUND('',#10383,.T.);
#10383 = EDGE_LOOP('',(#10384));
#10384 = ORIENTED_EDGE('',*,*,#10108,.F.);
#10385 = ADVANCED_FACE('',(#10386),#10157,.T.);
#10386 = FACE_BOUND('',#10387,.T.);
#10387 = EDGE_LOOP('',(#10388,#10411,#10412,#10435));
#10388 = ORIENTED_EDGE('',*,*,#10389,.T.);
#10389 = EDGE_CURVE('',#10390,#10140,#10392,.T.);
#10390 = VERTEX_POINT('',#10391);
#10391 = CARTESIAN_POINT('',(-10.33333333333,-4.333333333333,
    75.133333333333));
#10392 = SURFACE_CURVE('',#10393,(#10397,#10404),.PCURVE_S1.);
#10393 = LINE('',#10394,#10395);
#10394 = CARTESIAN_POINT('',(-10.33333333333,-4.333333333333,
    75.133333333333));
#10395 = VECTOR('',#10396,1.);
#10396 = DIRECTION('',(0.,0.,1.));
#10397 = PCURVE('',#10157,#10398);
#10398 = DEFINITIONAL_REPRESENTATION('',(#10399),#10403);
#10399 = LINE('',#10400,#10401);
#10400 = CARTESIAN_POINT('',(-8.881784197001E-16,0.));
#10401 = VECTOR('',#10402,1.);
#10402 = DIRECTION('',(0.,-1.));
#10403 = ( GEOMETRIC_REPRESENTATION_CONTEXT(2) 
PARAMETRIC_REPRESENTATION_CONTEXT() REPRESENTATION_CONTEXT('2D SPACE',''
  ) );
#10404 = PCURVE('',#10190,#10405);
#10405 = DEFINITIONAL_REPRESENTATION('',(#10406),#10410);
#10406 = LINE('',#10407,#10408);
#10407 = CARTESIAN_POINT('',(6.28318530718,0.));
#10408 = VECTOR('',#10409,1.);
#10409 = DIRECTION('',(0.,-1.));
#10410 = ( GEOMETRIC_REPRESENTATION_CONTEXT(2) 
PARAMETRIC_REPRESENTATION_CONTEXT() REPRESENTATION_CONTEXT('2D SPACE',''
  ) );
#10411 = ORIENTED_EDGE('',*,*,#10139,.T.);
#10412 = ORIENTED_EDGE('',*,*,#10413,.F.);
#10413 = EDGE_CURVE('',#10414,#10142,#10416,.T.);
#10414 = VERTEX_POINT('',#10415);
#10415 = CARTESIAN_POINT('',(-10.33333333333,4.33333332949,
    75.133333333333));
#10416 = SURFACE_CURVE('',#10417,(#10421,#10428),.PCURVE_S1.);
#10417 = LINE('',#10418,#10419);
#10418 = CARTESIAN_POINT('',(-10.33333333333,4.33333332949,
    75.133333333333));
#10419 = VECTOR('',#10420,1.);
#10420 = DIRECTION('',(0.,0.,1.));
#10421 = PCURVE('',#10157,#10422);
#10422 = DEFINITIONAL_REPRESENTATION('',(#10423),#10427);
#10423 = LINE('',#10424,#10425);
#10424 = CARTESIAN_POINT('',(8.666666662823,0.));
#10425 = VECTOR('',#10426,1.);
#10426 = DIRECTION('',(0.,-1.));
#10427 = ( GEOMETRIC_REPRESENTATION_CONTEXT(2) 
PARAMETRIC_REPRESENTATION_CONTEXT() REPRESENTATION_CONTEXT('2D SPACE',''
  ) );
#10428 = PCURVE('',#10371,#10429);
#10429 = DEFINITIONAL_REPRESENTATION('',(#10430),#10434);
#10430 = LINE('',#10431,#10432);
#10431 = CARTESIAN_POINT('',(0.,0.));
#10432 = VECTOR('',#10433,1.);
#10433 = DIRECTION('',(0.,-1.));
#10434 = ( GEOMETRIC_REPRESENTATION_CONTEXT(2) 
PARAMETRIC_REPRESENTATION_CONTEXT() REPRESENTATION_CONTEXT('2D SPACE',''
  ) );
#10435 = ORIENTED_EDGE('',*,*,#10436,.F.);
#10436 = EDGE_CURVE('',#10390,#10414,#10437,.T.);
#10437 = SURFACE_CURVE('',#10438,(#10442,#10449),.PCURVE_S1.);
#10438 = LINE('',#10439,#10440);
#10439 = CARTESIAN_POINT('',(-10.33333333333,1.7763568394E-15,
    75.133333333333));
#10440 = VECTOR('',#10441,1.);
#10441 = DIRECTION('',(0.,1.,0.));
#10442 = PCURVE('',#10157,#10443);
#10443 = DEFINITIONAL_REPRESENTATION('',(#10444),#10448);
#10444 = LINE('',#10445,#10446);
#10445 = CARTESIAN_POINT('',(4.333333333333,0.));
#10446 = VECTOR('',#10447,1.);
#10447 = DIRECTION('',(1.,0.));
#10448 = ( GEOMETRIC_REPRESENTATION_CONTEXT(2) 
PARAMETRIC_REPRESENTATION_CONTEXT() REPRESENTATION_CONTEXT('2D SPACE',''
  ) );
#10449 = PCURVE('',#10450,#10455);
#10450 = PLANE('',#10451);
#10451 = AXIS2_PLACEMENT_3D('',#10452,#10453,#10454);
#10452 = CARTESIAN_POINT('',(-1.458811737535E-09,-3.545214362129E-10,
    75.133333333333));
#10453 = DIRECTION('',(0.,0.,1.));
#10454 = DIRECTION('',(1.,0.,0.));
#10455 = DEFINITIONAL_REPRESENTATION('',(#10456),#10460);
#10456 = LINE('',#10457,#10458);
#10457 = CARTESIAN_POINT('',(-10.33333333187,3.545232125697E-10));
#10458 = VECTOR('',#10459,1.);
#10459 = DIRECTION('',(0.,1.));
#10460 = ( GEOMETRIC_REPRESENTATION_CONTEXT(2) 
PARAMETRIC_REPRESENTATION_CONTEXT() REPRESENTATION_CONTEXT('2D SPACE',''
  ) );
#10461 = ADVANCED_FACE('',(#10462),#10190,.T.);
#10462 = FACE_BOUND('',#10463,.T.);
#10463 = EDGE_LOOP('',(#10464,#10487,#10488,#10489));
#10464 = ORIENTED_EDGE('',*,*,#10465,.T.);
#10465 = EDGE_CURVE('',#10466,#10170,#10468,.T.);
#10466 = VERTEX_POINT('',#10467);
#10467 = CARTESIAN_POINT('',(-4.333333333333,-10.33333333333,
    75.133333333333));
#10468 = SURFACE_CURVE('',#10469,(#10473,#10480),.PCURVE_S1.);
#10469 = LINE('',#10470,#10471);
#10470 = CARTESIAN_POINT('',(-4.333333333333,-10.33333333333,
    75.133333333333));
#10471 = VECTOR('',#10472,1.);
#10472 = DIRECTION('',(0.,0.,1.));
#10473 = PCURVE('',#10190,#10474);
#10474 = DEFINITIONAL_REPRESENTATION('',(#10475),#10479);
#10475 = LINE('',#10476,#10477);
#10476 = CARTESIAN_POINT('',(4.712388980385,0.));
#10477 = VECTOR('',#10478,1.);
#10478 = DIRECTION('',(0.,-1.));
#10479 = ( GEOMETRIC_REPRESENTATION_CONTEXT(2) 
PARAMETRIC_REPRESENTATION_CONTEXT() REPRESENTATION_CONTEXT('2D SPACE',''
  ) );
#10480 = PCURVE('',#10218,#10481);
#10481 = DEFINITIONAL_REPRESENTATION('',(#10482),#10486);
#10482 = LINE('',#10483,#10484);
#10483 = CARTESIAN_POINT('',(0.,0.));
#10484 = VECTOR('',#10485,1.);
#10485 = DIRECTION('',(0.,-1.));
#10486 = ( GEOMETRIC_REPRESENTATION_CONTEXT(2) 
PARAMETRIC_REPRESENTATION_CONTEXT() REPRESENTATION_CONTEXT('2D SPACE',''
  ) );
#10487 = ORIENTED_EDGE('',*,*,#10169,.T.);
#10488 = ORIENTED_EDGE('',*,*,#10389,.F.);
#10489 = ORIENTED_EDGE('',*,*,#10490,.F.);
#10490 = EDGE_CURVE('',#10466,#10390,#10491,.T.);
#10491 = SURFACE_CURVE('',#10492,(#10497,#10504),.PCURVE_S1.);
#10492 = CIRCLE('',#10493,6.);
#10493 = AXIS2_PLACEMENT_3D('',#10494,#10495,#10496);
#10494 = CARTESIAN_POINT('',(-4.333333333333,-4.333333333333,
    75.133333333333));
#10495 = DIRECTION('',(0.,0.,-1.));
#10496 = DIRECTION('',(-1.,0.,0.));
#10497 = PCURVE('',#10190,#10498);
#10498 = DEFINITIONAL_REPRESENTATION('',(#10499),#10503);
#10499 = LINE('',#10500,#10501);
#10500 = CARTESIAN_POINT('',(0.,0.));
#10501 = VECTOR('',#10502,1.);
#10502 = DIRECTION('',(1.,0.));
#10503 = ( GEOMETRIC_REPRESENTATION_CONTEXT(2) 
PARAMETRIC_REPRESENTATION_CONTEXT() REPRESENTATION_CONTEXT('2D SPACE',''
  ) );
#10504 = PCURVE('',#10450,#10505);
#10505 = DEFINITIONAL_REPRESENTATION('',(#10506),#10514);
#10506 = ( BOUNDED_CURVE() B_SPLINE_CURVE(2,(#10507,#10508,#10509,#10510
    ,#10511,#10512,#10513),.UNSPECIFIED.,.T.,.F.) 
B_SPLINE_CURVE_WITH_KNOTS((1,2,2,2,2,1),(-2.094395102393,0.,
    2.094395102393,4.188790204786,6.28318530718,8.377580409573),
.UNSPECIFIED.) CURVE() GEOMETRIC_REPRESENTATION_ITEM() 
RATIONAL_B_SPLINE_CURVE((1.,0.5,1.,0.5,1.,0.5,1.)) REPRESENTATION_ITEM(
  '') );
#10507 = CARTESIAN_POINT('',(-10.33333333187,-4.333333332979));
#10508 = CARTESIAN_POINT('',(-10.33333333187,6.058971512434));
#10509 = CARTESIAN_POINT('',(-1.333333331875,0.862819089728));
#10510 = CARTESIAN_POINT('',(7.666666668125,-4.333333332979));
#10511 = CARTESIAN_POINT('',(-1.333333331875,-9.529485755685));
#10512 = CARTESIAN_POINT('',(-10.33333333187,-14.72563817839));
#10513 = CARTESIAN_POINT('',(-10.33333333187,-4.333333332979));
#10514 = ( GEOMETRIC_REPRESENTATION_CONTEXT(2) 
PARAMETRIC_REPRESENTATION_CONTEXT() REPRESENTATION_CONTEXT('2D SPACE',''
  ) );
#10515 = ADVANCED_FACE('',(#10516),#10371,.T.);
#10516 = FACE_BOUND('',#10517,.T.);
#10517 = EDGE_LOOP('',(#10518,#10519,#10520,#10543));
#10518 = ORIENTED_EDGE('',*,*,#10413,.T.);
#10519 = ORIENTED_EDGE('',*,*,#10352,.T.);
#10520 = ORIENTED_EDGE('',*,*,#10521,.F.);
#10521 = EDGE_CURVE('',#10522,#10325,#10524,.T.);
#10522 = VERTEX_POINT('',#10523);
#10523 = CARTESIAN_POINT('',(-4.333333333333,10.333333331411,
    75.133333333333));
#10524 = SURFACE_CURVE('',#10525,(#10529,#10536),.PCURVE_S1.);
#10525 = LINE('',#10526,#10527);
#10526 = CARTESIAN_POINT('',(-4.333333333333,10.333333331411,
    75.133333333333));
#10527 = VECTOR('',#10528,1.);
#10528 = DIRECTION('',(0.,0.,1.));
#10529 = PCURVE('',#10371,#10530);
#10530 = DEFINITIONAL_REPRESENTATION('',(#10531),#10535);
#10531 = LINE('',#10532,#10533);
#10532 = CARTESIAN_POINT('',(1.570796326795,0.));
#10533 = VECTOR('',#10534,1.);
#10534 = DIRECTION('',(0.,-1.));
#10535 = ( GEOMETRIC_REPRESENTATION_CONTEXT(2) 
PARAMETRIC_REPRESENTATION_CONTEXT() REPRESENTATION_CONTEXT('2D SPACE',''
  ) );
#10536 = PCURVE('',#10340,#10537);
#10537 = DEFINITIONAL_REPRESENTATION('',(#10538),#10542);
#10538 = LINE('',#10539,#10540);
#10539 = CARTESIAN_POINT('',(0.,0.));
#10540 = VECTOR('',#10541,1.);
#10541 = DIRECTION('',(0.,-1.));
#10542 = ( GEOMETRIC_REPRESENTATION_CONTEXT(2) 
PARAMETRIC_REPRESENTATION_CONTEXT() REPRESENTATION_CONTEXT('2D SPACE',''
  ) );
#10543 = ORIENTED_EDGE('',*,*,#10544,.F.);
#10544 = EDGE_CURVE('',#10414,#10522,#10545,.T.);
#10545 = SURFACE_CURVE('',#10546,(#10551,#10558),.PCURVE_S1.);
#10546 = CIRCLE('',#10547,6.);
#10547 = AXIS2_PLACEMENT_3D('',#10548,#10549,#10550);
#10548 = CARTESIAN_POINT('',(-4.333333333333,4.33333332949,
    75.133333333333));
#10549 = DIRECTION('',(0.,0.,-1.));
#10550 = DIRECTION('',(-1.,0.,0.));
#10551 = PCURVE('',#10371,#10552);
#10552 = DEFINITIONAL_REPRESENTATION('',(#10553),#10557);
#10553 = LINE('',#10554,#10555);
#10554 = CARTESIAN_POINT('',(0.,0.));
#10555 = VECTOR('',#10556,1.);
#10556 = DIRECTION('',(1.,0.));
#10557 = ( GEOMETRIC_REPRESENTATION_CONTEXT(2) 
PARAMETRIC_REPRESENTATION_CONTEXT() REPRESENTATION_CONTEXT('2D SPACE',''
  ) );
#10558 = PCURVE('',#10450,#10559);
#10559 = DEFINITIONAL_REPRESENTATION('',(#10560),#10568);
#10560 = ( BOUNDED_CURVE() B_SPLINE_CURVE(2,(#10561,#10562,#10563,#10564
    ,#10565,#10566,#10567),.UNSPECIFIED.,.T.,.F.) 
B_SPLINE_CURVE_WITH_KNOTS((1,2,2,2,2,1),(-2.094395102393,0.,
    2.094395102393,4.188790204786,6.28318530718,8.377580409573),
.UNSPECIFIED.) CURVE() GEOMETRIC_REPRESENTATION_ITEM() 
RATIONAL_B_SPLINE_CURVE((1.,0.5,1.,0.5,1.,0.5,1.)) REPRESENTATION_ITEM(
  '') );
#10561 = CARTESIAN_POINT('',(-10.33333333187,4.333333329844));
#10562 = CARTESIAN_POINT('',(-10.33333333187,14.725638175257));
#10563 = CARTESIAN_POINT('',(-1.333333331875,9.529485752551));
#10564 = CARTESIAN_POINT('',(7.666666668125,4.333333329844));
#10565 = CARTESIAN_POINT('',(-1.333333331875,-0.862819092863));
#10566 = CARTESIAN_POINT('',(-10.33333333187,-6.058971515569));
#10567 = CARTESIAN_POINT('',(-10.33333333187,4.333333329844));
#10568 = ( GEOMETRIC_REPRESENTATION_CONTEXT(2) 
PARAMETRIC_REPRESENTATION_CONTEXT() REPRESENTATION_CONTEXT('2D SPACE',''
  ) );
#10569 = ADVANCED_FACE('',(#10570),#10218,.F.);
#10570 = FACE_BOUND('',#10571,.F.);
#10571 = EDGE_LOOP('',(#10572,#10573,#10574,#10597));
#10572 = ORIENTED_EDGE('',*,*,#10465,.T.);
#10573 = ORIENTED_EDGE('',*,*,#10202,.T.);
#10574 = ORIENTED_EDGE('',*,*,#10575,.F.);
#10575 = EDGE_CURVE('',#10576,#10203,#10578,.T.);
#10576 = VERTEX_POINT('',#10577);
#10577 = CARTESIAN_POINT('',(4.333333325646,-10.33333333333,
    75.133333333333));
#10578 = SURFACE_CURVE('',#10579,(#10583,#10590),.PCURVE_S1.);
#10579 = LINE('',#10580,#10581);
#10580 = CARTESIAN_POINT('',(4.333333325646,-10.33333333333,
    75.133333333333));
#10581 = VECTOR('',#10582,1.);
#10582 = DIRECTION('',(0.,0.,1.));
#10583 = PCURVE('',#10218,#10584);
#10584 = DEFINITIONAL_REPRESENTATION('',(#10585),#10589);
#10585 = LINE('',#10586,#10587);
#10586 = CARTESIAN_POINT('',(8.666666658979,0.));
#10587 = VECTOR('',#10588,1.);
#10588 = DIRECTION('',(0.,-1.));
#10589 = ( GEOMETRIC_REPRESENTATION_CONTEXT(2) 
PARAMETRIC_REPRESENTATION_CONTEXT() REPRESENTATION_CONTEXT('2D SPACE',''
  ) );
#10590 = PCURVE('',#10251,#10591);
#10591 = DEFINITIONAL_REPRESENTATION('',(#10592),#10596);
#10592 = LINE('',#10593,#10594);
#10593 = CARTESIAN_POINT('',(4.712388980385,0.));
#10594 = VECTOR('',#10595,1.);
#10595 = DIRECTION('',(0.,-1.));
#10596 = ( GEOMETRIC_REPRESENTATION_CONTEXT(2) 
PARAMETRIC_REPRESENTATION_CONTEXT() REPRESENTATION_CONTEXT('2D SPACE',''
  ) );
#10597 = ORIENTED_EDGE('',*,*,#10598,.F.);
#10598 = EDGE_CURVE('',#10466,#10576,#10599,.T.);
#10599 = SURFACE_CURVE('',#10600,(#10604,#10611),.PCURVE_S1.);
#10600 = LINE('',#10601,#10602);
#10601 = CARTESIAN_POINT('',(0.,-10.33333333333,75.133333333333));
#10602 = VECTOR('',#10603,1.);
#10603 = DIRECTION('',(1.,0.,0.));
#10604 = PCURVE('',#10218,#10605);
#10605 = DEFINITIONAL_REPRESENTATION('',(#10606),#10610);
#10606 = LINE('',#10607,#10608);
#10607 = CARTESIAN_POINT('',(4.333333333333,0.));
#10608 = VECTOR('',#10609,1.);
#10609 = DIRECTION('',(1.,0.));
#10610 = ( GEOMETRIC_REPRESENTATION_CONTEXT(2) 
PARAMETRIC_REPRESENTATION_CONTEXT() REPRESENTATION_CONTEXT('2D SPACE',''
  ) );
#10611 = PCURVE('',#10450,#10612);
#10612 = DEFINITIONAL_REPRESENTATION('',(#10613),#10617);
#10613 = LINE('',#10614,#10615);
#10614 = CARTESIAN_POINT('',(1.458811737535E-09,-10.33333333297));
#10615 = VECTOR('',#10616,1.);
#10616 = DIRECTION('',(1.,0.));
#10617 = ( GEOMETRIC_REPRESENTATION_CONTEXT(2) 
PARAMETRIC_REPRESENTATION_CONTEXT() REPRESENTATION_CONTEXT('2D SPACE',''
  ) );
#10618 = ADVANCED_FACE('',(#10619),#10340,.T.);
#10619 = FACE_BOUND('',#10620,.T.);
#10620 = EDGE_LOOP('',(#10621,#10622,#10623,#10646));
#10621 = ORIENTED_EDGE('',*,*,#10521,.T.);
#10622 = ORIENTED_EDGE('',*,*,#10324,.T.);
#10623 = ORIENTED_EDGE('',*,*,#10624,.F.);
#10624 = EDGE_CURVE('',#10625,#10292,#10627,.T.);
#10625 = VERTEX_POINT('',#10626);
#10626 = CARTESIAN_POINT('',(4.333333333333,10.333333331411,
    75.133333333333));
#10627 = SURFACE_CURVE('',#10628,(#10632,#10639),.PCURVE_S1.);
#10628 = LINE('',#10629,#10630);
#10629 = CARTESIAN_POINT('',(4.333333333333,10.333333331411,
    75.133333333333));
#10630 = VECTOR('',#10631,1.);
#10631 = DIRECTION('',(0.,0.,1.));
#10632 = PCURVE('',#10340,#10633);
#10633 = DEFINITIONAL_REPRESENTATION('',(#10634),#10638);
#10634 = LINE('',#10635,#10636);
#10635 = CARTESIAN_POINT('',(8.666666666667,0.));
#10636 = VECTOR('',#10637,1.);
#10637 = DIRECTION('',(0.,-1.));
#10638 = ( GEOMETRIC_REPRESENTATION_CONTEXT(2) 
PARAMETRIC_REPRESENTATION_CONTEXT() REPRESENTATION_CONTEXT('2D SPACE',''
  ) );
#10639 = PCURVE('',#10312,#10640);
#10640 = DEFINITIONAL_REPRESENTATION('',(#10641),#10645);
#10641 = LINE('',#10642,#10643);
#10642 = CARTESIAN_POINT('',(1.570796326795,0.));
#10643 = VECTOR('',#10644,1.);
#10644 = DIRECTION('',(0.,-1.));
#10645 = ( GEOMETRIC_REPRESENTATION_CONTEXT(2) 
PARAMETRIC_REPRESENTATION_CONTEXT() REPRESENTATION_CONTEXT('2D SPACE',''
  ) );
#10646 = ORIENTED_EDGE('',*,*,#10647,.F.);
#10647 = EDGE_CURVE('',#10522,#10625,#10648,.T.);
#10648 = SURFACE_CURVE('',#10649,(#10653,#10660),.PCURVE_S1.);
#10649 = LINE('',#10650,#10651);
#10650 = CARTESIAN_POINT('',(0.,10.333333333333,75.133333333333));
#10651 = VECTOR('',#10652,1.);
#10652 = DIRECTION('',(1.,0.,0.));
#10653 = PCURVE('',#10340,#10654);
#10654 = DEFINITIONAL_REPRESENTATION('',(#10655),#10659);
#10655 = LINE('',#10656,#10657);
#10656 = CARTESIAN_POINT('',(4.333333333333,0.));
#10657 = VECTOR('',#10658,1.);
#10658 = DIRECTION('',(1.,0.));
#10659 = ( GEOMETRIC_REPRESENTATION_CONTEXT(2) 
PARAMETRIC_REPRESENTATION_CONTEXT() REPRESENTATION_CONTEXT('2D SPACE',''
  ) );
#10660 = PCURVE('',#10450,#10661);
#10661 = DEFINITIONAL_REPRESENTATION('',(#10662),#10666);
#10662 = LINE('',#10663,#10664);
#10663 = CARTESIAN_POINT('',(1.458811737535E-09,10.333333333688));
#10664 = VECTOR('',#10665,1.);
#10665 = DIRECTION('',(1.,0.));
#10666 = ( GEOMETRIC_REPRESENTATION_CONTEXT(2) 
PARAMETRIC_REPRESENTATION_CONTEXT() REPRESENTATION_CONTEXT('2D SPACE',''
  ) );
#10667 = ADVANCED_FACE('',(#10668),#10251,.T.);
#10668 = FACE_BOUND('',#10669,.T.);
#10669 = EDGE_LOOP('',(#10670,#10693,#10694,#10695));
#10670 = ORIENTED_EDGE('',*,*,#10671,.T.);
#10671 = EDGE_CURVE('',#10672,#10231,#10674,.T.);
#10672 = VERTEX_POINT('',#10673);
#10673 = CARTESIAN_POINT('',(10.33333332949,-4.333333333333,
    75.133333333333));
#10674 = SURFACE_CURVE('',#10675,(#10679,#10686),.PCURVE_S1.);
#10675 = LINE('',#10676,#10677);
#10676 = CARTESIAN_POINT('',(10.33333332949,-4.333333333333,
    75.133333333333));
#10677 = VECTOR('',#10678,1.);
#10678 = DIRECTION('',(0.,0.,1.));
#10679 = PCURVE('',#10251,#10680);
#10680 = DEFINITIONAL_REPRESENTATION('',(#10681),#10685);
#10681 = LINE('',#10682,#10683);
#10682 = CARTESIAN_POINT('',(3.14159265359,0.));
#10683 = VECTOR('',#10684,1.);
#10684 = DIRECTION('',(0.,-1.));
#10685 = ( GEOMETRIC_REPRESENTATION_CONTEXT(2) 
PARAMETRIC_REPRESENTATION_CONTEXT() REPRESENTATION_CONTEXT('2D SPACE',''
  ) );
#10686 = PCURVE('',#10279,#10687);
#10687 = DEFINITIONAL_REPRESENTATION('',(#10688),#10692);
#10688 = LINE('',#10689,#10690);
#10689 = CARTESIAN_POINT('',(0.,0.));
#10690 = VECTOR('',#10691,1.);
#10691 = DIRECTION('',(0.,-1.));
#10692 = ( GEOMETRIC_REPRESENTATION_CONTEXT(2) 
PARAMETRIC_REPRESENTATION_CONTEXT() REPRESENTATION_CONTEXT('2D SPACE',''
  ) );
#10693 = ORIENTED_EDGE('',*,*,#10230,.T.);
#10694 = ORIENTED_EDGE('',*,*,#10575,.F.);
#10695 = ORIENTED_EDGE('',*,*,#10696,.F.);
#10696 = EDGE_CURVE('',#10672,#10576,#10697,.T.);
#10697 = SURFACE_CURVE('',#10698,(#10703,#10710),.PCURVE_S1.);
#10698 = CIRCLE('',#10699,6.);
#10699 = AXIS2_PLACEMENT_3D('',#10700,#10701,#10702);
#10700 = CARTESIAN_POINT('',(4.333333325646,-4.333333333333,
    75.133333333333));
#10701 = DIRECTION('',(0.,0.,-1.));
#10702 = DIRECTION('',(-1.,0.,0.));
#10703 = PCURVE('',#10251,#10704);
#10704 = DEFINITIONAL_REPRESENTATION('',(#10705),#10709);
#10705 = LINE('',#10706,#10707);
#10706 = CARTESIAN_POINT('',(0.,0.));
#10707 = VECTOR('',#10708,1.);
#10708 = DIRECTION('',(1.,0.));
#10709 = ( GEOMETRIC_REPRESENTATION_CONTEXT(2) 
PARAMETRIC_REPRESENTATION_CONTEXT() REPRESENTATION_CONTEXT('2D SPACE',''
  ) );
#10710 = PCURVE('',#10450,#10711);
#10711 = DEFINITIONAL_REPRESENTATION('',(#10712),#10720);
#10712 = ( BOUNDED_CURVE() B_SPLINE_CURVE(2,(#10713,#10714,#10715,#10716
    ,#10717,#10718,#10719),.UNSPECIFIED.,.T.,.F.) 
B_SPLINE_CURVE_WITH_KNOTS((1,2,2,2,2,1),(-2.094395102393,0.,
    2.094395102393,4.188790204786,6.28318530718,8.377580409573),
.UNSPECIFIED.) CURVE() GEOMETRIC_REPRESENTATION_ITEM() 
RATIONAL_B_SPLINE_CURVE((1.,0.5,1.,0.5,1.,0.5,1.)) REPRESENTATION_ITEM(
  '') );
#10713 = CARTESIAN_POINT('',(-1.666666672895,-4.333333332979));
#10714 = CARTESIAN_POINT('',(-1.666666672895,6.058971512434));
#10715 = CARTESIAN_POINT('',(7.333333327105,0.862819089728));
#10716 = CARTESIAN_POINT('',(16.333333327105,-4.333333332979));
#10717 = CARTESIAN_POINT('',(7.333333327105,-9.529485755685));
#10718 = CARTESIAN_POINT('',(-1.666666672895,-14.72563817839));
#10719 = CARTESIAN_POINT('',(-1.666666672895,-4.333333332979));
#10720 = ( GEOMETRIC_REPRESENTATION_CONTEXT(2) 
PARAMETRIC_REPRESENTATION_CONTEXT() REPRESENTATION_CONTEXT('2D SPACE',''
  ) );
#10721 = ADVANCED_FACE('',(#10722),#10312,.T.);
#10722 = FACE_BOUND('',#10723,.T.);
#10723 = EDGE_LOOP('',(#10724,#10725,#10726,#10749));
#10724 = ORIENTED_EDGE('',*,*,#10624,.T.);
#10725 = ORIENTED_EDGE('',*,*,#10291,.T.);
#10726 = ORIENTED_EDGE('',*,*,#10727,.F.);
#10727 = EDGE_CURVE('',#10728,#10264,#10730,.T.);
#10728 = VERTEX_POINT('',#10729);
#10729 = CARTESIAN_POINT('',(10.333333333333,4.33333332949,
    75.133333333333));
#10730 = SURFACE_CURVE('',#10731,(#10735,#10742),.PCURVE_S1.);
#10731 = LINE('',#10732,#10733);
#10732 = CARTESIAN_POINT('',(10.333333333333,4.33333332949,
    75.133333333333));
#10733 = VECTOR('',#10734,1.);
#10734 = DIRECTION('',(0.,0.,1.));
#10735 = PCURVE('',#10312,#10736);
#10736 = DEFINITIONAL_REPRESENTATION('',(#10737),#10741);
#10737 = LINE('',#10738,#10739);
#10738 = CARTESIAN_POINT('',(3.14159265359,0.));
#10739 = VECTOR('',#10740,1.);
#10740 = DIRECTION('',(0.,-1.));
#10741 = ( GEOMETRIC_REPRESENTATION_CONTEXT(2) 
PARAMETRIC_REPRESENTATION_CONTEXT() REPRESENTATION_CONTEXT('2D SPACE',''
  ) );
#10742 = PCURVE('',#10279,#10743);
#10743 = DEFINITIONAL_REPRESENTATION('',(#10744),#10748);
#10744 = LINE('',#10745,#10746);
#10745 = CARTESIAN_POINT('',(8.666666662823,0.));
#10746 = VECTOR('',#10747,1.);
#10747 = DIRECTION('',(0.,-1.));
#10748 = ( GEOMETRIC_REPRESENTATION_CONTEXT(2) 
PARAMETRIC_REPRESENTATION_CONTEXT() REPRESENTATION_CONTEXT('2D SPACE',''
  ) );
#10749 = ORIENTED_EDGE('',*,*,#10750,.F.);
#10750 = EDGE_CURVE('',#10625,#10728,#10751,.T.);
#10751 = SURFACE_CURVE('',#10752,(#10757,#10764),.PCURVE_S1.);
#10752 = CIRCLE('',#10753,6.);
#10753 = AXIS2_PLACEMENT_3D('',#10754,#10755,#10756);
#10754 = CARTESIAN_POINT('',(4.333333333333,4.33333332949,
    75.133333333333));
#10755 = DIRECTION('',(0.,0.,-1.));
#10756 = DIRECTION('',(-1.,0.,0.));
#10757 = PCURVE('',#10312,#10758);
#10758 = DEFINITIONAL_REPRESENTATION('',(#10759),#10763);
#10759 = LINE('',#10760,#10761);
#10760 = CARTESIAN_POINT('',(0.,0.));
#10761 = VECTOR('',#10762,1.);
#10762 = DIRECTION('',(1.,0.));
#10763 = ( GEOMETRIC_REPRESENTATION_CONTEXT(2) 
PARAMETRIC_REPRESENTATION_CONTEXT() REPRESENTATION_CONTEXT('2D SPACE',''
  ) );
#10764 = PCURVE('',#10450,#10765);
#10765 = DEFINITIONAL_REPRESENTATION('',(#10766),#10774);
#10766 = ( BOUNDED_CURVE() B_SPLINE_CURVE(2,(#10767,#10768,#10769,#10770
    ,#10771,#10772,#10773),.UNSPECIFIED.,.T.,.F.) 
B_SPLINE_CURVE_WITH_KNOTS((1,2,2,2,2,1),(-2.094395102393,0.,
    2.094395102393,4.188790204786,6.28318530718,8.377580409573),
.UNSPECIFIED.) CURVE() GEOMETRIC_REPRESENTATION_ITEM() 
RATIONAL_B_SPLINE_CURVE((1.,0.5,1.,0.5,1.,0.5,1.)) REPRESENTATION_ITEM(
  '') );
#10767 = CARTESIAN_POINT('',(-1.666666665208,4.333333329844));
#10768 = CARTESIAN_POINT('',(-1.666666665208,14.725638175257));
#10769 = CARTESIAN_POINT('',(7.333333334792,9.529485752551));
#10770 = CARTESIAN_POINT('',(16.333333334792,4.333333329844));
#10771 = CARTESIAN_POINT('',(7.333333334792,-0.862819092863));
#10772 = CARTESIAN_POINT('',(-1.666666665208,-6.058971515569));
#10773 = CARTESIAN_POINT('',(-1.666666665208,4.333333329844));
#10774 = ( GEOMETRIC_REPRESENTATION_CONTEXT(2) 
PARAMETRIC_REPRESENTATION_CONTEXT() REPRESENTATION_CONTEXT('2D SPACE',''
  ) );
#10775 = ADVANCED_FACE('',(#10776),#10279,.F.);
#10776 = FACE_BOUND('',#10777,.F.);
#10777 = EDGE_LOOP('',(#10778,#10779,#10780,#10781));
#10778 = ORIENTED_EDGE('',*,*,#10671,.T.);
#10779 = ORIENTED_EDGE('',*,*,#10263,.T.);
#10780 = ORIENTED_EDGE('',*,*,#10727,.F.);
#10781 = ORIENTED_EDGE('',*,*,#10782,.F.);
#10782 = EDGE_CURVE('',#10672,#10728,#10783,.T.);
#10783 = SURFACE_CURVE('',#10784,(#10788,#10795),.PCURVE_S1.);
#10784 = LINE('',#10785,#10786);
#10785 = CARTESIAN_POINT('',(10.333333333333,1.7763568394E-15,
    75.133333333333));
#10786 = VECTOR('',#10787,1.);
#10787 = DIRECTION('',(0.,1.,0.));
#10788 = PCURVE('',#10279,#10789);
#10789 = DEFINITIONAL_REPRESENTATION('',(#10790),#10794);
#10790 = LINE('',#10791,#10792);
#10791 = CARTESIAN_POINT('',(4.333333333333,0.));
#10792 = VECTOR('',#10793,1.);
#10793 = DIRECTION('',(1.,0.));
#10794 = ( GEOMETRIC_REPRESENTATION_CONTEXT(2) 
PARAMETRIC_REPRESENTATION_CONTEXT() REPRESENTATION_CONTEXT('2D SPACE',''
  ) );
#10795 = PCURVE('',#10450,#10796);
#10796 = DEFINITIONAL_REPRESENTATION('',(#10797),#10801);
#10797 = LINE('',#10798,#10799);
#10798 = CARTESIAN_POINT('',(10.333333334792,3.545232125697E-10));
#10799 = VECTOR('',#10800,1.);
#10800 = DIRECTION('',(0.,1.));
#10801 = ( GEOMETRIC_REPRESENTATION_CONTEXT(2) 
PARAMETRIC_REPRESENTATION_CONTEXT() REPRESENTATION_CONTEXT('2D SPACE',''
  ) );
#10802 = ADVANCED_FACE('',(#10803,#10813),#10450,.F.);
#10803 = FACE_BOUND('',#10804,.F.);
#10804 = EDGE_LOOP('',(#10805,#10806,#10807,#10808,#10809,#10810,#10811,
    #10812));
#10805 = ORIENTED_EDGE('',*,*,#10436,.F.);
#10806 = ORIENTED_EDGE('',*,*,#10490,.F.);
#10807 = ORIENTED_EDGE('',*,*,#10598,.T.);
#10808 = ORIENTED_EDGE('',*,*,#10696,.F.);
#10809 = ORIENTED_EDGE('',*,*,#10782,.T.);
#10810 = ORIENTED_EDGE('',*,*,#10750,.F.);
#10811 = ORIENTED_EDGE('',*,*,#10647,.F.);
#10812 = ORIENTED_EDGE('',*,*,#10544,.F.);
#10813 = FACE_BOUND('',#10814,.F.);
#10814 = EDGE_LOOP('',(#10815,#10843,#10869,#10896));
#10815 = ORIENTED_EDGE('',*,*,#10816,.T.);
#10816 = EDGE_CURVE('',#10817,#10819,#10821,.T.);
#10817 = VERTEX_POINT('',#10818);
#10818 = CARTESIAN_POINT('',(6.333333333333,-6.333333333333,
    75.133333333333));
#10819 = VERTEX_POINT('',#10820);
#10820 = CARTESIAN_POINT('',(-6.333333333333,-6.333333333333,
    75.133333333333));
#10821 = SURFACE_CURVE('',#10822,(#10826,#10832),.PCURVE_S1.);
#10822 = LINE('',#10823,#10824);
#10823 = CARTESIAN_POINT('',(-3.166666667396,-6.333333333333,
    75.133333333333));
#10824 = VECTOR('',#10825,1.);
#10825 = DIRECTION('',(-1.,-0.,0.));
#10826 = PCURVE('',#10450,#10827);
#10827 = DEFINITIONAL_REPRESENTATION('',(#10828),#10831);
#10828 = B_SPLINE_CURVE_WITH_KNOTS('',1,(#10829,#10830),.UNSPECIFIED.,
  .F.,.F.,(2,2),(-9.500000000729,3.166666665937),
  .PIECEWISE_BEZIER_KNOTS.);
#10829 = CARTESIAN_POINT('',(6.333333334792,-6.333333332979));
#10830 = CARTESIAN_POINT('',(-6.333333331875,-6.333333332979));
#10831 = ( GEOMETRIC_REPRESENTATION_CONTEXT(2) 
PARAMETRIC_REPRESENTATION_CONTEXT() REPRESENTATION_CONTEXT('2D SPACE',''
  ) );
#10832 = PCURVE('',#10833,#10838);
#10833 = PLANE('',#10834);
#10834 = AXIS2_PLACEMENT_3D('',#10835,#10836,#10837);
#10835 = CARTESIAN_POINT('',(-6.333333333333,-6.333333333333,
    61.143333333333));
#10836 = DIRECTION('',(-0.,1.,0.));
#10837 = DIRECTION('',(0.,0.,1.));
#10838 = DEFINITIONAL_REPRESENTATION('',(#10839),#10842);
#10839 = B_SPLINE_CURVE_WITH_KNOTS('',1,(#10840,#10841),.UNSPECIFIED.,
  .F.,.F.,(2,2),(-9.500000000729,3.166666665937),
  .PIECEWISE_BEZIER_KNOTS.);
#10840 = CARTESIAN_POINT('',(13.99,12.666666666667));
#10841 = CARTESIAN_POINT('',(13.99,0.));
#10842 = ( GEOMETRIC_REPRESENTATION_CONTEXT(2) 
PARAMETRIC_REPRESENTATION_CONTEXT() REPRESENTATION_CONTEXT('2D SPACE',''
  ) );
#10843 = ORIENTED_EDGE('',*,*,#10844,.T.);
#10844 = EDGE_CURVE('',#10819,#10845,#10847,.T.);
#10845 = VERTEX_POINT('',#10846);
#10846 = CARTESIAN_POINT('',(-6.333333333333,6.333333333333,
    75.133333333333));
#10847 = SURFACE_CURVE('',#10848,(#10852,#10858),.PCURVE_S1.);
#10848 = LINE('',#10849,#10850);
#10849 = CARTESIAN_POINT('',(-6.333333333333,-3.166666666844,
    75.133333333333));
#10850 = VECTOR('',#10851,1.);
#10851 = DIRECTION('',(-0.,1.,0.));
#10852 = PCURVE('',#10450,#10853);
#10853 = DEFINITIONAL_REPRESENTATION('',(#10854),#10857);
#10854 = B_SPLINE_CURVE_WITH_KNOTS('',1,(#10855,#10856),.UNSPECIFIED.,
  .F.,.F.,(2,2),(-3.166666666489,9.500000000177),
  .PIECEWISE_BEZIER_KNOTS.);
#10855 = CARTESIAN_POINT('',(-6.333333331875,-6.333333332979));
#10856 = CARTESIAN_POINT('',(-6.333333331875,6.333333333688));
#10857 = ( GEOMETRIC_REPRESENTATION_CONTEXT(2) 
PARAMETRIC_REPRESENTATION_CONTEXT() REPRESENTATION_CONTEXT('2D SPACE',''
  ) );
#10858 = PCURVE('',#10859,#10864);
#10859 = PLANE('',#10860);
#10860 = AXIS2_PLACEMENT_3D('',#10861,#10862,#10863);
#10861 = CARTESIAN_POINT('',(-6.333333333333,-6.333333333333,
    61.143333333333));
#10862 = DIRECTION('',(1.,0.,-0.));
#10863 = DIRECTION('',(0.,0.,1.));
#10864 = DEFINITIONAL_REPRESENTATION('',(#10865),#10868);
#10865 = B_SPLINE_CURVE_WITH_KNOTS('',1,(#10866,#10867),.UNSPECIFIED.,
  .F.,.F.,(2,2),(-3.166666666489,9.500000000177),
  .PIECEWISE_BEZIER_KNOTS.);
#10866 = CARTESIAN_POINT('',(13.99,0.));
#10867 = CARTESIAN_POINT('',(13.99,-12.66666666666));
#10868 = ( GEOMETRIC_REPRESENTATION_CONTEXT(2) 
PARAMETRIC_REPRESENTATION_CONTEXT() REPRESENTATION_CONTEXT('2D SPACE',''
  ) );
#10869 = ORIENTED_EDGE('',*,*,#10870,.F.);
#10870 = EDGE_CURVE('',#10871,#10845,#10873,.T.);
#10871 = VERTEX_POINT('',#10872);
#10872 = CARTESIAN_POINT('',(6.333333333333,6.333333333333,
    75.133333333333));
#10873 = SURFACE_CURVE('',#10874,(#10878,#10884),.PCURVE_S1.);
#10874 = LINE('',#10875,#10876);
#10875 = CARTESIAN_POINT('',(-3.166666667396,6.333333333333,
    75.133333333333));
#10876 = VECTOR('',#10877,1.);
#10877 = DIRECTION('',(-1.,-0.,0.));
#10878 = PCURVE('',#10450,#10879);
#10879 = DEFINITIONAL_REPRESENTATION('',(#10880),#10883);
#10880 = B_SPLINE_CURVE_WITH_KNOTS('',1,(#10881,#10882),.UNSPECIFIED.,
  .F.,.F.,(2,2),(-9.500000000729,3.166666665937),
  .PIECEWISE_BEZIER_KNOTS.);
#10881 = CARTESIAN_POINT('',(6.333333334792,6.333333333688));
#10882 = CARTESIAN_POINT('',(-6.333333331875,6.333333333688));
#10883 = ( GEOMETRIC_REPRESENTATION_CONTEXT(2) 
PARAMETRIC_REPRESENTATION_CONTEXT() REPRESENTATION_CONTEXT('2D SPACE',''
  ) );
#10884 = PCURVE('',#10885,#10890);
#10885 = PLANE('',#10886);
#10886 = AXIS2_PLACEMENT_3D('',#10887,#10888,#10889);
#10887 = CARTESIAN_POINT('',(-6.333333333333,6.333333333333,
    61.143333333333));
#10888 = DIRECTION('',(-0.,1.,0.));
#10889 = DIRECTION('',(0.,0.,1.));
#10890 = DEFINITIONAL_REPRESENTATION('',(#10891),#10895);
#10891 = LINE('',#10892,#10893);
#10892 = CARTESIAN_POINT('',(13.99,3.166666665937));
#10893 = VECTOR('',#10894,1.);
#10894 = DIRECTION('',(0.,-1.));
#10895 = ( GEOMETRIC_REPRESENTATION_CONTEXT(2) 
PARAMETRIC_REPRESENTATION_CONTEXT() REPRESENTATION_CONTEXT('2D SPACE',''
  ) );
#10896 = ORIENTED_EDGE('',*,*,#10897,.F.);
#10897 = EDGE_CURVE('',#10817,#10871,#10898,.T.);
#10898 = SURFACE_CURVE('',#10899,(#10903,#10909),.PCURVE_S1.);
#10899 = LINE('',#10900,#10901);
#10900 = CARTESIAN_POINT('',(6.333333333333,-3.166666666844,
    75.133333333333));
#10901 = VECTOR('',#10902,1.);
#10902 = DIRECTION('',(-0.,1.,0.));
#10903 = PCURVE('',#10450,#10904);
#10904 = DEFINITIONAL_REPRESENTATION('',(#10905),#10908);
#10905 = B_SPLINE_CURVE_WITH_KNOTS('',1,(#10906,#10907),.UNSPECIFIED.,
  .F.,.F.,(2,2),(-3.166666666489,9.500000000177),
  .PIECEWISE_BEZIER_KNOTS.);
#10906 = CARTESIAN_POINT('',(6.333333334792,-6.333333332979));
#10907 = CARTESIAN_POINT('',(6.333333334792,6.333333333688));
#10908 = ( GEOMETRIC_REPRESENTATION_CONTEXT(2) 
PARAMETRIC_REPRESENTATION_CONTEXT() REPRESENTATION_CONTEXT('2D SPACE',''
  ) );
#10909 = PCURVE('',#10910,#10915);
#10910 = PLANE('',#10911);
#10911 = AXIS2_PLACEMENT_3D('',#10912,#10913,#10914);
#10912 = CARTESIAN_POINT('',(6.333333333333,-6.333333333333,
    61.143333333333));
#10913 = DIRECTION('',(1.,0.,-0.));
#10914 = DIRECTION('',(0.,0.,1.));
#10915 = DEFINITIONAL_REPRESENTATION('',(#10916),#10919);
#10916 = B_SPLINE_CURVE_WITH_KNOTS('',1,(#10917,#10918),.UNSPECIFIED.,
  .F.,.F.,(2,2),(-3.166666666489,9.500000000177),
  .PIECEWISE_BEZIER_KNOTS.);
#10917 = CARTESIAN_POINT('',(13.99,0.));
#10918 = CARTESIAN_POINT('',(13.99,-12.66666666666));
#10919 = ( GEOMETRIC_REPRESENTATION_CONTEXT(2) 
PARAMETRIC_REPRESENTATION_CONTEXT() REPRESENTATION_CONTEXT('2D SPACE',''
  ) );
#10920 = ADVANCED_FACE('',(#10921),#10833,.F.);
#10921 = FACE_BOUND('',#10922,.F.);
#10922 = EDGE_LOOP('',(#10923,#10946,#10974,#10995));
#10923 = ORIENTED_EDGE('',*,*,#10924,.F.);
#10924 = EDGE_CURVE('',#10925,#10817,#10927,.T.);
#10925 = VERTEX_POINT('',#10926);
#10926 = CARTESIAN_POINT('',(6.333333333333,-6.333333333333,
    61.143333333333));
#10927 = SURFACE_CURVE('',#10928,(#10932,#10939),.PCURVE_S1.);
#10928 = LINE('',#10929,#10930);
#10929 = CARTESIAN_POINT('',(6.333333333333,-6.333333333333,
    61.143333333333));
#10930 = VECTOR('',#10931,1.);
#10931 = DIRECTION('',(0.,0.,1.));
#10932 = PCURVE('',#10833,#10933);
#10933 = DEFINITIONAL_REPRESENTATION('',(#10934),#10938);
#10934 = LINE('',#10935,#10936);
#10935 = CARTESIAN_POINT('',(0.,12.666666666667));
#10936 = VECTOR('',#10937,1.);
#10937 = DIRECTION('',(1.,0.));
#10938 = ( GEOMETRIC_REPRESENTATION_CONTEXT(2) 
PARAMETRIC_REPRESENTATION_CONTEXT() REPRESENTATION_CONTEXT('2D SPACE',''
  ) );
#10939 = PCURVE('',#10910,#10940);
#10940 = DEFINITIONAL_REPRESENTATION('',(#10941),#10945);
#10941 = LINE('',#10942,#10943);
#10942 = CARTESIAN_POINT('',(0.,0.));
#10943 = VECTOR('',#10944,1.);
#10944 = DIRECTION('',(1.,0.));
#10945 = ( GEOMETRIC_REPRESENTATION_CONTEXT(2) 
PARAMETRIC_REPRESENTATION_CONTEXT() REPRESENTATION_CONTEXT('2D SPACE',''
  ) );
#10946 = ORIENTED_EDGE('',*,*,#10947,.F.);
#10947 = EDGE_CURVE('',#10948,#10925,#10950,.T.);
#10948 = VERTEX_POINT('',#10949);
#10949 = CARTESIAN_POINT('',(-6.333333333333,-6.333333333333,
    61.143333333333));
#10950 = SURFACE_CURVE('',#10951,(#10955,#10962),.PCURVE_S1.);
#10951 = LINE('',#10952,#10953);
#10952 = CARTESIAN_POINT('',(-6.333333333333,-6.333333333333,
    61.143333333333));
#10953 = VECTOR('',#10954,1.);
#10954 = DIRECTION('',(1.,0.,-0.));
#10955 = PCURVE('',#10833,#10956);
#10956 = DEFINITIONAL_REPRESENTATION('',(#10957),#10961);
#10957 = LINE('',#10958,#10959);
#10958 = CARTESIAN_POINT('',(0.,0.));
#10959 = VECTOR('',#10960,1.);
#10960 = DIRECTION('',(0.,1.));
#10961 = ( GEOMETRIC_REPRESENTATION_CONTEXT(2) 
PARAMETRIC_REPRESENTATION_CONTEXT() REPRESENTATION_CONTEXT('2D SPACE',''
  ) );
#10962 = PCURVE('',#10963,#10968);
#10963 = PLANE('',#10964);
#10964 = AXIS2_PLACEMENT_3D('',#10965,#10966,#10967);
#10965 = CARTESIAN_POINT('',(-6.333333333333,-6.333333333333,
    61.143333333333));
#10966 = DIRECTION('',(0.,0.,1.));
#10967 = DIRECTION('',(1.,0.,-0.));
#10968 = DEFINITIONAL_REPRESENTATION('',(#10969),#10973);
#10969 = LINE('',#10970,#10971);
#10970 = CARTESIAN_POINT('',(0.,0.));
#10971 = VECTOR('',#10972,1.);
#10972 = DIRECTION('',(1.,0.));
#10973 = ( GEOMETRIC_REPRESENTATION_CONTEXT(2) 
PARAMETRIC_REPRESENTATION_CONTEXT() REPRESENTATION_CONTEXT('2D SPACE',''
  ) );
#10974 = ORIENTED_EDGE('',*,*,#10975,.T.);
#10975 = EDGE_CURVE('',#10948,#10819,#10976,.T.);
#10976 = SURFACE_CURVE('',#10977,(#10981,#10988),.PCURVE_S1.);
#10977 = LINE('',#10978,#10979);
#10978 = CARTESIAN_POINT('',(-6.333333333333,-6.333333333333,
    61.143333333333));
#10979 = VECTOR('',#10980,1.);
#10980 = DIRECTION('',(0.,0.,1.));
#10981 = PCURVE('',#10833,#10982);
#10982 = DEFINITIONAL_REPRESENTATION('',(#10983),#10987);
#10983 = LINE('',#10984,#10985);
#10984 = CARTESIAN_POINT('',(0.,0.));
#10985 = VECTOR('',#10986,1.);
#10986 = DIRECTION('',(1.,0.));
#10987 = ( GEOMETRIC_REPRESENTATION_CONTEXT(2) 
PARAMETRIC_REPRESENTATION_CONTEXT() REPRESENTATION_CONTEXT('2D SPACE',''
  ) );
#10988 = PCURVE('',#10859,#10989);
#10989 = DEFINITIONAL_REPRESENTATION('',(#10990),#10994);
#10990 = LINE('',#10991,#10992);
#10991 = CARTESIAN_POINT('',(0.,0.));
#10992 = VECTOR('',#10993,1.);
#10993 = DIRECTION('',(1.,0.));
#10994 = ( GEOMETRIC_REPRESENTATION_CONTEXT(2) 
PARAMETRIC_REPRESENTATION_CONTEXT() REPRESENTATION_CONTEXT('2D SPACE',''
  ) );
#10995 = ORIENTED_EDGE('',*,*,#10816,.F.);
#10996 = ADVANCED_FACE('',(#10997),#10910,.T.);
#10997 = FACE_BOUND('',#10998,.T.);
#10998 = EDGE_LOOP('',(#10999,#11000,#11023,#11044));
#10999 = ORIENTED_EDGE('',*,*,#10924,.F.);
#11000 = ORIENTED_EDGE('',*,*,#11001,.T.);
#11001 = EDGE_CURVE('',#10925,#11002,#11004,.T.);
#11002 = VERTEX_POINT('',#11003);
#11003 = CARTESIAN_POINT('',(6.333333333333,6.333333333333,
    61.143333333333));
#11004 = SURFACE_CURVE('',#11005,(#11009,#11016),.PCURVE_S1.);
#11005 = LINE('',#11006,#11007);
#11006 = CARTESIAN_POINT('',(6.333333333333,-6.333333333333,
    61.143333333333));
#11007 = VECTOR('',#11008,1.);
#11008 = DIRECTION('',(-0.,1.,0.));
#11009 = PCURVE('',#10910,#11010);
#11010 = DEFINITIONAL_REPRESENTATION('',(#11011),#11015);
#11011 = LINE('',#11012,#11013);
#11012 = CARTESIAN_POINT('',(0.,0.));
#11013 = VECTOR('',#11014,1.);
#11014 = DIRECTION('',(0.,-1.));
#11015 = ( GEOMETRIC_REPRESENTATION_CONTEXT(2) 
PARAMETRIC_REPRESENTATION_CONTEXT() REPRESENTATION_CONTEXT('2D SPACE',''
  ) );
#11016 = PCURVE('',#10963,#11017);
#11017 = DEFINITIONAL_REPRESENTATION('',(#11018),#11022);
#11018 = LINE('',#11019,#11020);
#11019 = CARTESIAN_POINT('',(12.666666666667,0.));
#11020 = VECTOR('',#11021,1.);
#11021 = DIRECTION('',(0.,1.));
#11022 = ( GEOMETRIC_REPRESENTATION_CONTEXT(2) 
PARAMETRIC_REPRESENTATION_CONTEXT() REPRESENTATION_CONTEXT('2D SPACE',''
  ) );
#11023 = ORIENTED_EDGE('',*,*,#11024,.T.);
#11024 = EDGE_CURVE('',#11002,#10871,#11025,.T.);
#11025 = SURFACE_CURVE('',#11026,(#11030,#11037),.PCURVE_S1.);
#11026 = LINE('',#11027,#11028);
#11027 = CARTESIAN_POINT('',(6.333333333333,6.333333333333,
    61.143333333333));
#11028 = VECTOR('',#11029,1.);
#11029 = DIRECTION('',(0.,0.,1.));
#11030 = PCURVE('',#10910,#11031);
#11031 = DEFINITIONAL_REPRESENTATION('',(#11032),#11036);
#11032 = LINE('',#11033,#11034);
#11033 = CARTESIAN_POINT('',(0.,-12.66666666666));
#11034 = VECTOR('',#11035,1.);
#11035 = DIRECTION('',(1.,0.));
#11036 = ( GEOMETRIC_REPRESENTATION_CONTEXT(2) 
PARAMETRIC_REPRESENTATION_CONTEXT() REPRESENTATION_CONTEXT('2D SPACE',''
  ) );
#11037 = PCURVE('',#10885,#11038);
#11038 = DEFINITIONAL_REPRESENTATION('',(#11039),#11043);
#11039 = LINE('',#11040,#11041);
#11040 = CARTESIAN_POINT('',(0.,12.666666666667));
#11041 = VECTOR('',#11042,1.);
#11042 = DIRECTION('',(1.,0.));
#11043 = ( GEOMETRIC_REPRESENTATION_CONTEXT(2) 
PARAMETRIC_REPRESENTATION_CONTEXT() REPRESENTATION_CONTEXT('2D SPACE',''
  ) );
#11044 = ORIENTED_EDGE('',*,*,#10897,.F.);
#11045 = ADVANCED_FACE('',(#11046),#10885,.T.);
#11046 = FACE_BOUND('',#11047,.T.);
#11047 = EDGE_LOOP('',(#11048,#11049,#11072,#11093));
#11048 = ORIENTED_EDGE('',*,*,#11024,.F.);
#11049 = ORIENTED_EDGE('',*,*,#11050,.F.);
#11050 = EDGE_CURVE('',#11051,#11002,#11053,.T.);
#11051 = VERTEX_POINT('',#11052);
#11052 = CARTESIAN_POINT('',(-6.333333333333,6.333333333333,
    61.143333333333));
#11053 = SURFACE_CURVE('',#11054,(#11058,#11065),.PCURVE_S1.);
#11054 = LINE('',#11055,#11056);
#11055 = CARTESIAN_POINT('',(-6.333333333333,6.333333333333,
    61.143333333333));
#11056 = VECTOR('',#11057,1.);
#11057 = DIRECTION('',(1.,0.,-0.));
#11058 = PCURVE('',#10885,#11059);
#11059 = DEFINITIONAL_REPRESENTATION('',(#11060),#11064);
#11060 = LINE('',#11061,#11062);
#11061 = CARTESIAN_POINT('',(0.,0.));
#11062 = VECTOR('',#11063,1.);
#11063 = DIRECTION('',(0.,1.));
#11064 = ( GEOMETRIC_REPRESENTATION_CONTEXT(2) 
PARAMETRIC_REPRESENTATION_CONTEXT() REPRESENTATION_CONTEXT('2D SPACE',''
  ) );
#11065 = PCURVE('',#10963,#11066);
#11066 = DEFINITIONAL_REPRESENTATION('',(#11067),#11071);
#11067 = LINE('',#11068,#11069);
#11068 = CARTESIAN_POINT('',(0.,12.666666666667));
#11069 = VECTOR('',#11070,1.);
#11070 = DIRECTION('',(1.,0.));
#11071 = ( GEOMETRIC_REPRESENTATION_CONTEXT(2) 
PARAMETRIC_REPRESENTATION_CONTEXT() REPRESENTATION_CONTEXT('2D SPACE',''
  ) );
#11072 = ORIENTED_EDGE('',*,*,#11073,.T.);
#11073 = EDGE_CURVE('',#11051,#10845,#11074,.T.);
#11074 = SURFACE_CURVE('',#11075,(#11079,#11086),.PCURVE_S1.);
#11075 = LINE('',#11076,#11077);
#11076 = CARTESIAN_POINT('',(-6.333333333333,6.333333333333,
    61.143333333333));
#11077 = VECTOR('',#11078,1.);
#11078 = DIRECTION('',(0.,0.,1.));
#11079 = PCURVE('',#10885,#11080);
#11080 = DEFINITIONAL_REPRESENTATION('',(#11081),#11085);
#11081 = LINE('',#11082,#11083);
#11082 = CARTESIAN_POINT('',(0.,0.));
#11083 = VECTOR('',#11084,1.);
#11084 = DIRECTION('',(1.,0.));
#11085 = ( GEOMETRIC_REPRESENTATION_CONTEXT(2) 
PARAMETRIC_REPRESENTATION_CONTEXT() REPRESENTATION_CONTEXT('2D SPACE',''
  ) );
#11086 = PCURVE('',#10859,#11087);
#11087 = DEFINITIONAL_REPRESENTATION('',(#11088),#11092);
#11088 = LINE('',#11089,#11090);
#11089 = CARTESIAN_POINT('',(0.,-12.66666666666));
#11090 = VECTOR('',#11091,1.);
#11091 = DIRECTION('',(1.,0.));
#11092 = ( GEOMETRIC_REPRESENTATION_CONTEXT(2) 
PARAMETRIC_REPRESENTATION_CONTEXT() REPRESENTATION_CONTEXT('2D SPACE',''
  ) );
#11093 = ORIENTED_EDGE('',*,*,#10870,.F.);
#11094 = ADVANCED_FACE('',(#11095),#10859,.F.);
#11095 = FACE_BOUND('',#11096,.F.);
#11096 = EDGE_LOOP('',(#11097,#11098,#11119,#11120));
#11097 = ORIENTED_EDGE('',*,*,#10975,.F.);
#11098 = ORIENTED_EDGE('',*,*,#11099,.T.);
#11099 = EDGE_CURVE('',#10948,#11051,#11100,.T.);
#11100 = SURFACE_CURVE('',#11101,(#11105,#11112),.PCURVE_S1.);
#11101 = LINE('',#11102,#11103);
#11102 = CARTESIAN_POINT('',(-6.333333333333,-6.333333333333,
    61.143333333333));
#11103 = VECTOR('',#11104,1.);
#11104 = DIRECTION('',(-0.,1.,0.));
#11105 = PCURVE('',#10859,#11106);
#11106 = DEFINITIONAL_REPRESENTATION('',(#11107),#11111);
#11107 = LINE('',#11108,#11109);
#11108 = CARTESIAN_POINT('',(0.,0.));
#11109 = VECTOR('',#11110,1.);
#11110 = DIRECTION('',(0.,-1.));
#11111 = ( GEOMETRIC_REPRESENTATION_CONTEXT(2) 
PARAMETRIC_REPRESENTATION_CONTEXT() REPRESENTATION_CONTEXT('2D SPACE',''
  ) );
#11112 = PCURVE('',#10963,#11113);
#11113 = DEFINITIONAL_REPRESENTATION('',(#11114),#11118);
#11114 = LINE('',#11115,#11116);
#11115 = CARTESIAN_POINT('',(0.,0.));
#11116 = VECTOR('',#11117,1.);
#11117 = DIRECTION('',(0.,1.));
#11118 = ( GEOMETRIC_REPRESENTATION_CONTEXT(2) 
PARAMETRIC_REPRESENTATION_CONTEXT() REPRESENTATION_CONTEXT('2D SPACE',''
  ) );
#11119 = ORIENTED_EDGE('',*,*,#11073,.T.);
#11120 = ORIENTED_EDGE('',*,*,#10844,.F.);
#11121 = ADVANCED_FACE('',(#11122),#10963,.F.);
#11122 = FACE_BOUND('',#11123,.F.);
#11123 = EDGE_LOOP('',(#11124,#11125,#11126,#11127));
#11124 = ORIENTED_EDGE('',*,*,#11099,.F.);
#11125 = ORIENTED_EDGE('',*,*,#10947,.T.);
#11126 = ORIENTED_EDGE('',*,*,#11001,.T.);
#11127 = ORIENTED_EDGE('',*,*,#11050,.F.);
#11128 = ( GEOMETRIC_REPRESENTATION_CONTEXT(3) 
GLOBAL_UNCERTAINTY_ASSIGNED_CONTEXT((#11132)) 
GLOBAL_UNIT_ASSIGNED_CONTEXT((#11129,#11130,#11131)) 
REPRESENTATION_CONTEXT('Context #1',
  '3D Context with UNIT and UNCERTAINTY') );
#11129 = ( LENGTH_UNIT() NAMED_UNIT(*) SI_UNIT(.MILLI.,.METRE.) );
#11130 = ( NAMED_UNIT(*) PLANE_ANGLE_UNIT() SI_UNIT($,.RADIAN.) );
#11131 = ( NAMED_UNIT(*) SI_UNIT($,.STERADIAN.) SOLID_ANGLE_UNIT() );
#11132 = UNCERTAINTY_MEASURE_WITH_UNIT(LENGTH_MEASURE(2.E-07),#11129,
  'distance_accuracy_value','confusion accuracy');
#11133 = CONTEXT_DEPENDENT_SHAPE_REPRESENTATION(#11134,#11136);
#11134 = ( REPRESENTATION_RELATIONSHIP('','',#32,#10) 
REPRESENTATION_RELATIONSHIP_WITH_TRANSFORMATION(#11135) 
SHAPE_REPRESENTATION_RELATIONSHIP() );
#11135 = ITEM_DEFINED_TRANSFORMATION('','',#11,#15);
#11136 = PRODUCT_DEFINITION_SHAPE('Placement','Placement of an item',
  #11137);
#11137 = NEXT_ASSEMBLY_USAGE_OCCURRENCE('27','=>[0:1:1:2]','',#5,#27,$);
#11138 = PRODUCT_RELATED_PRODUCT_CATEGORY('part',$,(#29));
#11139 = SHAPE_DEFINITION_REPRESENTATION(#11136,#11140);
#11140 = SHAPE_REPRESENTATION('',(#15),#11128);
#11141 = SHAPE_DEFINITION_REPRESENTATION(#11136,#11142);
#11142 = SHAPE_REPRESENTATION('',(#15),#11128);
#11143 = MECHANICAL_DESIGN_GEOMETRIC_PRESENTATION_REPRESENTATION('',(
    #11144,#11154),#11128);
#11144 = STYLED_ITEM('color',(#11145),#33);
#11145 = PRESENTATION_STYLE_ASSIGNMENT((#11146,#11152));
#11146 = SURFACE_STYLE_USAGE(.BOTH.,#11147);
#11147 = SURFACE_SIDE_STYLE('',(#11148));
#11148 = SURFACE_STYLE_FILL_AREA(#11149);
#11149 = FILL_AREA_STYLE('',(#11150));
#11150 = FILL_AREA_STYLE_COLOUR('',#11151);
#11151 = COLOUR_RGB('',0.913725491704,0.784313732475,0.423529408994);
#11152 = CURVE_STYLE('',#11153,POSITIVE_LENGTH_MEASURE(0.1),#11151);
#11153 = DRAUGHTING_PRE_DEFINED_CURVE_FONT('continuous');
#11154 = OVER_RIDING_STYLED_ITEM('overriding color',(#11155),#33,#11144
  );
#11155 = PRESENTATION_STYLE_BY_CONTEXT((#11156,#11161),#11142);
#11156 = SURFACE_STYLE_USAGE(.BOTH.,#11157);
#11157 = SURFACE_SIDE_STYLE('',(#11158));
#11158 = SURFACE_STYLE_FILL_AREA(#11159);
#11159 = FILL_AREA_STYLE('',(#11160));
#11160 = FILL_AREA_STYLE_COLOUR('',#11151);
#11161 = CURVE_STYLE('',#11162,POSITIVE_LENGTH_MEASURE(0.1),#11151);
#11162 = DRAUGHTING_PRE_DEFINED_CURVE_FONT('continuous');
ENDSEC;
END-ISO-10303-21;
