ISO-10303-21;
HEADER;
FILE_DESCRIPTION(('Open CASCADE Model'),'2;1');
FILE_NAME('Open CASCADE Shape Model','2026-08-22T19:43:20',('Author'),(
    'Open CASCADE'),'Open CASCADE STEP processor 7.9','build123d',
  'Unknown');
FILE_SCHEMA(('AUTOMOTIVE_DESIGN { 1 0 10303 214 1 1 1 1 }'));
ENDSEC;
DATA;
#1 = APPLICATION_PROTOCOL_DEFINITION('international standard',
  'automotive_design',2000,#2);
#2 = APPLICATION_CONTEXT(
  'core data for automotive mechanical design processes');
#3 = SHAPE_DEFINITION_REPRESENTATION(#4,#10);
#4 = PRODUCT_DEFINITION_SHAPE('','',#5);
#5 = PRODUCT_DEFINITION('design','',#6,#9);
#6 = PRODUCT_DEFINITION_FORMATION('','',#7);
#7 = PRODUCT('=>[0:1:1:2]','=>[0:1:1:2]','',(#8));
#8 = PRODUCT_CONTEXT('',#2,'mechanical');
#9 = PRODUCT_DEFINITION_CONTEXT('part definition',#2,'design');
#10 = SHAPE_REPRESENTATION('',(#11,#15),#19);
#11 = AXIS2_PLACEMENT_3D('',#12,#13,#14);
#12 = CARTESIAN_POINT('',(0.,0.,0.));
#13 = DIRECTION('',(0.,0.,1.));
#14 = DIRECTION('',(1.,0.,-0.));
#15 = AXIS2_PLACEMENT_3D('',#16,#17,#18);
#16 = CARTESIAN_POINT('',(0.,50.472030040965,-33.37030040965));
#17 = DIRECTION('',(0.,-1.,2.22044604925E-16));
#18 = DIRECTION('',(1.,0.,0.));
#19 = ( GEOMETRIC_REPRESENTATION_CONTEXT(3) 
GLOBAL_UNCERTAINTY_ASSIGNED_CONTEXT((#23)) GLOBAL_UNIT_ASSIGNED_CONTEXT(
(#20,#21,#22)) REPRESENTATION_CONTEXT('Context #1',
  '3D Context with UNIT and UNCERTAINTY') );
#20 = ( LENGTH_UNIT() NAMED_UNIT(*) SI_UNIT(.MILLI.,.METRE.) );
#21 = ( NAMED_UNIT(*) PLANE_ANGLE_UNIT() SI_UNIT($,.RADIAN.) );
#22 = ( NAMED_UNIT(*) SI_UNIT($,.STERADIAN.) SOLID_ANGLE_UNIT() );
#23 = UNCERTAINTY_MEASURE_WITH_UNIT(LENGTH_MEASURE(1.E-07),#20,
  'distance_accuracy_value','confusion accuracy');
#24 = PRODUCT_RELATED_PRODUCT_CATEGORY('part',$,(#7));
#25 = SHAPE_DEFINITION_REPRESENTATION(#26,#32);
#26 = PRODUCT_DEFINITION_SHAPE('','',#27);
#27 = PRODUCT_DEFINITION('design','',#28,#31);
#28 = PRODUCT_DEFINITION_FORMATION('','',#29);
#29 = PRODUCT('COMPOUND','COMPOUND','',(#30));
#30 = PRODUCT_CONTEXT('',#2,'mechanical');
#31 = PRODUCT_DEFINITION_CONTEXT('part definition',#2,'design');
#32 = ADVANCED_BREP_SHAPE_REPRESENTATION('',(#11,#33),#12719);
#33 = MANIFOLD_SOLID_BREP('',#34);
#34 = CLOSED_SHELL('',(#35,#155,#293,#342,#461,#4772,#4779,#4834,#4889,
    #4944,#4999,#5075,#5129,#5178,#5232,#5281,#5335,#5384,#5416,#5492,
    #5546,#5595,#5649,#5698,#5752,#5801,#5833,#5909,#5963,#6012,#6066,
    #6115,#6169,#6218,#6250,#6326,#6380,#6429,#6483,#6532,#6586,#6635,
    #6667,#6743,#6797,#6846,#6900,#6949,#7003,#7052,#7084,#7160,#7214,
    #7263,#7317,#7366,#7420,#7469,#7501,#7577,#7631,#7680,#7734,#7783,
    #7837,#7886,#7918,#7994,#8048,#8097,#8151,#8200,#8254,#8303,#8335,
    #8411,#8465,#8514,#8568,#8617,#8671,#8720,#8752,#8828,#8882,#8931,
    #8985,#9034,#9088,#9137,#9169,#9245,#9299,#9348,#9402,#9451,#9505,
    #9554,#9586,#9662,#9716,#9765,#9819,#9868,#9922,#9971,#10003,#10079,
    #10133,#10182,#10236,#10285,#10339,#10388,#10420,#10496,#10550,
    #10599,#10653,#10702,#10756,#10805,#10837,#10913,#10967,#11016,
    #11070,#11119,#11173,#11222,#11254,#11330,#11384,#11433,#11487,
    #11536,#11590,#11639,#11671,#11747,#11801,#11850,#11904,#11953,
    #12007,#12056,#12088,#12164,#12218,#12267,#12321,#12370,#12424,
    #12473,#12505,#12509,#12513,#12517,#12521,#12532,#12543,#12554,
    #12565,#12576,#12587,#12598,#12609,#12620,#12631,#12642,#12653,
    #12664,#12675,#12686,#12697,#12708));
#35 = ADVANCED_FACE('',(#36),#50,.F.);
#36 = FACE_BOUND('',#37,.F.);
#37 = EDGE_LOOP('',(#38,#73,#101,#129));
#38 = ORIENTED_EDGE('',*,*,#39,.F.);
#39 = EDGE_CURVE('',#40,#42,#44,.T.);
#40 = VERTEX_POINT('',#41);
#41 = CARTESIAN_POINT('',(-17.77925386266,38.22030040965,11.666090122895
    ));
#42 = VERTEX_POINT('',#43);
#43 = CARTESIAN_POINT('',(-17.77925386266,33.37030040965,11.666090122895
    ));
#44 = SURFACE_CURVE('',#45,(#49,#61),.PCURVE_S1.);
#45 = LINE('',#46,#47);
#46 = CARTESIAN_POINT('',(-17.77925386266,38.22030040965,11.666090122895
    ));
#47 = VECTOR('',#48,1.);
#48 = DIRECTION('',(0.,-1.,2.22044604925E-16));
#49 = PCURVE('',#50,#55);
#50 = PLANE('',#51);
#51 = AXIS2_PLACEMENT_3D('',#52,#53,#54);
#52 = CARTESIAN_POINT('',(-17.77925386266,38.22030040965,11.666090122895
    ));
#53 = DIRECTION('',(1.,0.,0.));
#54 = DIRECTION('',(0.,-1.,2.22044604925E-16));
#55 = DEFINITIONAL_REPRESENTATION('',(#56),#60);
#56 = LINE('',#57,#58);
#57 = CARTESIAN_POINT('',(0.,0.));
#58 = VECTOR('',#59,1.);
#59 = DIRECTION('',(1.,0.));
#60 = ( GEOMETRIC_REPRESENTATION_CONTEXT(2) 
PARAMETRIC_REPRESENTATION_CONTEXT() REPRESENTATION_CONTEXT('2D SPACE',''
  ) );
#61 = PCURVE('',#62,#67);
#62 = PLANE('',#63);
#63 = AXIS2_PLACEMENT_3D('',#64,#65,#66);
#64 = CARTESIAN_POINT('',(-17.77925386266,38.22030040965,11.666090122895
    ));
#65 = DIRECTION('',(0.,2.22044604925E-16,1.));
#66 = DIRECTION('',(0.,-1.,2.22044604925E-16));
#67 = DEFINITIONAL_REPRESENTATION('',(#68),#72);
#68 = LINE('',#69,#70);
#69 = CARTESIAN_POINT('',(0.,0.));
#70 = VECTOR('',#71,1.);
#71 = DIRECTION('',(1.,0.));
#72 = ( GEOMETRIC_REPRESENTATION_CONTEXT(2) 
PARAMETRIC_REPRESENTATION_CONTEXT() REPRESENTATION_CONTEXT('2D SPACE',''
  ) );
#73 = ORIENTED_EDGE('',*,*,#74,.T.);
#74 = EDGE_CURVE('',#40,#75,#77,.T.);
#75 = VERTEX_POINT('',#76);
#76 = CARTESIAN_POINT('',(-17.77925386266,38.22030040965,89.277969959035
    ));
#77 = SURFACE_CURVE('',#78,(#82,#89),.PCURVE_S1.);
#78 = LINE('',#79,#80);
#79 = CARTESIAN_POINT('',(-17.77925386266,38.22030040965,11.666090122895
    ));
#80 = VECTOR('',#81,1.);
#81 = DIRECTION('',(0.,2.22044604925E-16,1.));
#82 = PCURVE('',#50,#83);
#83 = DEFINITIONAL_REPRESENTATION('',(#84),#88);
#84 = LINE('',#85,#86);
#85 = CARTESIAN_POINT('',(0.,0.));
#86 = VECTOR('',#87,1.);
#87 = DIRECTION('',(0.,-1.));
#88 = ( GEOMETRIC_REPRESENTATION_CONTEXT(2) 
PARAMETRIC_REPRESENTATION_CONTEXT() REPRESENTATION_CONTEXT('2D SPACE',''
  ) );
#89 = PCURVE('',#90,#95);
#90 = PLANE('',#91);
#91 = AXIS2_PLACEMENT_3D('',#92,#93,#94);
#92 = CARTESIAN_POINT('',(-17.77925386266,38.22030040965,11.666090122895
    ));
#93 = DIRECTION('',(0.,-1.,2.22044604925E-16));
#94 = DIRECTION('',(1.,0.,0.));
#95 = DEFINITIONAL_REPRESENTATION('',(#96),#100);
#96 = LINE('',#97,#98);
#97 = CARTESIAN_POINT('',(0.,0.));
#98 = VECTOR('',#99,1.);
#99 = DIRECTION('',(0.,1.));
#100 = ( GEOMETRIC_REPRESENTATION_CONTEXT(2) 
PARAMETRIC_REPRESENTATION_CONTEXT() REPRESENTATION_CONTEXT('2D SPACE',''
  ) );
#101 = ORIENTED_EDGE('',*,*,#102,.T.);
#102 = EDGE_CURVE('',#75,#103,#105,.T.);
#103 = VERTEX_POINT('',#104);
#104 = CARTESIAN_POINT('',(-17.77925386266,33.37030040965,
    89.277969959035));
#105 = SURFACE_CURVE('',#106,(#110,#117),.PCURVE_S1.);
#106 = LINE('',#107,#108);
#107 = CARTESIAN_POINT('',(-17.77925386266,38.22030040965,
    89.277969959035));
#108 = VECTOR('',#109,1.);
#109 = DIRECTION('',(0.,-1.,2.22044604925E-16));
#110 = PCURVE('',#50,#111);
#111 = DEFINITIONAL_REPRESENTATION('',(#112),#116);
#112 = LINE('',#113,#114);
#113 = CARTESIAN_POINT('',(0.,-77.61187983614));
#114 = VECTOR('',#115,1.);
#115 = DIRECTION('',(1.,0.));
#116 = ( GEOMETRIC_REPRESENTATION_CONTEXT(2) 
PARAMETRIC_REPRESENTATION_CONTEXT() REPRESENTATION_CONTEXT('2D SPACE',''
  ) );
#117 = PCURVE('',#118,#123);
#118 = PLANE('',#119);
#119 = AXIS2_PLACEMENT_3D('',#120,#121,#122);
#120 = CARTESIAN_POINT('',(-17.77925386266,38.22030040965,
    89.277969959035));
#121 = DIRECTION('',(0.,2.22044604925E-16,1.));
#122 = DIRECTION('',(0.,-1.,2.22044604925E-16));
#123 = DEFINITIONAL_REPRESENTATION('',(#124),#128);
#124 = LINE('',#125,#126);
#125 = CARTESIAN_POINT('',(0.,0.));
#126 = VECTOR('',#127,1.);
#127 = DIRECTION('',(1.,0.));
#128 = ( GEOMETRIC_REPRESENTATION_CONTEXT(2) 
PARAMETRIC_REPRESENTATION_CONTEXT() REPRESENTATION_CONTEXT('2D SPACE',''
  ) );
#129 = ORIENTED_EDGE('',*,*,#130,.F.);
#130 = EDGE_CURVE('',#42,#103,#131,.T.);
#131 = SURFACE_CURVE('',#132,(#136,#143),.PCURVE_S1.);
#132 = LINE('',#133,#134);
#133 = CARTESIAN_POINT('',(-17.77925386266,33.37030040965,
    11.666090122895));
#134 = VECTOR('',#135,1.);
#135 = DIRECTION('',(0.,2.22044604925E-16,1.));
#136 = PCURVE('',#50,#137);
#137 = DEFINITIONAL_REPRESENTATION('',(#138),#142);
#138 = LINE('',#139,#140);
#139 = CARTESIAN_POINT('',(4.85,0.));
#140 = VECTOR('',#141,1.);
#141 = DIRECTION('',(0.,-1.));
#142 = ( GEOMETRIC_REPRESENTATION_CONTEXT(2) 
PARAMETRIC_REPRESENTATION_CONTEXT() REPRESENTATION_CONTEXT('2D SPACE',''
  ) );
#143 = PCURVE('',#144,#149);
#144 = PLANE('',#145);
#145 = AXIS2_PLACEMENT_3D('',#146,#147,#148);
#146 = CARTESIAN_POINT('',(-17.77925386266,33.37030040965,
    11.666090122895));
#147 = DIRECTION('',(0.,-1.,2.22044604925E-16));
#148 = DIRECTION('',(1.,0.,0.));
#149 = DEFINITIONAL_REPRESENTATION('',(#150),#154);
#150 = LINE('',#151,#152);
#151 = CARTESIAN_POINT('',(0.,0.));
#152 = VECTOR('',#153,1.);
#153 = DIRECTION('',(0.,1.));
#154 = ( GEOMETRIC_REPRESENTATION_CONTEXT(2) 
PARAMETRIC_REPRESENTATION_CONTEXT() REPRESENTATION_CONTEXT('2D SPACE',''
  ) );
#155 = ADVANCED_FACE('',(#156,#231,#262),#62,.F.);
#156 = FACE_BOUND('',#157,.F.);
#157 = EDGE_LOOP('',(#158,#181,#182,#205));
#158 = ORIENTED_EDGE('',*,*,#159,.F.);
#159 = EDGE_CURVE('',#40,#160,#162,.T.);
#160 = VERTEX_POINT('',#161);
#161 = CARTESIAN_POINT('',(17.779253862669,38.22030040965,
    11.666090122895));
#162 = SURFACE_CURVE('',#163,(#167,#174),.PCURVE_S1.);
#163 = LINE('',#164,#165);
#164 = CARTESIAN_POINT('',(-17.77925386266,38.22030040965,
    11.666090122895));
#165 = VECTOR('',#166,1.);
#166 = DIRECTION('',(1.,0.,0.));
#167 = PCURVE('',#62,#168);
#168 = DEFINITIONAL_REPRESENTATION('',(#169),#173);
#169 = LINE('',#170,#171);
#170 = CARTESIAN_POINT('',(0.,0.));
#171 = VECTOR('',#172,1.);
#172 = DIRECTION('',(0.,1.));
#173 = ( GEOMETRIC_REPRESENTATION_CONTEXT(2) 
PARAMETRIC_REPRESENTATION_CONTEXT() REPRESENTATION_CONTEXT('2D SPACE',''
  ) );
#174 = PCURVE('',#90,#175);
#175 = DEFINITIONAL_REPRESENTATION('',(#176),#180);
#176 = LINE('',#177,#178);
#177 = CARTESIAN_POINT('',(0.,0.));
#178 = VECTOR('',#179,1.);
#179 = DIRECTION('',(1.,0.));
#180 = ( GEOMETRIC_REPRESENTATION_CONTEXT(2) 
PARAMETRIC_REPRESENTATION_CONTEXT() REPRESENTATION_CONTEXT('2D SPACE',''
  ) );
#181 = ORIENTED_EDGE('',*,*,#39,.T.);
#182 = ORIENTED_EDGE('',*,*,#183,.T.);
#183 = EDGE_CURVE('',#42,#184,#186,.T.);
#184 = VERTEX_POINT('',#185);
#185 = CARTESIAN_POINT('',(17.779253862669,33.37030040965,
    11.666090122895));
#186 = SURFACE_CURVE('',#187,(#191,#198),.PCURVE_S1.);
#187 = LINE('',#188,#189);
#188 = CARTESIAN_POINT('',(-17.77925386266,33.37030040965,
    11.666090122895));
#189 = VECTOR('',#190,1.);
#190 = DIRECTION('',(1.,0.,0.));
#191 = PCURVE('',#62,#192);
#192 = DEFINITIONAL_REPRESENTATION('',(#193),#197);
#193 = LINE('',#194,#195);
#194 = CARTESIAN_POINT('',(4.85,0.));
#195 = VECTOR('',#196,1.);
#196 = DIRECTION('',(0.,1.));
#197 = ( GEOMETRIC_REPRESENTATION_CONTEXT(2) 
PARAMETRIC_REPRESENTATION_CONTEXT() REPRESENTATION_CONTEXT('2D SPACE',''
  ) );
#198 = PCURVE('',#144,#199);
#199 = DEFINITIONAL_REPRESENTATION('',(#200),#204);
#200 = LINE('',#201,#202);
#201 = CARTESIAN_POINT('',(0.,0.));
#202 = VECTOR('',#203,1.);
#203 = DIRECTION('',(1.,0.));
#204 = ( GEOMETRIC_REPRESENTATION_CONTEXT(2) 
PARAMETRIC_REPRESENTATION_CONTEXT() REPRESENTATION_CONTEXT('2D SPACE',''
  ) );
#205 = ORIENTED_EDGE('',*,*,#206,.F.);
#206 = EDGE_CURVE('',#160,#184,#207,.T.);
#207 = SURFACE_CURVE('',#208,(#212,#219),.PCURVE_S1.);
#208 = LINE('',#209,#210);
#209 = CARTESIAN_POINT('',(17.779253862669,38.22030040965,
    11.666090122895));
#210 = VECTOR('',#211,1.);
#211 = DIRECTION('',(0.,-1.,2.22044604925E-16));
#212 = PCURVE('',#62,#213);
#213 = DEFINITIONAL_REPRESENTATION('',(#214),#218);
#214 = LINE('',#215,#216);
#215 = CARTESIAN_POINT('',(0.,35.558507725338));
#216 = VECTOR('',#217,1.);
#217 = DIRECTION('',(1.,0.));
#218 = ( GEOMETRIC_REPRESENTATION_CONTEXT(2) 
PARAMETRIC_REPRESENTATION_CONTEXT() REPRESENTATION_CONTEXT('2D SPACE',''
  ) );
#219 = PCURVE('',#220,#225);
#220 = PLANE('',#221);
#221 = AXIS2_PLACEMENT_3D('',#222,#223,#224);
#222 = CARTESIAN_POINT('',(17.779253862669,38.22030040965,
    11.666090122895));
#223 = DIRECTION('',(1.,0.,0.));
#224 = DIRECTION('',(0.,-1.,2.22044604925E-16));
#225 = DEFINITIONAL_REPRESENTATION('',(#226),#230);
#226 = LINE('',#227,#228);
#227 = CARTESIAN_POINT('',(0.,0.));
#228 = VECTOR('',#229,1.);
#229 = DIRECTION('',(1.,0.));
#230 = ( GEOMETRIC_REPRESENTATION_CONTEXT(2) 
PARAMETRIC_REPRESENTATION_CONTEXT() REPRESENTATION_CONTEXT('2D SPACE',''
  ) );
#231 = FACE_BOUND('',#232,.F.);
#232 = EDGE_LOOP('',(#233));
#233 = ORIENTED_EDGE('',*,*,#234,.F.);
#234 = EDGE_CURVE('',#235,#235,#237,.T.);
#235 = VERTEX_POINT('',#236);
#236 = CARTESIAN_POINT('',(-7.264626931334,35.79530040965,
    11.666090122895));
#237 = SURFACE_CURVE('',#238,(#243,#250),.PCURVE_S1.);
#238 = CIRCLE('',#239,1.625);
#239 = AXIS2_PLACEMENT_3D('',#240,#241,#242);
#240 = CARTESIAN_POINT('',(-8.889626931334,35.79530040965,
    11.666090122895));
#241 = DIRECTION('',(0.,0.,1.));
#242 = DIRECTION('',(1.,0.,-0.));
#243 = PCURVE('',#62,#244);
#244 = DEFINITIONAL_REPRESENTATION('',(#245),#249);
#245 = CIRCLE('',#246,1.625);
#246 = AXIS2_PLACEMENT_2D('',#247,#248);
#247 = CARTESIAN_POINT('',(2.425,8.889626931334));
#248 = DIRECTION('',(0.,1.));
#249 = ( GEOMETRIC_REPRESENTATION_CONTEXT(2) 
PARAMETRIC_REPRESENTATION_CONTEXT() REPRESENTATION_CONTEXT('2D SPACE',''
  ) );
#250 = PCURVE('',#251,#256);
#251 = CYLINDRICAL_SURFACE('',#252,1.625);
#252 = AXIS2_PLACEMENT_3D('',#253,#254,#255);
#253 = CARTESIAN_POINT('',(-8.889626931334,35.79530040965,
    11.666090122895));
#254 = DIRECTION('',(0.,0.,1.));
#255 = DIRECTION('',(1.,0.,-0.));
#256 = DEFINITIONAL_REPRESENTATION('',(#257),#261);
#257 = LINE('',#258,#259);
#258 = CARTESIAN_POINT('',(0.,0.));
#259 = VECTOR('',#260,1.);
#260 = DIRECTION('',(1.,0.));
#261 = ( GEOMETRIC_REPRESENTATION_CONTEXT(2) 
PARAMETRIC_REPRESENTATION_CONTEXT() REPRESENTATION_CONTEXT('2D SPACE',''
  ) );
#262 = FACE_BOUND('',#263,.F.);
#263 = EDGE_LOOP('',(#264));
#264 = ORIENTED_EDGE('',*,*,#265,.F.);
#265 = EDGE_CURVE('',#266,#266,#268,.T.);
#266 = VERTEX_POINT('',#267);
#267 = CARTESIAN_POINT('',(10.514626931334,35.79530040965,
    11.666090122895));
#268 = SURFACE_CURVE('',#269,(#274,#281),.PCURVE_S1.);
#269 = CIRCLE('',#270,1.625);
#270 = AXIS2_PLACEMENT_3D('',#271,#272,#273);
#271 = CARTESIAN_POINT('',(8.889626931334,35.79530040965,11.666090122895
    ));
#272 = DIRECTION('',(0.,0.,1.));
#273 = DIRECTION('',(1.,0.,-0.));
#274 = PCURVE('',#62,#275);
#275 = DEFINITIONAL_REPRESENTATION('',(#276),#280);
#276 = CIRCLE('',#277,1.625);
#277 = AXIS2_PLACEMENT_2D('',#278,#279);
#278 = CARTESIAN_POINT('',(2.425,26.668880794003));
#279 = DIRECTION('',(0.,1.));
#280 = ( GEOMETRIC_REPRESENTATION_CONTEXT(2) 
PARAMETRIC_REPRESENTATION_CONTEXT() REPRESENTATION_CONTEXT('2D SPACE',''
  ) );
#281 = PCURVE('',#282,#287);
#282 = CYLINDRICAL_SURFACE('',#283,1.625);
#283 = AXIS2_PLACEMENT_3D('',#284,#285,#286);
#284 = CARTESIAN_POINT('',(8.889626931334,35.79530040965,11.666090122895
    ));
#285 = DIRECTION('',(0.,0.,1.));
#286 = DIRECTION('',(1.,0.,-0.));
#287 = DEFINITIONAL_REPRESENTATION('',(#288),#292);
#288 = LINE('',#289,#290);
#289 = CARTESIAN_POINT('',(0.,0.));
#290 = VECTOR('',#291,1.);
#291 = DIRECTION('',(1.,0.));
#292 = ( GEOMETRIC_REPRESENTATION_CONTEXT(2) 
PARAMETRIC_REPRESENTATION_CONTEXT() REPRESENTATION_CONTEXT('2D SPACE',''
  ) );
#293 = ADVANCED_FACE('',(#294),#144,.T.);
#294 = FACE_BOUND('',#295,.T.);
#295 = EDGE_LOOP('',(#296,#297,#298,#321));
#296 = ORIENTED_EDGE('',*,*,#130,.F.);
#297 = ORIENTED_EDGE('',*,*,#183,.T.);
#298 = ORIENTED_EDGE('',*,*,#299,.T.);
#299 = EDGE_CURVE('',#184,#300,#302,.T.);
#300 = VERTEX_POINT('',#301);
#301 = CARTESIAN_POINT('',(17.779253862669,33.37030040965,
    89.277969959035));
#302 = SURFACE_CURVE('',#303,(#307,#314),.PCURVE_S1.);
#303 = LINE('',#304,#305);
#304 = CARTESIAN_POINT('',(17.779253862669,33.37030040965,
    11.666090122895));
#305 = VECTOR('',#306,1.);
#306 = DIRECTION('',(0.,2.22044604925E-16,1.));
#307 = PCURVE('',#144,#308);
#308 = DEFINITIONAL_REPRESENTATION('',(#309),#313);
#309 = LINE('',#310,#311);
#310 = CARTESIAN_POINT('',(35.558507725338,0.));
#311 = VECTOR('',#312,1.);
#312 = DIRECTION('',(0.,1.));
#313 = ( GEOMETRIC_REPRESENTATION_CONTEXT(2) 
PARAMETRIC_REPRESENTATION_CONTEXT() REPRESENTATION_CONTEXT('2D SPACE',''
  ) );
#314 = PCURVE('',#220,#315);
#315 = DEFINITIONAL_REPRESENTATION('',(#316),#320);
#316 = LINE('',#317,#318);
#317 = CARTESIAN_POINT('',(4.85,0.));
#318 = VECTOR('',#319,1.);
#319 = DIRECTION('',(0.,-1.));
#320 = ( GEOMETRIC_REPRESENTATION_CONTEXT(2) 
PARAMETRIC_REPRESENTATION_CONTEXT() REPRESENTATION_CONTEXT('2D SPACE',''
  ) );
#321 = ORIENTED_EDGE('',*,*,#322,.F.);
#322 = EDGE_CURVE('',#103,#300,#323,.T.);
#323 = SURFACE_CURVE('',#324,(#328,#335),.PCURVE_S1.);
#324 = LINE('',#325,#326);
#325 = CARTESIAN_POINT('',(-17.77925386266,33.37030040965,
    89.277969959035));
#326 = VECTOR('',#327,1.);
#327 = DIRECTION('',(1.,0.,0.));
#328 = PCURVE('',#144,#329);
#329 = DEFINITIONAL_REPRESENTATION('',(#330),#334);
#330 = LINE('',#331,#332);
#331 = CARTESIAN_POINT('',(0.,77.61187983614));
#332 = VECTOR('',#333,1.);
#333 = DIRECTION('',(1.,0.));
#334 = ( GEOMETRIC_REPRESENTATION_CONTEXT(2) 
PARAMETRIC_REPRESENTATION_CONTEXT() REPRESENTATION_CONTEXT('2D SPACE',''
  ) );
#335 = PCURVE('',#118,#336);
#336 = DEFINITIONAL_REPRESENTATION('',(#337),#341);
#337 = LINE('',#338,#339);
#338 = CARTESIAN_POINT('',(4.85,0.));
#339 = VECTOR('',#340,1.);
#340 = DIRECTION('',(0.,1.));
#341 = ( GEOMETRIC_REPRESENTATION_CONTEXT(2) 
PARAMETRIC_REPRESENTATION_CONTEXT() REPRESENTATION_CONTEXT('2D SPACE',''
  ) );
#342 = ADVANCED_FACE('',(#343,#391,#426),#118,.T.);
#343 = FACE_BOUND('',#344,.T.);
#344 = EDGE_LOOP('',(#345,#368,#369,#370));
#345 = ORIENTED_EDGE('',*,*,#346,.F.);
#346 = EDGE_CURVE('',#75,#347,#349,.T.);
#347 = VERTEX_POINT('',#348);
#348 = CARTESIAN_POINT('',(17.779253862669,38.22030040965,
    89.277969959035));
#349 = SURFACE_CURVE('',#350,(#354,#361),.PCURVE_S1.);
#350 = LINE('',#351,#352);
#351 = CARTESIAN_POINT('',(-17.77925386266,38.22030040965,
    89.277969959035));
#352 = VECTOR('',#353,1.);
#353 = DIRECTION('',(1.,0.,0.));
#354 = PCURVE('',#118,#355);
#355 = DEFINITIONAL_REPRESENTATION('',(#356),#360);
#356 = LINE('',#357,#358);
#357 = CARTESIAN_POINT('',(0.,0.));
#358 = VECTOR('',#359,1.);
#359 = DIRECTION('',(0.,1.));
#360 = ( GEOMETRIC_REPRESENTATION_CONTEXT(2) 
PARAMETRIC_REPRESENTATION_CONTEXT() REPRESENTATION_CONTEXT('2D SPACE',''
  ) );
#361 = PCURVE('',#90,#362);
#362 = DEFINITIONAL_REPRESENTATION('',(#363),#367);
#363 = LINE('',#364,#365);
#364 = CARTESIAN_POINT('',(0.,77.61187983614));
#365 = VECTOR('',#366,1.);
#366 = DIRECTION('',(1.,0.));
#367 = ( GEOMETRIC_REPRESENTATION_CONTEXT(2) 
PARAMETRIC_REPRESENTATION_CONTEXT() REPRESENTATION_CONTEXT('2D SPACE',''
  ) );
#368 = ORIENTED_EDGE('',*,*,#102,.T.);
#369 = ORIENTED_EDGE('',*,*,#322,.T.);
#370 = ORIENTED_EDGE('',*,*,#371,.F.);
#371 = EDGE_CURVE('',#347,#300,#372,.T.);
#372 = SURFACE_CURVE('',#373,(#377,#384),.PCURVE_S1.);
#373 = LINE('',#374,#375);
#374 = CARTESIAN_POINT('',(17.779253862669,38.22030040965,
    89.277969959035));
#375 = VECTOR('',#376,1.);
#376 = DIRECTION('',(0.,-1.,2.22044604925E-16));
#377 = PCURVE('',#118,#378);
#378 = DEFINITIONAL_REPRESENTATION('',(#379),#383);
#379 = LINE('',#380,#381);
#380 = CARTESIAN_POINT('',(0.,35.558507725338));
#381 = VECTOR('',#382,1.);
#382 = DIRECTION('',(1.,0.));
#383 = ( GEOMETRIC_REPRESENTATION_CONTEXT(2) 
PARAMETRIC_REPRESENTATION_CONTEXT() REPRESENTATION_CONTEXT('2D SPACE',''
  ) );
#384 = PCURVE('',#220,#385);
#385 = DEFINITIONAL_REPRESENTATION('',(#386),#390);
#386 = LINE('',#387,#388);
#387 = CARTESIAN_POINT('',(0.,-77.61187983614));
#388 = VECTOR('',#389,1.);
#389 = DIRECTION('',(1.,0.));
#390 = ( GEOMETRIC_REPRESENTATION_CONTEXT(2) 
PARAMETRIC_REPRESENTATION_CONTEXT() REPRESENTATION_CONTEXT('2D SPACE',''
  ) );
#391 = FACE_BOUND('',#392,.T.);
#392 = EDGE_LOOP('',(#393));
#393 = ORIENTED_EDGE('',*,*,#394,.T.);
#394 = EDGE_CURVE('',#395,#395,#397,.T.);
#395 = VERTEX_POINT('',#396);
#396 = CARTESIAN_POINT('',(-7.264626931334,35.79530040965,
    89.277969959035));
#397 = SURFACE_CURVE('',#398,(#403,#414),.PCURVE_S1.);
#398 = CIRCLE('',#399,1.625);
#399 = AXIS2_PLACEMENT_3D('',#400,#401,#402);
#400 = CARTESIAN_POINT('',(-8.889626931334,35.79530040965,
    89.277969959035));
#401 = DIRECTION('',(0.,-1.224646799147E-16,-1.));
#402 = DIRECTION('',(1.,0.,0.));
#403 = PCURVE('',#118,#404);
#404 = DEFINITIONAL_REPRESENTATION('',(#405),#413);
#405 = ( BOUNDED_CURVE() B_SPLINE_CURVE(2,(#406,#407,#408,#409,#410,#411
,#412),.UNSPECIFIED.,.T.,.F.) B_SPLINE_CURVE_WITH_KNOTS((1,2,2,2,2,1),(
    -2.094395102393,0.,2.094395102393,4.188790204786,6.28318530718,
8.377580409573),.UNSPECIFIED.) CURVE() GEOMETRIC_REPRESENTATION_ITEM() 
RATIONAL_B_SPLINE_CURVE((1.,0.5,1.,0.5,1.,0.5,1.)) REPRESENTATION_ITEM(
  '') );
#406 = CARTESIAN_POINT('',(2.425,10.514626931334));
#407 = CARTESIAN_POINT('',(5.239582562299,10.514626931334));
#408 = CARTESIAN_POINT('',(3.83229128115,8.077126931334));
#409 = CARTESIAN_POINT('',(2.425,5.639626931334));
#410 = CARTESIAN_POINT('',(1.01770871885,8.077126931334));
#411 = CARTESIAN_POINT('',(-0.389582562299,10.514626931334));
#412 = CARTESIAN_POINT('',(2.425,10.514626931334));
#413 = ( GEOMETRIC_REPRESENTATION_CONTEXT(2) 
PARAMETRIC_REPRESENTATION_CONTEXT() REPRESENTATION_CONTEXT('2D SPACE',''
  ) );
#414 = PCURVE('',#415,#420);
#415 = CYLINDRICAL_SURFACE('',#416,1.625);
#416 = AXIS2_PLACEMENT_3D('',#417,#418,#419);
#417 = CARTESIAN_POINT('',(-8.889626931334,35.79530040965,
    89.277969959035));
#418 = DIRECTION('',(0.,-1.224646799147E-16,-1.));
#419 = DIRECTION('',(1.,0.,0.));
#420 = DEFINITIONAL_REPRESENTATION('',(#421),#425);
#421 = LINE('',#422,#423);
#422 = CARTESIAN_POINT('',(0.,0.));
#423 = VECTOR('',#424,1.);
#424 = DIRECTION('',(1.,0.));
#425 = ( GEOMETRIC_REPRESENTATION_CONTEXT(2) 
PARAMETRIC_REPRESENTATION_CONTEXT() REPRESENTATION_CONTEXT('2D SPACE',''
  ) );
#426 = FACE_BOUND('',#427,.T.);
#427 = EDGE_LOOP('',(#428));
#428 = ORIENTED_EDGE('',*,*,#429,.T.);
#429 = EDGE_CURVE('',#430,#430,#432,.T.);
#430 = VERTEX_POINT('',#431);
#431 = CARTESIAN_POINT('',(10.514626931334,35.79530040965,
    89.277969959035));
#432 = SURFACE_CURVE('',#433,(#438,#449),.PCURVE_S1.);
#433 = CIRCLE('',#434,1.625);
#434 = AXIS2_PLACEMENT_3D('',#435,#436,#437);
#435 = CARTESIAN_POINT('',(8.889626931334,35.79530040965,89.277969959035
    ));
#436 = DIRECTION('',(0.,-1.224646799147E-16,-1.));
#437 = DIRECTION('',(1.,0.,0.));
#438 = PCURVE('',#118,#439);
#439 = DEFINITIONAL_REPRESENTATION('',(#440),#448);
#440 = ( BOUNDED_CURVE() B_SPLINE_CURVE(2,(#441,#442,#443,#444,#445,#446
,#447),.UNSPECIFIED.,.T.,.F.) B_SPLINE_CURVE_WITH_KNOTS((1,2,2,2,2,1),(
    -2.094395102393,0.,2.094395102393,4.188790204786,6.28318530718,
8.377580409573),.UNSPECIFIED.) CURVE() GEOMETRIC_REPRESENTATION_ITEM() 
RATIONAL_B_SPLINE_CURVE((1.,0.5,1.,0.5,1.,0.5,1.)) REPRESENTATION_ITEM(
  '') );
#441 = CARTESIAN_POINT('',(2.425,28.293880794003));
#442 = CARTESIAN_POINT('',(5.239582562299,28.293880794003));
#443 = CARTESIAN_POINT('',(3.83229128115,25.856380794003));
#444 = CARTESIAN_POINT('',(2.425,23.418880794003));
#445 = CARTESIAN_POINT('',(1.01770871885,25.856380794003));
#446 = CARTESIAN_POINT('',(-0.389582562299,28.293880794003));
#447 = CARTESIAN_POINT('',(2.425,28.293880794003));
#448 = ( GEOMETRIC_REPRESENTATION_CONTEXT(2) 
PARAMETRIC_REPRESENTATION_CONTEXT() REPRESENTATION_CONTEXT('2D SPACE',''
  ) );
#449 = PCURVE('',#450,#455);
#450 = CYLINDRICAL_SURFACE('',#451,1.625);
#451 = AXIS2_PLACEMENT_3D('',#452,#453,#454);
#452 = CARTESIAN_POINT('',(8.889626931334,35.79530040965,89.277969959035
    ));
#453 = DIRECTION('',(0.,-1.224646799147E-16,-1.));
#454 = DIRECTION('',(1.,0.,0.));
#455 = DEFINITIONAL_REPRESENTATION('',(#456),#460);
#456 = LINE('',#457,#458);
#457 = CARTESIAN_POINT('',(0.,0.));
#458 = VECTOR('',#459,1.);
#459 = DIRECTION('',(1.,0.));
#460 = ( GEOMETRIC_REPRESENTATION_CONTEXT(2) 
PARAMETRIC_REPRESENTATION_CONTEXT() REPRESENTATION_CONTEXT('2D SPACE',''
  ) );
#461 = ADVANCED_FACE('',(#462,#488,#726,#964,#1202,#1440,#1678,#1916,
    #2154,#2392,#2630,#2868,#3106,#3344,#3582,#3820,#4058,#4296,#4534),
  #90,.F.);
#462 = FACE_BOUND('',#463,.F.);
#463 = EDGE_LOOP('',(#464,#465,#466,#487));
#464 = ORIENTED_EDGE('',*,*,#74,.F.);
#465 = ORIENTED_EDGE('',*,*,#159,.T.);
#466 = ORIENTED_EDGE('',*,*,#467,.T.);
#467 = EDGE_CURVE('',#160,#347,#468,.T.);
#468 = SURFACE_CURVE('',#469,(#473,#480),.PCURVE_S1.);
#469 = LINE('',#470,#471);
#470 = CARTESIAN_POINT('',(17.779253862669,38.22030040965,
    11.666090122895));
#471 = VECTOR('',#472,1.);
#472 = DIRECTION('',(0.,2.22044604925E-16,1.));
#473 = PCURVE('',#90,#474);
#474 = DEFINITIONAL_REPRESENTATION('',(#475),#479);
#475 = LINE('',#476,#477);
#476 = CARTESIAN_POINT('',(35.558507725338,0.));
#477 = VECTOR('',#478,1.);
#478 = DIRECTION('',(0.,1.));
#479 = ( GEOMETRIC_REPRESENTATION_CONTEXT(2) 
PARAMETRIC_REPRESENTATION_CONTEXT() REPRESENTATION_CONTEXT('2D SPACE',''
  ) );
#480 = PCURVE('',#220,#481);
#481 = DEFINITIONAL_REPRESENTATION('',(#482),#486);
#482 = LINE('',#483,#484);
#483 = CARTESIAN_POINT('',(0.,0.));
#484 = VECTOR('',#485,1.);
#485 = DIRECTION('',(0.,-1.));
#486 = ( GEOMETRIC_REPRESENTATION_CONTEXT(2) 
PARAMETRIC_REPRESENTATION_CONTEXT() REPRESENTATION_CONTEXT('2D SPACE',''
  ) );
#487 = ORIENTED_EDGE('',*,*,#346,.F.);
#488 = FACE_BOUND('',#489,.F.);
#489 = EDGE_LOOP('',(#490,#518,#551,#577,#610,#636,#669,#695));
#490 = ORIENTED_EDGE('',*,*,#491,.F.);
#491 = EDGE_CURVE('',#492,#494,#496,.T.);
#492 = VERTEX_POINT('',#493);
#493 = CARTESIAN_POINT('',(-13.53255381715,38.22030040965,
    24.537702928235));
#494 = VERTEX_POINT('',#495);
#495 = CARTESIAN_POINT('',(-13.53255381715,38.22030040965,
    15.445653163405));
#496 = SURFACE_CURVE('',#497,(#501,#507),.PCURVE_S1.);
#497 = LINE('',#498,#499);
#498 = CARTESIAN_POINT('',(-13.53255381715,38.22030040965,13.55587164315
    ));
#499 = VECTOR('',#500,1.);
#500 = DIRECTION('',(0.,-2.22044604925E-16,-1.));
#501 = PCURVE('',#90,#502);
#502 = DEFINITIONAL_REPRESENTATION('',(#503),#506);
#503 = B_SPLINE_CURVE_WITH_KNOTS('',1,(#504,#505),.UNSPECIFIED.,.F.,.F.,
  (2,2),(-10.98183128508,-1.889781520255),.PIECEWISE_BEZIER_KNOTS.);
#504 = CARTESIAN_POINT('',(4.246700045517,12.871612805341));
#505 = CARTESIAN_POINT('',(4.246700045517,3.77956304051));
#506 = ( GEOMETRIC_REPRESENTATION_CONTEXT(2) 
PARAMETRIC_REPRESENTATION_CONTEXT() REPRESENTATION_CONTEXT('2D SPACE',''
  ) );
#507 = PCURVE('',#508,#513);
#508 = PLANE('',#509);
#509 = AXIS2_PLACEMENT_3D('',#510,#511,#512);
#510 = CARTESIAN_POINT('',(-13.53255381715,38.23030040965,
    15.445653163405));
#511 = DIRECTION('',(-1.,0.,0.));
#512 = DIRECTION('',(0.,2.22044604925E-16,1.));
#513 = DEFINITIONAL_REPRESENTATION('',(#514),#517);
#514 = B_SPLINE_CURVE_WITH_KNOTS('',1,(#515,#516),.UNSPECIFIED.,.F.,.F.,
  (2,2),(-10.98183128508,-1.889781520255),.PIECEWISE_BEZIER_KNOTS.);
#515 = CARTESIAN_POINT('',(9.092049764831,-1.E-02));
#516 = CARTESIAN_POINT('',(0.,-1.E-02));
#517 = ( GEOMETRIC_REPRESENTATION_CONTEXT(2) 
PARAMETRIC_REPRESENTATION_CONTEXT() REPRESENTATION_CONTEXT('2D SPACE',''
  ) );
#518 = ORIENTED_EDGE('',*,*,#519,.T.);
#519 = EDGE_CURVE('',#492,#520,#522,.T.);
#520 = VERTEX_POINT('',#521);
#521 = CARTESIAN_POINT('',(-12.93801581078,38.22030040965,
    25.132240934608));
#522 = SURFACE_CURVE('',#523,(#528,#539),.PCURVE_S1.);
#523 = CIRCLE('',#524,0.594538006372);
#524 = AXIS2_PLACEMENT_3D('',#525,#526,#527);
#525 = CARTESIAN_POINT('',(-12.93801581078,38.22030040965,
    24.537702928235));
#526 = DIRECTION('',(0.,1.,-2.22044604925E-16));
#527 = DIRECTION('',(-1.,0.,0.));
#528 = PCURVE('',#90,#529);
#529 = DEFINITIONAL_REPRESENTATION('',(#530),#538);
#530 = ( BOUNDED_CURVE() B_SPLINE_CURVE(2,(#531,#532,#533,#534,#535,#536
,#537),.UNSPECIFIED.,.T.,.F.) B_SPLINE_CURVE_WITH_KNOTS((1,2,2,2,2,1),(
    -2.094395102393,0.,2.094395102393,4.188790204786,6.28318530718,
8.377580409573),.UNSPECIFIED.) CURVE() GEOMETRIC_REPRESENTATION_ITEM() 
RATIONAL_B_SPLINE_CURVE((1.,0.5,1.,0.5,1.,0.5,1.)) REPRESENTATION_ITEM(
  '') );
#531 = CARTESIAN_POINT('',(4.246700045517,12.871612805341));
#532 = CARTESIAN_POINT('',(4.246700045517,13.901382839408));
#533 = CARTESIAN_POINT('',(5.138507055075,13.386497822374));
#534 = CARTESIAN_POINT('',(6.030314064634,12.871612805341));
#535 = CARTESIAN_POINT('',(5.138507055075,12.356727788307));
#536 = CARTESIAN_POINT('',(4.246700045517,11.841842771273));
#537 = CARTESIAN_POINT('',(4.246700045517,12.871612805341));
#538 = ( GEOMETRIC_REPRESENTATION_CONTEXT(2) 
PARAMETRIC_REPRESENTATION_CONTEXT() REPRESENTATION_CONTEXT('2D SPACE',''
  ) );
#539 = PCURVE('',#540,#545);
#540 = CYLINDRICAL_SURFACE('',#541,0.594538006372);
#541 = AXIS2_PLACEMENT_3D('',#542,#543,#544);
#542 = CARTESIAN_POINT('',(-12.93801581078,38.23030040965,
    24.537702928235));
#543 = DIRECTION('',(0.,1.,-2.22044604925E-16));
#544 = DIRECTION('',(-1.,0.,0.));
#545 = DEFINITIONAL_REPRESENTATION('',(#546),#550);
#546 = LINE('',#547,#548);
#547 = CARTESIAN_POINT('',(0.,-1.E-02));
#548 = VECTOR('',#549,1.);
#549 = DIRECTION('',(1.,0.));
#550 = ( GEOMETRIC_REPRESENTATION_CONTEXT(2) 
PARAMETRIC_REPRESENTATION_CONTEXT() REPRESENTATION_CONTEXT('2D SPACE',''
  ) );
#551 = ORIENTED_EDGE('',*,*,#552,.F.);
#552 = EDGE_CURVE('',#553,#520,#555,.T.);
#553 = VERTEX_POINT('',#554);
#554 = CARTESIAN_POINT('',(-6.379399356924,38.22030040965,
    25.132240934608));
#555 = SURFACE_CURVE('',#556,(#560,#566),.PCURVE_S1.);
#556 = LINE('',#557,#558);
#557 = CARTESIAN_POINT('',(-15.35863483672,38.22030040965,
    25.132240934608));
#558 = VECTOR('',#559,1.);
#559 = DIRECTION('',(-1.,0.,0.));
#560 = PCURVE('',#90,#561);
#561 = DEFINITIONAL_REPRESENTATION('',(#562),#565);
#562 = B_SPLINE_CURVE_WITH_KNOTS('',1,(#563,#564),.UNSPECIFIED.,.F.,.F.,
  (2,2),(-8.9792354798,-2.420619025944),.PIECEWISE_BEZIER_KNOTS.);
#563 = CARTESIAN_POINT('',(11.399854505745,13.466150811713));
#564 = CARTESIAN_POINT('',(4.841238051889,13.466150811713));
#565 = ( GEOMETRIC_REPRESENTATION_CONTEXT(2) 
PARAMETRIC_REPRESENTATION_CONTEXT() REPRESENTATION_CONTEXT('2D SPACE',''
  ) );
#566 = PCURVE('',#567,#572);
#567 = PLANE('',#568);
#568 = AXIS2_PLACEMENT_3D('',#569,#570,#571);
#569 = CARTESIAN_POINT('',(-12.93801581078,38.23030040965,
    25.132240934608));
#570 = DIRECTION('',(0.,2.22044604925E-16,1.));
#571 = DIRECTION('',(1.,0.,0.));
#572 = DEFINITIONAL_REPRESENTATION('',(#573),#576);
#573 = B_SPLINE_CURVE_WITH_KNOTS('',1,(#574,#575),.UNSPECIFIED.,.F.,.F.,
  (2,2),(-8.9792354798,-2.420619025944),.PIECEWISE_BEZIER_KNOTS.);
#574 = CARTESIAN_POINT('',(6.558616453856,-1.E-02));
#575 = CARTESIAN_POINT('',(-4.440892098501E-16,-1.E-02));
#576 = ( GEOMETRIC_REPRESENTATION_CONTEXT(2) 
PARAMETRIC_REPRESENTATION_CONTEXT() REPRESENTATION_CONTEXT('2D SPACE',''
  ) );
#577 = ORIENTED_EDGE('',*,*,#578,.T.);
#578 = EDGE_CURVE('',#553,#579,#581,.T.);
#579 = VERTEX_POINT('',#580);
#580 = CARTESIAN_POINT('',(-5.784861318295,38.22030040965,
    24.537702928235));
#581 = SURFACE_CURVE('',#582,(#587,#598),.PCURVE_S1.);
#582 = CIRCLE('',#583,0.594538006372);
#583 = AXIS2_PLACEMENT_3D('',#584,#585,#586);
#584 = CARTESIAN_POINT('',(-6.379399356924,38.22030040965,
    24.537702928235));
#585 = DIRECTION('',(0.,1.,-2.22044604925E-16));
#586 = DIRECTION('',(-1.,0.,0.));
#587 = PCURVE('',#90,#588);
#588 = DEFINITIONAL_REPRESENTATION('',(#589),#597);
#589 = ( BOUNDED_CURVE() B_SPLINE_CURVE(2,(#590,#591,#592,#593,#594,#595
,#596),.UNSPECIFIED.,.T.,.F.) B_SPLINE_CURVE_WITH_KNOTS((1,2,2,2,2,1),(
    -2.094395102393,0.,2.094395102393,4.188790204786,6.28318530718,
8.377580409573),.UNSPECIFIED.) CURVE() GEOMETRIC_REPRESENTATION_ITEM() 
RATIONAL_B_SPLINE_CURVE((1.,0.5,1.,0.5,1.,0.5,1.)) REPRESENTATION_ITEM(
  '') );
#590 = CARTESIAN_POINT('',(10.805316499373,12.871612805341));
#591 = CARTESIAN_POINT('',(10.805316499373,13.901382839408));
#592 = CARTESIAN_POINT('',(11.697123508931,13.386497822374));
#593 = CARTESIAN_POINT('',(12.58893051849,12.871612805341));
#594 = CARTESIAN_POINT('',(11.697123508931,12.356727788307));
#595 = CARTESIAN_POINT('',(10.805316499373,11.841842771273));
#596 = CARTESIAN_POINT('',(10.805316499373,12.871612805341));
#597 = ( GEOMETRIC_REPRESENTATION_CONTEXT(2) 
PARAMETRIC_REPRESENTATION_CONTEXT() REPRESENTATION_CONTEXT('2D SPACE',''
  ) );
#598 = PCURVE('',#599,#604);
#599 = CYLINDRICAL_SURFACE('',#600,0.594538006372);
#600 = AXIS2_PLACEMENT_3D('',#601,#602,#603);
#601 = CARTESIAN_POINT('',(-6.379399356924,38.23030040965,
    24.537702928235));
#602 = DIRECTION('',(0.,1.,-2.22044604925E-16));
#603 = DIRECTION('',(-1.,0.,0.));
#604 = DEFINITIONAL_REPRESENTATION('',(#605),#609);
#605 = LINE('',#606,#607);
#606 = CARTESIAN_POINT('',(0.,-1.E-02));
#607 = VECTOR('',#608,1.);
#608 = DIRECTION('',(1.,0.));
#609 = ( GEOMETRIC_REPRESENTATION_CONTEXT(2) 
PARAMETRIC_REPRESENTATION_CONTEXT() REPRESENTATION_CONTEXT('2D SPACE',''
  ) );
#610 = ORIENTED_EDGE('',*,*,#611,.T.);
#611 = EDGE_CURVE('',#579,#612,#614,.T.);
#612 = VERTEX_POINT('',#613);
#613 = CARTESIAN_POINT('',(-5.784861318295,38.22030040965,
    15.445653163405));
#614 = SURFACE_CURVE('',#615,(#619,#625),.PCURVE_S1.);
#615 = LINE('',#616,#617);
#616 = CARTESIAN_POINT('',(-5.784861286039,38.22030040965,13.55587164315
    ));
#617 = VECTOR('',#618,1.);
#618 = DIRECTION('',(0.,-2.22044604925E-16,-1.));
#619 = PCURVE('',#90,#620);
#620 = DEFINITIONAL_REPRESENTATION('',(#621),#624);
#621 = B_SPLINE_CURVE_WITH_KNOTS('',1,(#622,#623),.UNSPECIFIED.,.F.,.F.,
  (2,2),(-10.98183128508,-1.889781520255),.PIECEWISE_BEZIER_KNOTS.);
#622 = CARTESIAN_POINT('',(11.99439257663,12.871612805341));
#623 = CARTESIAN_POINT('',(11.99439257663,3.77956304051));
#624 = ( GEOMETRIC_REPRESENTATION_CONTEXT(2) 
PARAMETRIC_REPRESENTATION_CONTEXT() REPRESENTATION_CONTEXT('2D SPACE',''
  ) );
#625 = PCURVE('',#626,#631);
#626 = PLANE('',#627);
#627 = AXIS2_PLACEMENT_3D('',#628,#629,#630);
#628 = CARTESIAN_POINT('',(-5.784861286039,38.23030040965,
    15.445653163405));
#629 = DIRECTION('',(-1.,0.,0.));
#630 = DIRECTION('',(0.,2.22044604925E-16,1.));
#631 = DEFINITIONAL_REPRESENTATION('',(#632),#635);
#632 = B_SPLINE_CURVE_WITH_KNOTS('',1,(#633,#634),.UNSPECIFIED.,.F.,.F.,
  (2,2),(-10.98183128508,-1.889781520255),.PIECEWISE_BEZIER_KNOTS.);
#633 = CARTESIAN_POINT('',(9.092049764831,-1.E-02));
#634 = CARTESIAN_POINT('',(0.,-1.E-02));
#635 = ( GEOMETRIC_REPRESENTATION_CONTEXT(2) 
PARAMETRIC_REPRESENTATION_CONTEXT() REPRESENTATION_CONTEXT('2D SPACE',''
  ) );
#636 = ORIENTED_EDGE('',*,*,#637,.T.);
#637 = EDGE_CURVE('',#612,#638,#640,.T.);
#638 = VERTEX_POINT('',#639);
#639 = CARTESIAN_POINT('',(-6.379399356924,38.22030040965,
    14.851115157032));
#640 = SURFACE_CURVE('',#641,(#646,#657),.PCURVE_S1.);
#641 = CIRCLE('',#642,0.594538006372);
#642 = AXIS2_PLACEMENT_3D('',#643,#644,#645);
#643 = CARTESIAN_POINT('',(-6.379399356924,38.22030040965,
    15.445653163405));
#644 = DIRECTION('',(0.,1.,-2.22044604925E-16));
#645 = DIRECTION('',(-1.,0.,0.));
#646 = PCURVE('',#90,#647);
#647 = DEFINITIONAL_REPRESENTATION('',(#648),#656);
#648 = ( BOUNDED_CURVE() B_SPLINE_CURVE(2,(#649,#650,#651,#652,#653,#654
,#655),.UNSPECIFIED.,.T.,.F.) B_SPLINE_CURVE_WITH_KNOTS((1,2,2,2,2,1),(
    -2.094395102393,0.,2.094395102393,4.188790204786,6.28318530718,
8.377580409573),.UNSPECIFIED.) CURVE() GEOMETRIC_REPRESENTATION_ITEM() 
RATIONAL_B_SPLINE_CURVE((1.,0.5,1.,0.5,1.,0.5,1.)) REPRESENTATION_ITEM(
  '') );
#649 = CARTESIAN_POINT('',(10.805316499373,3.77956304051));
#650 = CARTESIAN_POINT('',(10.805316499373,4.809333074577));
#651 = CARTESIAN_POINT('',(11.697123508931,4.294448057544));
#652 = CARTESIAN_POINT('',(12.58893051849,3.77956304051));
#653 = CARTESIAN_POINT('',(11.697123508931,3.264678023476));
#654 = CARTESIAN_POINT('',(10.805316499373,2.749793006442));
#655 = CARTESIAN_POINT('',(10.805316499373,3.77956304051));
#656 = ( GEOMETRIC_REPRESENTATION_CONTEXT(2) 
PARAMETRIC_REPRESENTATION_CONTEXT() REPRESENTATION_CONTEXT('2D SPACE',''
  ) );
#657 = PCURVE('',#658,#663);
#658 = CYLINDRICAL_SURFACE('',#659,0.594538006372);
#659 = AXIS2_PLACEMENT_3D('',#660,#661,#662);
#660 = CARTESIAN_POINT('',(-6.379399356924,38.23030040965,
    15.445653163405));
#661 = DIRECTION('',(0.,1.,-2.22044604925E-16));
#662 = DIRECTION('',(-1.,0.,0.));
#663 = DEFINITIONAL_REPRESENTATION('',(#664),#668);
#664 = LINE('',#665,#666);
#665 = CARTESIAN_POINT('',(0.,-1.E-02));
#666 = VECTOR('',#667,1.);
#667 = DIRECTION('',(1.,0.));
#668 = ( GEOMETRIC_REPRESENTATION_CONTEXT(2) 
PARAMETRIC_REPRESENTATION_CONTEXT() REPRESENTATION_CONTEXT('2D SPACE',''
  ) );
#669 = ORIENTED_EDGE('',*,*,#670,.T.);
#670 = EDGE_CURVE('',#638,#671,#673,.T.);
#671 = VERTEX_POINT('',#672);
#672 = CARTESIAN_POINT('',(-12.93801581078,38.22030040965,
    14.851115157032));
#673 = SURFACE_CURVE('',#674,(#678,#684),.PCURVE_S1.);
#674 = LINE('',#675,#676);
#675 = CARTESIAN_POINT('',(-15.35863483672,38.22030040965,
    14.851115157032));
#676 = VECTOR('',#677,1.);
#677 = DIRECTION('',(-1.,0.,0.));
#678 = PCURVE('',#90,#679);
#679 = DEFINITIONAL_REPRESENTATION('',(#680),#683);
#680 = B_SPLINE_CURVE_WITH_KNOTS('',1,(#681,#682),.UNSPECIFIED.,.F.,.F.,
  (2,2),(-8.9792354798,-2.420619025944),.PIECEWISE_BEZIER_KNOTS.);
#681 = CARTESIAN_POINT('',(11.399854505745,3.185025034137));
#682 = CARTESIAN_POINT('',(4.841238051889,3.185025034137));
#683 = ( GEOMETRIC_REPRESENTATION_CONTEXT(2) 
PARAMETRIC_REPRESENTATION_CONTEXT() REPRESENTATION_CONTEXT('2D SPACE',''
  ) );
#684 = PCURVE('',#685,#690);
#685 = PLANE('',#686);
#686 = AXIS2_PLACEMENT_3D('',#687,#688,#689);
#687 = CARTESIAN_POINT('',(-12.93801581078,38.23030040965,
    14.851115157032));
#688 = DIRECTION('',(0.,2.22044604925E-16,1.));
#689 = DIRECTION('',(1.,0.,0.));
#690 = DEFINITIONAL_REPRESENTATION('',(#691),#694);
#691 = B_SPLINE_CURVE_WITH_KNOTS('',1,(#692,#693),.UNSPECIFIED.,.F.,.F.,
  (2,2),(-8.9792354798,-2.420619025944),.PIECEWISE_BEZIER_KNOTS.);
#692 = CARTESIAN_POINT('',(6.558616453856,-1.E-02));
#693 = CARTESIAN_POINT('',(-4.440892098501E-16,-1.E-02));
#694 = ( GEOMETRIC_REPRESENTATION_CONTEXT(2) 
PARAMETRIC_REPRESENTATION_CONTEXT() REPRESENTATION_CONTEXT('2D SPACE',''
  ) );
#695 = ORIENTED_EDGE('',*,*,#696,.T.);
#696 = EDGE_CURVE('',#671,#494,#697,.T.);
#697 = SURFACE_CURVE('',#698,(#703,#714),.PCURVE_S1.);
#698 = CIRCLE('',#699,0.594538006372);
#699 = AXIS2_PLACEMENT_3D('',#700,#701,#702);
#700 = CARTESIAN_POINT('',(-12.93801581078,38.22030040965,
    15.445653163405));
#701 = DIRECTION('',(0.,1.,-2.22044604925E-16));
#702 = DIRECTION('',(-1.,0.,0.));
#703 = PCURVE('',#90,#704);
#704 = DEFINITIONAL_REPRESENTATION('',(#705),#713);
#705 = ( BOUNDED_CURVE() B_SPLINE_CURVE(2,(#706,#707,#708,#709,#710,#711
,#712),.UNSPECIFIED.,.T.,.F.) B_SPLINE_CURVE_WITH_KNOTS((1,2,2,2,2,1),(
    -2.094395102393,0.,2.094395102393,4.188790204786,6.28318530718,
8.377580409573),.UNSPECIFIED.) CURVE() GEOMETRIC_REPRESENTATION_ITEM() 
RATIONAL_B_SPLINE_CURVE((1.,0.5,1.,0.5,1.,0.5,1.)) REPRESENTATION_ITEM(
  '') );
#706 = CARTESIAN_POINT('',(4.246700045517,3.77956304051));
#707 = CARTESIAN_POINT('',(4.246700045517,4.809333074577));
#708 = CARTESIAN_POINT('',(5.138507055075,4.294448057544));
#709 = CARTESIAN_POINT('',(6.030314064634,3.77956304051));
#710 = CARTESIAN_POINT('',(5.138507055075,3.264678023476));
#711 = CARTESIAN_POINT('',(4.246700045517,2.749793006442));
#712 = CARTESIAN_POINT('',(4.246700045517,3.77956304051));
#713 = ( GEOMETRIC_REPRESENTATION_CONTEXT(2) 
PARAMETRIC_REPRESENTATION_CONTEXT() REPRESENTATION_CONTEXT('2D SPACE',''
  ) );
#714 = PCURVE('',#715,#720);
#715 = CYLINDRICAL_SURFACE('',#716,0.594538006372);
#716 = AXIS2_PLACEMENT_3D('',#717,#718,#719);
#717 = CARTESIAN_POINT('',(-12.93801581078,38.23030040965,
    15.445653163405));
#718 = DIRECTION('',(0.,1.,-2.22044604925E-16));
#719 = DIRECTION('',(-1.,0.,0.));
#720 = DEFINITIONAL_REPRESENTATION('',(#721),#725);
#721 = LINE('',#722,#723);
#722 = CARTESIAN_POINT('',(0.,-1.E-02));
#723 = VECTOR('',#724,1.);
#724 = DIRECTION('',(1.,0.));
#725 = ( GEOMETRIC_REPRESENTATION_CONTEXT(2) 
PARAMETRIC_REPRESENTATION_CONTEXT() REPRESENTATION_CONTEXT('2D SPACE',''
  ) );
#726 = FACE_BOUND('',#727,.F.);
#727 = EDGE_LOOP('',(#728,#756,#789,#815,#848,#874,#907,#933));
#728 = ORIENTED_EDGE('',*,*,#729,.F.);
#729 = EDGE_CURVE('',#730,#732,#734,.T.);
#730 = VERTEX_POINT('',#731);
#731 = CARTESIAN_POINT('',(-13.53255381715,38.22030040965,
    36.729843726293));
#732 = VERTEX_POINT('',#733);
#733 = CARTESIAN_POINT('',(-13.53255381715,38.22030040965,
    27.637793961463));
#734 = SURFACE_CURVE('',#735,(#739,#745),.PCURVE_S1.);
#735 = LINE('',#736,#737);
#736 = CARTESIAN_POINT('',(-13.53255381715,38.22030040965,
    19.651942042179));
#737 = VECTOR('',#738,1.);
#738 = DIRECTION('',(0.,-2.22044604925E-16,-1.));
#739 = PCURVE('',#90,#740);
#740 = DEFINITIONAL_REPRESENTATION('',(#741),#744);
#741 = B_SPLINE_CURVE_WITH_KNOTS('',1,(#742,#743),.UNSPECIFIED.,.F.,.F.,
  (2,2),(-17.07790168411,-7.985851919284),.PIECEWISE_BEZIER_KNOTS.);
#742 = CARTESIAN_POINT('',(4.246700045517,25.063753603399));
#743 = CARTESIAN_POINT('',(4.246700045517,15.971703838568));
#744 = ( GEOMETRIC_REPRESENTATION_CONTEXT(2) 
PARAMETRIC_REPRESENTATION_CONTEXT() REPRESENTATION_CONTEXT('2D SPACE',''
  ) );
#745 = PCURVE('',#746,#751);
#746 = PLANE('',#747);
#747 = AXIS2_PLACEMENT_3D('',#748,#749,#750);
#748 = CARTESIAN_POINT('',(-13.53255381715,38.23030040965,
    27.637793961463));
#749 = DIRECTION('',(-1.,0.,0.));
#750 = DIRECTION('',(0.,2.22044604925E-16,1.));
#751 = DEFINITIONAL_REPRESENTATION('',(#752),#755);
#752 = B_SPLINE_CURVE_WITH_KNOTS('',1,(#753,#754),.UNSPECIFIED.,.F.,.F.,
  (2,2),(-17.07790168411,-7.985851919284),.PIECEWISE_BEZIER_KNOTS.);
#753 = CARTESIAN_POINT('',(9.092049764831,-1.E-02));
#754 = CARTESIAN_POINT('',(-8.881784197001E-16,-1.E-02));
#755 = ( GEOMETRIC_REPRESENTATION_CONTEXT(2) 
PARAMETRIC_REPRESENTATION_CONTEXT() REPRESENTATION_CONTEXT('2D SPACE',''
  ) );
#756 = ORIENTED_EDGE('',*,*,#757,.T.);
#757 = EDGE_CURVE('',#730,#758,#760,.T.);
#758 = VERTEX_POINT('',#759);
#759 = CARTESIAN_POINT('',(-12.93801581078,38.22030040965,
    37.324381732666));
#760 = SURFACE_CURVE('',#761,(#766,#777),.PCURVE_S1.);
#761 = CIRCLE('',#762,0.594538006372);
#762 = AXIS2_PLACEMENT_3D('',#763,#764,#765);
#763 = CARTESIAN_POINT('',(-12.93801581078,38.22030040965,
    36.729843726293));
#764 = DIRECTION('',(0.,1.,-2.22044604925E-16));
#765 = DIRECTION('',(-1.,0.,0.));
#766 = PCURVE('',#90,#767);
#767 = DEFINITIONAL_REPRESENTATION('',(#768),#776);
#768 = ( BOUNDED_CURVE() B_SPLINE_CURVE(2,(#769,#770,#771,#772,#773,#774
,#775),.UNSPECIFIED.,.T.,.F.) B_SPLINE_CURVE_WITH_KNOTS((1,2,2,2,2,1),(
    -2.094395102393,0.,2.094395102393,4.188790204786,6.28318530718,
8.377580409573),.UNSPECIFIED.) CURVE() GEOMETRIC_REPRESENTATION_ITEM() 
RATIONAL_B_SPLINE_CURVE((1.,0.5,1.,0.5,1.,0.5,1.)) REPRESENTATION_ITEM(
  '') );
#769 = CARTESIAN_POINT('',(4.246700045517,25.063753603399));
#770 = CARTESIAN_POINT('',(4.246700045517,26.093523637466));
#771 = CARTESIAN_POINT('',(5.138507055075,25.578638620432));
#772 = CARTESIAN_POINT('',(6.030314064634,25.063753603399));
#773 = CARTESIAN_POINT('',(5.138507055075,24.548868586365));
#774 = CARTESIAN_POINT('',(4.246700045517,24.033983569331));
#775 = CARTESIAN_POINT('',(4.246700045517,25.063753603399));
#776 = ( GEOMETRIC_REPRESENTATION_CONTEXT(2) 
PARAMETRIC_REPRESENTATION_CONTEXT() REPRESENTATION_CONTEXT('2D SPACE',''
  ) );
#777 = PCURVE('',#778,#783);
#778 = CYLINDRICAL_SURFACE('',#779,0.594538006372);
#779 = AXIS2_PLACEMENT_3D('',#780,#781,#782);
#780 = CARTESIAN_POINT('',(-12.93801581078,38.23030040965,
    36.729843726293));
#781 = DIRECTION('',(0.,1.,-2.22044604925E-16));
#782 = DIRECTION('',(-1.,0.,0.));
#783 = DEFINITIONAL_REPRESENTATION('',(#784),#788);
#784 = LINE('',#785,#786);
#785 = CARTESIAN_POINT('',(0.,-1.E-02));
#786 = VECTOR('',#787,1.);
#787 = DIRECTION('',(1.,0.));
#788 = ( GEOMETRIC_REPRESENTATION_CONTEXT(2) 
PARAMETRIC_REPRESENTATION_CONTEXT() REPRESENTATION_CONTEXT('2D SPACE',''
  ) );
#789 = ORIENTED_EDGE('',*,*,#790,.F.);
#790 = EDGE_CURVE('',#791,#758,#793,.T.);
#791 = VERTEX_POINT('',#792);
#792 = CARTESIAN_POINT('',(-6.379399356924,38.22030040965,
    37.324381732666));
#793 = SURFACE_CURVE('',#794,(#798,#804),.PCURVE_S1.);
#794 = LINE('',#795,#796);
#795 = CARTESIAN_POINT('',(-15.35863483672,38.22030040965,
    37.324381732666));
#796 = VECTOR('',#797,1.);
#797 = DIRECTION('',(-1.,0.,0.));
#798 = PCURVE('',#90,#799);
#799 = DEFINITIONAL_REPRESENTATION('',(#800),#803);
#800 = B_SPLINE_CURVE_WITH_KNOTS('',1,(#801,#802),.UNSPECIFIED.,.F.,.F.,
  (2,2),(-8.9792354798,-2.420619025944),.PIECEWISE_BEZIER_KNOTS.);
#801 = CARTESIAN_POINT('',(11.399854505745,25.658291609771));
#802 = CARTESIAN_POINT('',(4.841238051889,25.658291609771));
#803 = ( GEOMETRIC_REPRESENTATION_CONTEXT(2) 
PARAMETRIC_REPRESENTATION_CONTEXT() REPRESENTATION_CONTEXT('2D SPACE',''
  ) );
#804 = PCURVE('',#805,#810);
#805 = PLANE('',#806);
#806 = AXIS2_PLACEMENT_3D('',#807,#808,#809);
#807 = CARTESIAN_POINT('',(-12.93801581078,38.23030040965,
    37.324381732666));
#808 = DIRECTION('',(0.,2.22044604925E-16,1.));
#809 = DIRECTION('',(1.,0.,0.));
#810 = DEFINITIONAL_REPRESENTATION('',(#811),#814);
#811 = B_SPLINE_CURVE_WITH_KNOTS('',1,(#812,#813),.UNSPECIFIED.,.F.,.F.,
  (2,2),(-8.9792354798,-2.420619025944),.PIECEWISE_BEZIER_KNOTS.);
#812 = CARTESIAN_POINT('',(6.558616453856,-1.E-02));
#813 = CARTESIAN_POINT('',(-4.440892098501E-16,-1.E-02));
#814 = ( GEOMETRIC_REPRESENTATION_CONTEXT(2) 
PARAMETRIC_REPRESENTATION_CONTEXT() REPRESENTATION_CONTEXT('2D SPACE',''
  ) );
#815 = ORIENTED_EDGE('',*,*,#816,.T.);
#816 = EDGE_CURVE('',#791,#817,#819,.T.);
#817 = VERTEX_POINT('',#818);
#818 = CARTESIAN_POINT('',(-5.784861318295,38.22030040965,
    36.729843726293));
#819 = SURFACE_CURVE('',#820,(#825,#836),.PCURVE_S1.);
#820 = CIRCLE('',#821,0.594538006372);
#821 = AXIS2_PLACEMENT_3D('',#822,#823,#824);
#822 = CARTESIAN_POINT('',(-6.379399356924,38.22030040965,
    36.729843726293));
#823 = DIRECTION('',(0.,1.,-2.22044604925E-16));
#824 = DIRECTION('',(-1.,0.,0.));
#825 = PCURVE('',#90,#826);
#826 = DEFINITIONAL_REPRESENTATION('',(#827),#835);
#827 = ( BOUNDED_CURVE() B_SPLINE_CURVE(2,(#828,#829,#830,#831,#832,#833
,#834),.UNSPECIFIED.,.T.,.F.) B_SPLINE_CURVE_WITH_KNOTS((1,2,2,2,2,1),(
    -2.094395102393,0.,2.094395102393,4.188790204786,6.28318530718,
8.377580409573),.UNSPECIFIED.) CURVE() GEOMETRIC_REPRESENTATION_ITEM() 
RATIONAL_B_SPLINE_CURVE((1.,0.5,1.,0.5,1.,0.5,1.)) REPRESENTATION_ITEM(
  '') );
#828 = CARTESIAN_POINT('',(10.805316499373,25.063753603399));
#829 = CARTESIAN_POINT('',(10.805316499373,26.093523637466));
#830 = CARTESIAN_POINT('',(11.697123508931,25.578638620432));
#831 = CARTESIAN_POINT('',(12.58893051849,25.063753603399));
#832 = CARTESIAN_POINT('',(11.697123508931,24.548868586365));
#833 = CARTESIAN_POINT('',(10.805316499373,24.033983569331));
#834 = CARTESIAN_POINT('',(10.805316499373,25.063753603399));
#835 = ( GEOMETRIC_REPRESENTATION_CONTEXT(2) 
PARAMETRIC_REPRESENTATION_CONTEXT() REPRESENTATION_CONTEXT('2D SPACE',''
  ) );
#836 = PCURVE('',#837,#842);
#837 = CYLINDRICAL_SURFACE('',#838,0.594538006372);
#838 = AXIS2_PLACEMENT_3D('',#839,#840,#841);
#839 = CARTESIAN_POINT('',(-6.379399356924,38.23030040965,
    36.729843726293));
#840 = DIRECTION('',(0.,1.,-2.22044604925E-16));
#841 = DIRECTION('',(-1.,0.,0.));
#842 = DEFINITIONAL_REPRESENTATION('',(#843),#847);
#843 = LINE('',#844,#845);
#844 = CARTESIAN_POINT('',(0.,-1.E-02));
#845 = VECTOR('',#846,1.);
#846 = DIRECTION('',(1.,0.));
#847 = ( GEOMETRIC_REPRESENTATION_CONTEXT(2) 
PARAMETRIC_REPRESENTATION_CONTEXT() REPRESENTATION_CONTEXT('2D SPACE',''
  ) );
#848 = ORIENTED_EDGE('',*,*,#849,.T.);
#849 = EDGE_CURVE('',#817,#850,#852,.T.);
#850 = VERTEX_POINT('',#851);
#851 = CARTESIAN_POINT('',(-5.784861318295,38.22030040965,
    27.637793961463));
#852 = SURFACE_CURVE('',#853,(#857,#863),.PCURVE_S1.);
#853 = LINE('',#854,#855);
#854 = CARTESIAN_POINT('',(-5.784861286039,38.22030040965,
    19.651942042179));
#855 = VECTOR('',#856,1.);
#856 = DIRECTION('',(0.,-2.22044604925E-16,-1.));
#857 = PCURVE('',#90,#858);
#858 = DEFINITIONAL_REPRESENTATION('',(#859),#862);
#859 = B_SPLINE_CURVE_WITH_KNOTS('',1,(#860,#861),.UNSPECIFIED.,.F.,.F.,
  (2,2),(-17.07790168411,-7.985851919284),.PIECEWISE_BEZIER_KNOTS.);
#860 = CARTESIAN_POINT('',(11.99439257663,25.063753603399));
#861 = CARTESIAN_POINT('',(11.99439257663,15.971703838568));
#862 = ( GEOMETRIC_REPRESENTATION_CONTEXT(2) 
PARAMETRIC_REPRESENTATION_CONTEXT() REPRESENTATION_CONTEXT('2D SPACE',''
  ) );
#863 = PCURVE('',#864,#869);
#864 = PLANE('',#865);
#865 = AXIS2_PLACEMENT_3D('',#866,#867,#868);
#866 = CARTESIAN_POINT('',(-5.784861286039,38.23030040965,
    27.637793961463));
#867 = DIRECTION('',(-1.,0.,0.));
#868 = DIRECTION('',(0.,2.22044604925E-16,1.));
#869 = DEFINITIONAL_REPRESENTATION('',(#870),#873);
#870 = B_SPLINE_CURVE_WITH_KNOTS('',1,(#871,#872),.UNSPECIFIED.,.F.,.F.,
  (2,2),(-17.07790168411,-7.985851919284),.PIECEWISE_BEZIER_KNOTS.);
#871 = CARTESIAN_POINT('',(9.092049764831,-1.E-02));
#872 = CARTESIAN_POINT('',(-8.881784197001E-16,-1.E-02));
#873 = ( GEOMETRIC_REPRESENTATION_CONTEXT(2) 
PARAMETRIC_REPRESENTATION_CONTEXT() REPRESENTATION_CONTEXT('2D SPACE',''
  ) );
#874 = ORIENTED_EDGE('',*,*,#875,.T.);
#875 = EDGE_CURVE('',#850,#876,#878,.T.);
#876 = VERTEX_POINT('',#877);
#877 = CARTESIAN_POINT('',(-6.379399356924,38.22030040965,27.04325595509
    ));
#878 = SURFACE_CURVE('',#879,(#884,#895),.PCURVE_S1.);
#879 = CIRCLE('',#880,0.594538006372);
#880 = AXIS2_PLACEMENT_3D('',#881,#882,#883);
#881 = CARTESIAN_POINT('',(-6.379399356924,38.22030040965,
    27.637793961463));
#882 = DIRECTION('',(0.,1.,-2.22044604925E-16));
#883 = DIRECTION('',(-1.,0.,0.));
#884 = PCURVE('',#90,#885);
#885 = DEFINITIONAL_REPRESENTATION('',(#886),#894);
#886 = ( BOUNDED_CURVE() B_SPLINE_CURVE(2,(#887,#888,#889,#890,#891,#892
,#893),.UNSPECIFIED.,.T.,.F.) B_SPLINE_CURVE_WITH_KNOTS((1,2,2,2,2,1),(
    -2.094395102393,0.,2.094395102393,4.188790204786,6.28318530718,
8.377580409573),.UNSPECIFIED.) CURVE() GEOMETRIC_REPRESENTATION_ITEM() 
RATIONAL_B_SPLINE_CURVE((1.,0.5,1.,0.5,1.,0.5,1.)) REPRESENTATION_ITEM(
  '') );
#887 = CARTESIAN_POINT('',(10.805316499373,15.971703838568));
#888 = CARTESIAN_POINT('',(10.805316499373,17.001473872635));
#889 = CARTESIAN_POINT('',(11.697123508931,16.486588855602));
#890 = CARTESIAN_POINT('',(12.58893051849,15.971703838568));
#891 = CARTESIAN_POINT('',(11.697123508931,15.456818821534));
#892 = CARTESIAN_POINT('',(10.805316499373,14.9419338045));
#893 = CARTESIAN_POINT('',(10.805316499373,15.971703838568));
#894 = ( GEOMETRIC_REPRESENTATION_CONTEXT(2) 
PARAMETRIC_REPRESENTATION_CONTEXT() REPRESENTATION_CONTEXT('2D SPACE',''
  ) );
#895 = PCURVE('',#896,#901);
#896 = CYLINDRICAL_SURFACE('',#897,0.594538006372);
#897 = AXIS2_PLACEMENT_3D('',#898,#899,#900);
#898 = CARTESIAN_POINT('',(-6.379399356924,38.23030040965,
    27.637793961463));
#899 = DIRECTION('',(0.,1.,-2.22044604925E-16));
#900 = DIRECTION('',(-1.,0.,0.));
#901 = DEFINITIONAL_REPRESENTATION('',(#902),#906);
#902 = LINE('',#903,#904);
#903 = CARTESIAN_POINT('',(0.,-1.E-02));
#904 = VECTOR('',#905,1.);
#905 = DIRECTION('',(1.,0.));
#906 = ( GEOMETRIC_REPRESENTATION_CONTEXT(2) 
PARAMETRIC_REPRESENTATION_CONTEXT() REPRESENTATION_CONTEXT('2D SPACE',''
  ) );
#907 = ORIENTED_EDGE('',*,*,#908,.T.);
#908 = EDGE_CURVE('',#876,#909,#911,.T.);
#909 = VERTEX_POINT('',#910);
#910 = CARTESIAN_POINT('',(-12.93801581078,38.22030040965,27.04325595509
    ));
#911 = SURFACE_CURVE('',#912,(#916,#922),.PCURVE_S1.);
#912 = LINE('',#913,#914);
#913 = CARTESIAN_POINT('',(-15.35863483672,38.22030040965,27.04325595509
    ));
#914 = VECTOR('',#915,1.);
#915 = DIRECTION('',(-1.,0.,0.));
#916 = PCURVE('',#90,#917);
#917 = DEFINITIONAL_REPRESENTATION('',(#918),#921);
#918 = B_SPLINE_CURVE_WITH_KNOTS('',1,(#919,#920),.UNSPECIFIED.,.F.,.F.,
  (2,2),(-8.9792354798,-2.420619025944),.PIECEWISE_BEZIER_KNOTS.);
#919 = CARTESIAN_POINT('',(11.399854505745,15.377165832195));
#920 = CARTESIAN_POINT('',(4.841238051889,15.377165832195));
#921 = ( GEOMETRIC_REPRESENTATION_CONTEXT(2) 
PARAMETRIC_REPRESENTATION_CONTEXT() REPRESENTATION_CONTEXT('2D SPACE',''
  ) );
#922 = PCURVE('',#923,#928);
#923 = PLANE('',#924);
#924 = AXIS2_PLACEMENT_3D('',#925,#926,#927);
#925 = CARTESIAN_POINT('',(-12.93801581078,38.23030040965,27.04325595509
    ));
#926 = DIRECTION('',(0.,2.22044604925E-16,1.));
#927 = DIRECTION('',(1.,0.,0.));
#928 = DEFINITIONAL_REPRESENTATION('',(#929),#932);
#929 = B_SPLINE_CURVE_WITH_KNOTS('',1,(#930,#931),.UNSPECIFIED.,.F.,.F.,
  (2,2),(-8.9792354798,-2.420619025944),.PIECEWISE_BEZIER_KNOTS.);
#930 = CARTESIAN_POINT('',(6.558616453856,-1.E-02));
#931 = CARTESIAN_POINT('',(-4.440892098501E-16,-1.E-02));
#932 = ( GEOMETRIC_REPRESENTATION_CONTEXT(2) 
PARAMETRIC_REPRESENTATION_CONTEXT() REPRESENTATION_CONTEXT('2D SPACE',''
  ) );
#933 = ORIENTED_EDGE('',*,*,#934,.T.);
#934 = EDGE_CURVE('',#909,#732,#935,.T.);
#935 = SURFACE_CURVE('',#936,(#941,#952),.PCURVE_S1.);
#936 = CIRCLE('',#937,0.594538006372);
#937 = AXIS2_PLACEMENT_3D('',#938,#939,#940);
#938 = CARTESIAN_POINT('',(-12.93801581078,38.22030040965,
    27.637793961463));
#939 = DIRECTION('',(0.,1.,-2.22044604925E-16));
#940 = DIRECTION('',(-1.,0.,0.));
#941 = PCURVE('',#90,#942);
#942 = DEFINITIONAL_REPRESENTATION('',(#943),#951);
#943 = ( BOUNDED_CURVE() B_SPLINE_CURVE(2,(#944,#945,#946,#947,#948,#949
,#950),.UNSPECIFIED.,.T.,.F.) B_SPLINE_CURVE_WITH_KNOTS((1,2,2,2,2,1),(
    -2.094395102393,0.,2.094395102393,4.188790204786,6.28318530718,
8.377580409573),.UNSPECIFIED.) CURVE() GEOMETRIC_REPRESENTATION_ITEM() 
RATIONAL_B_SPLINE_CURVE((1.,0.5,1.,0.5,1.,0.5,1.)) REPRESENTATION_ITEM(
  '') );
#944 = CARTESIAN_POINT('',(4.246700045517,15.971703838568));
#945 = CARTESIAN_POINT('',(4.246700045517,17.001473872635));
#946 = CARTESIAN_POINT('',(5.138507055075,16.486588855602));
#947 = CARTESIAN_POINT('',(6.030314064634,15.971703838568));
#948 = CARTESIAN_POINT('',(5.138507055075,15.456818821534));
#949 = CARTESIAN_POINT('',(4.246700045517,14.9419338045));
#950 = CARTESIAN_POINT('',(4.246700045517,15.971703838568));
#951 = ( GEOMETRIC_REPRESENTATION_CONTEXT(2) 
PARAMETRIC_REPRESENTATION_CONTEXT() REPRESENTATION_CONTEXT('2D SPACE',''
  ) );
#952 = PCURVE('',#953,#958);
#953 = CYLINDRICAL_SURFACE('',#954,0.594538006372);
#954 = AXIS2_PLACEMENT_3D('',#955,#956,#957);
#955 = CARTESIAN_POINT('',(-12.93801581078,38.23030040965,
    27.637793961463));
#956 = DIRECTION('',(0.,1.,-2.22044604925E-16));
#957 = DIRECTION('',(-1.,0.,0.));
#958 = DEFINITIONAL_REPRESENTATION('',(#959),#963);
#959 = LINE('',#960,#961);
#960 = CARTESIAN_POINT('',(0.,-1.E-02));
#961 = VECTOR('',#962,1.);
#962 = DIRECTION('',(1.,0.));
#963 = ( GEOMETRIC_REPRESENTATION_CONTEXT(2) 
PARAMETRIC_REPRESENTATION_CONTEXT() REPRESENTATION_CONTEXT('2D SPACE',''
  ) );
#964 = FACE_BOUND('',#965,.F.);
#965 = EDGE_LOOP('',(#966,#994,#1027,#1053,#1086,#1112,#1145,#1171));
#966 = ORIENTED_EDGE('',*,*,#967,.F.);
#967 = EDGE_CURVE('',#968,#970,#972,.T.);
#968 = VERTEX_POINT('',#969);
#969 = CARTESIAN_POINT('',(-13.53255381715,38.22030040965,
    48.921984524351));
#970 = VERTEX_POINT('',#971);
#971 = CARTESIAN_POINT('',(-13.53255381715,38.22030040965,
    39.829934759521));
#972 = SURFACE_CURVE('',#973,(#977,#983),.PCURVE_S1.);
#973 = LINE('',#974,#975);
#974 = CARTESIAN_POINT('',(-13.53255381715,38.22030040965,
    25.748012441208));
#975 = VECTOR('',#976,1.);
#976 = DIRECTION('',(0.,-2.22044604925E-16,-1.));
#977 = PCURVE('',#90,#978);
#978 = DEFINITIONAL_REPRESENTATION('',(#979),#982);
#979 = B_SPLINE_CURVE_WITH_KNOTS('',1,(#980,#981),.UNSPECIFIED.,.F.,.F.,
  (2,2),(-23.17397208314,-14.08192231831),.PIECEWISE_BEZIER_KNOTS.);
#980 = CARTESIAN_POINT('',(4.246700045517,37.255894401457));
#981 = CARTESIAN_POINT('',(4.246700045517,28.163844636626));
#982 = ( GEOMETRIC_REPRESENTATION_CONTEXT(2) 
PARAMETRIC_REPRESENTATION_CONTEXT() REPRESENTATION_CONTEXT('2D SPACE',''
  ) );
#983 = PCURVE('',#984,#989);
#984 = PLANE('',#985);
#985 = AXIS2_PLACEMENT_3D('',#986,#987,#988);
#986 = CARTESIAN_POINT('',(-13.53255381715,38.23030040965,
    39.829934759521));
#987 = DIRECTION('',(-1.,0.,0.));
#988 = DIRECTION('',(0.,2.22044604925E-16,1.));
#989 = DEFINITIONAL_REPRESENTATION('',(#990),#993);
#990 = B_SPLINE_CURVE_WITH_KNOTS('',1,(#991,#992),.UNSPECIFIED.,.F.,.F.,
  (2,2),(-23.17397208314,-14.08192231831),.PIECEWISE_BEZIER_KNOTS.);
#991 = CARTESIAN_POINT('',(9.092049764831,-1.E-02));
#992 = CARTESIAN_POINT('',(-1.7763568394E-15,-1.E-02));
#993 = ( GEOMETRIC_REPRESENTATION_CONTEXT(2) 
PARAMETRIC_REPRESENTATION_CONTEXT() REPRESENTATION_CONTEXT('2D SPACE',''
  ) );
#994 = ORIENTED_EDGE('',*,*,#995,.T.);
#995 = EDGE_CURVE('',#968,#996,#998,.T.);
#996 = VERTEX_POINT('',#997);
#997 = CARTESIAN_POINT('',(-12.93801581078,38.22030040965,
    49.516522530724));
#998 = SURFACE_CURVE('',#999,(#1004,#1015),.PCURVE_S1.);
#999 = CIRCLE('',#1000,0.594538006372);
#1000 = AXIS2_PLACEMENT_3D('',#1001,#1002,#1003);
#1001 = CARTESIAN_POINT('',(-12.93801581078,38.22030040965,
    48.921984524351));
#1002 = DIRECTION('',(0.,1.,-2.22044604925E-16));
#1003 = DIRECTION('',(-1.,0.,0.));
#1004 = PCURVE('',#90,#1005);
#1005 = DEFINITIONAL_REPRESENTATION('',(#1006),#1014);
#1006 = ( BOUNDED_CURVE() B_SPLINE_CURVE(2,(#1007,#1008,#1009,#1010,
#1011,#1012,#1013),.UNSPECIFIED.,.T.,.F.) B_SPLINE_CURVE_WITH_KNOTS((1,2
    ,2,2,2,1),(-2.094395102393,0.,2.094395102393,4.188790204786,
6.28318530718,8.377580409573),.UNSPECIFIED.) CURVE() 
GEOMETRIC_REPRESENTATION_ITEM() RATIONAL_B_SPLINE_CURVE((1.,0.5,1.,0.5,
1.,0.5,1.)) REPRESENTATION_ITEM('') );
#1007 = CARTESIAN_POINT('',(4.246700045517,37.255894401457));
#1008 = CARTESIAN_POINT('',(4.246700045517,38.285664435524));
#1009 = CARTESIAN_POINT('',(5.138507055075,37.77077941849));
#1010 = CARTESIAN_POINT('',(6.030314064634,37.255894401457));
#1011 = CARTESIAN_POINT('',(5.138507055075,36.741009384423));
#1012 = CARTESIAN_POINT('',(4.246700045517,36.226124367389));
#1013 = CARTESIAN_POINT('',(4.246700045517,37.255894401457));
#1014 = ( GEOMETRIC_REPRESENTATION_CONTEXT(2) 
PARAMETRIC_REPRESENTATION_CONTEXT() REPRESENTATION_CONTEXT('2D SPACE',''
  ) );
#1015 = PCURVE('',#1016,#1021);
#1016 = CYLINDRICAL_SURFACE('',#1017,0.594538006372);
#1017 = AXIS2_PLACEMENT_3D('',#1018,#1019,#1020);
#1018 = CARTESIAN_POINT('',(-12.93801581078,38.23030040965,
    48.921984524351));
#1019 = DIRECTION('',(0.,1.,-2.22044604925E-16));
#1020 = DIRECTION('',(-1.,0.,0.));
#1021 = DEFINITIONAL_REPRESENTATION('',(#1022),#1026);
#1022 = LINE('',#1023,#1024);
#1023 = CARTESIAN_POINT('',(0.,-1.E-02));
#1024 = VECTOR('',#1025,1.);
#1025 = DIRECTION('',(1.,0.));
#1026 = ( GEOMETRIC_REPRESENTATION_CONTEXT(2) 
PARAMETRIC_REPRESENTATION_CONTEXT() REPRESENTATION_CONTEXT('2D SPACE',''
  ) );
#1027 = ORIENTED_EDGE('',*,*,#1028,.F.);
#1028 = EDGE_CURVE('',#1029,#996,#1031,.T.);
#1029 = VERTEX_POINT('',#1030);
#1030 = CARTESIAN_POINT('',(-6.379399356924,38.22030040965,
    49.516522530724));
#1031 = SURFACE_CURVE('',#1032,(#1036,#1042),.PCURVE_S1.);
#1032 = LINE('',#1033,#1034);
#1033 = CARTESIAN_POINT('',(-15.35863483672,38.22030040965,
    49.516522530724));
#1034 = VECTOR('',#1035,1.);
#1035 = DIRECTION('',(-1.,0.,0.));
#1036 = PCURVE('',#90,#1037);
#1037 = DEFINITIONAL_REPRESENTATION('',(#1038),#1041);
#1038 = B_SPLINE_CURVE_WITH_KNOTS('',1,(#1039,#1040),.UNSPECIFIED.,.F.,
  .F.,(2,2),(-8.9792354798,-2.420619025944),.PIECEWISE_BEZIER_KNOTS.);
#1039 = CARTESIAN_POINT('',(11.399854505745,37.850432407829));
#1040 = CARTESIAN_POINT('',(4.841238051889,37.850432407829));
#1041 = ( GEOMETRIC_REPRESENTATION_CONTEXT(2) 
PARAMETRIC_REPRESENTATION_CONTEXT() REPRESENTATION_CONTEXT('2D SPACE',''
  ) );
#1042 = PCURVE('',#1043,#1048);
#1043 = PLANE('',#1044);
#1044 = AXIS2_PLACEMENT_3D('',#1045,#1046,#1047);
#1045 = CARTESIAN_POINT('',(-12.93801581078,38.23030040965,
    49.516522530724));
#1046 = DIRECTION('',(0.,2.22044604925E-16,1.));
#1047 = DIRECTION('',(1.,0.,0.));
#1048 = DEFINITIONAL_REPRESENTATION('',(#1049),#1052);
#1049 = B_SPLINE_CURVE_WITH_KNOTS('',1,(#1050,#1051),.UNSPECIFIED.,.F.,
  .F.,(2,2),(-8.9792354798,-2.420619025944),.PIECEWISE_BEZIER_KNOTS.);
#1050 = CARTESIAN_POINT('',(6.558616453856,-1.E-02));
#1051 = CARTESIAN_POINT('',(-4.440892098501E-16,-1.E-02));
#1052 = ( GEOMETRIC_REPRESENTATION_CONTEXT(2) 
PARAMETRIC_REPRESENTATION_CONTEXT() REPRESENTATION_CONTEXT('2D SPACE',''
  ) );
#1053 = ORIENTED_EDGE('',*,*,#1054,.T.);
#1054 = EDGE_CURVE('',#1029,#1055,#1057,.T.);
#1055 = VERTEX_POINT('',#1056);
#1056 = CARTESIAN_POINT('',(-5.784861318295,38.22030040965,
    48.921984524351));
#1057 = SURFACE_CURVE('',#1058,(#1063,#1074),.PCURVE_S1.);
#1058 = CIRCLE('',#1059,0.594538006372);
#1059 = AXIS2_PLACEMENT_3D('',#1060,#1061,#1062);
#1060 = CARTESIAN_POINT('',(-6.379399356924,38.22030040965,
    48.921984524351));
#1061 = DIRECTION('',(0.,1.,-2.22044604925E-16));
#1062 = DIRECTION('',(-1.,0.,0.));
#1063 = PCURVE('',#90,#1064);
#1064 = DEFINITIONAL_REPRESENTATION('',(#1065),#1073);
#1065 = ( BOUNDED_CURVE() B_SPLINE_CURVE(2,(#1066,#1067,#1068,#1069,
#1070,#1071,#1072),.UNSPECIFIED.,.T.,.F.) B_SPLINE_CURVE_WITH_KNOTS((1,2
    ,2,2,2,1),(-2.094395102393,0.,2.094395102393,4.188790204786,
6.28318530718,8.377580409573),.UNSPECIFIED.) CURVE() 
GEOMETRIC_REPRESENTATION_ITEM() RATIONAL_B_SPLINE_CURVE((1.,0.5,1.,0.5,
1.,0.5,1.)) REPRESENTATION_ITEM('') );
#1066 = CARTESIAN_POINT('',(10.805316499373,37.255894401457));
#1067 = CARTESIAN_POINT('',(10.805316499373,38.285664435524));
#1068 = CARTESIAN_POINT('',(11.697123508931,37.77077941849));
#1069 = CARTESIAN_POINT('',(12.58893051849,37.255894401457));
#1070 = CARTESIAN_POINT('',(11.697123508931,36.741009384423));
#1071 = CARTESIAN_POINT('',(10.805316499373,36.226124367389));
#1072 = CARTESIAN_POINT('',(10.805316499373,37.255894401457));
#1073 = ( GEOMETRIC_REPRESENTATION_CONTEXT(2) 
PARAMETRIC_REPRESENTATION_CONTEXT() REPRESENTATION_CONTEXT('2D SPACE',''
  ) );
#1074 = PCURVE('',#1075,#1080);
#1075 = CYLINDRICAL_SURFACE('',#1076,0.594538006372);
#1076 = AXIS2_PLACEMENT_3D('',#1077,#1078,#1079);
#1077 = CARTESIAN_POINT('',(-6.379399356924,38.23030040965,
    48.921984524351));
#1078 = DIRECTION('',(0.,1.,-2.22044604925E-16));
#1079 = DIRECTION('',(-1.,0.,0.));
#1080 = DEFINITIONAL_REPRESENTATION('',(#1081),#1085);
#1081 = LINE('',#1082,#1083);
#1082 = CARTESIAN_POINT('',(0.,-1.E-02));
#1083 = VECTOR('',#1084,1.);
#1084 = DIRECTION('',(1.,0.));
#1085 = ( GEOMETRIC_REPRESENTATION_CONTEXT(2) 
PARAMETRIC_REPRESENTATION_CONTEXT() REPRESENTATION_CONTEXT('2D SPACE',''
  ) );
#1086 = ORIENTED_EDGE('',*,*,#1087,.T.);
#1087 = EDGE_CURVE('',#1055,#1088,#1090,.T.);
#1088 = VERTEX_POINT('',#1089);
#1089 = CARTESIAN_POINT('',(-5.784861318295,38.22030040965,
    39.829934759521));
#1090 = SURFACE_CURVE('',#1091,(#1095,#1101),.PCURVE_S1.);
#1091 = LINE('',#1092,#1093);
#1092 = CARTESIAN_POINT('',(-5.784861286039,38.22030040965,
    25.748012441208));
#1093 = VECTOR('',#1094,1.);
#1094 = DIRECTION('',(0.,-2.22044604925E-16,-1.));
#1095 = PCURVE('',#90,#1096);
#1096 = DEFINITIONAL_REPRESENTATION('',(#1097),#1100);
#1097 = B_SPLINE_CURVE_WITH_KNOTS('',1,(#1098,#1099),.UNSPECIFIED.,.F.,
  .F.,(2,2),(-23.17397208314,-14.08192231831),.PIECEWISE_BEZIER_KNOTS.);
#1098 = CARTESIAN_POINT('',(11.99439257663,37.255894401457));
#1099 = CARTESIAN_POINT('',(11.99439257663,28.163844636626));
#1100 = ( GEOMETRIC_REPRESENTATION_CONTEXT(2) 
PARAMETRIC_REPRESENTATION_CONTEXT() REPRESENTATION_CONTEXT('2D SPACE',''
  ) );
#1101 = PCURVE('',#1102,#1107);
#1102 = PLANE('',#1103);
#1103 = AXIS2_PLACEMENT_3D('',#1104,#1105,#1106);
#1104 = CARTESIAN_POINT('',(-5.784861286039,38.23030040965,
    39.829934759521));
#1105 = DIRECTION('',(-1.,0.,0.));
#1106 = DIRECTION('',(0.,2.22044604925E-16,1.));
#1107 = DEFINITIONAL_REPRESENTATION('',(#1108),#1111);
#1108 = B_SPLINE_CURVE_WITH_KNOTS('',1,(#1109,#1110),.UNSPECIFIED.,.F.,
  .F.,(2,2),(-23.17397208314,-14.08192231831),.PIECEWISE_BEZIER_KNOTS.);
#1109 = CARTESIAN_POINT('',(9.092049764831,-1.E-02));
#1110 = CARTESIAN_POINT('',(-1.7763568394E-15,-1.E-02));
#1111 = ( GEOMETRIC_REPRESENTATION_CONTEXT(2) 
PARAMETRIC_REPRESENTATION_CONTEXT() REPRESENTATION_CONTEXT('2D SPACE',''
  ) );
#1112 = ORIENTED_EDGE('',*,*,#1113,.T.);
#1113 = EDGE_CURVE('',#1088,#1114,#1116,.T.);
#1114 = VERTEX_POINT('',#1115);
#1115 = CARTESIAN_POINT('',(-6.379399356924,38.22030040965,
    39.235396753148));
#1116 = SURFACE_CURVE('',#1117,(#1122,#1133),.PCURVE_S1.);
#1117 = CIRCLE('',#1118,0.594538006372);
#1118 = AXIS2_PLACEMENT_3D('',#1119,#1120,#1121);
#1119 = CARTESIAN_POINT('',(-6.379399356924,38.22030040965,
    39.829934759521));
#1120 = DIRECTION('',(0.,1.,-2.22044604925E-16));
#1121 = DIRECTION('',(-1.,0.,0.));
#1122 = PCURVE('',#90,#1123);
#1123 = DEFINITIONAL_REPRESENTATION('',(#1124),#1132);
#1124 = ( BOUNDED_CURVE() B_SPLINE_CURVE(2,(#1125,#1126,#1127,#1128,
#1129,#1130,#1131),.UNSPECIFIED.,.T.,.F.) B_SPLINE_CURVE_WITH_KNOTS((1,2
    ,2,2,2,1),(-2.094395102393,0.,2.094395102393,4.188790204786,
6.28318530718,8.377580409573),.UNSPECIFIED.) CURVE() 
GEOMETRIC_REPRESENTATION_ITEM() RATIONAL_B_SPLINE_CURVE((1.,0.5,1.,0.5,
1.,0.5,1.)) REPRESENTATION_ITEM('') );
#1125 = CARTESIAN_POINT('',(10.805316499373,28.163844636626));
#1126 = CARTESIAN_POINT('',(10.805316499373,29.193614670693));
#1127 = CARTESIAN_POINT('',(11.697123508931,28.678729653659));
#1128 = CARTESIAN_POINT('',(12.58893051849,28.163844636626));
#1129 = CARTESIAN_POINT('',(11.697123508931,27.648959619592));
#1130 = CARTESIAN_POINT('',(10.805316499373,27.134074602558));
#1131 = CARTESIAN_POINT('',(10.805316499373,28.163844636626));
#1132 = ( GEOMETRIC_REPRESENTATION_CONTEXT(2) 
PARAMETRIC_REPRESENTATION_CONTEXT() REPRESENTATION_CONTEXT('2D SPACE',''
  ) );
#1133 = PCURVE('',#1134,#1139);
#1134 = CYLINDRICAL_SURFACE('',#1135,0.594538006372);
#1135 = AXIS2_PLACEMENT_3D('',#1136,#1137,#1138);
#1136 = CARTESIAN_POINT('',(-6.379399356924,38.23030040965,
    39.829934759521));
#1137 = DIRECTION('',(0.,1.,-2.22044604925E-16));
#1138 = DIRECTION('',(-1.,0.,0.));
#1139 = DEFINITIONAL_REPRESENTATION('',(#1140),#1144);
#1140 = LINE('',#1141,#1142);
#1141 = CARTESIAN_POINT('',(0.,-1.E-02));
#1142 = VECTOR('',#1143,1.);
#1143 = DIRECTION('',(1.,0.));
#1144 = ( GEOMETRIC_REPRESENTATION_CONTEXT(2) 
PARAMETRIC_REPRESENTATION_CONTEXT() REPRESENTATION_CONTEXT('2D SPACE',''
  ) );
#1145 = ORIENTED_EDGE('',*,*,#1146,.T.);
#1146 = EDGE_CURVE('',#1114,#1147,#1149,.T.);
#1147 = VERTEX_POINT('',#1148);
#1148 = CARTESIAN_POINT('',(-12.93801581078,38.22030040965,
    39.235396753148));
#1149 = SURFACE_CURVE('',#1150,(#1154,#1160),.PCURVE_S1.);
#1150 = LINE('',#1151,#1152);
#1151 = CARTESIAN_POINT('',(-15.35863483672,38.22030040965,
    39.235396753148));
#1152 = VECTOR('',#1153,1.);
#1153 = DIRECTION('',(-1.,0.,0.));
#1154 = PCURVE('',#90,#1155);
#1155 = DEFINITIONAL_REPRESENTATION('',(#1156),#1159);
#1156 = B_SPLINE_CURVE_WITH_KNOTS('',1,(#1157,#1158),.UNSPECIFIED.,.F.,
  .F.,(2,2),(-8.9792354798,-2.420619025944),.PIECEWISE_BEZIER_KNOTS.);
#1157 = CARTESIAN_POINT('',(11.399854505745,27.569306630253));
#1158 = CARTESIAN_POINT('',(4.841238051889,27.569306630253));
#1159 = ( GEOMETRIC_REPRESENTATION_CONTEXT(2) 
PARAMETRIC_REPRESENTATION_CONTEXT() REPRESENTATION_CONTEXT('2D SPACE',''
  ) );
#1160 = PCURVE('',#1161,#1166);
#1161 = PLANE('',#1162);
#1162 = AXIS2_PLACEMENT_3D('',#1163,#1164,#1165);
#1163 = CARTESIAN_POINT('',(-12.93801581078,38.23030040965,
    39.235396753148));
#1164 = DIRECTION('',(0.,2.22044604925E-16,1.));
#1165 = DIRECTION('',(1.,0.,0.));
#1166 = DEFINITIONAL_REPRESENTATION('',(#1167),#1170);
#1167 = B_SPLINE_CURVE_WITH_KNOTS('',1,(#1168,#1169),.UNSPECIFIED.,.F.,
  .F.,(2,2),(-8.9792354798,-2.420619025944),.PIECEWISE_BEZIER_KNOTS.);
#1168 = CARTESIAN_POINT('',(6.558616453856,-1.E-02));
#1169 = CARTESIAN_POINT('',(-4.440892098501E-16,-1.E-02));
#1170 = ( GEOMETRIC_REPRESENTATION_CONTEXT(2) 
PARAMETRIC_REPRESENTATION_CONTEXT() REPRESENTATION_CONTEXT('2D SPACE',''
  ) );
#1171 = ORIENTED_EDGE('',*,*,#1172,.T.);
#1172 = EDGE_CURVE('',#1147,#970,#1173,.T.);
#1173 = SURFACE_CURVE('',#1174,(#1179,#1190),.PCURVE_S1.);
#1174 = CIRCLE('',#1175,0.594538006372);
#1175 = AXIS2_PLACEMENT_3D('',#1176,#1177,#1178);
#1176 = CARTESIAN_POINT('',(-12.93801581078,38.22030040965,
    39.829934759521));
#1177 = DIRECTION('',(0.,1.,-2.22044604925E-16));
#1178 = DIRECTION('',(-1.,0.,0.));
#1179 = PCURVE('',#90,#1180);
#1180 = DEFINITIONAL_REPRESENTATION('',(#1181),#1189);
#1181 = ( BOUNDED_CURVE() B_SPLINE_CURVE(2,(#1182,#1183,#1184,#1185,
#1186,#1187,#1188),.UNSPECIFIED.,.T.,.F.) B_SPLINE_CURVE_WITH_KNOTS((1,2
    ,2,2,2,1),(-2.094395102393,0.,2.094395102393,4.188790204786,
6.28318530718,8.377580409573),.UNSPECIFIED.) CURVE() 
GEOMETRIC_REPRESENTATION_ITEM() RATIONAL_B_SPLINE_CURVE((1.,0.5,1.,0.5,
1.,0.5,1.)) REPRESENTATION_ITEM('') );
#1182 = CARTESIAN_POINT('',(4.246700045517,28.163844636626));
#1183 = CARTESIAN_POINT('',(4.246700045517,29.193614670693));
#1184 = CARTESIAN_POINT('',(5.138507055075,28.678729653659));
#1185 = CARTESIAN_POINT('',(6.030314064634,28.163844636626));
#1186 = CARTESIAN_POINT('',(5.138507055075,27.648959619592));
#1187 = CARTESIAN_POINT('',(4.246700045517,27.134074602558));
#1188 = CARTESIAN_POINT('',(4.246700045517,28.163844636626));
#1189 = ( GEOMETRIC_REPRESENTATION_CONTEXT(2) 
PARAMETRIC_REPRESENTATION_CONTEXT() REPRESENTATION_CONTEXT('2D SPACE',''
  ) );
#1190 = PCURVE('',#1191,#1196);
#1191 = CYLINDRICAL_SURFACE('',#1192,0.594538006372);
#1192 = AXIS2_PLACEMENT_3D('',#1193,#1194,#1195);
#1193 = CARTESIAN_POINT('',(-12.93801581078,38.23030040965,
    39.829934759521));
#1194 = DIRECTION('',(0.,1.,-2.22044604925E-16));
#1195 = DIRECTION('',(-1.,0.,0.));
#1196 = DEFINITIONAL_REPRESENTATION('',(#1197),#1201);
#1197 = LINE('',#1198,#1199);
#1198 = CARTESIAN_POINT('',(0.,-1.E-02));
#1199 = VECTOR('',#1200,1.);
#1200 = DIRECTION('',(1.,0.));
#1201 = ( GEOMETRIC_REPRESENTATION_CONTEXT(2) 
PARAMETRIC_REPRESENTATION_CONTEXT() REPRESENTATION_CONTEXT('2D SPACE',''
  ) );
#1202 = FACE_BOUND('',#1203,.F.);
#1203 = EDGE_LOOP('',(#1204,#1232,#1265,#1291,#1324,#1350,#1383,#1409));
#1204 = ORIENTED_EDGE('',*,*,#1205,.F.);
#1205 = EDGE_CURVE('',#1206,#1208,#1210,.T.);
#1206 = VERTEX_POINT('',#1207);
#1207 = CARTESIAN_POINT('',(-3.873846265557,38.22030040965,
    24.537702928235));
#1208 = VERTEX_POINT('',#1209);
#1209 = CARTESIAN_POINT('',(-3.873846265557,38.22030040965,
    15.445653163405));
#1210 = SURFACE_CURVE('',#1211,(#1215,#1221),.PCURVE_S1.);
#1211 = LINE('',#1212,#1213);
#1212 = CARTESIAN_POINT('',(-3.873846265557,38.22030040965,
    13.55587164315));
#1213 = VECTOR('',#1214,1.);
#1214 = DIRECTION('',(0.,-2.22044604925E-16,-1.));
#1215 = PCURVE('',#90,#1216);
#1216 = DEFINITIONAL_REPRESENTATION('',(#1217),#1220);
#1217 = B_SPLINE_CURVE_WITH_KNOTS('',1,(#1218,#1219),.UNSPECIFIED.,.F.,
  .F.,(2,2),(-10.98183128508,-1.889781520255),.PIECEWISE_BEZIER_KNOTS.);
#1218 = CARTESIAN_POINT('',(13.905407597112,12.871612805341));
#1219 = CARTESIAN_POINT('',(13.905407597112,3.77956304051));
#1220 = ( GEOMETRIC_REPRESENTATION_CONTEXT(2) 
PARAMETRIC_REPRESENTATION_CONTEXT() REPRESENTATION_CONTEXT('2D SPACE',''
  ) );
#1221 = PCURVE('',#1222,#1227);
#1222 = PLANE('',#1223);
#1223 = AXIS2_PLACEMENT_3D('',#1224,#1225,#1226);
#1224 = CARTESIAN_POINT('',(-3.873846265557,38.23030040965,
    15.445653163405));
#1225 = DIRECTION('',(-1.,0.,0.));
#1226 = DIRECTION('',(0.,2.22044604925E-16,1.));
#1227 = DEFINITIONAL_REPRESENTATION('',(#1228),#1231);
#1228 = B_SPLINE_CURVE_WITH_KNOTS('',1,(#1229,#1230),.UNSPECIFIED.,.F.,
  .F.,(2,2),(-10.98183128508,-1.889781520255),.PIECEWISE_BEZIER_KNOTS.);
#1229 = CARTESIAN_POINT('',(9.092049764831,-1.E-02));
#1230 = CARTESIAN_POINT('',(0.,-1.E-02));
#1231 = ( GEOMETRIC_REPRESENTATION_CONTEXT(2) 
PARAMETRIC_REPRESENTATION_CONTEXT() REPRESENTATION_CONTEXT('2D SPACE',''
  ) );
#1232 = ORIENTED_EDGE('',*,*,#1233,.T.);
#1233 = EDGE_CURVE('',#1206,#1234,#1236,.T.);
#1234 = VERTEX_POINT('',#1235);
#1235 = CARTESIAN_POINT('',(-3.279308259184,38.22030040965,
    25.132240934608));
#1236 = SURFACE_CURVE('',#1237,(#1242,#1253),.PCURVE_S1.);
#1237 = CIRCLE('',#1238,0.594538006372);
#1238 = AXIS2_PLACEMENT_3D('',#1239,#1240,#1241);
#1239 = CARTESIAN_POINT('',(-3.279308259184,38.22030040965,
    24.537702928235));
#1240 = DIRECTION('',(0.,1.,-2.22044604925E-16));
#1241 = DIRECTION('',(-1.,0.,0.));
#1242 = PCURVE('',#90,#1243);
#1243 = DEFINITIONAL_REPRESENTATION('',(#1244),#1252);
#1244 = ( BOUNDED_CURVE() B_SPLINE_CURVE(2,(#1245,#1246,#1247,#1248,
#1249,#1250,#1251),.UNSPECIFIED.,.T.,.F.) B_SPLINE_CURVE_WITH_KNOTS((1,2
    ,2,2,2,1),(-2.094395102393,0.,2.094395102393,4.188790204786,
6.28318530718,8.377580409573),.UNSPECIFIED.) CURVE() 
GEOMETRIC_REPRESENTATION_ITEM() RATIONAL_B_SPLINE_CURVE((1.,0.5,1.,0.5,
1.,0.5,1.)) REPRESENTATION_ITEM('') );
#1245 = CARTESIAN_POINT('',(13.905407597112,12.871612805341));
#1246 = CARTESIAN_POINT('',(13.905407597112,13.901382839408));
#1247 = CARTESIAN_POINT('',(14.797214606671,13.386497822374));
#1248 = CARTESIAN_POINT('',(15.689021616229,12.871612805341));
#1249 = CARTESIAN_POINT('',(14.797214606671,12.356727788307));
#1250 = CARTESIAN_POINT('',(13.905407597112,11.841842771273));
#1251 = CARTESIAN_POINT('',(13.905407597112,12.871612805341));
#1252 = ( GEOMETRIC_REPRESENTATION_CONTEXT(2) 
PARAMETRIC_REPRESENTATION_CONTEXT() REPRESENTATION_CONTEXT('2D SPACE',''
  ) );
#1253 = PCURVE('',#1254,#1259);
#1254 = CYLINDRICAL_SURFACE('',#1255,0.594538006372);
#1255 = AXIS2_PLACEMENT_3D('',#1256,#1257,#1258);
#1256 = CARTESIAN_POINT('',(-3.279308259184,38.23030040965,
    24.537702928235));
#1257 = DIRECTION('',(0.,1.,-2.22044604925E-16));
#1258 = DIRECTION('',(-1.,0.,0.));
#1259 = DEFINITIONAL_REPRESENTATION('',(#1260),#1264);
#1260 = LINE('',#1261,#1262);
#1261 = CARTESIAN_POINT('',(0.,-1.E-02));
#1262 = VECTOR('',#1263,1.);
#1263 = DIRECTION('',(1.,0.));
#1264 = ( GEOMETRIC_REPRESENTATION_CONTEXT(2) 
PARAMETRIC_REPRESENTATION_CONTEXT() REPRESENTATION_CONTEXT('2D SPACE',''
  ) );
#1265 = ORIENTED_EDGE('',*,*,#1266,.F.);
#1266 = EDGE_CURVE('',#1267,#1234,#1269,.T.);
#1267 = VERTEX_POINT('',#1268);
#1268 = CARTESIAN_POINT('',(3.279308194672,38.22030040965,
    25.132240934608));
#1269 = SURFACE_CURVE('',#1270,(#1274,#1280),.PCURVE_S1.);
#1270 = LINE('',#1271,#1272);
#1271 = CARTESIAN_POINT('',(-10.52928106092,38.22030040965,
    25.132240934608));
#1272 = VECTOR('',#1273,1.);
#1273 = DIRECTION('',(-1.,0.,0.));
#1274 = PCURVE('',#90,#1275);
#1275 = DEFINITIONAL_REPRESENTATION('',(#1276),#1279);
#1276 = B_SPLINE_CURVE_WITH_KNOTS('',1,(#1277,#1278),.UNSPECIFIED.,.F.,
  .F.,(2,2),(-13.80858925559,-7.249972801742),.PIECEWISE_BEZIER_KNOTS.);
#1277 = CARTESIAN_POINT('',(21.05856205734,13.466150811713));
#1278 = CARTESIAN_POINT('',(14.499945603484,13.466150811713));
#1279 = ( GEOMETRIC_REPRESENTATION_CONTEXT(2) 
PARAMETRIC_REPRESENTATION_CONTEXT() REPRESENTATION_CONTEXT('2D SPACE',''
  ) );
#1280 = PCURVE('',#1281,#1286);
#1281 = PLANE('',#1282);
#1282 = AXIS2_PLACEMENT_3D('',#1283,#1284,#1285);
#1283 = CARTESIAN_POINT('',(-3.279308259184,38.23030040965,
    25.132240934608));
#1284 = DIRECTION('',(0.,2.22044604925E-16,1.));
#1285 = DIRECTION('',(1.,0.,0.));
#1286 = DEFINITIONAL_REPRESENTATION('',(#1287),#1290);
#1287 = B_SPLINE_CURVE_WITH_KNOTS('',1,(#1288,#1289),.UNSPECIFIED.,.F.,
  .F.,(2,2),(-13.80858925559,-7.249972801742),.PIECEWISE_BEZIER_KNOTS.);
#1288 = CARTESIAN_POINT('',(6.558616453856,-1.E-02));
#1289 = CARTESIAN_POINT('',(-8.881784197001E-16,-1.E-02));
#1290 = ( GEOMETRIC_REPRESENTATION_CONTEXT(2) 
PARAMETRIC_REPRESENTATION_CONTEXT() REPRESENTATION_CONTEXT('2D SPACE',''
  ) );
#1291 = ORIENTED_EDGE('',*,*,#1292,.T.);
#1292 = EDGE_CURVE('',#1267,#1293,#1295,.T.);
#1293 = VERTEX_POINT('',#1294);
#1294 = CARTESIAN_POINT('',(3.8738462333,38.22030040965,24.537702928235)
  );
#1295 = SURFACE_CURVE('',#1296,(#1301,#1312),.PCURVE_S1.);
#1296 = CIRCLE('',#1297,0.594538006372);
#1297 = AXIS2_PLACEMENT_3D('',#1298,#1299,#1300);
#1298 = CARTESIAN_POINT('',(3.279308194672,38.22030040965,
    24.537702928235));
#1299 = DIRECTION('',(0.,1.,-2.22044604925E-16));
#1300 = DIRECTION('',(-1.,0.,0.));
#1301 = PCURVE('',#90,#1302);
#1302 = DEFINITIONAL_REPRESENTATION('',(#1303),#1311);
#1303 = ( BOUNDED_CURVE() B_SPLINE_CURVE(2,(#1304,#1305,#1306,#1307,
#1308,#1309,#1310),.UNSPECIFIED.,.T.,.F.) B_SPLINE_CURVE_WITH_KNOTS((1,2
    ,2,2,2,1),(-2.094395102393,0.,2.094395102393,4.188790204786,
6.28318530718,8.377580409573),.UNSPECIFIED.) CURVE() 
GEOMETRIC_REPRESENTATION_ITEM() RATIONAL_B_SPLINE_CURVE((1.,0.5,1.,0.5,
1.,0.5,1.)) REPRESENTATION_ITEM('') );
#1304 = CARTESIAN_POINT('',(20.464024050968,12.871612805341));
#1305 = CARTESIAN_POINT('',(20.464024050968,13.901382839408));
#1306 = CARTESIAN_POINT('',(21.355831060527,13.386497822374));
#1307 = CARTESIAN_POINT('',(22.247638070085,12.871612805341));
#1308 = CARTESIAN_POINT('',(21.355831060527,12.356727788307));
#1309 = CARTESIAN_POINT('',(20.464024050968,11.841842771273));
#1310 = CARTESIAN_POINT('',(20.464024050968,12.871612805341));
#1311 = ( GEOMETRIC_REPRESENTATION_CONTEXT(2) 
PARAMETRIC_REPRESENTATION_CONTEXT() REPRESENTATION_CONTEXT('2D SPACE',''
  ) );
#1312 = PCURVE('',#1313,#1318);
#1313 = CYLINDRICAL_SURFACE('',#1314,0.594538006372);
#1314 = AXIS2_PLACEMENT_3D('',#1315,#1316,#1317);
#1315 = CARTESIAN_POINT('',(3.279308194672,38.23030040965,
    24.537702928235));
#1316 = DIRECTION('',(0.,1.,-2.22044604925E-16));
#1317 = DIRECTION('',(-1.,0.,0.));
#1318 = DEFINITIONAL_REPRESENTATION('',(#1319),#1323);
#1319 = LINE('',#1320,#1321);
#1320 = CARTESIAN_POINT('',(0.,-1.E-02));
#1321 = VECTOR('',#1322,1.);
#1322 = DIRECTION('',(1.,0.));
#1323 = ( GEOMETRIC_REPRESENTATION_CONTEXT(2) 
PARAMETRIC_REPRESENTATION_CONTEXT() REPRESENTATION_CONTEXT('2D SPACE',''
  ) );
#1324 = ORIENTED_EDGE('',*,*,#1325,.T.);
#1325 = EDGE_CURVE('',#1293,#1326,#1328,.T.);
#1326 = VERTEX_POINT('',#1327);
#1327 = CARTESIAN_POINT('',(3.8738462333,38.22030040965,15.445653163405)
  );
#1328 = SURFACE_CURVE('',#1329,(#1333,#1339),.PCURVE_S1.);
#1329 = LINE('',#1330,#1331);
#1330 = CARTESIAN_POINT('',(3.873846265557,38.22030040965,13.55587164315
    ));
#1331 = VECTOR('',#1332,1.);
#1332 = DIRECTION('',(0.,-2.22044604925E-16,-1.));
#1333 = PCURVE('',#90,#1334);
#1334 = DEFINITIONAL_REPRESENTATION('',(#1335),#1338);
#1335 = B_SPLINE_CURVE_WITH_KNOTS('',1,(#1336,#1337),.UNSPECIFIED.,.F.,
  .F.,(2,2),(-10.98183128508,-1.889781520255),.PIECEWISE_BEZIER_KNOTS.);
#1336 = CARTESIAN_POINT('',(21.653100128225,12.871612805341));
#1337 = CARTESIAN_POINT('',(21.653100128225,3.77956304051));
#1338 = ( GEOMETRIC_REPRESENTATION_CONTEXT(2) 
PARAMETRIC_REPRESENTATION_CONTEXT() REPRESENTATION_CONTEXT('2D SPACE',''
  ) );
#1339 = PCURVE('',#1340,#1345);
#1340 = PLANE('',#1341);
#1341 = AXIS2_PLACEMENT_3D('',#1342,#1343,#1344);
#1342 = CARTESIAN_POINT('',(3.873846265557,38.23030040965,
    15.445653163405));
#1343 = DIRECTION('',(-1.,0.,0.));
#1344 = DIRECTION('',(0.,2.22044604925E-16,1.));
#1345 = DEFINITIONAL_REPRESENTATION('',(#1346),#1349);
#1346 = B_SPLINE_CURVE_WITH_KNOTS('',1,(#1347,#1348),.UNSPECIFIED.,.F.,
  .F.,(2,2),(-10.98183128508,-1.889781520255),.PIECEWISE_BEZIER_KNOTS.);
#1347 = CARTESIAN_POINT('',(9.092049764831,-1.E-02));
#1348 = CARTESIAN_POINT('',(0.,-1.E-02));
#1349 = ( GEOMETRIC_REPRESENTATION_CONTEXT(2) 
PARAMETRIC_REPRESENTATION_CONTEXT() REPRESENTATION_CONTEXT('2D SPACE',''
  ) );
#1350 = ORIENTED_EDGE('',*,*,#1351,.T.);
#1351 = EDGE_CURVE('',#1326,#1352,#1354,.T.);
#1352 = VERTEX_POINT('',#1353);
#1353 = CARTESIAN_POINT('',(3.279308194672,38.22030040965,
    14.851115157032));
#1354 = SURFACE_CURVE('',#1355,(#1360,#1371),.PCURVE_S1.);
#1355 = CIRCLE('',#1356,0.594538006372);
#1356 = AXIS2_PLACEMENT_3D('',#1357,#1358,#1359);
#1357 = CARTESIAN_POINT('',(3.279308194672,38.22030040965,
    15.445653163405));
#1358 = DIRECTION('',(0.,1.,-2.22044604925E-16));
#1359 = DIRECTION('',(-1.,0.,0.));
#1360 = PCURVE('',#90,#1361);
#1361 = DEFINITIONAL_REPRESENTATION('',(#1362),#1370);
#1362 = ( BOUNDED_CURVE() B_SPLINE_CURVE(2,(#1363,#1364,#1365,#1366,
#1367,#1368,#1369),.UNSPECIFIED.,.T.,.F.) B_SPLINE_CURVE_WITH_KNOTS((1,2
    ,2,2,2,1),(-2.094395102393,0.,2.094395102393,4.188790204786,
6.28318530718,8.377580409573),.UNSPECIFIED.) CURVE() 
GEOMETRIC_REPRESENTATION_ITEM() RATIONAL_B_SPLINE_CURVE((1.,0.5,1.,0.5,
1.,0.5,1.)) REPRESENTATION_ITEM('') );
#1363 = CARTESIAN_POINT('',(20.464024050968,3.77956304051));
#1364 = CARTESIAN_POINT('',(20.464024050968,4.809333074577));
#1365 = CARTESIAN_POINT('',(21.355831060527,4.294448057544));
#1366 = CARTESIAN_POINT('',(22.247638070085,3.77956304051));
#1367 = CARTESIAN_POINT('',(21.355831060527,3.264678023476));
#1368 = CARTESIAN_POINT('',(20.464024050968,2.749793006442));
#1369 = CARTESIAN_POINT('',(20.464024050968,3.77956304051));
#1370 = ( GEOMETRIC_REPRESENTATION_CONTEXT(2) 
PARAMETRIC_REPRESENTATION_CONTEXT() REPRESENTATION_CONTEXT('2D SPACE',''
  ) );
#1371 = PCURVE('',#1372,#1377);
#1372 = CYLINDRICAL_SURFACE('',#1373,0.594538006372);
#1373 = AXIS2_PLACEMENT_3D('',#1374,#1375,#1376);
#1374 = CARTESIAN_POINT('',(3.279308194672,38.23030040965,
    15.445653163405));
#1375 = DIRECTION('',(0.,1.,-2.22044604925E-16));
#1376 = DIRECTION('',(-1.,0.,0.));
#1377 = DEFINITIONAL_REPRESENTATION('',(#1378),#1382);
#1378 = LINE('',#1379,#1380);
#1379 = CARTESIAN_POINT('',(0.,-1.E-02));
#1380 = VECTOR('',#1381,1.);
#1381 = DIRECTION('',(1.,0.));
#1382 = ( GEOMETRIC_REPRESENTATION_CONTEXT(2) 
PARAMETRIC_REPRESENTATION_CONTEXT() REPRESENTATION_CONTEXT('2D SPACE',''
  ) );
#1383 = ORIENTED_EDGE('',*,*,#1384,.T.);
#1384 = EDGE_CURVE('',#1352,#1385,#1387,.T.);
#1385 = VERTEX_POINT('',#1386);
#1386 = CARTESIAN_POINT('',(-3.279308259184,38.22030040965,
    14.851115157032));
#1387 = SURFACE_CURVE('',#1388,(#1392,#1398),.PCURVE_S1.);
#1388 = LINE('',#1389,#1390);
#1389 = CARTESIAN_POINT('',(-10.52928106092,38.22030040965,
    14.851115157032));
#1390 = VECTOR('',#1391,1.);
#1391 = DIRECTION('',(-1.,0.,0.));
#1392 = PCURVE('',#90,#1393);
#1393 = DEFINITIONAL_REPRESENTATION('',(#1394),#1397);
#1394 = B_SPLINE_CURVE_WITH_KNOTS('',1,(#1395,#1396),.UNSPECIFIED.,.F.,
  .F.,(2,2),(-13.80858925559,-7.249972801742),.PIECEWISE_BEZIER_KNOTS.);
#1395 = CARTESIAN_POINT('',(21.05856205734,3.185025034137));
#1396 = CARTESIAN_POINT('',(14.499945603484,3.185025034137));
#1397 = ( GEOMETRIC_REPRESENTATION_CONTEXT(2) 
PARAMETRIC_REPRESENTATION_CONTEXT() REPRESENTATION_CONTEXT('2D SPACE',''
  ) );
#1398 = PCURVE('',#1399,#1404);
#1399 = PLANE('',#1400);
#1400 = AXIS2_PLACEMENT_3D('',#1401,#1402,#1403);
#1401 = CARTESIAN_POINT('',(-3.279308259184,38.23030040965,
    14.851115157032));
#1402 = DIRECTION('',(0.,2.22044604925E-16,1.));
#1403 = DIRECTION('',(1.,0.,0.));
#1404 = DEFINITIONAL_REPRESENTATION('',(#1405),#1408);
#1405 = B_SPLINE_CURVE_WITH_KNOTS('',1,(#1406,#1407),.UNSPECIFIED.,.F.,
  .F.,(2,2),(-13.80858925559,-7.249972801742),.PIECEWISE_BEZIER_KNOTS.);
#1406 = CARTESIAN_POINT('',(6.558616453856,-1.E-02));
#1407 = CARTESIAN_POINT('',(-8.881784197001E-16,-1.E-02));
#1408 = ( GEOMETRIC_REPRESENTATION_CONTEXT(2) 
PARAMETRIC_REPRESENTATION_CONTEXT() REPRESENTATION_CONTEXT('2D SPACE',''
  ) );
#1409 = ORIENTED_EDGE('',*,*,#1410,.T.);
#1410 = EDGE_CURVE('',#1385,#1208,#1411,.T.);
#1411 = SURFACE_CURVE('',#1412,(#1417,#1428),.PCURVE_S1.);
#1412 = CIRCLE('',#1413,0.594538006372);
#1413 = AXIS2_PLACEMENT_3D('',#1414,#1415,#1416);
#1414 = CARTESIAN_POINT('',(-3.279308259184,38.22030040965,
    15.445653163405));
#1415 = DIRECTION('',(0.,1.,-2.22044604925E-16));
#1416 = DIRECTION('',(-1.,0.,0.));
#1417 = PCURVE('',#90,#1418);
#1418 = DEFINITIONAL_REPRESENTATION('',(#1419),#1427);
#1419 = ( BOUNDED_CURVE() B_SPLINE_CURVE(2,(#1420,#1421,#1422,#1423,
#1424,#1425,#1426),.UNSPECIFIED.,.T.,.F.) B_SPLINE_CURVE_WITH_KNOTS((1,2
    ,2,2,2,1),(-2.094395102393,0.,2.094395102393,4.188790204786,
6.28318530718,8.377580409573),.UNSPECIFIED.) CURVE() 
GEOMETRIC_REPRESENTATION_ITEM() RATIONAL_B_SPLINE_CURVE((1.,0.5,1.,0.5,
1.,0.5,1.)) REPRESENTATION_ITEM('') );
#1420 = CARTESIAN_POINT('',(13.905407597112,3.77956304051));
#1421 = CARTESIAN_POINT('',(13.905407597112,4.809333074577));
#1422 = CARTESIAN_POINT('',(14.797214606671,4.294448057544));
#1423 = CARTESIAN_POINT('',(15.689021616229,3.77956304051));
#1424 = CARTESIAN_POINT('',(14.797214606671,3.264678023476));
#1425 = CARTESIAN_POINT('',(13.905407597112,2.749793006442));
#1426 = CARTESIAN_POINT('',(13.905407597112,3.77956304051));
#1427 = ( GEOMETRIC_REPRESENTATION_CONTEXT(2) 
PARAMETRIC_REPRESENTATION_CONTEXT() REPRESENTATION_CONTEXT('2D SPACE',''
  ) );
#1428 = PCURVE('',#1429,#1434);
#1429 = CYLINDRICAL_SURFACE('',#1430,0.594538006372);
#1430 = AXIS2_PLACEMENT_3D('',#1431,#1432,#1433);
#1431 = CARTESIAN_POINT('',(-3.279308259184,38.23030040965,
    15.445653163405));
#1432 = DIRECTION('',(0.,1.,-2.22044604925E-16));
#1433 = DIRECTION('',(-1.,0.,0.));
#1434 = DEFINITIONAL_REPRESENTATION('',(#1435),#1439);
#1435 = LINE('',#1436,#1437);
#1436 = CARTESIAN_POINT('',(0.,-1.E-02));
#1437 = VECTOR('',#1438,1.);
#1438 = DIRECTION('',(1.,0.));
#1439 = ( GEOMETRIC_REPRESENTATION_CONTEXT(2) 
PARAMETRIC_REPRESENTATION_CONTEXT() REPRESENTATION_CONTEXT('2D SPACE',''
  ) );
#1440 = FACE_BOUND('',#1441,.F.);
#1441 = EDGE_LOOP('',(#1442,#1470,#1503,#1529,#1562,#1588,#1621,#1647));
#1442 = ORIENTED_EDGE('',*,*,#1443,.F.);
#1443 = EDGE_CURVE('',#1444,#1446,#1448,.T.);
#1444 = VERTEX_POINT('',#1445);
#1445 = CARTESIAN_POINT('',(-3.873846265557,38.22030040965,
    36.729843726293));
#1446 = VERTEX_POINT('',#1447);
#1447 = CARTESIAN_POINT('',(-3.873846265557,38.22030040965,
    27.637793961463));
#1448 = SURFACE_CURVE('',#1449,(#1453,#1459),.PCURVE_S1.);
#1449 = LINE('',#1450,#1451);
#1450 = CARTESIAN_POINT('',(-3.873846265557,38.22030040965,
    19.651942042179));
#1451 = VECTOR('',#1452,1.);
#1452 = DIRECTION('',(0.,-2.22044604925E-16,-1.));
#1453 = PCURVE('',#90,#1454);
#1454 = DEFINITIONAL_REPRESENTATION('',(#1455),#1458);
#1455 = B_SPLINE_CURVE_WITH_KNOTS('',1,(#1456,#1457),.UNSPECIFIED.,.F.,
  .F.,(2,2),(-17.07790168411,-7.985851919284),.PIECEWISE_BEZIER_KNOTS.);
#1456 = CARTESIAN_POINT('',(13.905407597112,25.063753603399));
#1457 = CARTESIAN_POINT('',(13.905407597112,15.971703838568));
#1458 = ( GEOMETRIC_REPRESENTATION_CONTEXT(2) 
PARAMETRIC_REPRESENTATION_CONTEXT() REPRESENTATION_CONTEXT('2D SPACE',''
  ) );
#1459 = PCURVE('',#1460,#1465);
#1460 = PLANE('',#1461);
#1461 = AXIS2_PLACEMENT_3D('',#1462,#1463,#1464);
#1462 = CARTESIAN_POINT('',(-3.873846265557,38.23030040965,
    27.637793961463));
#1463 = DIRECTION('',(-1.,0.,0.));
#1464 = DIRECTION('',(0.,2.22044604925E-16,1.));
#1465 = DEFINITIONAL_REPRESENTATION('',(#1466),#1469);
#1466 = B_SPLINE_CURVE_WITH_KNOTS('',1,(#1467,#1468),.UNSPECIFIED.,.F.,
  .F.,(2,2),(-17.07790168411,-7.985851919284),.PIECEWISE_BEZIER_KNOTS.);
#1467 = CARTESIAN_POINT('',(9.092049764831,-1.E-02));
#1468 = CARTESIAN_POINT('',(-8.881784197001E-16,-1.E-02));
#1469 = ( GEOMETRIC_REPRESENTATION_CONTEXT(2) 
PARAMETRIC_REPRESENTATION_CONTEXT() REPRESENTATION_CONTEXT('2D SPACE',''
  ) );
#1470 = ORIENTED_EDGE('',*,*,#1471,.T.);
#1471 = EDGE_CURVE('',#1444,#1472,#1474,.T.);
#1472 = VERTEX_POINT('',#1473);
#1473 = CARTESIAN_POINT('',(-3.279308259184,38.22030040965,
    37.324381732666));
#1474 = SURFACE_CURVE('',#1475,(#1480,#1491),.PCURVE_S1.);
#1475 = CIRCLE('',#1476,0.594538006372);
#1476 = AXIS2_PLACEMENT_3D('',#1477,#1478,#1479);
#1477 = CARTESIAN_POINT('',(-3.279308259184,38.22030040965,
    36.729843726293));
#1478 = DIRECTION('',(0.,1.,-2.22044604925E-16));
#1479 = DIRECTION('',(-1.,0.,0.));
#1480 = PCURVE('',#90,#1481);
#1481 = DEFINITIONAL_REPRESENTATION('',(#1482),#1490);
#1482 = ( BOUNDED_CURVE() B_SPLINE_CURVE(2,(#1483,#1484,#1485,#1486,
#1487,#1488,#1489),.UNSPECIFIED.,.T.,.F.) B_SPLINE_CURVE_WITH_KNOTS((1,2
    ,2,2,2,1),(-2.094395102393,0.,2.094395102393,4.188790204786,
6.28318530718,8.377580409573),.UNSPECIFIED.) CURVE() 
GEOMETRIC_REPRESENTATION_ITEM() RATIONAL_B_SPLINE_CURVE((1.,0.5,1.,0.5,
1.,0.5,1.)) REPRESENTATION_ITEM('') );
#1483 = CARTESIAN_POINT('',(13.905407597112,25.063753603399));
#1484 = CARTESIAN_POINT('',(13.905407597112,26.093523637466));
#1485 = CARTESIAN_POINT('',(14.797214606671,25.578638620432));
#1486 = CARTESIAN_POINT('',(15.689021616229,25.063753603399));
#1487 = CARTESIAN_POINT('',(14.797214606671,24.548868586365));
#1488 = CARTESIAN_POINT('',(13.905407597112,24.033983569331));
#1489 = CARTESIAN_POINT('',(13.905407597112,25.063753603399));
#1490 = ( GEOMETRIC_REPRESENTATION_CONTEXT(2) 
PARAMETRIC_REPRESENTATION_CONTEXT() REPRESENTATION_CONTEXT('2D SPACE',''
  ) );
#1491 = PCURVE('',#1492,#1497);
#1492 = CYLINDRICAL_SURFACE('',#1493,0.594538006372);
#1493 = AXIS2_PLACEMENT_3D('',#1494,#1495,#1496);
#1494 = CARTESIAN_POINT('',(-3.279308259184,38.23030040965,
    36.729843726293));
#1495 = DIRECTION('',(0.,1.,-2.22044604925E-16));
#1496 = DIRECTION('',(-1.,0.,0.));
#1497 = DEFINITIONAL_REPRESENTATION('',(#1498),#1502);
#1498 = LINE('',#1499,#1500);
#1499 = CARTESIAN_POINT('',(0.,-1.E-02));
#1500 = VECTOR('',#1501,1.);
#1501 = DIRECTION('',(1.,0.));
#1502 = ( GEOMETRIC_REPRESENTATION_CONTEXT(2) 
PARAMETRIC_REPRESENTATION_CONTEXT() REPRESENTATION_CONTEXT('2D SPACE',''
  ) );
#1503 = ORIENTED_EDGE('',*,*,#1504,.F.);
#1504 = EDGE_CURVE('',#1505,#1472,#1507,.T.);
#1505 = VERTEX_POINT('',#1506);
#1506 = CARTESIAN_POINT('',(3.279308194672,38.22030040965,
    37.324381732666));
#1507 = SURFACE_CURVE('',#1508,(#1512,#1518),.PCURVE_S1.);
#1508 = LINE('',#1509,#1510);
#1509 = CARTESIAN_POINT('',(-10.52928106092,38.22030040965,
    37.324381732666));
#1510 = VECTOR('',#1511,1.);
#1511 = DIRECTION('',(-1.,0.,0.));
#1512 = PCURVE('',#90,#1513);
#1513 = DEFINITIONAL_REPRESENTATION('',(#1514),#1517);
#1514 = B_SPLINE_CURVE_WITH_KNOTS('',1,(#1515,#1516),.UNSPECIFIED.,.F.,
  .F.,(2,2),(-13.80858925559,-7.249972801742),.PIECEWISE_BEZIER_KNOTS.);
#1515 = CARTESIAN_POINT('',(21.05856205734,25.658291609771));
#1516 = CARTESIAN_POINT('',(14.499945603484,25.658291609771));
#1517 = ( GEOMETRIC_REPRESENTATION_CONTEXT(2) 
PARAMETRIC_REPRESENTATION_CONTEXT() REPRESENTATION_CONTEXT('2D SPACE',''
  ) );
#1518 = PCURVE('',#1519,#1524);
#1519 = PLANE('',#1520);
#1520 = AXIS2_PLACEMENT_3D('',#1521,#1522,#1523);
#1521 = CARTESIAN_POINT('',(-3.279308259184,38.23030040965,
    37.324381732666));
#1522 = DIRECTION('',(0.,2.22044604925E-16,1.));
#1523 = DIRECTION('',(1.,0.,0.));
#1524 = DEFINITIONAL_REPRESENTATION('',(#1525),#1528);
#1525 = B_SPLINE_CURVE_WITH_KNOTS('',1,(#1526,#1527),.UNSPECIFIED.,.F.,
  .F.,(2,2),(-13.80858925559,-7.249972801742),.PIECEWISE_BEZIER_KNOTS.);
#1526 = CARTESIAN_POINT('',(6.558616453856,-1.E-02));
#1527 = CARTESIAN_POINT('',(-8.881784197001E-16,-1.E-02));
#1528 = ( GEOMETRIC_REPRESENTATION_CONTEXT(2) 
PARAMETRIC_REPRESENTATION_CONTEXT() REPRESENTATION_CONTEXT('2D SPACE',''
  ) );
#1529 = ORIENTED_EDGE('',*,*,#1530,.T.);
#1530 = EDGE_CURVE('',#1505,#1531,#1533,.T.);
#1531 = VERTEX_POINT('',#1532);
#1532 = CARTESIAN_POINT('',(3.8738462333,38.22030040965,36.729843726293)
  );
#1533 = SURFACE_CURVE('',#1534,(#1539,#1550),.PCURVE_S1.);
#1534 = CIRCLE('',#1535,0.594538006372);
#1535 = AXIS2_PLACEMENT_3D('',#1536,#1537,#1538);
#1536 = CARTESIAN_POINT('',(3.279308194672,38.22030040965,
    36.729843726293));
#1537 = DIRECTION('',(0.,1.,-2.22044604925E-16));
#1538 = DIRECTION('',(-1.,0.,0.));
#1539 = PCURVE('',#90,#1540);
#1540 = DEFINITIONAL_REPRESENTATION('',(#1541),#1549);
#1541 = ( BOUNDED_CURVE() B_SPLINE_CURVE(2,(#1542,#1543,#1544,#1545,
#1546,#1547,#1548),.UNSPECIFIED.,.T.,.F.) B_SPLINE_CURVE_WITH_KNOTS((1,2
    ,2,2,2,1),(-2.094395102393,0.,2.094395102393,4.188790204786,
6.28318530718,8.377580409573),.UNSPECIFIED.) CURVE() 
GEOMETRIC_REPRESENTATION_ITEM() RATIONAL_B_SPLINE_CURVE((1.,0.5,1.,0.5,
1.,0.5,1.)) REPRESENTATION_ITEM('') );
#1542 = CARTESIAN_POINT('',(20.464024050968,25.063753603399));
#1543 = CARTESIAN_POINT('',(20.464024050968,26.093523637466));
#1544 = CARTESIAN_POINT('',(21.355831060527,25.578638620432));
#1545 = CARTESIAN_POINT('',(22.247638070085,25.063753603399));
#1546 = CARTESIAN_POINT('',(21.355831060527,24.548868586365));
#1547 = CARTESIAN_POINT('',(20.464024050968,24.033983569331));
#1548 = CARTESIAN_POINT('',(20.464024050968,25.063753603399));
#1549 = ( GEOMETRIC_REPRESENTATION_CONTEXT(2) 
PARAMETRIC_REPRESENTATION_CONTEXT() REPRESENTATION_CONTEXT('2D SPACE',''
  ) );
#1550 = PCURVE('',#1551,#1556);
#1551 = CYLINDRICAL_SURFACE('',#1552,0.594538006372);
#1552 = AXIS2_PLACEMENT_3D('',#1553,#1554,#1555);
#1553 = CARTESIAN_POINT('',(3.279308194672,38.23030040965,
    36.729843726293));
#1554 = DIRECTION('',(0.,1.,-2.22044604925E-16));
#1555 = DIRECTION('',(-1.,0.,0.));
#1556 = DEFINITIONAL_REPRESENTATION('',(#1557),#1561);
#1557 = LINE('',#1558,#1559);
#1558 = CARTESIAN_POINT('',(0.,-1.E-02));
#1559 = VECTOR('',#1560,1.);
#1560 = DIRECTION('',(1.,0.));
#1561 = ( GEOMETRIC_REPRESENTATION_CONTEXT(2) 
PARAMETRIC_REPRESENTATION_CONTEXT() REPRESENTATION_CONTEXT('2D SPACE',''
  ) );
#1562 = ORIENTED_EDGE('',*,*,#1563,.T.);
#1563 = EDGE_CURVE('',#1531,#1564,#1566,.T.);
#1564 = VERTEX_POINT('',#1565);
#1565 = CARTESIAN_POINT('',(3.8738462333,38.22030040965,27.637793961463)
  );
#1566 = SURFACE_CURVE('',#1567,(#1571,#1577),.PCURVE_S1.);
#1567 = LINE('',#1568,#1569);
#1568 = CARTESIAN_POINT('',(3.873846265557,38.22030040965,
    19.651942042179));
#1569 = VECTOR('',#1570,1.);
#1570 = DIRECTION('',(0.,-2.22044604925E-16,-1.));
#1571 = PCURVE('',#90,#1572);
#1572 = DEFINITIONAL_REPRESENTATION('',(#1573),#1576);
#1573 = B_SPLINE_CURVE_WITH_KNOTS('',1,(#1574,#1575),.UNSPECIFIED.,.F.,
  .F.,(2,2),(-17.07790168411,-7.985851919284),.PIECEWISE_BEZIER_KNOTS.);
#1574 = CARTESIAN_POINT('',(21.653100128225,25.063753603399));
#1575 = CARTESIAN_POINT('',(21.653100128225,15.971703838568));
#1576 = ( GEOMETRIC_REPRESENTATION_CONTEXT(2) 
PARAMETRIC_REPRESENTATION_CONTEXT() REPRESENTATION_CONTEXT('2D SPACE',''
  ) );
#1577 = PCURVE('',#1578,#1583);
#1578 = PLANE('',#1579);
#1579 = AXIS2_PLACEMENT_3D('',#1580,#1581,#1582);
#1580 = CARTESIAN_POINT('',(3.873846265557,38.23030040965,
    27.637793961463));
#1581 = DIRECTION('',(-1.,0.,0.));
#1582 = DIRECTION('',(0.,2.22044604925E-16,1.));
#1583 = DEFINITIONAL_REPRESENTATION('',(#1584),#1587);
#1584 = B_SPLINE_CURVE_WITH_KNOTS('',1,(#1585,#1586),.UNSPECIFIED.,.F.,
  .F.,(2,2),(-17.07790168411,-7.985851919284),.PIECEWISE_BEZIER_KNOTS.);
#1585 = CARTESIAN_POINT('',(9.092049764831,-1.E-02));
#1586 = CARTESIAN_POINT('',(-8.881784197001E-16,-1.E-02));
#1587 = ( GEOMETRIC_REPRESENTATION_CONTEXT(2) 
PARAMETRIC_REPRESENTATION_CONTEXT() REPRESENTATION_CONTEXT('2D SPACE',''
  ) );
#1588 = ORIENTED_EDGE('',*,*,#1589,.T.);
#1589 = EDGE_CURVE('',#1564,#1590,#1592,.T.);
#1590 = VERTEX_POINT('',#1591);
#1591 = CARTESIAN_POINT('',(3.279308194672,38.22030040965,27.04325595509
    ));
#1592 = SURFACE_CURVE('',#1593,(#1598,#1609),.PCURVE_S1.);
#1593 = CIRCLE('',#1594,0.594538006372);
#1594 = AXIS2_PLACEMENT_3D('',#1595,#1596,#1597);
#1595 = CARTESIAN_POINT('',(3.279308194672,38.22030040965,
    27.637793961463));
#1596 = DIRECTION('',(0.,1.,-2.22044604925E-16));
#1597 = DIRECTION('',(-1.,0.,0.));
#1598 = PCURVE('',#90,#1599);
#1599 = DEFINITIONAL_REPRESENTATION('',(#1600),#1608);
#1600 = ( BOUNDED_CURVE() B_SPLINE_CURVE(2,(#1601,#1602,#1603,#1604,
#1605,#1606,#1607),.UNSPECIFIED.,.T.,.F.) B_SPLINE_CURVE_WITH_KNOTS((1,2
    ,2,2,2,1),(-2.094395102393,0.,2.094395102393,4.188790204786,
6.28318530718,8.377580409573),.UNSPECIFIED.) CURVE() 
GEOMETRIC_REPRESENTATION_ITEM() RATIONAL_B_SPLINE_CURVE((1.,0.5,1.,0.5,
1.,0.5,1.)) REPRESENTATION_ITEM('') );
#1601 = CARTESIAN_POINT('',(20.464024050968,15.971703838568));
#1602 = CARTESIAN_POINT('',(20.464024050968,17.001473872635));
#1603 = CARTESIAN_POINT('',(21.355831060527,16.486588855602));
#1604 = CARTESIAN_POINT('',(22.247638070085,15.971703838568));
#1605 = CARTESIAN_POINT('',(21.355831060527,15.456818821534));
#1606 = CARTESIAN_POINT('',(20.464024050968,14.9419338045));
#1607 = CARTESIAN_POINT('',(20.464024050968,15.971703838568));
#1608 = ( GEOMETRIC_REPRESENTATION_CONTEXT(2) 
PARAMETRIC_REPRESENTATION_CONTEXT() REPRESENTATION_CONTEXT('2D SPACE',''
  ) );
#1609 = PCURVE('',#1610,#1615);
#1610 = CYLINDRICAL_SURFACE('',#1611,0.594538006372);
#1611 = AXIS2_PLACEMENT_3D('',#1612,#1613,#1614);
#1612 = CARTESIAN_POINT('',(3.279308194672,38.23030040965,
    27.637793961463));
#1613 = DIRECTION('',(0.,1.,-2.22044604925E-16));
#1614 = DIRECTION('',(-1.,0.,0.));
#1615 = DEFINITIONAL_REPRESENTATION('',(#1616),#1620);
#1616 = LINE('',#1617,#1618);
#1617 = CARTESIAN_POINT('',(0.,-1.E-02));
#1618 = VECTOR('',#1619,1.);
#1619 = DIRECTION('',(1.,0.));
#1620 = ( GEOMETRIC_REPRESENTATION_CONTEXT(2) 
PARAMETRIC_REPRESENTATION_CONTEXT() REPRESENTATION_CONTEXT('2D SPACE',''
  ) );
#1621 = ORIENTED_EDGE('',*,*,#1622,.T.);
#1622 = EDGE_CURVE('',#1590,#1623,#1625,.T.);
#1623 = VERTEX_POINT('',#1624);
#1624 = CARTESIAN_POINT('',(-3.279308259184,38.22030040965,
    27.04325595509));
#1625 = SURFACE_CURVE('',#1626,(#1630,#1636),.PCURVE_S1.);
#1626 = LINE('',#1627,#1628);
#1627 = CARTESIAN_POINT('',(-10.52928106092,38.22030040965,
    27.04325595509));
#1628 = VECTOR('',#1629,1.);
#1629 = DIRECTION('',(-1.,0.,0.));
#1630 = PCURVE('',#90,#1631);
#1631 = DEFINITIONAL_REPRESENTATION('',(#1632),#1635);
#1632 = B_SPLINE_CURVE_WITH_KNOTS('',1,(#1633,#1634),.UNSPECIFIED.,.F.,
  .F.,(2,2),(-13.80858925559,-7.249972801742),.PIECEWISE_BEZIER_KNOTS.);
#1633 = CARTESIAN_POINT('',(21.05856205734,15.377165832195));
#1634 = CARTESIAN_POINT('',(14.499945603484,15.377165832195));
#1635 = ( GEOMETRIC_REPRESENTATION_CONTEXT(2) 
PARAMETRIC_REPRESENTATION_CONTEXT() REPRESENTATION_CONTEXT('2D SPACE',''
  ) );
#1636 = PCURVE('',#1637,#1642);
#1637 = PLANE('',#1638);
#1638 = AXIS2_PLACEMENT_3D('',#1639,#1640,#1641);
#1639 = CARTESIAN_POINT('',(-3.279308259184,38.23030040965,
    27.04325595509));
#1640 = DIRECTION('',(0.,2.22044604925E-16,1.));
#1641 = DIRECTION('',(1.,0.,0.));
#1642 = DEFINITIONAL_REPRESENTATION('',(#1643),#1646);
#1643 = B_SPLINE_CURVE_WITH_KNOTS('',1,(#1644,#1645),.UNSPECIFIED.,.F.,
  .F.,(2,2),(-13.80858925559,-7.249972801742),.PIECEWISE_BEZIER_KNOTS.);
#1644 = CARTESIAN_POINT('',(6.558616453856,-1.E-02));
#1645 = CARTESIAN_POINT('',(-8.881784197001E-16,-1.E-02));
#1646 = ( GEOMETRIC_REPRESENTATION_CONTEXT(2) 
PARAMETRIC_REPRESENTATION_CONTEXT() REPRESENTATION_CONTEXT('2D SPACE',''
  ) );
#1647 = ORIENTED_EDGE('',*,*,#1648,.T.);
#1648 = EDGE_CURVE('',#1623,#1446,#1649,.T.);
#1649 = SURFACE_CURVE('',#1650,(#1655,#1666),.PCURVE_S1.);
#1650 = CIRCLE('',#1651,0.594538006372);
#1651 = AXIS2_PLACEMENT_3D('',#1652,#1653,#1654);
#1652 = CARTESIAN_POINT('',(-3.279308259184,38.22030040965,
    27.637793961463));
#1653 = DIRECTION('',(0.,1.,-2.22044604925E-16));
#1654 = DIRECTION('',(-1.,0.,0.));
#1655 = PCURVE('',#90,#1656);
#1656 = DEFINITIONAL_REPRESENTATION('',(#1657),#1665);
#1657 = ( BOUNDED_CURVE() B_SPLINE_CURVE(2,(#1658,#1659,#1660,#1661,
#1662,#1663,#1664),.UNSPECIFIED.,.T.,.F.) B_SPLINE_CURVE_WITH_KNOTS((1,2
    ,2,2,2,1),(-2.094395102393,0.,2.094395102393,4.188790204786,
6.28318530718,8.377580409573),.UNSPECIFIED.) CURVE() 
GEOMETRIC_REPRESENTATION_ITEM() RATIONAL_B_SPLINE_CURVE((1.,0.5,1.,0.5,
1.,0.5,1.)) REPRESENTATION_ITEM('') );
#1658 = CARTESIAN_POINT('',(13.905407597112,15.971703838568));
#1659 = CARTESIAN_POINT('',(13.905407597112,17.001473872635));
#1660 = CARTESIAN_POINT('',(14.797214606671,16.486588855602));
#1661 = CARTESIAN_POINT('',(15.689021616229,15.971703838568));
#1662 = CARTESIAN_POINT('',(14.797214606671,15.456818821534));
#1663 = CARTESIAN_POINT('',(13.905407597112,14.9419338045));
#1664 = CARTESIAN_POINT('',(13.905407597112,15.971703838568));
#1665 = ( GEOMETRIC_REPRESENTATION_CONTEXT(2) 
PARAMETRIC_REPRESENTATION_CONTEXT() REPRESENTATION_CONTEXT('2D SPACE',''
  ) );
#1666 = PCURVE('',#1667,#1672);
#1667 = CYLINDRICAL_SURFACE('',#1668,0.594538006372);
#1668 = AXIS2_PLACEMENT_3D('',#1669,#1670,#1671);
#1669 = CARTESIAN_POINT('',(-3.279308259184,38.23030040965,
    27.637793961463));
#1670 = DIRECTION('',(0.,1.,-2.22044604925E-16));
#1671 = DIRECTION('',(-1.,0.,0.));
#1672 = DEFINITIONAL_REPRESENTATION('',(#1673),#1677);
#1673 = LINE('',#1674,#1675);
#1674 = CARTESIAN_POINT('',(0.,-1.E-02));
#1675 = VECTOR('',#1676,1.);
#1676 = DIRECTION('',(1.,0.));
#1677 = ( GEOMETRIC_REPRESENTATION_CONTEXT(2) 
PARAMETRIC_REPRESENTATION_CONTEXT() REPRESENTATION_CONTEXT('2D SPACE',''
  ) );
#1678 = FACE_BOUND('',#1679,.F.);
#1679 = EDGE_LOOP('',(#1680,#1708,#1741,#1767,#1800,#1826,#1859,#1885));
#1680 = ORIENTED_EDGE('',*,*,#1681,.F.);
#1681 = EDGE_CURVE('',#1682,#1684,#1686,.T.);
#1682 = VERTEX_POINT('',#1683);
#1683 = CARTESIAN_POINT('',(5.784861286039,38.22030040965,
    24.537702928235));
#1684 = VERTEX_POINT('',#1685);
#1685 = CARTESIAN_POINT('',(5.784861286039,38.22030040965,
    15.445653163405));
#1686 = SURFACE_CURVE('',#1687,(#1691,#1697),.PCURVE_S1.);
#1687 = LINE('',#1688,#1689);
#1688 = CARTESIAN_POINT('',(5.784861286039,38.22030040965,13.55587164315
    ));
#1689 = VECTOR('',#1690,1.);
#1690 = DIRECTION('',(0.,-2.22044604925E-16,-1.));
#1691 = PCURVE('',#90,#1692);
#1692 = DEFINITIONAL_REPRESENTATION('',(#1693),#1696);
#1693 = B_SPLINE_CURVE_WITH_KNOTS('',1,(#1694,#1695),.UNSPECIFIED.,.F.,
  .F.,(2,2),(-10.98183128508,-1.889781520255),.PIECEWISE_BEZIER_KNOTS.);
#1694 = CARTESIAN_POINT('',(23.564115148708,12.871612805341));
#1695 = CARTESIAN_POINT('',(23.564115148708,3.77956304051));
#1696 = ( GEOMETRIC_REPRESENTATION_CONTEXT(2) 
PARAMETRIC_REPRESENTATION_CONTEXT() REPRESENTATION_CONTEXT('2D SPACE',''
  ) );
#1697 = PCURVE('',#1698,#1703);
#1698 = PLANE('',#1699);
#1699 = AXIS2_PLACEMENT_3D('',#1700,#1701,#1702);
#1700 = CARTESIAN_POINT('',(5.784861286039,38.23030040965,
    15.445653163405));
#1701 = DIRECTION('',(-1.,0.,0.));
#1702 = DIRECTION('',(0.,2.22044604925E-16,1.));
#1703 = DEFINITIONAL_REPRESENTATION('',(#1704),#1707);
#1704 = B_SPLINE_CURVE_WITH_KNOTS('',1,(#1705,#1706),.UNSPECIFIED.,.F.,
  .F.,(2,2),(-10.98183128508,-1.889781520255),.PIECEWISE_BEZIER_KNOTS.);
#1705 = CARTESIAN_POINT('',(9.092049764831,-1.E-02));
#1706 = CARTESIAN_POINT('',(0.,-1.E-02));
#1707 = ( GEOMETRIC_REPRESENTATION_CONTEXT(2) 
PARAMETRIC_REPRESENTATION_CONTEXT() REPRESENTATION_CONTEXT('2D SPACE',''
  ) );
#1708 = ORIENTED_EDGE('',*,*,#1709,.T.);
#1709 = EDGE_CURVE('',#1682,#1710,#1712,.T.);
#1710 = VERTEX_POINT('',#1711);
#1711 = CARTESIAN_POINT('',(6.379399292411,38.22030040965,
    25.132240934608));
#1712 = SURFACE_CURVE('',#1713,(#1718,#1729),.PCURVE_S1.);
#1713 = CIRCLE('',#1714,0.594538006372);
#1714 = AXIS2_PLACEMENT_3D('',#1715,#1716,#1717);
#1715 = CARTESIAN_POINT('',(6.379399292411,38.22030040965,
    24.537702928235));
#1716 = DIRECTION('',(0.,1.,-2.22044604925E-16));
#1717 = DIRECTION('',(-1.,0.,0.));
#1718 = PCURVE('',#90,#1719);
#1719 = DEFINITIONAL_REPRESENTATION('',(#1720),#1728);
#1720 = ( BOUNDED_CURVE() B_SPLINE_CURVE(2,(#1721,#1722,#1723,#1724,
#1725,#1726,#1727),.UNSPECIFIED.,.T.,.F.) B_SPLINE_CURVE_WITH_KNOTS((1,2
    ,2,2,2,1),(-2.094395102393,0.,2.094395102393,4.188790204786,
6.28318530718,8.377580409573),.UNSPECIFIED.) CURVE() 
GEOMETRIC_REPRESENTATION_ITEM() RATIONAL_B_SPLINE_CURVE((1.,0.5,1.,0.5,
1.,0.5,1.)) REPRESENTATION_ITEM('') );
#1721 = CARTESIAN_POINT('',(23.564115148708,12.871612805341));
#1722 = CARTESIAN_POINT('',(23.564115148708,13.901382839408));
#1723 = CARTESIAN_POINT('',(24.455922158266,13.386497822374));
#1724 = CARTESIAN_POINT('',(25.347729167825,12.871612805341));
#1725 = CARTESIAN_POINT('',(24.455922158266,12.356727788307));
#1726 = CARTESIAN_POINT('',(23.564115148708,11.841842771273));
#1727 = CARTESIAN_POINT('',(23.564115148708,12.871612805341));
#1728 = ( GEOMETRIC_REPRESENTATION_CONTEXT(2) 
PARAMETRIC_REPRESENTATION_CONTEXT() REPRESENTATION_CONTEXT('2D SPACE',''
  ) );
#1729 = PCURVE('',#1730,#1735);
#1730 = CYLINDRICAL_SURFACE('',#1731,0.594538006372);
#1731 = AXIS2_PLACEMENT_3D('',#1732,#1733,#1734);
#1732 = CARTESIAN_POINT('',(6.379399292411,38.23030040965,
    24.537702928235));
#1733 = DIRECTION('',(0.,1.,-2.22044604925E-16));
#1734 = DIRECTION('',(-1.,0.,0.));
#1735 = DEFINITIONAL_REPRESENTATION('',(#1736),#1740);
#1736 = LINE('',#1737,#1738);
#1737 = CARTESIAN_POINT('',(0.,-1.E-02));
#1738 = VECTOR('',#1739,1.);
#1739 = DIRECTION('',(1.,0.));
#1740 = ( GEOMETRIC_REPRESENTATION_CONTEXT(2) 
PARAMETRIC_REPRESENTATION_CONTEXT() REPRESENTATION_CONTEXT('2D SPACE',''
  ) );
#1741 = ORIENTED_EDGE('',*,*,#1742,.F.);
#1742 = EDGE_CURVE('',#1743,#1710,#1745,.T.);
#1743 = VERTEX_POINT('',#1744);
#1744 = CARTESIAN_POINT('',(12.938015746267,38.22030040965,
    25.132240934608));
#1745 = SURFACE_CURVE('',#1746,(#1750,#1756),.PCURVE_S1.);
#1746 = LINE('',#1747,#1748);
#1747 = CARTESIAN_POINT('',(-5.699927285129,38.22030040965,
    25.132240934608));
#1748 = VECTOR('',#1749,1.);
#1749 = DIRECTION('',(-1.,0.,0.));
#1750 = PCURVE('',#90,#1751);
#1751 = DEFINITIONAL_REPRESENTATION('',(#1752),#1755);
#1752 = B_SPLINE_CURVE_WITH_KNOTS('',1,(#1753,#1754),.UNSPECIFIED.,.F.,
  .F.,(2,2),(-18.63794303139,-12.07932657754),.PIECEWISE_BEZIER_KNOTS.);
#1753 = CARTESIAN_POINT('',(30.717269608936,13.466150811713));
#1754 = CARTESIAN_POINT('',(24.15865315508,13.466150811713));
#1755 = ( GEOMETRIC_REPRESENTATION_CONTEXT(2) 
PARAMETRIC_REPRESENTATION_CONTEXT() REPRESENTATION_CONTEXT('2D SPACE',''
  ) );
#1756 = PCURVE('',#1757,#1762);
#1757 = PLANE('',#1758);
#1758 = AXIS2_PLACEMENT_3D('',#1759,#1760,#1761);
#1759 = CARTESIAN_POINT('',(6.379399292411,38.23030040965,
    25.132240934608));
#1760 = DIRECTION('',(0.,2.22044604925E-16,1.));
#1761 = DIRECTION('',(1.,0.,0.));
#1762 = DEFINITIONAL_REPRESENTATION('',(#1763),#1766);
#1763 = B_SPLINE_CURVE_WITH_KNOTS('',1,(#1764,#1765),.UNSPECIFIED.,.F.,
  .F.,(2,2),(-18.63794303139,-12.07932657754),.PIECEWISE_BEZIER_KNOTS.);
#1764 = CARTESIAN_POINT('',(6.558616453856,-1.E-02));
#1765 = CARTESIAN_POINT('',(1.7763568394E-15,-1.E-02));
#1766 = ( GEOMETRIC_REPRESENTATION_CONTEXT(2) 
PARAMETRIC_REPRESENTATION_CONTEXT() REPRESENTATION_CONTEXT('2D SPACE',''
  ) );
#1767 = ORIENTED_EDGE('',*,*,#1768,.T.);
#1768 = EDGE_CURVE('',#1743,#1769,#1771,.T.);
#1769 = VERTEX_POINT('',#1770);
#1770 = CARTESIAN_POINT('',(13.532553784896,38.22030040965,
    24.537702928235));
#1771 = SURFACE_CURVE('',#1772,(#1777,#1788),.PCURVE_S1.);
#1772 = CIRCLE('',#1773,0.594538006372);
#1773 = AXIS2_PLACEMENT_3D('',#1774,#1775,#1776);
#1774 = CARTESIAN_POINT('',(12.938015746267,38.22030040965,
    24.537702928235));
#1775 = DIRECTION('',(0.,1.,-2.22044604925E-16));
#1776 = DIRECTION('',(-1.,0.,0.));
#1777 = PCURVE('',#90,#1778);
#1778 = DEFINITIONAL_REPRESENTATION('',(#1779),#1787);
#1779 = ( BOUNDED_CURVE() B_SPLINE_CURVE(2,(#1780,#1781,#1782,#1783,
#1784,#1785,#1786),.UNSPECIFIED.,.T.,.F.) B_SPLINE_CURVE_WITH_KNOTS((1,2
    ,2,2,2,1),(-2.094395102393,0.,2.094395102393,4.188790204786,
6.28318530718,8.377580409573),.UNSPECIFIED.) CURVE() 
GEOMETRIC_REPRESENTATION_ITEM() RATIONAL_B_SPLINE_CURVE((1.,0.5,1.,0.5,
1.,0.5,1.)) REPRESENTATION_ITEM('') );
#1780 = CARTESIAN_POINT('',(30.122731602564,12.871612805341));
#1781 = CARTESIAN_POINT('',(30.122731602564,13.901382839408));
#1782 = CARTESIAN_POINT('',(31.014538612122,13.386497822374));
#1783 = CARTESIAN_POINT('',(31.906345621681,12.871612805341));
#1784 = CARTESIAN_POINT('',(31.014538612122,12.356727788307));
#1785 = CARTESIAN_POINT('',(30.122731602564,11.841842771273));
#1786 = CARTESIAN_POINT('',(30.122731602564,12.871612805341));
#1787 = ( GEOMETRIC_REPRESENTATION_CONTEXT(2) 
PARAMETRIC_REPRESENTATION_CONTEXT() REPRESENTATION_CONTEXT('2D SPACE',''
  ) );
#1788 = PCURVE('',#1789,#1794);
#1789 = CYLINDRICAL_SURFACE('',#1790,0.594538006372);
#1790 = AXIS2_PLACEMENT_3D('',#1791,#1792,#1793);
#1791 = CARTESIAN_POINT('',(12.938015746267,38.23030040965,
    24.537702928235));
#1792 = DIRECTION('',(0.,1.,-2.22044604925E-16));
#1793 = DIRECTION('',(-1.,0.,0.));
#1794 = DEFINITIONAL_REPRESENTATION('',(#1795),#1799);
#1795 = LINE('',#1796,#1797);
#1796 = CARTESIAN_POINT('',(0.,-1.E-02));
#1797 = VECTOR('',#1798,1.);
#1798 = DIRECTION('',(1.,0.));
#1799 = ( GEOMETRIC_REPRESENTATION_CONTEXT(2) 
PARAMETRIC_REPRESENTATION_CONTEXT() REPRESENTATION_CONTEXT('2D SPACE',''
  ) );
#1800 = ORIENTED_EDGE('',*,*,#1801,.T.);
#1801 = EDGE_CURVE('',#1769,#1802,#1804,.T.);
#1802 = VERTEX_POINT('',#1803);
#1803 = CARTESIAN_POINT('',(13.532553784896,38.22030040965,
    15.445653163405));
#1804 = SURFACE_CURVE('',#1805,(#1809,#1815),.PCURVE_S1.);
#1805 = LINE('',#1806,#1807);
#1806 = CARTESIAN_POINT('',(13.532553817152,38.22030040965,
    13.55587164315));
#1807 = VECTOR('',#1808,1.);
#1808 = DIRECTION('',(0.,-2.22044604925E-16,-1.));
#1809 = PCURVE('',#90,#1810);
#1810 = DEFINITIONAL_REPRESENTATION('',(#1811),#1814);
#1811 = B_SPLINE_CURVE_WITH_KNOTS('',1,(#1812,#1813),.UNSPECIFIED.,.F.,
  .F.,(2,2),(-10.98183128508,-1.889781520255),.PIECEWISE_BEZIER_KNOTS.);
#1812 = CARTESIAN_POINT('',(31.311807679821,12.871612805341));
#1813 = CARTESIAN_POINT('',(31.311807679821,3.77956304051));
#1814 = ( GEOMETRIC_REPRESENTATION_CONTEXT(2) 
PARAMETRIC_REPRESENTATION_CONTEXT() REPRESENTATION_CONTEXT('2D SPACE',''
  ) );
#1815 = PCURVE('',#1816,#1821);
#1816 = PLANE('',#1817);
#1817 = AXIS2_PLACEMENT_3D('',#1818,#1819,#1820);
#1818 = CARTESIAN_POINT('',(13.532553817152,38.23030040965,
    15.445653163405));
#1819 = DIRECTION('',(-1.,0.,0.));
#1820 = DIRECTION('',(0.,2.22044604925E-16,1.));
#1821 = DEFINITIONAL_REPRESENTATION('',(#1822),#1825);
#1822 = B_SPLINE_CURVE_WITH_KNOTS('',1,(#1823,#1824),.UNSPECIFIED.,.F.,
  .F.,(2,2),(-10.98183128508,-1.889781520255),.PIECEWISE_BEZIER_KNOTS.);
#1823 = CARTESIAN_POINT('',(9.092049764831,-1.E-02));
#1824 = CARTESIAN_POINT('',(0.,-1.E-02));
#1825 = ( GEOMETRIC_REPRESENTATION_CONTEXT(2) 
PARAMETRIC_REPRESENTATION_CONTEXT() REPRESENTATION_CONTEXT('2D SPACE',''
  ) );
#1826 = ORIENTED_EDGE('',*,*,#1827,.T.);
#1827 = EDGE_CURVE('',#1802,#1828,#1830,.T.);
#1828 = VERTEX_POINT('',#1829);
#1829 = CARTESIAN_POINT('',(12.938015746267,38.22030040965,
    14.851115157032));
#1830 = SURFACE_CURVE('',#1831,(#1836,#1847),.PCURVE_S1.);
#1831 = CIRCLE('',#1832,0.594538006372);
#1832 = AXIS2_PLACEMENT_3D('',#1833,#1834,#1835);
#1833 = CARTESIAN_POINT('',(12.938015746267,38.22030040965,
    15.445653163405));
#1834 = DIRECTION('',(0.,1.,-2.22044604925E-16));
#1835 = DIRECTION('',(-1.,0.,0.));
#1836 = PCURVE('',#90,#1837);
#1837 = DEFINITIONAL_REPRESENTATION('',(#1838),#1846);
#1838 = ( BOUNDED_CURVE() B_SPLINE_CURVE(2,(#1839,#1840,#1841,#1842,
#1843,#1844,#1845),.UNSPECIFIED.,.T.,.F.) B_SPLINE_CURVE_WITH_KNOTS((1,2
    ,2,2,2,1),(-2.094395102393,0.,2.094395102393,4.188790204786,
6.28318530718,8.377580409573),.UNSPECIFIED.) CURVE() 
GEOMETRIC_REPRESENTATION_ITEM() RATIONAL_B_SPLINE_CURVE((1.,0.5,1.,0.5,
1.,0.5,1.)) REPRESENTATION_ITEM('') );
#1839 = CARTESIAN_POINT('',(30.122731602564,3.77956304051));
#1840 = CARTESIAN_POINT('',(30.122731602564,4.809333074577));
#1841 = CARTESIAN_POINT('',(31.014538612122,4.294448057544));
#1842 = CARTESIAN_POINT('',(31.906345621681,3.77956304051));
#1843 = CARTESIAN_POINT('',(31.014538612122,3.264678023476));
#1844 = CARTESIAN_POINT('',(30.122731602564,2.749793006442));
#1845 = CARTESIAN_POINT('',(30.122731602564,3.77956304051));
#1846 = ( GEOMETRIC_REPRESENTATION_CONTEXT(2) 
PARAMETRIC_REPRESENTATION_CONTEXT() REPRESENTATION_CONTEXT('2D SPACE',''
  ) );
#1847 = PCURVE('',#1848,#1853);
#1848 = CYLINDRICAL_SURFACE('',#1849,0.594538006372);
#1849 = AXIS2_PLACEMENT_3D('',#1850,#1851,#1852);
#1850 = CARTESIAN_POINT('',(12.938015746267,38.23030040965,
    15.445653163405));
#1851 = DIRECTION('',(0.,1.,-2.22044604925E-16));
#1852 = DIRECTION('',(-1.,0.,0.));
#1853 = DEFINITIONAL_REPRESENTATION('',(#1854),#1858);
#1854 = LINE('',#1855,#1856);
#1855 = CARTESIAN_POINT('',(0.,-1.E-02));
#1856 = VECTOR('',#1857,1.);
#1857 = DIRECTION('',(1.,0.));
#1858 = ( GEOMETRIC_REPRESENTATION_CONTEXT(2) 
PARAMETRIC_REPRESENTATION_CONTEXT() REPRESENTATION_CONTEXT('2D SPACE',''
  ) );
#1859 = ORIENTED_EDGE('',*,*,#1860,.T.);
#1860 = EDGE_CURVE('',#1828,#1861,#1863,.T.);
#1861 = VERTEX_POINT('',#1862);
#1862 = CARTESIAN_POINT('',(6.379399292411,38.22030040965,
    14.851115157032));
#1863 = SURFACE_CURVE('',#1864,(#1868,#1874),.PCURVE_S1.);
#1864 = LINE('',#1865,#1866);
#1865 = CARTESIAN_POINT('',(-5.699927285129,38.22030040965,
    14.851115157032));
#1866 = VECTOR('',#1867,1.);
#1867 = DIRECTION('',(-1.,0.,0.));
#1868 = PCURVE('',#90,#1869);
#1869 = DEFINITIONAL_REPRESENTATION('',(#1870),#1873);
#1870 = B_SPLINE_CURVE_WITH_KNOTS('',1,(#1871,#1872),.UNSPECIFIED.,.F.,
  .F.,(2,2),(-18.63794303139,-12.07932657754),.PIECEWISE_BEZIER_KNOTS.);
#1871 = CARTESIAN_POINT('',(30.717269608936,3.185025034137));
#1872 = CARTESIAN_POINT('',(24.15865315508,3.185025034137));
#1873 = ( GEOMETRIC_REPRESENTATION_CONTEXT(2) 
PARAMETRIC_REPRESENTATION_CONTEXT() REPRESENTATION_CONTEXT('2D SPACE',''
  ) );
#1874 = PCURVE('',#1875,#1880);
#1875 = PLANE('',#1876);
#1876 = AXIS2_PLACEMENT_3D('',#1877,#1878,#1879);
#1877 = CARTESIAN_POINT('',(6.379399292411,38.23030040965,
    14.851115157032));
#1878 = DIRECTION('',(0.,2.22044604925E-16,1.));
#1879 = DIRECTION('',(1.,0.,0.));
#1880 = DEFINITIONAL_REPRESENTATION('',(#1881),#1884);
#1881 = B_SPLINE_CURVE_WITH_KNOTS('',1,(#1882,#1883),.UNSPECIFIED.,.F.,
  .F.,(2,2),(-18.63794303139,-12.07932657754),.PIECEWISE_BEZIER_KNOTS.);
#1882 = CARTESIAN_POINT('',(6.558616453856,-1.E-02));
#1883 = CARTESIAN_POINT('',(1.7763568394E-15,-1.E-02));
#1884 = ( GEOMETRIC_REPRESENTATION_CONTEXT(2) 
PARAMETRIC_REPRESENTATION_CONTEXT() REPRESENTATION_CONTEXT('2D SPACE',''
  ) );
#1885 = ORIENTED_EDGE('',*,*,#1886,.T.);
#1886 = EDGE_CURVE('',#1861,#1684,#1887,.T.);
#1887 = SURFACE_CURVE('',#1888,(#1893,#1904),.PCURVE_S1.);
#1888 = CIRCLE('',#1889,0.594538006372);
#1889 = AXIS2_PLACEMENT_3D('',#1890,#1891,#1892);
#1890 = CARTESIAN_POINT('',(6.379399292411,38.22030040965,
    15.445653163405));
#1891 = DIRECTION('',(0.,1.,-2.22044604925E-16));
#1892 = DIRECTION('',(-1.,0.,0.));
#1893 = PCURVE('',#90,#1894);
#1894 = DEFINITIONAL_REPRESENTATION('',(#1895),#1903);
#1895 = ( BOUNDED_CURVE() B_SPLINE_CURVE(2,(#1896,#1897,#1898,#1899,
#1900,#1901,#1902),.UNSPECIFIED.,.T.,.F.) B_SPLINE_CURVE_WITH_KNOTS((1,2
    ,2,2,2,1),(-2.094395102393,0.,2.094395102393,4.188790204786,
6.28318530718,8.377580409573),.UNSPECIFIED.) CURVE() 
GEOMETRIC_REPRESENTATION_ITEM() RATIONAL_B_SPLINE_CURVE((1.,0.5,1.,0.5,
1.,0.5,1.)) REPRESENTATION_ITEM('') );
#1896 = CARTESIAN_POINT('',(23.564115148708,3.77956304051));
#1897 = CARTESIAN_POINT('',(23.564115148708,4.809333074577));
#1898 = CARTESIAN_POINT('',(24.455922158266,4.294448057544));
#1899 = CARTESIAN_POINT('',(25.347729167825,3.77956304051));
#1900 = CARTESIAN_POINT('',(24.455922158266,3.264678023476));
#1901 = CARTESIAN_POINT('',(23.564115148708,2.749793006442));
#1902 = CARTESIAN_POINT('',(23.564115148708,3.77956304051));
#1903 = ( GEOMETRIC_REPRESENTATION_CONTEXT(2) 
PARAMETRIC_REPRESENTATION_CONTEXT() REPRESENTATION_CONTEXT('2D SPACE',''
  ) );
#1904 = PCURVE('',#1905,#1910);
#1905 = CYLINDRICAL_SURFACE('',#1906,0.594538006372);
#1906 = AXIS2_PLACEMENT_3D('',#1907,#1908,#1909);
#1907 = CARTESIAN_POINT('',(6.379399292411,38.23030040965,
    15.445653163405));
#1908 = DIRECTION('',(0.,1.,-2.22044604925E-16));
#1909 = DIRECTION('',(-1.,0.,0.));
#1910 = DEFINITIONAL_REPRESENTATION('',(#1911),#1915);
#1911 = LINE('',#1912,#1913);
#1912 = CARTESIAN_POINT('',(0.,-1.E-02));
#1913 = VECTOR('',#1914,1.);
#1914 = DIRECTION('',(1.,0.));
#1915 = ( GEOMETRIC_REPRESENTATION_CONTEXT(2) 
PARAMETRIC_REPRESENTATION_CONTEXT() REPRESENTATION_CONTEXT('2D SPACE',''
  ) );
#1916 = FACE_BOUND('',#1917,.F.);
#1917 = EDGE_LOOP('',(#1918,#1946,#1979,#2005,#2038,#2064,#2097,#2123));
#1918 = ORIENTED_EDGE('',*,*,#1919,.F.);
#1919 = EDGE_CURVE('',#1920,#1922,#1924,.T.);
#1920 = VERTEX_POINT('',#1921);
#1921 = CARTESIAN_POINT('',(5.784861286039,38.22030040965,
    36.729843726293));
#1922 = VERTEX_POINT('',#1923);
#1923 = CARTESIAN_POINT('',(5.784861286039,38.22030040965,
    27.637793961463));
#1924 = SURFACE_CURVE('',#1925,(#1929,#1935),.PCURVE_S1.);
#1925 = LINE('',#1926,#1927);
#1926 = CARTESIAN_POINT('',(5.784861286039,38.22030040965,
    19.651942042179));
#1927 = VECTOR('',#1928,1.);
#1928 = DIRECTION('',(0.,-2.22044604925E-16,-1.));
#1929 = PCURVE('',#90,#1930);
#1930 = DEFINITIONAL_REPRESENTATION('',(#1931),#1934);
#1931 = B_SPLINE_CURVE_WITH_KNOTS('',1,(#1932,#1933),.UNSPECIFIED.,.F.,
  .F.,(2,2),(-17.07790168411,-7.985851919284),.PIECEWISE_BEZIER_KNOTS.);
#1932 = CARTESIAN_POINT('',(23.564115148708,25.063753603399));
#1933 = CARTESIAN_POINT('',(23.564115148708,15.971703838568));
#1934 = ( GEOMETRIC_REPRESENTATION_CONTEXT(2) 
PARAMETRIC_REPRESENTATION_CONTEXT() REPRESENTATION_CONTEXT('2D SPACE',''
  ) );
#1935 = PCURVE('',#1936,#1941);
#1936 = PLANE('',#1937);
#1937 = AXIS2_PLACEMENT_3D('',#1938,#1939,#1940);
#1938 = CARTESIAN_POINT('',(5.784861286039,38.23030040965,
    27.637793961463));
#1939 = DIRECTION('',(-1.,0.,0.));
#1940 = DIRECTION('',(0.,2.22044604925E-16,1.));
#1941 = DEFINITIONAL_REPRESENTATION('',(#1942),#1945);
#1942 = B_SPLINE_CURVE_WITH_KNOTS('',1,(#1943,#1944),.UNSPECIFIED.,.F.,
  .F.,(2,2),(-17.07790168411,-7.985851919284),.PIECEWISE_BEZIER_KNOTS.);
#1943 = CARTESIAN_POINT('',(9.092049764831,-1.E-02));
#1944 = CARTESIAN_POINT('',(-8.881784197001E-16,-1.E-02));
#1945 = ( GEOMETRIC_REPRESENTATION_CONTEXT(2) 
PARAMETRIC_REPRESENTATION_CONTEXT() REPRESENTATION_CONTEXT('2D SPACE',''
  ) );
#1946 = ORIENTED_EDGE('',*,*,#1947,.T.);
#1947 = EDGE_CURVE('',#1920,#1948,#1950,.T.);
#1948 = VERTEX_POINT('',#1949);
#1949 = CARTESIAN_POINT('',(6.379399292411,38.22030040965,
    37.324381732666));
#1950 = SURFACE_CURVE('',#1951,(#1956,#1967),.PCURVE_S1.);
#1951 = CIRCLE('',#1952,0.594538006372);
#1952 = AXIS2_PLACEMENT_3D('',#1953,#1954,#1955);
#1953 = CARTESIAN_POINT('',(6.379399292411,38.22030040965,
    36.729843726293));
#1954 = DIRECTION('',(0.,1.,-2.22044604925E-16));
#1955 = DIRECTION('',(-1.,0.,0.));
#1956 = PCURVE('',#90,#1957);
#1957 = DEFINITIONAL_REPRESENTATION('',(#1958),#1966);
#1958 = ( BOUNDED_CURVE() B_SPLINE_CURVE(2,(#1959,#1960,#1961,#1962,
#1963,#1964,#1965),.UNSPECIFIED.,.T.,.F.) B_SPLINE_CURVE_WITH_KNOTS((1,2
    ,2,2,2,1),(-2.094395102393,0.,2.094395102393,4.188790204786,
6.28318530718,8.377580409573),.UNSPECIFIED.) CURVE() 
GEOMETRIC_REPRESENTATION_ITEM() RATIONAL_B_SPLINE_CURVE((1.,0.5,1.,0.5,
1.,0.5,1.)) REPRESENTATION_ITEM('') );
#1959 = CARTESIAN_POINT('',(23.564115148708,25.063753603399));
#1960 = CARTESIAN_POINT('',(23.564115148708,26.093523637466));
#1961 = CARTESIAN_POINT('',(24.455922158266,25.578638620432));
#1962 = CARTESIAN_POINT('',(25.347729167825,25.063753603399));
#1963 = CARTESIAN_POINT('',(24.455922158266,24.548868586365));
#1964 = CARTESIAN_POINT('',(23.564115148708,24.033983569331));
#1965 = CARTESIAN_POINT('',(23.564115148708,25.063753603399));
#1966 = ( GEOMETRIC_REPRESENTATION_CONTEXT(2) 
PARAMETRIC_REPRESENTATION_CONTEXT() REPRESENTATION_CONTEXT('2D SPACE',''
  ) );
#1967 = PCURVE('',#1968,#1973);
#1968 = CYLINDRICAL_SURFACE('',#1969,0.594538006372);
#1969 = AXIS2_PLACEMENT_3D('',#1970,#1971,#1972);
#1970 = CARTESIAN_POINT('',(6.379399292411,38.23030040965,
    36.729843726293));
#1971 = DIRECTION('',(0.,1.,-2.22044604925E-16));
#1972 = DIRECTION('',(-1.,0.,0.));
#1973 = DEFINITIONAL_REPRESENTATION('',(#1974),#1978);
#1974 = LINE('',#1975,#1976);
#1975 = CARTESIAN_POINT('',(0.,-1.E-02));
#1976 = VECTOR('',#1977,1.);
#1977 = DIRECTION('',(1.,0.));
#1978 = ( GEOMETRIC_REPRESENTATION_CONTEXT(2) 
PARAMETRIC_REPRESENTATION_CONTEXT() REPRESENTATION_CONTEXT('2D SPACE',''
  ) );
#1979 = ORIENTED_EDGE('',*,*,#1980,.F.);
#1980 = EDGE_CURVE('',#1981,#1948,#1983,.T.);
#1981 = VERTEX_POINT('',#1982);
#1982 = CARTESIAN_POINT('',(12.938015746267,38.22030040965,
    37.324381732666));
#1983 = SURFACE_CURVE('',#1984,(#1988,#1994),.PCURVE_S1.);
#1984 = LINE('',#1985,#1986);
#1985 = CARTESIAN_POINT('',(-5.699927285129,38.22030040965,
    37.324381732666));
#1986 = VECTOR('',#1987,1.);
#1987 = DIRECTION('',(-1.,0.,0.));
#1988 = PCURVE('',#90,#1989);
#1989 = DEFINITIONAL_REPRESENTATION('',(#1990),#1993);
#1990 = B_SPLINE_CURVE_WITH_KNOTS('',1,(#1991,#1992),.UNSPECIFIED.,.F.,
  .F.,(2,2),(-18.63794303139,-12.07932657754),.PIECEWISE_BEZIER_KNOTS.);
#1991 = CARTESIAN_POINT('',(30.717269608936,25.658291609771));
#1992 = CARTESIAN_POINT('',(24.15865315508,25.658291609771));
#1993 = ( GEOMETRIC_REPRESENTATION_CONTEXT(2) 
PARAMETRIC_REPRESENTATION_CONTEXT() REPRESENTATION_CONTEXT('2D SPACE',''
  ) );
#1994 = PCURVE('',#1995,#2000);
#1995 = PLANE('',#1996);
#1996 = AXIS2_PLACEMENT_3D('',#1997,#1998,#1999);
#1997 = CARTESIAN_POINT('',(6.379399292411,38.23030040965,
    37.324381732666));
#1998 = DIRECTION('',(0.,2.22044604925E-16,1.));
#1999 = DIRECTION('',(1.,0.,0.));
#2000 = DEFINITIONAL_REPRESENTATION('',(#2001),#2004);
#2001 = B_SPLINE_CURVE_WITH_KNOTS('',1,(#2002,#2003),.UNSPECIFIED.,.F.,
  .F.,(2,2),(-18.63794303139,-12.07932657754),.PIECEWISE_BEZIER_KNOTS.);
#2002 = CARTESIAN_POINT('',(6.558616453856,-1.E-02));
#2003 = CARTESIAN_POINT('',(1.7763568394E-15,-1.E-02));
#2004 = ( GEOMETRIC_REPRESENTATION_CONTEXT(2) 
PARAMETRIC_REPRESENTATION_CONTEXT() REPRESENTATION_CONTEXT('2D SPACE',''
  ) );
#2005 = ORIENTED_EDGE('',*,*,#2006,.T.);
#2006 = EDGE_CURVE('',#1981,#2007,#2009,.T.);
#2007 = VERTEX_POINT('',#2008);
#2008 = CARTESIAN_POINT('',(13.532553784896,38.22030040965,
    36.729843726293));
#2009 = SURFACE_CURVE('',#2010,(#2015,#2026),.PCURVE_S1.);
#2010 = CIRCLE('',#2011,0.594538006372);
#2011 = AXIS2_PLACEMENT_3D('',#2012,#2013,#2014);
#2012 = CARTESIAN_POINT('',(12.938015746267,38.22030040965,
    36.729843726293));
#2013 = DIRECTION('',(0.,1.,-2.22044604925E-16));
#2014 = DIRECTION('',(-1.,0.,0.));
#2015 = PCURVE('',#90,#2016);
#2016 = DEFINITIONAL_REPRESENTATION('',(#2017),#2025);
#2017 = ( BOUNDED_CURVE() B_SPLINE_CURVE(2,(#2018,#2019,#2020,#2021,
#2022,#2023,#2024),.UNSPECIFIED.,.T.,.F.) B_SPLINE_CURVE_WITH_KNOTS((1,2
    ,2,2,2,1),(-2.094395102393,0.,2.094395102393,4.188790204786,
6.28318530718,8.377580409573),.UNSPECIFIED.) CURVE() 
GEOMETRIC_REPRESENTATION_ITEM() RATIONAL_B_SPLINE_CURVE((1.,0.5,1.,0.5,
1.,0.5,1.)) REPRESENTATION_ITEM('') );
#2018 = CARTESIAN_POINT('',(30.122731602564,25.063753603399));
#2019 = CARTESIAN_POINT('',(30.122731602564,26.093523637466));
#2020 = CARTESIAN_POINT('',(31.014538612122,25.578638620432));
#2021 = CARTESIAN_POINT('',(31.906345621681,25.063753603399));
#2022 = CARTESIAN_POINT('',(31.014538612122,24.548868586365));
#2023 = CARTESIAN_POINT('',(30.122731602564,24.033983569331));
#2024 = CARTESIAN_POINT('',(30.122731602564,25.063753603399));
#2025 = ( GEOMETRIC_REPRESENTATION_CONTEXT(2) 
PARAMETRIC_REPRESENTATION_CONTEXT() REPRESENTATION_CONTEXT('2D SPACE',''
  ) );
#2026 = PCURVE('',#2027,#2032);
#2027 = CYLINDRICAL_SURFACE('',#2028,0.594538006372);
#2028 = AXIS2_PLACEMENT_3D('',#2029,#2030,#2031);
#2029 = CARTESIAN_POINT('',(12.938015746267,38.23030040965,
    36.729843726293));
#2030 = DIRECTION('',(0.,1.,-2.22044604925E-16));
#2031 = DIRECTION('',(-1.,0.,0.));
#2032 = DEFINITIONAL_REPRESENTATION('',(#2033),#2037);
#2033 = LINE('',#2034,#2035);
#2034 = CARTESIAN_POINT('',(0.,-1.E-02));
#2035 = VECTOR('',#2036,1.);
#2036 = DIRECTION('',(1.,0.));
#2037 = ( GEOMETRIC_REPRESENTATION_CONTEXT(2) 
PARAMETRIC_REPRESENTATION_CONTEXT() REPRESENTATION_CONTEXT('2D SPACE',''
  ) );
#2038 = ORIENTED_EDGE('',*,*,#2039,.T.);
#2039 = EDGE_CURVE('',#2007,#2040,#2042,.T.);
#2040 = VERTEX_POINT('',#2041);
#2041 = CARTESIAN_POINT('',(13.532553784896,38.22030040965,
    27.637793961463));
#2042 = SURFACE_CURVE('',#2043,(#2047,#2053),.PCURVE_S1.);
#2043 = LINE('',#2044,#2045);
#2044 = CARTESIAN_POINT('',(13.532553817152,38.22030040965,
    19.651942042179));
#2045 = VECTOR('',#2046,1.);
#2046 = DIRECTION('',(0.,-2.22044604925E-16,-1.));
#2047 = PCURVE('',#90,#2048);
#2048 = DEFINITIONAL_REPRESENTATION('',(#2049),#2052);
#2049 = B_SPLINE_CURVE_WITH_KNOTS('',1,(#2050,#2051),.UNSPECIFIED.,.F.,
  .F.,(2,2),(-17.07790168411,-7.985851919284),.PIECEWISE_BEZIER_KNOTS.);
#2050 = CARTESIAN_POINT('',(31.311807679821,25.063753603399));
#2051 = CARTESIAN_POINT('',(31.311807679821,15.971703838568));
#2052 = ( GEOMETRIC_REPRESENTATION_CONTEXT(2) 
PARAMETRIC_REPRESENTATION_CONTEXT() REPRESENTATION_CONTEXT('2D SPACE',''
  ) );
#2053 = PCURVE('',#2054,#2059);
#2054 = PLANE('',#2055);
#2055 = AXIS2_PLACEMENT_3D('',#2056,#2057,#2058);
#2056 = CARTESIAN_POINT('',(13.532553817152,38.23030040965,
    27.637793961463));
#2057 = DIRECTION('',(-1.,0.,0.));
#2058 = DIRECTION('',(0.,2.22044604925E-16,1.));
#2059 = DEFINITIONAL_REPRESENTATION('',(#2060),#2063);
#2060 = B_SPLINE_CURVE_WITH_KNOTS('',1,(#2061,#2062),.UNSPECIFIED.,.F.,
  .F.,(2,2),(-17.07790168411,-7.985851919284),.PIECEWISE_BEZIER_KNOTS.);
#2061 = CARTESIAN_POINT('',(9.092049764831,-1.E-02));
#2062 = CARTESIAN_POINT('',(-8.881784197001E-16,-1.E-02));
#2063 = ( GEOMETRIC_REPRESENTATION_CONTEXT(2) 
PARAMETRIC_REPRESENTATION_CONTEXT() REPRESENTATION_CONTEXT('2D SPACE',''
  ) );
#2064 = ORIENTED_EDGE('',*,*,#2065,.T.);
#2065 = EDGE_CURVE('',#2040,#2066,#2068,.T.);
#2066 = VERTEX_POINT('',#2067);
#2067 = CARTESIAN_POINT('',(12.938015746267,38.22030040965,
    27.04325595509));
#2068 = SURFACE_CURVE('',#2069,(#2074,#2085),.PCURVE_S1.);
#2069 = CIRCLE('',#2070,0.594538006372);
#2070 = AXIS2_PLACEMENT_3D('',#2071,#2072,#2073);
#2071 = CARTESIAN_POINT('',(12.938015746267,38.22030040965,
    27.637793961463));
#2072 = DIRECTION('',(0.,1.,-2.22044604925E-16));
#2073 = DIRECTION('',(-1.,0.,0.));
#2074 = PCURVE('',#90,#2075);
#2075 = DEFINITIONAL_REPRESENTATION('',(#2076),#2084);
#2076 = ( BOUNDED_CURVE() B_SPLINE_CURVE(2,(#2077,#2078,#2079,#2080,
#2081,#2082,#2083),.UNSPECIFIED.,.T.,.F.) B_SPLINE_CURVE_WITH_KNOTS((1,2
    ,2,2,2,1),(-2.094395102393,0.,2.094395102393,4.188790204786,
6.28318530718,8.377580409573),.UNSPECIFIED.) CURVE() 
GEOMETRIC_REPRESENTATION_ITEM() RATIONAL_B_SPLINE_CURVE((1.,0.5,1.,0.5,
1.,0.5,1.)) REPRESENTATION_ITEM('') );
#2077 = CARTESIAN_POINT('',(30.122731602564,15.971703838568));
#2078 = CARTESIAN_POINT('',(30.122731602564,17.001473872635));
#2079 = CARTESIAN_POINT('',(31.014538612122,16.486588855602));
#2080 = CARTESIAN_POINT('',(31.906345621681,15.971703838568));
#2081 = CARTESIAN_POINT('',(31.014538612122,15.456818821534));
#2082 = CARTESIAN_POINT('',(30.122731602564,14.9419338045));
#2083 = CARTESIAN_POINT('',(30.122731602564,15.971703838568));
#2084 = ( GEOMETRIC_REPRESENTATION_CONTEXT(2) 
PARAMETRIC_REPRESENTATION_CONTEXT() REPRESENTATION_CONTEXT('2D SPACE',''
  ) );
#2085 = PCURVE('',#2086,#2091);
#2086 = CYLINDRICAL_SURFACE('',#2087,0.594538006372);
#2087 = AXIS2_PLACEMENT_3D('',#2088,#2089,#2090);
#2088 = CARTESIAN_POINT('',(12.938015746267,38.23030040965,
    27.637793961463));
#2089 = DIRECTION('',(0.,1.,-2.22044604925E-16));
#2090 = DIRECTION('',(-1.,0.,0.));
#2091 = DEFINITIONAL_REPRESENTATION('',(#2092),#2096);
#2092 = LINE('',#2093,#2094);
#2093 = CARTESIAN_POINT('',(0.,-1.E-02));
#2094 = VECTOR('',#2095,1.);
#2095 = DIRECTION('',(1.,0.));
#2096 = ( GEOMETRIC_REPRESENTATION_CONTEXT(2) 
PARAMETRIC_REPRESENTATION_CONTEXT() REPRESENTATION_CONTEXT('2D SPACE',''
  ) );
#2097 = ORIENTED_EDGE('',*,*,#2098,.T.);
#2098 = EDGE_CURVE('',#2066,#2099,#2101,.T.);
#2099 = VERTEX_POINT('',#2100);
#2100 = CARTESIAN_POINT('',(6.379399292411,38.22030040965,27.04325595509
    ));
#2101 = SURFACE_CURVE('',#2102,(#2106,#2112),.PCURVE_S1.);
#2102 = LINE('',#2103,#2104);
#2103 = CARTESIAN_POINT('',(-5.699927285129,38.22030040965,
    27.04325595509));
#2104 = VECTOR('',#2105,1.);
#2105 = DIRECTION('',(-1.,0.,0.));
#2106 = PCURVE('',#90,#2107);
#2107 = DEFINITIONAL_REPRESENTATION('',(#2108),#2111);
#2108 = B_SPLINE_CURVE_WITH_KNOTS('',1,(#2109,#2110),.UNSPECIFIED.,.F.,
  .F.,(2,2),(-18.63794303139,-12.07932657754),.PIECEWISE_BEZIER_KNOTS.);
#2109 = CARTESIAN_POINT('',(30.717269608936,15.377165832195));
#2110 = CARTESIAN_POINT('',(24.15865315508,15.377165832195));
#2111 = ( GEOMETRIC_REPRESENTATION_CONTEXT(2) 
PARAMETRIC_REPRESENTATION_CONTEXT() REPRESENTATION_CONTEXT('2D SPACE',''
  ) );
#2112 = PCURVE('',#2113,#2118);
#2113 = PLANE('',#2114);
#2114 = AXIS2_PLACEMENT_3D('',#2115,#2116,#2117);
#2115 = CARTESIAN_POINT('',(6.379399292411,38.23030040965,27.04325595509
    ));
#2116 = DIRECTION('',(0.,2.22044604925E-16,1.));
#2117 = DIRECTION('',(1.,0.,0.));
#2118 = DEFINITIONAL_REPRESENTATION('',(#2119),#2122);
#2119 = B_SPLINE_CURVE_WITH_KNOTS('',1,(#2120,#2121),.UNSPECIFIED.,.F.,
  .F.,(2,2),(-18.63794303139,-12.07932657754),.PIECEWISE_BEZIER_KNOTS.);
#2120 = CARTESIAN_POINT('',(6.558616453856,-1.E-02));
#2121 = CARTESIAN_POINT('',(1.7763568394E-15,-1.E-02));
#2122 = ( GEOMETRIC_REPRESENTATION_CONTEXT(2) 
PARAMETRIC_REPRESENTATION_CONTEXT() REPRESENTATION_CONTEXT('2D SPACE',''
  ) );
#2123 = ORIENTED_EDGE('',*,*,#2124,.T.);
#2124 = EDGE_CURVE('',#2099,#1922,#2125,.T.);
#2125 = SURFACE_CURVE('',#2126,(#2131,#2142),.PCURVE_S1.);
#2126 = CIRCLE('',#2127,0.594538006372);
#2127 = AXIS2_PLACEMENT_3D('',#2128,#2129,#2130);
#2128 = CARTESIAN_POINT('',(6.379399292411,38.22030040965,
    27.637793961463));
#2129 = DIRECTION('',(0.,1.,-2.22044604925E-16));
#2130 = DIRECTION('',(-1.,0.,0.));
#2131 = PCURVE('',#90,#2132);
#2132 = DEFINITIONAL_REPRESENTATION('',(#2133),#2141);
#2133 = ( BOUNDED_CURVE() B_SPLINE_CURVE(2,(#2134,#2135,#2136,#2137,
#2138,#2139,#2140),.UNSPECIFIED.,.T.,.F.) B_SPLINE_CURVE_WITH_KNOTS((1,2
    ,2,2,2,1),(-2.094395102393,0.,2.094395102393,4.188790204786,
6.28318530718,8.377580409573),.UNSPECIFIED.) CURVE() 
GEOMETRIC_REPRESENTATION_ITEM() RATIONAL_B_SPLINE_CURVE((1.,0.5,1.,0.5,
1.,0.5,1.)) REPRESENTATION_ITEM('') );
#2134 = CARTESIAN_POINT('',(23.564115148708,15.971703838568));
#2135 = CARTESIAN_POINT('',(23.564115148708,17.001473872635));
#2136 = CARTESIAN_POINT('',(24.455922158266,16.486588855602));
#2137 = CARTESIAN_POINT('',(25.347729167825,15.971703838568));
#2138 = CARTESIAN_POINT('',(24.455922158266,15.456818821534));
#2139 = CARTESIAN_POINT('',(23.564115148708,14.9419338045));
#2140 = CARTESIAN_POINT('',(23.564115148708,15.971703838568));
#2141 = ( GEOMETRIC_REPRESENTATION_CONTEXT(2) 
PARAMETRIC_REPRESENTATION_CONTEXT() REPRESENTATION_CONTEXT('2D SPACE',''
  ) );
#2142 = PCURVE('',#2143,#2148);
#2143 = CYLINDRICAL_SURFACE('',#2144,0.594538006372);
#2144 = AXIS2_PLACEMENT_3D('',#2145,#2146,#2147);
#2145 = CARTESIAN_POINT('',(6.379399292411,38.23030040965,
    27.637793961463));
#2146 = DIRECTION('',(0.,1.,-2.22044604925E-16));
#2147 = DIRECTION('',(-1.,0.,0.));
#2148 = DEFINITIONAL_REPRESENTATION('',(#2149),#2153);
#2149 = LINE('',#2150,#2151);
#2150 = CARTESIAN_POINT('',(0.,-1.E-02));
#2151 = VECTOR('',#2152,1.);
#2152 = DIRECTION('',(1.,0.));
#2153 = ( GEOMETRIC_REPRESENTATION_CONTEXT(2) 
PARAMETRIC_REPRESENTATION_CONTEXT() REPRESENTATION_CONTEXT('2D SPACE',''
  ) );
#2154 = FACE_BOUND('',#2155,.F.);
#2155 = EDGE_LOOP('',(#2156,#2184,#2217,#2243,#2276,#2302,#2335,#2361));
#2156 = ORIENTED_EDGE('',*,*,#2157,.F.);
#2157 = EDGE_CURVE('',#2158,#2160,#2162,.T.);
#2158 = VERTEX_POINT('',#2159);
#2159 = CARTESIAN_POINT('',(-3.873846265557,38.22030040965,
    48.921984524351));
#2160 = VERTEX_POINT('',#2161);
#2161 = CARTESIAN_POINT('',(-3.873846265557,38.22030040965,
    39.829934759521));
#2162 = SURFACE_CURVE('',#2163,(#2167,#2173),.PCURVE_S1.);
#2163 = LINE('',#2164,#2165);
#2164 = CARTESIAN_POINT('',(-3.873846265557,38.22030040965,
    25.748012441208));
#2165 = VECTOR('',#2166,1.);
#2166 = DIRECTION('',(0.,-2.22044604925E-16,-1.));
#2167 = PCURVE('',#90,#2168);
#2168 = DEFINITIONAL_REPRESENTATION('',(#2169),#2172);
#2169 = B_SPLINE_CURVE_WITH_KNOTS('',1,(#2170,#2171),.UNSPECIFIED.,.F.,
  .F.,(2,2),(-23.17397208314,-14.08192231831),.PIECEWISE_BEZIER_KNOTS.);
#2170 = CARTESIAN_POINT('',(13.905407597112,37.255894401457));
#2171 = CARTESIAN_POINT('',(13.905407597112,28.163844636626));
#2172 = ( GEOMETRIC_REPRESENTATION_CONTEXT(2) 
PARAMETRIC_REPRESENTATION_CONTEXT() REPRESENTATION_CONTEXT('2D SPACE',''
  ) );
#2173 = PCURVE('',#2174,#2179);
#2174 = PLANE('',#2175);
#2175 = AXIS2_PLACEMENT_3D('',#2176,#2177,#2178);
#2176 = CARTESIAN_POINT('',(-3.873846265557,38.23030040965,
    39.829934759521));
#2177 = DIRECTION('',(-1.,0.,0.));
#2178 = DIRECTION('',(0.,2.22044604925E-16,1.));
#2179 = DEFINITIONAL_REPRESENTATION('',(#2180),#2183);
#2180 = B_SPLINE_CURVE_WITH_KNOTS('',1,(#2181,#2182),.UNSPECIFIED.,.F.,
  .F.,(2,2),(-23.17397208314,-14.08192231831),.PIECEWISE_BEZIER_KNOTS.);
#2181 = CARTESIAN_POINT('',(9.092049764831,-1.E-02));
#2182 = CARTESIAN_POINT('',(-1.7763568394E-15,-1.E-02));
#2183 = ( GEOMETRIC_REPRESENTATION_CONTEXT(2) 
PARAMETRIC_REPRESENTATION_CONTEXT() REPRESENTATION_CONTEXT('2D SPACE',''
  ) );
#2184 = ORIENTED_EDGE('',*,*,#2185,.T.);
#2185 = EDGE_CURVE('',#2158,#2186,#2188,.T.);
#2186 = VERTEX_POINT('',#2187);
#2187 = CARTESIAN_POINT('',(-3.279308259184,38.22030040965,
    49.516522530724));
#2188 = SURFACE_CURVE('',#2189,(#2194,#2205),.PCURVE_S1.);
#2189 = CIRCLE('',#2190,0.594538006372);
#2190 = AXIS2_PLACEMENT_3D('',#2191,#2192,#2193);
#2191 = CARTESIAN_POINT('',(-3.279308259184,38.22030040965,
    48.921984524351));
#2192 = DIRECTION('',(0.,1.,-2.22044604925E-16));
#2193 = DIRECTION('',(-1.,0.,0.));
#2194 = PCURVE('',#90,#2195);
#2195 = DEFINITIONAL_REPRESENTATION('',(#2196),#2204);
#2196 = ( BOUNDED_CURVE() B_SPLINE_CURVE(2,(#2197,#2198,#2199,#2200,
#2201,#2202,#2203),.UNSPECIFIED.,.T.,.F.) B_SPLINE_CURVE_WITH_KNOTS((1,2
    ,2,2,2,1),(-2.094395102393,0.,2.094395102393,4.188790204786,
6.28318530718,8.377580409573),.UNSPECIFIED.) CURVE() 
GEOMETRIC_REPRESENTATION_ITEM() RATIONAL_B_SPLINE_CURVE((1.,0.5,1.,0.5,
1.,0.5,1.)) REPRESENTATION_ITEM('') );
#2197 = CARTESIAN_POINT('',(13.905407597112,37.255894401457));
#2198 = CARTESIAN_POINT('',(13.905407597112,38.285664435524));
#2199 = CARTESIAN_POINT('',(14.797214606671,37.77077941849));
#2200 = CARTESIAN_POINT('',(15.689021616229,37.255894401457));
#2201 = CARTESIAN_POINT('',(14.797214606671,36.741009384423));
#2202 = CARTESIAN_POINT('',(13.905407597112,36.226124367389));
#2203 = CARTESIAN_POINT('',(13.905407597112,37.255894401457));
#2204 = ( GEOMETRIC_REPRESENTATION_CONTEXT(2) 
PARAMETRIC_REPRESENTATION_CONTEXT() REPRESENTATION_CONTEXT('2D SPACE',''
  ) );
#2205 = PCURVE('',#2206,#2211);
#2206 = CYLINDRICAL_SURFACE('',#2207,0.594538006372);
#2207 = AXIS2_PLACEMENT_3D('',#2208,#2209,#2210);
#2208 = CARTESIAN_POINT('',(-3.279308259184,38.23030040965,
    48.921984524351));
#2209 = DIRECTION('',(0.,1.,-2.22044604925E-16));
#2210 = DIRECTION('',(-1.,0.,0.));
#2211 = DEFINITIONAL_REPRESENTATION('',(#2212),#2216);
#2212 = LINE('',#2213,#2214);
#2213 = CARTESIAN_POINT('',(0.,-1.E-02));
#2214 = VECTOR('',#2215,1.);
#2215 = DIRECTION('',(1.,0.));
#2216 = ( GEOMETRIC_REPRESENTATION_CONTEXT(2) 
PARAMETRIC_REPRESENTATION_CONTEXT() REPRESENTATION_CONTEXT('2D SPACE',''
  ) );
#2217 = ORIENTED_EDGE('',*,*,#2218,.F.);
#2218 = EDGE_CURVE('',#2219,#2186,#2221,.T.);
#2219 = VERTEX_POINT('',#2220);
#2220 = CARTESIAN_POINT('',(3.279308194672,38.22030040965,
    49.516522530724));
#2221 = SURFACE_CURVE('',#2222,(#2226,#2232),.PCURVE_S1.);
#2222 = LINE('',#2223,#2224);
#2223 = CARTESIAN_POINT('',(-10.52928106092,38.22030040965,
    49.516522530724));
#2224 = VECTOR('',#2225,1.);
#2225 = DIRECTION('',(-1.,0.,0.));
#2226 = PCURVE('',#90,#2227);
#2227 = DEFINITIONAL_REPRESENTATION('',(#2228),#2231);
#2228 = B_SPLINE_CURVE_WITH_KNOTS('',1,(#2229,#2230),.UNSPECIFIED.,.F.,
  .F.,(2,2),(-13.80858925559,-7.249972801742),.PIECEWISE_BEZIER_KNOTS.);
#2229 = CARTESIAN_POINT('',(21.05856205734,37.850432407829));
#2230 = CARTESIAN_POINT('',(14.499945603484,37.850432407829));
#2231 = ( GEOMETRIC_REPRESENTATION_CONTEXT(2) 
PARAMETRIC_REPRESENTATION_CONTEXT() REPRESENTATION_CONTEXT('2D SPACE',''
  ) );
#2232 = PCURVE('',#2233,#2238);
#2233 = PLANE('',#2234);
#2234 = AXIS2_PLACEMENT_3D('',#2235,#2236,#2237);
#2235 = CARTESIAN_POINT('',(-3.279308259184,38.23030040965,
    49.516522530724));
#2236 = DIRECTION('',(0.,2.22044604925E-16,1.));
#2237 = DIRECTION('',(1.,0.,0.));
#2238 = DEFINITIONAL_REPRESENTATION('',(#2239),#2242);
#2239 = B_SPLINE_CURVE_WITH_KNOTS('',1,(#2240,#2241),.UNSPECIFIED.,.F.,
  .F.,(2,2),(-13.80858925559,-7.249972801742),.PIECEWISE_BEZIER_KNOTS.);
#2240 = CARTESIAN_POINT('',(6.558616453856,-1.E-02));
#2241 = CARTESIAN_POINT('',(-8.881784197001E-16,-1.E-02));
#2242 = ( GEOMETRIC_REPRESENTATION_CONTEXT(2) 
PARAMETRIC_REPRESENTATION_CONTEXT() REPRESENTATION_CONTEXT('2D SPACE',''
  ) );
#2243 = ORIENTED_EDGE('',*,*,#2244,.T.);
#2244 = EDGE_CURVE('',#2219,#2245,#2247,.T.);
#2245 = VERTEX_POINT('',#2246);
#2246 = CARTESIAN_POINT('',(3.8738462333,38.22030040965,48.921984524351)
  );
#2247 = SURFACE_CURVE('',#2248,(#2253,#2264),.PCURVE_S1.);
#2248 = CIRCLE('',#2249,0.594538006372);
#2249 = AXIS2_PLACEMENT_3D('',#2250,#2251,#2252);
#2250 = CARTESIAN_POINT('',(3.279308194672,38.22030040965,
    48.921984524351));
#2251 = DIRECTION('',(0.,1.,-2.22044604925E-16));
#2252 = DIRECTION('',(-1.,0.,0.));
#2253 = PCURVE('',#90,#2254);
#2254 = DEFINITIONAL_REPRESENTATION('',(#2255),#2263);
#2255 = ( BOUNDED_CURVE() B_SPLINE_CURVE(2,(#2256,#2257,#2258,#2259,
#2260,#2261,#2262),.UNSPECIFIED.,.T.,.F.) B_SPLINE_CURVE_WITH_KNOTS((1,2
    ,2,2,2,1),(-2.094395102393,0.,2.094395102393,4.188790204786,
6.28318530718,8.377580409573),.UNSPECIFIED.) CURVE() 
GEOMETRIC_REPRESENTATION_ITEM() RATIONAL_B_SPLINE_CURVE((1.,0.5,1.,0.5,
1.,0.5,1.)) REPRESENTATION_ITEM('') );
#2256 = CARTESIAN_POINT('',(20.464024050968,37.255894401457));
#2257 = CARTESIAN_POINT('',(20.464024050968,38.285664435524));
#2258 = CARTESIAN_POINT('',(21.355831060527,37.77077941849));
#2259 = CARTESIAN_POINT('',(22.247638070085,37.255894401457));
#2260 = CARTESIAN_POINT('',(21.355831060527,36.741009384423));
#2261 = CARTESIAN_POINT('',(20.464024050968,36.226124367389));
#2262 = CARTESIAN_POINT('',(20.464024050968,37.255894401457));
#2263 = ( GEOMETRIC_REPRESENTATION_CONTEXT(2) 
PARAMETRIC_REPRESENTATION_CONTEXT() REPRESENTATION_CONTEXT('2D SPACE',''
  ) );
#2264 = PCURVE('',#2265,#2270);
#2265 = CYLINDRICAL_SURFACE('',#2266,0.594538006372);
#2266 = AXIS2_PLACEMENT_3D('',#2267,#2268,#2269);
#2267 = CARTESIAN_POINT('',(3.279308194672,38.23030040965,
    48.921984524351));
#2268 = DIRECTION('',(0.,1.,-2.22044604925E-16));
#2269 = DIRECTION('',(-1.,0.,0.));
#2270 = DEFINITIONAL_REPRESENTATION('',(#2271),#2275);
#2271 = LINE('',#2272,#2273);
#2272 = CARTESIAN_POINT('',(0.,-1.E-02));
#2273 = VECTOR('',#2274,1.);
#2274 = DIRECTION('',(1.,0.));
#2275 = ( GEOMETRIC_REPRESENTATION_CONTEXT(2) 
PARAMETRIC_REPRESENTATION_CONTEXT() REPRESENTATION_CONTEXT('2D SPACE',''
  ) );
#2276 = ORIENTED_EDGE('',*,*,#2277,.T.);
#2277 = EDGE_CURVE('',#2245,#2278,#2280,.T.);
#2278 = VERTEX_POINT('',#2279);
#2279 = CARTESIAN_POINT('',(3.8738462333,38.22030040965,39.829934759521)
  );
#2280 = SURFACE_CURVE('',#2281,(#2285,#2291),.PCURVE_S1.);
#2281 = LINE('',#2282,#2283);
#2282 = CARTESIAN_POINT('',(3.873846265557,38.22030040965,
    25.748012441208));
#2283 = VECTOR('',#2284,1.);
#2284 = DIRECTION('',(0.,-2.22044604925E-16,-1.));
#2285 = PCURVE('',#90,#2286);
#2286 = DEFINITIONAL_REPRESENTATION('',(#2287),#2290);
#2287 = B_SPLINE_CURVE_WITH_KNOTS('',1,(#2288,#2289),.UNSPECIFIED.,.F.,
  .F.,(2,2),(-23.17397208314,-14.08192231831),.PIECEWISE_BEZIER_KNOTS.);
#2288 = CARTESIAN_POINT('',(21.653100128225,37.255894401457));
#2289 = CARTESIAN_POINT('',(21.653100128225,28.163844636626));
#2290 = ( GEOMETRIC_REPRESENTATION_CONTEXT(2) 
PARAMETRIC_REPRESENTATION_CONTEXT() REPRESENTATION_CONTEXT('2D SPACE',''
  ) );
#2291 = PCURVE('',#2292,#2297);
#2292 = PLANE('',#2293);
#2293 = AXIS2_PLACEMENT_3D('',#2294,#2295,#2296);
#2294 = CARTESIAN_POINT('',(3.873846265557,38.23030040965,
    39.829934759521));
#2295 = DIRECTION('',(-1.,0.,0.));
#2296 = DIRECTION('',(0.,2.22044604925E-16,1.));
#2297 = DEFINITIONAL_REPRESENTATION('',(#2298),#2301);
#2298 = B_SPLINE_CURVE_WITH_KNOTS('',1,(#2299,#2300),.UNSPECIFIED.,.F.,
  .F.,(2,2),(-23.17397208314,-14.08192231831),.PIECEWISE_BEZIER_KNOTS.);
#2299 = CARTESIAN_POINT('',(9.092049764831,-1.E-02));
#2300 = CARTESIAN_POINT('',(-1.7763568394E-15,-1.E-02));
#2301 = ( GEOMETRIC_REPRESENTATION_CONTEXT(2) 
PARAMETRIC_REPRESENTATION_CONTEXT() REPRESENTATION_CONTEXT('2D SPACE',''
  ) );
#2302 = ORIENTED_EDGE('',*,*,#2303,.T.);
#2303 = EDGE_CURVE('',#2278,#2304,#2306,.T.);
#2304 = VERTEX_POINT('',#2305);
#2305 = CARTESIAN_POINT('',(3.279308194672,38.22030040965,
    39.235396753148));
#2306 = SURFACE_CURVE('',#2307,(#2312,#2323),.PCURVE_S1.);
#2307 = CIRCLE('',#2308,0.594538006372);
#2308 = AXIS2_PLACEMENT_3D('',#2309,#2310,#2311);
#2309 = CARTESIAN_POINT('',(3.279308194672,38.22030040965,
    39.829934759521));
#2310 = DIRECTION('',(0.,1.,-2.22044604925E-16));
#2311 = DIRECTION('',(-1.,0.,0.));
#2312 = PCURVE('',#90,#2313);
#2313 = DEFINITIONAL_REPRESENTATION('',(#2314),#2322);
#2314 = ( BOUNDED_CURVE() B_SPLINE_CURVE(2,(#2315,#2316,#2317,#2318,
#2319,#2320,#2321),.UNSPECIFIED.,.T.,.F.) B_SPLINE_CURVE_WITH_KNOTS((1,2
    ,2,2,2,1),(-2.094395102393,0.,2.094395102393,4.188790204786,
6.28318530718,8.377580409573),.UNSPECIFIED.) CURVE() 
GEOMETRIC_REPRESENTATION_ITEM() RATIONAL_B_SPLINE_CURVE((1.,0.5,1.,0.5,
1.,0.5,1.)) REPRESENTATION_ITEM('') );
#2315 = CARTESIAN_POINT('',(20.464024050968,28.163844636626));
#2316 = CARTESIAN_POINT('',(20.464024050968,29.193614670693));
#2317 = CARTESIAN_POINT('',(21.355831060527,28.678729653659));
#2318 = CARTESIAN_POINT('',(22.247638070085,28.163844636626));
#2319 = CARTESIAN_POINT('',(21.355831060527,27.648959619592));
#2320 = CARTESIAN_POINT('',(20.464024050968,27.134074602558));
#2321 = CARTESIAN_POINT('',(20.464024050968,28.163844636626));
#2322 = ( GEOMETRIC_REPRESENTATION_CONTEXT(2) 
PARAMETRIC_REPRESENTATION_CONTEXT() REPRESENTATION_CONTEXT('2D SPACE',''
  ) );
#2323 = PCURVE('',#2324,#2329);
#2324 = CYLINDRICAL_SURFACE('',#2325,0.594538006372);
#2325 = AXIS2_PLACEMENT_3D('',#2326,#2327,#2328);
#2326 = CARTESIAN_POINT('',(3.279308194672,38.23030040965,
    39.829934759521));
#2327 = DIRECTION('',(0.,1.,-2.22044604925E-16));
#2328 = DIRECTION('',(-1.,0.,0.));
#2329 = DEFINITIONAL_REPRESENTATION('',(#2330),#2334);
#2330 = LINE('',#2331,#2332);
#2331 = CARTESIAN_POINT('',(0.,-1.E-02));
#2332 = VECTOR('',#2333,1.);
#2333 = DIRECTION('',(1.,0.));
#2334 = ( GEOMETRIC_REPRESENTATION_CONTEXT(2) 
PARAMETRIC_REPRESENTATION_CONTEXT() REPRESENTATION_CONTEXT('2D SPACE',''
  ) );
#2335 = ORIENTED_EDGE('',*,*,#2336,.T.);
#2336 = EDGE_CURVE('',#2304,#2337,#2339,.T.);
#2337 = VERTEX_POINT('',#2338);
#2338 = CARTESIAN_POINT('',(-3.279308259184,38.22030040965,
    39.235396753148));
#2339 = SURFACE_CURVE('',#2340,(#2344,#2350),.PCURVE_S1.);
#2340 = LINE('',#2341,#2342);
#2341 = CARTESIAN_POINT('',(-10.52928106092,38.22030040965,
    39.235396753148));
#2342 = VECTOR('',#2343,1.);
#2343 = DIRECTION('',(-1.,0.,0.));
#2344 = PCURVE('',#90,#2345);
#2345 = DEFINITIONAL_REPRESENTATION('',(#2346),#2349);
#2346 = B_SPLINE_CURVE_WITH_KNOTS('',1,(#2347,#2348),.UNSPECIFIED.,.F.,
  .F.,(2,2),(-13.80858925559,-7.249972801742),.PIECEWISE_BEZIER_KNOTS.);
#2347 = CARTESIAN_POINT('',(21.05856205734,27.569306630253));
#2348 = CARTESIAN_POINT('',(14.499945603484,27.569306630253));
#2349 = ( GEOMETRIC_REPRESENTATION_CONTEXT(2) 
PARAMETRIC_REPRESENTATION_CONTEXT() REPRESENTATION_CONTEXT('2D SPACE',''
  ) );
#2350 = PCURVE('',#2351,#2356);
#2351 = PLANE('',#2352);
#2352 = AXIS2_PLACEMENT_3D('',#2353,#2354,#2355);
#2353 = CARTESIAN_POINT('',(-3.279308259184,38.23030040965,
    39.235396753148));
#2354 = DIRECTION('',(0.,2.22044604925E-16,1.));
#2355 = DIRECTION('',(1.,0.,0.));
#2356 = DEFINITIONAL_REPRESENTATION('',(#2357),#2360);
#2357 = B_SPLINE_CURVE_WITH_KNOTS('',1,(#2358,#2359),.UNSPECIFIED.,.F.,
  .F.,(2,2),(-13.80858925559,-7.249972801742),.PIECEWISE_BEZIER_KNOTS.);
#2358 = CARTESIAN_POINT('',(6.558616453856,-1.E-02));
#2359 = CARTESIAN_POINT('',(-8.881784197001E-16,-1.E-02));
#2360 = ( GEOMETRIC_REPRESENTATION_CONTEXT(2) 
PARAMETRIC_REPRESENTATION_CONTEXT() REPRESENTATION_CONTEXT('2D SPACE',''
  ) );
#2361 = ORIENTED_EDGE('',*,*,#2362,.T.);
#2362 = EDGE_CURVE('',#2337,#2160,#2363,.T.);
#2363 = SURFACE_CURVE('',#2364,(#2369,#2380),.PCURVE_S1.);
#2364 = CIRCLE('',#2365,0.594538006372);
#2365 = AXIS2_PLACEMENT_3D('',#2366,#2367,#2368);
#2366 = CARTESIAN_POINT('',(-3.279308259184,38.22030040965,
    39.829934759521));
#2367 = DIRECTION('',(0.,1.,-2.22044604925E-16));
#2368 = DIRECTION('',(-1.,0.,0.));
#2369 = PCURVE('',#90,#2370);
#2370 = DEFINITIONAL_REPRESENTATION('',(#2371),#2379);
#2371 = ( BOUNDED_CURVE() B_SPLINE_CURVE(2,(#2372,#2373,#2374,#2375,
#2376,#2377,#2378),.UNSPECIFIED.,.T.,.F.) B_SPLINE_CURVE_WITH_KNOTS((1,2
    ,2,2,2,1),(-2.094395102393,0.,2.094395102393,4.188790204786,
6.28318530718,8.377580409573),.UNSPECIFIED.) CURVE() 
GEOMETRIC_REPRESENTATION_ITEM() RATIONAL_B_SPLINE_CURVE((1.,0.5,1.,0.5,
1.,0.5,1.)) REPRESENTATION_ITEM('') );
#2372 = CARTESIAN_POINT('',(13.905407597112,28.163844636626));
#2373 = CARTESIAN_POINT('',(13.905407597112,29.193614670693));
#2374 = CARTESIAN_POINT('',(14.797214606671,28.678729653659));
#2375 = CARTESIAN_POINT('',(15.689021616229,28.163844636626));
#2376 = CARTESIAN_POINT('',(14.797214606671,27.648959619592));
#2377 = CARTESIAN_POINT('',(13.905407597112,27.134074602558));
#2378 = CARTESIAN_POINT('',(13.905407597112,28.163844636626));
#2379 = ( GEOMETRIC_REPRESENTATION_CONTEXT(2) 
PARAMETRIC_REPRESENTATION_CONTEXT() REPRESENTATION_CONTEXT('2D SPACE',''
  ) );
#2380 = PCURVE('',#2381,#2386);
#2381 = CYLINDRICAL_SURFACE('',#2382,0.594538006372);
#2382 = AXIS2_PLACEMENT_3D('',#2383,#2384,#2385);
#2383 = CARTESIAN_POINT('',(-3.279308259184,38.23030040965,
    39.829934759521));
#2384 = DIRECTION('',(0.,1.,-2.22044604925E-16));
#2385 = DIRECTION('',(-1.,0.,0.));
#2386 = DEFINITIONAL_REPRESENTATION('',(#2387),#2391);
#2387 = LINE('',#2388,#2389);
#2388 = CARTESIAN_POINT('',(0.,-1.E-02));
#2389 = VECTOR('',#2390,1.);
#2390 = DIRECTION('',(1.,0.));
#2391 = ( GEOMETRIC_REPRESENTATION_CONTEXT(2) 
PARAMETRIC_REPRESENTATION_CONTEXT() REPRESENTATION_CONTEXT('2D SPACE',''
  ) );
#2392 = FACE_BOUND('',#2393,.F.);
#2393 = EDGE_LOOP('',(#2394,#2422,#2455,#2481,#2514,#2540,#2573,#2599));
#2394 = ORIENTED_EDGE('',*,*,#2395,.F.);
#2395 = EDGE_CURVE('',#2396,#2398,#2400,.T.);
#2396 = VERTEX_POINT('',#2397);
#2397 = CARTESIAN_POINT('',(5.784861286039,38.22030040965,
    48.921984524351));
#2398 = VERTEX_POINT('',#2399);
#2399 = CARTESIAN_POINT('',(5.784861286039,38.22030040965,
    39.829934759521));
#2400 = SURFACE_CURVE('',#2401,(#2405,#2411),.PCURVE_S1.);
#2401 = LINE('',#2402,#2403);
#2402 = CARTESIAN_POINT('',(5.784861286039,38.22030040965,
    25.748012441208));
#2403 = VECTOR('',#2404,1.);
#2404 = DIRECTION('',(0.,-2.22044604925E-16,-1.));
#2405 = PCURVE('',#90,#2406);
#2406 = DEFINITIONAL_REPRESENTATION('',(#2407),#2410);
#2407 = B_SPLINE_CURVE_WITH_KNOTS('',1,(#2408,#2409),.UNSPECIFIED.,.F.,
  .F.,(2,2),(-23.17397208314,-14.08192231831),.PIECEWISE_BEZIER_KNOTS.);
#2408 = CARTESIAN_POINT('',(23.564115148708,37.255894401457));
#2409 = CARTESIAN_POINT('',(23.564115148708,28.163844636626));
#2410 = ( GEOMETRIC_REPRESENTATION_CONTEXT(2) 
PARAMETRIC_REPRESENTATION_CONTEXT() REPRESENTATION_CONTEXT('2D SPACE',''
  ) );
#2411 = PCURVE('',#2412,#2417);
#2412 = PLANE('',#2413);
#2413 = AXIS2_PLACEMENT_3D('',#2414,#2415,#2416);
#2414 = CARTESIAN_POINT('',(5.784861286039,38.23030040965,
    39.829934759521));
#2415 = DIRECTION('',(-1.,0.,0.));
#2416 = DIRECTION('',(0.,2.22044604925E-16,1.));
#2417 = DEFINITIONAL_REPRESENTATION('',(#2418),#2421);
#2418 = B_SPLINE_CURVE_WITH_KNOTS('',1,(#2419,#2420),.UNSPECIFIED.,.F.,
  .F.,(2,2),(-23.17397208314,-14.08192231831),.PIECEWISE_BEZIER_KNOTS.);
#2419 = CARTESIAN_POINT('',(9.092049764831,-1.E-02));
#2420 = CARTESIAN_POINT('',(-1.7763568394E-15,-1.E-02));
#2421 = ( GEOMETRIC_REPRESENTATION_CONTEXT(2) 
PARAMETRIC_REPRESENTATION_CONTEXT() REPRESENTATION_CONTEXT('2D SPACE',''
  ) );
#2422 = ORIENTED_EDGE('',*,*,#2423,.T.);
#2423 = EDGE_CURVE('',#2396,#2424,#2426,.T.);
#2424 = VERTEX_POINT('',#2425);
#2425 = CARTESIAN_POINT('',(6.379399292411,38.22030040965,
    49.516522530724));
#2426 = SURFACE_CURVE('',#2427,(#2432,#2443),.PCURVE_S1.);
#2427 = CIRCLE('',#2428,0.594538006372);
#2428 = AXIS2_PLACEMENT_3D('',#2429,#2430,#2431);
#2429 = CARTESIAN_POINT('',(6.379399292411,38.22030040965,
    48.921984524351));
#2430 = DIRECTION('',(0.,1.,-2.22044604925E-16));
#2431 = DIRECTION('',(-1.,0.,0.));
#2432 = PCURVE('',#90,#2433);
#2433 = DEFINITIONAL_REPRESENTATION('',(#2434),#2442);
#2434 = ( BOUNDED_CURVE() B_SPLINE_CURVE(2,(#2435,#2436,#2437,#2438,
#2439,#2440,#2441),.UNSPECIFIED.,.T.,.F.) B_SPLINE_CURVE_WITH_KNOTS((1,2
    ,2,2,2,1),(-2.094395102393,0.,2.094395102393,4.188790204786,
6.28318530718,8.377580409573),.UNSPECIFIED.) CURVE() 
GEOMETRIC_REPRESENTATION_ITEM() RATIONAL_B_SPLINE_CURVE((1.,0.5,1.,0.5,
1.,0.5,1.)) REPRESENTATION_ITEM('') );
#2435 = CARTESIAN_POINT('',(23.564115148708,37.255894401457));
#2436 = CARTESIAN_POINT('',(23.564115148708,38.285664435524));
#2437 = CARTESIAN_POINT('',(24.455922158266,37.77077941849));
#2438 = CARTESIAN_POINT('',(25.347729167825,37.255894401457));
#2439 = CARTESIAN_POINT('',(24.455922158266,36.741009384423));
#2440 = CARTESIAN_POINT('',(23.564115148708,36.226124367389));
#2441 = CARTESIAN_POINT('',(23.564115148708,37.255894401457));
#2442 = ( GEOMETRIC_REPRESENTATION_CONTEXT(2) 
PARAMETRIC_REPRESENTATION_CONTEXT() REPRESENTATION_CONTEXT('2D SPACE',''
  ) );
#2443 = PCURVE('',#2444,#2449);
#2444 = CYLINDRICAL_SURFACE('',#2445,0.594538006372);
#2445 = AXIS2_PLACEMENT_3D('',#2446,#2447,#2448);
#2446 = CARTESIAN_POINT('',(6.379399292411,38.23030040965,
    48.921984524351));
#2447 = DIRECTION('',(0.,1.,-2.22044604925E-16));
#2448 = DIRECTION('',(-1.,0.,0.));
#2449 = DEFINITIONAL_REPRESENTATION('',(#2450),#2454);
#2450 = LINE('',#2451,#2452);
#2451 = CARTESIAN_POINT('',(0.,-1.E-02));
#2452 = VECTOR('',#2453,1.);
#2453 = DIRECTION('',(1.,0.));
#2454 = ( GEOMETRIC_REPRESENTATION_CONTEXT(2) 
PARAMETRIC_REPRESENTATION_CONTEXT() REPRESENTATION_CONTEXT('2D SPACE',''
  ) );
#2455 = ORIENTED_EDGE('',*,*,#2456,.F.);
#2456 = EDGE_CURVE('',#2457,#2424,#2459,.T.);
#2457 = VERTEX_POINT('',#2458);
#2458 = CARTESIAN_POINT('',(12.938015746267,38.22030040965,
    49.516522530724));
#2459 = SURFACE_CURVE('',#2460,(#2464,#2470),.PCURVE_S1.);
#2460 = LINE('',#2461,#2462);
#2461 = CARTESIAN_POINT('',(-5.699927285129,38.22030040965,
    49.516522530724));
#2462 = VECTOR('',#2463,1.);
#2463 = DIRECTION('',(-1.,0.,0.));
#2464 = PCURVE('',#90,#2465);
#2465 = DEFINITIONAL_REPRESENTATION('',(#2466),#2469);
#2466 = B_SPLINE_CURVE_WITH_KNOTS('',1,(#2467,#2468),.UNSPECIFIED.,.F.,
  .F.,(2,2),(-18.63794303139,-12.07932657754),.PIECEWISE_BEZIER_KNOTS.);
#2467 = CARTESIAN_POINT('',(30.717269608936,37.850432407829));
#2468 = CARTESIAN_POINT('',(24.15865315508,37.850432407829));
#2469 = ( GEOMETRIC_REPRESENTATION_CONTEXT(2) 
PARAMETRIC_REPRESENTATION_CONTEXT() REPRESENTATION_CONTEXT('2D SPACE',''
  ) );
#2470 = PCURVE('',#2471,#2476);
#2471 = PLANE('',#2472);
#2472 = AXIS2_PLACEMENT_3D('',#2473,#2474,#2475);
#2473 = CARTESIAN_POINT('',(6.379399292411,38.23030040965,
    49.516522530724));
#2474 = DIRECTION('',(0.,2.22044604925E-16,1.));
#2475 = DIRECTION('',(1.,0.,0.));
#2476 = DEFINITIONAL_REPRESENTATION('',(#2477),#2480);
#2477 = B_SPLINE_CURVE_WITH_KNOTS('',1,(#2478,#2479),.UNSPECIFIED.,.F.,
  .F.,(2,2),(-18.63794303139,-12.07932657754),.PIECEWISE_BEZIER_KNOTS.);
#2478 = CARTESIAN_POINT('',(6.558616453856,-1.E-02));
#2479 = CARTESIAN_POINT('',(1.7763568394E-15,-1.E-02));
#2480 = ( GEOMETRIC_REPRESENTATION_CONTEXT(2) 
PARAMETRIC_REPRESENTATION_CONTEXT() REPRESENTATION_CONTEXT('2D SPACE',''
  ) );
#2481 = ORIENTED_EDGE('',*,*,#2482,.T.);
#2482 = EDGE_CURVE('',#2457,#2483,#2485,.T.);
#2483 = VERTEX_POINT('',#2484);
#2484 = CARTESIAN_POINT('',(13.532553784896,38.22030040965,
    48.921984524351));
#2485 = SURFACE_CURVE('',#2486,(#2491,#2502),.PCURVE_S1.);
#2486 = CIRCLE('',#2487,0.594538006372);
#2487 = AXIS2_PLACEMENT_3D('',#2488,#2489,#2490);
#2488 = CARTESIAN_POINT('',(12.938015746267,38.22030040965,
    48.921984524351));
#2489 = DIRECTION('',(0.,1.,-2.22044604925E-16));
#2490 = DIRECTION('',(-1.,0.,0.));
#2491 = PCURVE('',#90,#2492);
#2492 = DEFINITIONAL_REPRESENTATION('',(#2493),#2501);
#2493 = ( BOUNDED_CURVE() B_SPLINE_CURVE(2,(#2494,#2495,#2496,#2497,
#2498,#2499,#2500),.UNSPECIFIED.,.T.,.F.) B_SPLINE_CURVE_WITH_KNOTS((1,2
    ,2,2,2,1),(-2.094395102393,0.,2.094395102393,4.188790204786,
6.28318530718,8.377580409573),.UNSPECIFIED.) CURVE() 
GEOMETRIC_REPRESENTATION_ITEM() RATIONAL_B_SPLINE_CURVE((1.,0.5,1.,0.5,
1.,0.5,1.)) REPRESENTATION_ITEM('') );
#2494 = CARTESIAN_POINT('',(30.122731602564,37.255894401457));
#2495 = CARTESIAN_POINT('',(30.122731602564,38.285664435524));
#2496 = CARTESIAN_POINT('',(31.014538612122,37.77077941849));
#2497 = CARTESIAN_POINT('',(31.906345621681,37.255894401457));
#2498 = CARTESIAN_POINT('',(31.014538612122,36.741009384423));
#2499 = CARTESIAN_POINT('',(30.122731602564,36.226124367389));
#2500 = CARTESIAN_POINT('',(30.122731602564,37.255894401457));
#2501 = ( GEOMETRIC_REPRESENTATION_CONTEXT(2) 
PARAMETRIC_REPRESENTATION_CONTEXT() REPRESENTATION_CONTEXT('2D SPACE',''
  ) );
#2502 = PCURVE('',#2503,#2508);
#2503 = CYLINDRICAL_SURFACE('',#2504,0.594538006372);
#2504 = AXIS2_PLACEMENT_3D('',#2505,#2506,#2507);
#2505 = CARTESIAN_POINT('',(12.938015746267,38.23030040965,
    48.921984524351));
#2506 = DIRECTION('',(0.,1.,-2.22044604925E-16));
#2507 = DIRECTION('',(-1.,0.,0.));
#2508 = DEFINITIONAL_REPRESENTATION('',(#2509),#2513);
#2509 = LINE('',#2510,#2511);
#2510 = CARTESIAN_POINT('',(0.,-1.E-02));
#2511 = VECTOR('',#2512,1.);
#2512 = DIRECTION('',(1.,0.));
#2513 = ( GEOMETRIC_REPRESENTATION_CONTEXT(2) 
PARAMETRIC_REPRESENTATION_CONTEXT() REPRESENTATION_CONTEXT('2D SPACE',''
  ) );
#2514 = ORIENTED_EDGE('',*,*,#2515,.T.);
#2515 = EDGE_CURVE('',#2483,#2516,#2518,.T.);
#2516 = VERTEX_POINT('',#2517);
#2517 = CARTESIAN_POINT('',(13.532553784896,38.22030040965,
    39.829934759521));
#2518 = SURFACE_CURVE('',#2519,(#2523,#2529),.PCURVE_S1.);
#2519 = LINE('',#2520,#2521);
#2520 = CARTESIAN_POINT('',(13.532553817152,38.22030040965,
    25.748012441208));
#2521 = VECTOR('',#2522,1.);
#2522 = DIRECTION('',(0.,-2.22044604925E-16,-1.));
#2523 = PCURVE('',#90,#2524);
#2524 = DEFINITIONAL_REPRESENTATION('',(#2525),#2528);
#2525 = B_SPLINE_CURVE_WITH_KNOTS('',1,(#2526,#2527),.UNSPECIFIED.,.F.,
  .F.,(2,2),(-23.17397208314,-14.08192231831),.PIECEWISE_BEZIER_KNOTS.);
#2526 = CARTESIAN_POINT('',(31.311807679821,37.255894401457));
#2527 = CARTESIAN_POINT('',(31.311807679821,28.163844636626));
#2528 = ( GEOMETRIC_REPRESENTATION_CONTEXT(2) 
PARAMETRIC_REPRESENTATION_CONTEXT() REPRESENTATION_CONTEXT('2D SPACE',''
  ) );
#2529 = PCURVE('',#2530,#2535);
#2530 = PLANE('',#2531);
#2531 = AXIS2_PLACEMENT_3D('',#2532,#2533,#2534);
#2532 = CARTESIAN_POINT('',(13.532553817152,38.23030040965,
    39.829934759521));
#2533 = DIRECTION('',(-1.,0.,0.));
#2534 = DIRECTION('',(0.,2.22044604925E-16,1.));
#2535 = DEFINITIONAL_REPRESENTATION('',(#2536),#2539);
#2536 = B_SPLINE_CURVE_WITH_KNOTS('',1,(#2537,#2538),.UNSPECIFIED.,.F.,
  .F.,(2,2),(-23.17397208314,-14.08192231831),.PIECEWISE_BEZIER_KNOTS.);
#2537 = CARTESIAN_POINT('',(9.092049764831,-1.E-02));
#2538 = CARTESIAN_POINT('',(-1.7763568394E-15,-1.E-02));
#2539 = ( GEOMETRIC_REPRESENTATION_CONTEXT(2) 
PARAMETRIC_REPRESENTATION_CONTEXT() REPRESENTATION_CONTEXT('2D SPACE',''
  ) );
#2540 = ORIENTED_EDGE('',*,*,#2541,.T.);
#2541 = EDGE_CURVE('',#2516,#2542,#2544,.T.);
#2542 = VERTEX_POINT('',#2543);
#2543 = CARTESIAN_POINT('',(12.938015746267,38.22030040965,
    39.235396753148));
#2544 = SURFACE_CURVE('',#2545,(#2550,#2561),.PCURVE_S1.);
#2545 = CIRCLE('',#2546,0.594538006372);
#2546 = AXIS2_PLACEMENT_3D('',#2547,#2548,#2549);
#2547 = CARTESIAN_POINT('',(12.938015746267,38.22030040965,
    39.829934759521));
#2548 = DIRECTION('',(0.,1.,-2.22044604925E-16));
#2549 = DIRECTION('',(-1.,0.,0.));
#2550 = PCURVE('',#90,#2551);
#2551 = DEFINITIONAL_REPRESENTATION('',(#2552),#2560);
#2552 = ( BOUNDED_CURVE() B_SPLINE_CURVE(2,(#2553,#2554,#2555,#2556,
#2557,#2558,#2559),.UNSPECIFIED.,.T.,.F.) B_SPLINE_CURVE_WITH_KNOTS((1,2
    ,2,2,2,1),(-2.094395102393,0.,2.094395102393,4.188790204786,
6.28318530718,8.377580409573),.UNSPECIFIED.) CURVE() 
GEOMETRIC_REPRESENTATION_ITEM() RATIONAL_B_SPLINE_CURVE((1.,0.5,1.,0.5,
1.,0.5,1.)) REPRESENTATION_ITEM('') );
#2553 = CARTESIAN_POINT('',(30.122731602564,28.163844636626));
#2554 = CARTESIAN_POINT('',(30.122731602564,29.193614670693));
#2555 = CARTESIAN_POINT('',(31.014538612122,28.678729653659));
#2556 = CARTESIAN_POINT('',(31.906345621681,28.163844636626));
#2557 = CARTESIAN_POINT('',(31.014538612122,27.648959619592));
#2558 = CARTESIAN_POINT('',(30.122731602564,27.134074602558));
#2559 = CARTESIAN_POINT('',(30.122731602564,28.163844636626));
#2560 = ( GEOMETRIC_REPRESENTATION_CONTEXT(2) 
PARAMETRIC_REPRESENTATION_CONTEXT() REPRESENTATION_CONTEXT('2D SPACE',''
  ) );
#2561 = PCURVE('',#2562,#2567);
#2562 = CYLINDRICAL_SURFACE('',#2563,0.594538006372);
#2563 = AXIS2_PLACEMENT_3D('',#2564,#2565,#2566);
#2564 = CARTESIAN_POINT('',(12.938015746267,38.23030040965,
    39.829934759521));
#2565 = DIRECTION('',(0.,1.,-2.22044604925E-16));
#2566 = DIRECTION('',(-1.,0.,0.));
#2567 = DEFINITIONAL_REPRESENTATION('',(#2568),#2572);
#2568 = LINE('',#2569,#2570);
#2569 = CARTESIAN_POINT('',(0.,-1.E-02));
#2570 = VECTOR('',#2571,1.);
#2571 = DIRECTION('',(1.,0.));
#2572 = ( GEOMETRIC_REPRESENTATION_CONTEXT(2) 
PARAMETRIC_REPRESENTATION_CONTEXT() REPRESENTATION_CONTEXT('2D SPACE',''
  ) );
#2573 = ORIENTED_EDGE('',*,*,#2574,.T.);
#2574 = EDGE_CURVE('',#2542,#2575,#2577,.T.);
#2575 = VERTEX_POINT('',#2576);
#2576 = CARTESIAN_POINT('',(6.379399292411,38.22030040965,
    39.235396753148));
#2577 = SURFACE_CURVE('',#2578,(#2582,#2588),.PCURVE_S1.);
#2578 = LINE('',#2579,#2580);
#2579 = CARTESIAN_POINT('',(-5.699927285129,38.22030040965,
    39.235396753148));
#2580 = VECTOR('',#2581,1.);
#2581 = DIRECTION('',(-1.,0.,0.));
#2582 = PCURVE('',#90,#2583);
#2583 = DEFINITIONAL_REPRESENTATION('',(#2584),#2587);
#2584 = B_SPLINE_CURVE_WITH_KNOTS('',1,(#2585,#2586),.UNSPECIFIED.,.F.,
  .F.,(2,2),(-18.63794303139,-12.07932657754),.PIECEWISE_BEZIER_KNOTS.);
#2585 = CARTESIAN_POINT('',(30.717269608936,27.569306630253));
#2586 = CARTESIAN_POINT('',(24.15865315508,27.569306630253));
#2587 = ( GEOMETRIC_REPRESENTATION_CONTEXT(2) 
PARAMETRIC_REPRESENTATION_CONTEXT() REPRESENTATION_CONTEXT('2D SPACE',''
  ) );
#2588 = PCURVE('',#2589,#2594);
#2589 = PLANE('',#2590);
#2590 = AXIS2_PLACEMENT_3D('',#2591,#2592,#2593);
#2591 = CARTESIAN_POINT('',(6.379399292411,38.23030040965,
    39.235396753148));
#2592 = DIRECTION('',(0.,2.22044604925E-16,1.));
#2593 = DIRECTION('',(1.,0.,0.));
#2594 = DEFINITIONAL_REPRESENTATION('',(#2595),#2598);
#2595 = B_SPLINE_CURVE_WITH_KNOTS('',1,(#2596,#2597),.UNSPECIFIED.,.F.,
  .F.,(2,2),(-18.63794303139,-12.07932657754),.PIECEWISE_BEZIER_KNOTS.);
#2596 = CARTESIAN_POINT('',(6.558616453856,-1.E-02));
#2597 = CARTESIAN_POINT('',(1.7763568394E-15,-1.E-02));
#2598 = ( GEOMETRIC_REPRESENTATION_CONTEXT(2) 
PARAMETRIC_REPRESENTATION_CONTEXT() REPRESENTATION_CONTEXT('2D SPACE',''
  ) );
#2599 = ORIENTED_EDGE('',*,*,#2600,.T.);
#2600 = EDGE_CURVE('',#2575,#2398,#2601,.T.);
#2601 = SURFACE_CURVE('',#2602,(#2607,#2618),.PCURVE_S1.);
#2602 = CIRCLE('',#2603,0.594538006372);
#2603 = AXIS2_PLACEMENT_3D('',#2604,#2605,#2606);
#2604 = CARTESIAN_POINT('',(6.379399292411,38.22030040965,
    39.829934759521));
#2605 = DIRECTION('',(0.,1.,-2.22044604925E-16));
#2606 = DIRECTION('',(-1.,0.,0.));
#2607 = PCURVE('',#90,#2608);
#2608 = DEFINITIONAL_REPRESENTATION('',(#2609),#2617);
#2609 = ( BOUNDED_CURVE() B_SPLINE_CURVE(2,(#2610,#2611,#2612,#2613,
#2614,#2615,#2616),.UNSPECIFIED.,.T.,.F.) B_SPLINE_CURVE_WITH_KNOTS((1,2
    ,2,2,2,1),(-2.094395102393,0.,2.094395102393,4.188790204786,
6.28318530718,8.377580409573),.UNSPECIFIED.) CURVE() 
GEOMETRIC_REPRESENTATION_ITEM() RATIONAL_B_SPLINE_CURVE((1.,0.5,1.,0.5,
1.,0.5,1.)) REPRESENTATION_ITEM('') );
#2610 = CARTESIAN_POINT('',(23.564115148708,28.163844636626));
#2611 = CARTESIAN_POINT('',(23.564115148708,29.193614670693));
#2612 = CARTESIAN_POINT('',(24.455922158266,28.678729653659));
#2613 = CARTESIAN_POINT('',(25.347729167825,28.163844636626));
#2614 = CARTESIAN_POINT('',(24.455922158266,27.648959619592));
#2615 = CARTESIAN_POINT('',(23.564115148708,27.134074602558));
#2616 = CARTESIAN_POINT('',(23.564115148708,28.163844636626));
#2617 = ( GEOMETRIC_REPRESENTATION_CONTEXT(2) 
PARAMETRIC_REPRESENTATION_CONTEXT() REPRESENTATION_CONTEXT('2D SPACE',''
  ) );
#2618 = PCURVE('',#2619,#2624);
#2619 = CYLINDRICAL_SURFACE('',#2620,0.594538006372);
#2620 = AXIS2_PLACEMENT_3D('',#2621,#2622,#2623);
#2621 = CARTESIAN_POINT('',(6.379399292411,38.23030040965,
    39.829934759521));
#2622 = DIRECTION('',(0.,1.,-2.22044604925E-16));
#2623 = DIRECTION('',(-1.,0.,0.));
#2624 = DEFINITIONAL_REPRESENTATION('',(#2625),#2629);
#2625 = LINE('',#2626,#2627);
#2626 = CARTESIAN_POINT('',(0.,-1.E-02));
#2627 = VECTOR('',#2628,1.);
#2628 = DIRECTION('',(1.,0.));
#2629 = ( GEOMETRIC_REPRESENTATION_CONTEXT(2) 
PARAMETRIC_REPRESENTATION_CONTEXT() REPRESENTATION_CONTEXT('2D SPACE',''
  ) );
#2630 = FACE_BOUND('',#2631,.F.);
#2631 = EDGE_LOOP('',(#2632,#2660,#2693,#2719,#2752,#2778,#2811,#2837));
#2632 = ORIENTED_EDGE('',*,*,#2633,.F.);
#2633 = EDGE_CURVE('',#2634,#2636,#2638,.T.);
#2634 = VERTEX_POINT('',#2635);
#2635 = CARTESIAN_POINT('',(-13.53255381715,38.22030040965,
    61.114125322409));
#2636 = VERTEX_POINT('',#2637);
#2637 = CARTESIAN_POINT('',(-13.53255381715,38.22030040965,
    52.022075557579));
#2638 = SURFACE_CURVE('',#2639,(#2643,#2649),.PCURVE_S1.);
#2639 = LINE('',#2640,#2641);
#2640 = CARTESIAN_POINT('',(-13.53255381715,38.22030040965,
    31.844082840237));
#2641 = VECTOR('',#2642,1.);
#2642 = DIRECTION('',(0.,-2.22044604925E-16,-1.));
#2643 = PCURVE('',#90,#2644);
#2644 = DEFINITIONAL_REPRESENTATION('',(#2645),#2648);
#2645 = B_SPLINE_CURVE_WITH_KNOTS('',1,(#2646,#2647),.UNSPECIFIED.,.F.,
  .F.,(2,2),(-29.27004248217,-20.17799271734),.PIECEWISE_BEZIER_KNOTS.);
#2646 = CARTESIAN_POINT('',(4.246700045517,49.448035199514));
#2647 = CARTESIAN_POINT('',(4.246700045517,40.355985434684));
#2648 = ( GEOMETRIC_REPRESENTATION_CONTEXT(2) 
PARAMETRIC_REPRESENTATION_CONTEXT() REPRESENTATION_CONTEXT('2D SPACE',''
  ) );
#2649 = PCURVE('',#2650,#2655);
#2650 = PLANE('',#2651);
#2651 = AXIS2_PLACEMENT_3D('',#2652,#2653,#2654);
#2652 = CARTESIAN_POINT('',(-13.53255381715,38.23030040965,
    52.022075557579));
#2653 = DIRECTION('',(-1.,0.,0.));
#2654 = DIRECTION('',(0.,2.22044604925E-16,1.));
#2655 = DEFINITIONAL_REPRESENTATION('',(#2656),#2659);
#2656 = B_SPLINE_CURVE_WITH_KNOTS('',1,(#2657,#2658),.UNSPECIFIED.,.F.,
  .F.,(2,2),(-29.27004248217,-20.17799271734),.PIECEWISE_BEZIER_KNOTS.);
#2657 = CARTESIAN_POINT('',(9.092049764831,-1.E-02));
#2658 = CARTESIAN_POINT('',(0.,-1.E-02));
#2659 = ( GEOMETRIC_REPRESENTATION_CONTEXT(2) 
PARAMETRIC_REPRESENTATION_CONTEXT() REPRESENTATION_CONTEXT('2D SPACE',''
  ) );
#2660 = ORIENTED_EDGE('',*,*,#2661,.T.);
#2661 = EDGE_CURVE('',#2634,#2662,#2664,.T.);
#2662 = VERTEX_POINT('',#2663);
#2663 = CARTESIAN_POINT('',(-12.93801581078,38.22030040965,
    61.708663328782));
#2664 = SURFACE_CURVE('',#2665,(#2670,#2681),.PCURVE_S1.);
#2665 = CIRCLE('',#2666,0.594538006372);
#2666 = AXIS2_PLACEMENT_3D('',#2667,#2668,#2669);
#2667 = CARTESIAN_POINT('',(-12.93801581078,38.22030040965,
    61.114125322409));
#2668 = DIRECTION('',(0.,1.,-2.22044604925E-16));
#2669 = DIRECTION('',(-1.,0.,0.));
#2670 = PCURVE('',#90,#2671);
#2671 = DEFINITIONAL_REPRESENTATION('',(#2672),#2680);
#2672 = ( BOUNDED_CURVE() B_SPLINE_CURVE(2,(#2673,#2674,#2675,#2676,
#2677,#2678,#2679),.UNSPECIFIED.,.T.,.F.) B_SPLINE_CURVE_WITH_KNOTS((1,2
    ,2,2,2,1),(-2.094395102393,0.,2.094395102393,4.188790204786,
6.28318530718,8.377580409573),.UNSPECIFIED.) CURVE() 
GEOMETRIC_REPRESENTATION_ITEM() RATIONAL_B_SPLINE_CURVE((1.,0.5,1.,0.5,
1.,0.5,1.)) REPRESENTATION_ITEM('') );
#2673 = CARTESIAN_POINT('',(4.246700045517,49.448035199514));
#2674 = CARTESIAN_POINT('',(4.246700045517,50.477805233582));
#2675 = CARTESIAN_POINT('',(5.138507055075,49.962920216548));
#2676 = CARTESIAN_POINT('',(6.030314064634,49.448035199514));
#2677 = CARTESIAN_POINT('',(5.138507055075,48.933150182481));
#2678 = CARTESIAN_POINT('',(4.246700045517,48.418265165447));
#2679 = CARTESIAN_POINT('',(4.246700045517,49.448035199514));
#2680 = ( GEOMETRIC_REPRESENTATION_CONTEXT(2) 
PARAMETRIC_REPRESENTATION_CONTEXT() REPRESENTATION_CONTEXT('2D SPACE',''
  ) );
#2681 = PCURVE('',#2682,#2687);
#2682 = CYLINDRICAL_SURFACE('',#2683,0.594538006372);
#2683 = AXIS2_PLACEMENT_3D('',#2684,#2685,#2686);
#2684 = CARTESIAN_POINT('',(-12.93801581078,38.23030040965,
    61.114125322409));
#2685 = DIRECTION('',(0.,1.,-2.22044604925E-16));
#2686 = DIRECTION('',(-1.,0.,0.));
#2687 = DEFINITIONAL_REPRESENTATION('',(#2688),#2692);
#2688 = LINE('',#2689,#2690);
#2689 = CARTESIAN_POINT('',(0.,-1.E-02));
#2690 = VECTOR('',#2691,1.);
#2691 = DIRECTION('',(1.,0.));
#2692 = ( GEOMETRIC_REPRESENTATION_CONTEXT(2) 
PARAMETRIC_REPRESENTATION_CONTEXT() REPRESENTATION_CONTEXT('2D SPACE',''
  ) );
#2693 = ORIENTED_EDGE('',*,*,#2694,.F.);
#2694 = EDGE_CURVE('',#2695,#2662,#2697,.T.);
#2695 = VERTEX_POINT('',#2696);
#2696 = CARTESIAN_POINT('',(-6.379399356924,38.22030040965,
    61.708663328782));
#2697 = SURFACE_CURVE('',#2698,(#2702,#2708),.PCURVE_S1.);
#2698 = LINE('',#2699,#2700);
#2699 = CARTESIAN_POINT('',(-15.35863483672,38.22030040965,
    61.708663328782));
#2700 = VECTOR('',#2701,1.);
#2701 = DIRECTION('',(-1.,0.,0.));
#2702 = PCURVE('',#90,#2703);
#2703 = DEFINITIONAL_REPRESENTATION('',(#2704),#2707);
#2704 = B_SPLINE_CURVE_WITH_KNOTS('',1,(#2705,#2706),.UNSPECIFIED.,.F.,
  .F.,(2,2),(-8.9792354798,-2.420619025944),.PIECEWISE_BEZIER_KNOTS.);
#2705 = CARTESIAN_POINT('',(11.399854505745,50.042573205887));
#2706 = CARTESIAN_POINT('',(4.841238051889,50.042573205887));
#2707 = ( GEOMETRIC_REPRESENTATION_CONTEXT(2) 
PARAMETRIC_REPRESENTATION_CONTEXT() REPRESENTATION_CONTEXT('2D SPACE',''
  ) );
#2708 = PCURVE('',#2709,#2714);
#2709 = PLANE('',#2710);
#2710 = AXIS2_PLACEMENT_3D('',#2711,#2712,#2713);
#2711 = CARTESIAN_POINT('',(-12.93801581078,38.23030040965,
    61.708663328782));
#2712 = DIRECTION('',(0.,2.22044604925E-16,1.));
#2713 = DIRECTION('',(1.,0.,0.));
#2714 = DEFINITIONAL_REPRESENTATION('',(#2715),#2718);
#2715 = B_SPLINE_CURVE_WITH_KNOTS('',1,(#2716,#2717),.UNSPECIFIED.,.F.,
  .F.,(2,2),(-8.9792354798,-2.420619025944),.PIECEWISE_BEZIER_KNOTS.);
#2716 = CARTESIAN_POINT('',(6.558616453856,-1.E-02));
#2717 = CARTESIAN_POINT('',(-4.440892098501E-16,-1.E-02));
#2718 = ( GEOMETRIC_REPRESENTATION_CONTEXT(2) 
PARAMETRIC_REPRESENTATION_CONTEXT() REPRESENTATION_CONTEXT('2D SPACE',''
  ) );
#2719 = ORIENTED_EDGE('',*,*,#2720,.T.);
#2720 = EDGE_CURVE('',#2695,#2721,#2723,.T.);
#2721 = VERTEX_POINT('',#2722);
#2722 = CARTESIAN_POINT('',(-5.784861318295,38.22030040965,
    61.114125322409));
#2723 = SURFACE_CURVE('',#2724,(#2729,#2740),.PCURVE_S1.);
#2724 = CIRCLE('',#2725,0.594538006372);
#2725 = AXIS2_PLACEMENT_3D('',#2726,#2727,#2728);
#2726 = CARTESIAN_POINT('',(-6.379399356924,38.22030040965,
    61.114125322409));
#2727 = DIRECTION('',(0.,1.,-2.22044604925E-16));
#2728 = DIRECTION('',(-1.,0.,0.));
#2729 = PCURVE('',#90,#2730);
#2730 = DEFINITIONAL_REPRESENTATION('',(#2731),#2739);
#2731 = ( BOUNDED_CURVE() B_SPLINE_CURVE(2,(#2732,#2733,#2734,#2735,
#2736,#2737,#2738),.UNSPECIFIED.,.T.,.F.) B_SPLINE_CURVE_WITH_KNOTS((1,2
    ,2,2,2,1),(-2.094395102393,0.,2.094395102393,4.188790204786,
6.28318530718,8.377580409573),.UNSPECIFIED.) CURVE() 
GEOMETRIC_REPRESENTATION_ITEM() RATIONAL_B_SPLINE_CURVE((1.,0.5,1.,0.5,
1.,0.5,1.)) REPRESENTATION_ITEM('') );
#2732 = CARTESIAN_POINT('',(10.805316499373,49.448035199514));
#2733 = CARTESIAN_POINT('',(10.805316499373,50.477805233582));
#2734 = CARTESIAN_POINT('',(11.697123508931,49.962920216548));
#2735 = CARTESIAN_POINT('',(12.58893051849,49.448035199514));
#2736 = CARTESIAN_POINT('',(11.697123508931,48.933150182481));
#2737 = CARTESIAN_POINT('',(10.805316499373,48.418265165447));
#2738 = CARTESIAN_POINT('',(10.805316499373,49.448035199514));
#2739 = ( GEOMETRIC_REPRESENTATION_CONTEXT(2) 
PARAMETRIC_REPRESENTATION_CONTEXT() REPRESENTATION_CONTEXT('2D SPACE',''
  ) );
#2740 = PCURVE('',#2741,#2746);
#2741 = CYLINDRICAL_SURFACE('',#2742,0.594538006372);
#2742 = AXIS2_PLACEMENT_3D('',#2743,#2744,#2745);
#2743 = CARTESIAN_POINT('',(-6.379399356924,38.23030040965,
    61.114125322409));
#2744 = DIRECTION('',(0.,1.,-2.22044604925E-16));
#2745 = DIRECTION('',(-1.,0.,0.));
#2746 = DEFINITIONAL_REPRESENTATION('',(#2747),#2751);
#2747 = LINE('',#2748,#2749);
#2748 = CARTESIAN_POINT('',(0.,-1.E-02));
#2749 = VECTOR('',#2750,1.);
#2750 = DIRECTION('',(1.,0.));
#2751 = ( GEOMETRIC_REPRESENTATION_CONTEXT(2) 
PARAMETRIC_REPRESENTATION_CONTEXT() REPRESENTATION_CONTEXT('2D SPACE',''
  ) );
#2752 = ORIENTED_EDGE('',*,*,#2753,.T.);
#2753 = EDGE_CURVE('',#2721,#2754,#2756,.T.);
#2754 = VERTEX_POINT('',#2755);
#2755 = CARTESIAN_POINT('',(-5.784861318295,38.22030040965,
    52.022075557579));
#2756 = SURFACE_CURVE('',#2757,(#2761,#2767),.PCURVE_S1.);
#2757 = LINE('',#2758,#2759);
#2758 = CARTESIAN_POINT('',(-5.784861286039,38.22030040965,
    31.844082840237));
#2759 = VECTOR('',#2760,1.);
#2760 = DIRECTION('',(0.,-2.22044604925E-16,-1.));
#2761 = PCURVE('',#90,#2762);
#2762 = DEFINITIONAL_REPRESENTATION('',(#2763),#2766);
#2763 = B_SPLINE_CURVE_WITH_KNOTS('',1,(#2764,#2765),.UNSPECIFIED.,.F.,
  .F.,(2,2),(-29.27004248217,-20.17799271734),.PIECEWISE_BEZIER_KNOTS.);
#2764 = CARTESIAN_POINT('',(11.99439257663,49.448035199514));
#2765 = CARTESIAN_POINT('',(11.99439257663,40.355985434684));
#2766 = ( GEOMETRIC_REPRESENTATION_CONTEXT(2) 
PARAMETRIC_REPRESENTATION_CONTEXT() REPRESENTATION_CONTEXT('2D SPACE',''
  ) );
#2767 = PCURVE('',#2768,#2773);
#2768 = PLANE('',#2769);
#2769 = AXIS2_PLACEMENT_3D('',#2770,#2771,#2772);
#2770 = CARTESIAN_POINT('',(-5.784861286039,38.23030040965,
    52.022075557579));
#2771 = DIRECTION('',(-1.,0.,0.));
#2772 = DIRECTION('',(0.,2.22044604925E-16,1.));
#2773 = DEFINITIONAL_REPRESENTATION('',(#2774),#2777);
#2774 = B_SPLINE_CURVE_WITH_KNOTS('',1,(#2775,#2776),.UNSPECIFIED.,.F.,
  .F.,(2,2),(-29.27004248217,-20.17799271734),.PIECEWISE_BEZIER_KNOTS.);
#2775 = CARTESIAN_POINT('',(9.092049764831,-1.E-02));
#2776 = CARTESIAN_POINT('',(0.,-1.E-02));
#2777 = ( GEOMETRIC_REPRESENTATION_CONTEXT(2) 
PARAMETRIC_REPRESENTATION_CONTEXT() REPRESENTATION_CONTEXT('2D SPACE',''
  ) );
#2778 = ORIENTED_EDGE('',*,*,#2779,.T.);
#2779 = EDGE_CURVE('',#2754,#2780,#2782,.T.);
#2780 = VERTEX_POINT('',#2781);
#2781 = CARTESIAN_POINT('',(-6.379399356924,38.22030040965,
    51.427537551206));
#2782 = SURFACE_CURVE('',#2783,(#2788,#2799),.PCURVE_S1.);
#2783 = CIRCLE('',#2784,0.594538006372);
#2784 = AXIS2_PLACEMENT_3D('',#2785,#2786,#2787);
#2785 = CARTESIAN_POINT('',(-6.379399356924,38.22030040965,
    52.022075557579));
#2786 = DIRECTION('',(0.,1.,-2.22044604925E-16));
#2787 = DIRECTION('',(-1.,0.,0.));
#2788 = PCURVE('',#90,#2789);
#2789 = DEFINITIONAL_REPRESENTATION('',(#2790),#2798);
#2790 = ( BOUNDED_CURVE() B_SPLINE_CURVE(2,(#2791,#2792,#2793,#2794,
#2795,#2796,#2797),.UNSPECIFIED.,.T.,.F.) B_SPLINE_CURVE_WITH_KNOTS((1,2
    ,2,2,2,1),(-2.094395102393,0.,2.094395102393,4.188790204786,
6.28318530718,8.377580409573),.UNSPECIFIED.) CURVE() 
GEOMETRIC_REPRESENTATION_ITEM() RATIONAL_B_SPLINE_CURVE((1.,0.5,1.,0.5,
1.,0.5,1.)) REPRESENTATION_ITEM('') );
#2791 = CARTESIAN_POINT('',(10.805316499373,40.355985434684));
#2792 = CARTESIAN_POINT('',(10.805316499373,41.385755468751));
#2793 = CARTESIAN_POINT('',(11.697123508931,40.870870451717));
#2794 = CARTESIAN_POINT('',(12.58893051849,40.355985434684));
#2795 = CARTESIAN_POINT('',(11.697123508931,39.84110041765));
#2796 = CARTESIAN_POINT('',(10.805316499373,39.326215400616));
#2797 = CARTESIAN_POINT('',(10.805316499373,40.355985434684));
#2798 = ( GEOMETRIC_REPRESENTATION_CONTEXT(2) 
PARAMETRIC_REPRESENTATION_CONTEXT() REPRESENTATION_CONTEXT('2D SPACE',''
  ) );
#2799 = PCURVE('',#2800,#2805);
#2800 = CYLINDRICAL_SURFACE('',#2801,0.594538006372);
#2801 = AXIS2_PLACEMENT_3D('',#2802,#2803,#2804);
#2802 = CARTESIAN_POINT('',(-6.379399356924,38.23030040965,
    52.022075557579));
#2803 = DIRECTION('',(0.,1.,-2.22044604925E-16));
#2804 = DIRECTION('',(-1.,0.,0.));
#2805 = DEFINITIONAL_REPRESENTATION('',(#2806),#2810);
#2806 = LINE('',#2807,#2808);
#2807 = CARTESIAN_POINT('',(0.,-1.E-02));
#2808 = VECTOR('',#2809,1.);
#2809 = DIRECTION('',(1.,0.));
#2810 = ( GEOMETRIC_REPRESENTATION_CONTEXT(2) 
PARAMETRIC_REPRESENTATION_CONTEXT() REPRESENTATION_CONTEXT('2D SPACE',''
  ) );
#2811 = ORIENTED_EDGE('',*,*,#2812,.T.);
#2812 = EDGE_CURVE('',#2780,#2813,#2815,.T.);
#2813 = VERTEX_POINT('',#2814);
#2814 = CARTESIAN_POINT('',(-12.93801581078,38.22030040965,
    51.427537551206));
#2815 = SURFACE_CURVE('',#2816,(#2820,#2826),.PCURVE_S1.);
#2816 = LINE('',#2817,#2818);
#2817 = CARTESIAN_POINT('',(-15.35863483672,38.22030040965,
    51.427537551206));
#2818 = VECTOR('',#2819,1.);
#2819 = DIRECTION('',(-1.,0.,0.));
#2820 = PCURVE('',#90,#2821);
#2821 = DEFINITIONAL_REPRESENTATION('',(#2822),#2825);
#2822 = B_SPLINE_CURVE_WITH_KNOTS('',1,(#2823,#2824),.UNSPECIFIED.,.F.,
  .F.,(2,2),(-8.9792354798,-2.420619025944),.PIECEWISE_BEZIER_KNOTS.);
#2823 = CARTESIAN_POINT('',(11.399854505745,39.761447428311));
#2824 = CARTESIAN_POINT('',(4.841238051889,39.761447428311));
#2825 = ( GEOMETRIC_REPRESENTATION_CONTEXT(2) 
PARAMETRIC_REPRESENTATION_CONTEXT() REPRESENTATION_CONTEXT('2D SPACE',''
  ) );
#2826 = PCURVE('',#2827,#2832);
#2827 = PLANE('',#2828);
#2828 = AXIS2_PLACEMENT_3D('',#2829,#2830,#2831);
#2829 = CARTESIAN_POINT('',(-12.93801581078,38.23030040965,
    51.427537551206));
#2830 = DIRECTION('',(0.,2.22044604925E-16,1.));
#2831 = DIRECTION('',(1.,0.,0.));
#2832 = DEFINITIONAL_REPRESENTATION('',(#2833),#2836);
#2833 = B_SPLINE_CURVE_WITH_KNOTS('',1,(#2834,#2835),.UNSPECIFIED.,.F.,
  .F.,(2,2),(-8.9792354798,-2.420619025944),.PIECEWISE_BEZIER_KNOTS.);
#2834 = CARTESIAN_POINT('',(6.558616453856,-1.E-02));
#2835 = CARTESIAN_POINT('',(-4.440892098501E-16,-1.E-02));
#2836 = ( GEOMETRIC_REPRESENTATION_CONTEXT(2) 
PARAMETRIC_REPRESENTATION_CONTEXT() REPRESENTATION_CONTEXT('2D SPACE',''
  ) );
#2837 = ORIENTED_EDGE('',*,*,#2838,.T.);
#2838 = EDGE_CURVE('',#2813,#2636,#2839,.T.);
#2839 = SURFACE_CURVE('',#2840,(#2845,#2856),.PCURVE_S1.);
#2840 = CIRCLE('',#2841,0.594538006372);
#2841 = AXIS2_PLACEMENT_3D('',#2842,#2843,#2844);
#2842 = CARTESIAN_POINT('',(-12.93801581078,38.22030040965,
    52.022075557579));
#2843 = DIRECTION('',(0.,1.,-2.22044604925E-16));
#2844 = DIRECTION('',(-1.,0.,0.));
#2845 = PCURVE('',#90,#2846);
#2846 = DEFINITIONAL_REPRESENTATION('',(#2847),#2855);
#2847 = ( BOUNDED_CURVE() B_SPLINE_CURVE(2,(#2848,#2849,#2850,#2851,
#2852,#2853,#2854),.UNSPECIFIED.,.T.,.F.) B_SPLINE_CURVE_WITH_KNOTS((1,2
    ,2,2,2,1),(-2.094395102393,0.,2.094395102393,4.188790204786,
6.28318530718,8.377580409573),.UNSPECIFIED.) CURVE() 
GEOMETRIC_REPRESENTATION_ITEM() RATIONAL_B_SPLINE_CURVE((1.,0.5,1.,0.5,
1.,0.5,1.)) REPRESENTATION_ITEM('') );
#2848 = CARTESIAN_POINT('',(4.246700045517,40.355985434684));
#2849 = CARTESIAN_POINT('',(4.246700045517,41.385755468751));
#2850 = CARTESIAN_POINT('',(5.138507055075,40.870870451717));
#2851 = CARTESIAN_POINT('',(6.030314064634,40.355985434684));
#2852 = CARTESIAN_POINT('',(5.138507055075,39.84110041765));
#2853 = CARTESIAN_POINT('',(4.246700045517,39.326215400616));
#2854 = CARTESIAN_POINT('',(4.246700045517,40.355985434684));
#2855 = ( GEOMETRIC_REPRESENTATION_CONTEXT(2) 
PARAMETRIC_REPRESENTATION_CONTEXT() REPRESENTATION_CONTEXT('2D SPACE',''
  ) );
#2856 = PCURVE('',#2857,#2862);
#2857 = CYLINDRICAL_SURFACE('',#2858,0.594538006372);
#2858 = AXIS2_PLACEMENT_3D('',#2859,#2860,#2861);
#2859 = CARTESIAN_POINT('',(-12.93801581078,38.23030040965,
    52.022075557579));
#2860 = DIRECTION('',(0.,1.,-2.22044604925E-16));
#2861 = DIRECTION('',(-1.,0.,0.));
#2862 = DEFINITIONAL_REPRESENTATION('',(#2863),#2867);
#2863 = LINE('',#2864,#2865);
#2864 = CARTESIAN_POINT('',(0.,-1.E-02));
#2865 = VECTOR('',#2866,1.);
#2866 = DIRECTION('',(1.,0.));
#2867 = ( GEOMETRIC_REPRESENTATION_CONTEXT(2) 
PARAMETRIC_REPRESENTATION_CONTEXT() REPRESENTATION_CONTEXT('2D SPACE',''
  ) );
#2868 = FACE_BOUND('',#2869,.F.);
#2869 = EDGE_LOOP('',(#2870,#2898,#2931,#2957,#2990,#3016,#3049,#3075));
#2870 = ORIENTED_EDGE('',*,*,#2871,.F.);
#2871 = EDGE_CURVE('',#2872,#2874,#2876,.T.);
#2872 = VERTEX_POINT('',#2873);
#2873 = CARTESIAN_POINT('',(-13.53255381715,38.22030040965,
    73.306266120467));
#2874 = VERTEX_POINT('',#2875);
#2875 = CARTESIAN_POINT('',(-13.53255381715,38.22030040965,
    64.214216355636));
#2876 = SURFACE_CURVE('',#2877,(#2881,#2887),.PCURVE_S1.);
#2877 = LINE('',#2878,#2879);
#2878 = CARTESIAN_POINT('',(-13.53255381715,38.22030040965,
    37.940153239266));
#2879 = VECTOR('',#2880,1.);
#2880 = DIRECTION('',(0.,-2.22044604925E-16,-1.));
#2881 = PCURVE('',#90,#2882);
#2882 = DEFINITIONAL_REPRESENTATION('',(#2883),#2886);
#2883 = B_SPLINE_CURVE_WITH_KNOTS('',1,(#2884,#2885),.UNSPECIFIED.,.F.,
  .F.,(2,2),(-35.3661128812,-26.27406311637),.PIECEWISE_BEZIER_KNOTS.);
#2884 = CARTESIAN_POINT('',(4.246700045517,61.640175997572));
#2885 = CARTESIAN_POINT('',(4.246700045517,52.548126232742));
#2886 = ( GEOMETRIC_REPRESENTATION_CONTEXT(2) 
PARAMETRIC_REPRESENTATION_CONTEXT() REPRESENTATION_CONTEXT('2D SPACE',''
  ) );
#2887 = PCURVE('',#2888,#2893);
#2888 = PLANE('',#2889);
#2889 = AXIS2_PLACEMENT_3D('',#2890,#2891,#2892);
#2890 = CARTESIAN_POINT('',(-13.53255381715,38.23030040965,
    64.214216355636));
#2891 = DIRECTION('',(-1.,0.,0.));
#2892 = DIRECTION('',(0.,2.22044604925E-16,1.));
#2893 = DEFINITIONAL_REPRESENTATION('',(#2894),#2897);
#2894 = B_SPLINE_CURVE_WITH_KNOTS('',1,(#2895,#2896),.UNSPECIFIED.,.F.,
  .F.,(2,2),(-35.3661128812,-26.27406311637),.PIECEWISE_BEZIER_KNOTS.);
#2895 = CARTESIAN_POINT('',(9.092049764831,-1.E-02));
#2896 = CARTESIAN_POINT('',(0.,-1.E-02));
#2897 = ( GEOMETRIC_REPRESENTATION_CONTEXT(2) 
PARAMETRIC_REPRESENTATION_CONTEXT() REPRESENTATION_CONTEXT('2D SPACE',''
  ) );
#2898 = ORIENTED_EDGE('',*,*,#2899,.T.);
#2899 = EDGE_CURVE('',#2872,#2900,#2902,.T.);
#2900 = VERTEX_POINT('',#2901);
#2901 = CARTESIAN_POINT('',(-12.93801581078,38.22030040965,
    73.90080412684));
#2902 = SURFACE_CURVE('',#2903,(#2908,#2919),.PCURVE_S1.);
#2903 = CIRCLE('',#2904,0.594538006372);
#2904 = AXIS2_PLACEMENT_3D('',#2905,#2906,#2907);
#2905 = CARTESIAN_POINT('',(-12.93801581078,38.22030040965,
    73.306266120467));
#2906 = DIRECTION('',(0.,1.,-2.22044604925E-16));
#2907 = DIRECTION('',(-1.,0.,0.));
#2908 = PCURVE('',#90,#2909);
#2909 = DEFINITIONAL_REPRESENTATION('',(#2910),#2918);
#2910 = ( BOUNDED_CURVE() B_SPLINE_CURVE(2,(#2911,#2912,#2913,#2914,
#2915,#2916,#2917),.UNSPECIFIED.,.T.,.F.) B_SPLINE_CURVE_WITH_KNOTS((1,2
    ,2,2,2,1),(-2.094395102393,0.,2.094395102393,4.188790204786,
6.28318530718,8.377580409573),.UNSPECIFIED.) CURVE() 
GEOMETRIC_REPRESENTATION_ITEM() RATIONAL_B_SPLINE_CURVE((1.,0.5,1.,0.5,
1.,0.5,1.)) REPRESENTATION_ITEM('') );
#2911 = CARTESIAN_POINT('',(4.246700045517,61.640175997572));
#2912 = CARTESIAN_POINT('',(4.246700045517,62.66994603164));
#2913 = CARTESIAN_POINT('',(5.138507055075,62.155061014606));
#2914 = CARTESIAN_POINT('',(6.030314064634,61.640175997572));
#2915 = CARTESIAN_POINT('',(5.138507055075,61.125290980539));
#2916 = CARTESIAN_POINT('',(4.246700045517,60.610405963505));
#2917 = CARTESIAN_POINT('',(4.246700045517,61.640175997572));
#2918 = ( GEOMETRIC_REPRESENTATION_CONTEXT(2) 
PARAMETRIC_REPRESENTATION_CONTEXT() REPRESENTATION_CONTEXT('2D SPACE',''
  ) );
#2919 = PCURVE('',#2920,#2925);
#2920 = CYLINDRICAL_SURFACE('',#2921,0.594538006372);
#2921 = AXIS2_PLACEMENT_3D('',#2922,#2923,#2924);
#2922 = CARTESIAN_POINT('',(-12.93801581078,38.23030040965,
    73.306266120467));
#2923 = DIRECTION('',(0.,1.,-2.22044604925E-16));
#2924 = DIRECTION('',(-1.,0.,0.));
#2925 = DEFINITIONAL_REPRESENTATION('',(#2926),#2930);
#2926 = LINE('',#2927,#2928);
#2927 = CARTESIAN_POINT('',(0.,-1.E-02));
#2928 = VECTOR('',#2929,1.);
#2929 = DIRECTION('',(1.,0.));
#2930 = ( GEOMETRIC_REPRESENTATION_CONTEXT(2) 
PARAMETRIC_REPRESENTATION_CONTEXT() REPRESENTATION_CONTEXT('2D SPACE',''
  ) );
#2931 = ORIENTED_EDGE('',*,*,#2932,.F.);
#2932 = EDGE_CURVE('',#2933,#2900,#2935,.T.);
#2933 = VERTEX_POINT('',#2934);
#2934 = CARTESIAN_POINT('',(-6.379399356924,38.22030040965,
    73.90080412684));
#2935 = SURFACE_CURVE('',#2936,(#2940,#2946),.PCURVE_S1.);
#2936 = LINE('',#2937,#2938);
#2937 = CARTESIAN_POINT('',(-15.35863483672,38.22030040965,
    73.90080412684));
#2938 = VECTOR('',#2939,1.);
#2939 = DIRECTION('',(-1.,0.,0.));
#2940 = PCURVE('',#90,#2941);
#2941 = DEFINITIONAL_REPRESENTATION('',(#2942),#2945);
#2942 = B_SPLINE_CURVE_WITH_KNOTS('',1,(#2943,#2944),.UNSPECIFIED.,.F.,
  .F.,(2,2),(-8.9792354798,-2.420619025944),.PIECEWISE_BEZIER_KNOTS.);
#2943 = CARTESIAN_POINT('',(11.399854505745,62.234714003945));
#2944 = CARTESIAN_POINT('',(4.841238051889,62.234714003945));
#2945 = ( GEOMETRIC_REPRESENTATION_CONTEXT(2) 
PARAMETRIC_REPRESENTATION_CONTEXT() REPRESENTATION_CONTEXT('2D SPACE',''
  ) );
#2946 = PCURVE('',#2947,#2952);
#2947 = PLANE('',#2948);
#2948 = AXIS2_PLACEMENT_3D('',#2949,#2950,#2951);
#2949 = CARTESIAN_POINT('',(-12.93801581078,38.23030040965,
    73.90080412684));
#2950 = DIRECTION('',(0.,2.22044604925E-16,1.));
#2951 = DIRECTION('',(1.,0.,0.));
#2952 = DEFINITIONAL_REPRESENTATION('',(#2953),#2956);
#2953 = B_SPLINE_CURVE_WITH_KNOTS('',1,(#2954,#2955),.UNSPECIFIED.,.F.,
  .F.,(2,2),(-8.9792354798,-2.420619025944),.PIECEWISE_BEZIER_KNOTS.);
#2954 = CARTESIAN_POINT('',(6.558616453856,-1.E-02));
#2955 = CARTESIAN_POINT('',(-4.440892098501E-16,-1.E-02));
#2956 = ( GEOMETRIC_REPRESENTATION_CONTEXT(2) 
PARAMETRIC_REPRESENTATION_CONTEXT() REPRESENTATION_CONTEXT('2D SPACE',''
  ) );
#2957 = ORIENTED_EDGE('',*,*,#2958,.T.);
#2958 = EDGE_CURVE('',#2933,#2959,#2961,.T.);
#2959 = VERTEX_POINT('',#2960);
#2960 = CARTESIAN_POINT('',(-5.784861318295,38.22030040965,
    73.306266120467));
#2961 = SURFACE_CURVE('',#2962,(#2967,#2978),.PCURVE_S1.);
#2962 = CIRCLE('',#2963,0.594538006372);
#2963 = AXIS2_PLACEMENT_3D('',#2964,#2965,#2966);
#2964 = CARTESIAN_POINT('',(-6.379399356924,38.22030040965,
    73.306266120467));
#2965 = DIRECTION('',(0.,1.,-2.22044604925E-16));
#2966 = DIRECTION('',(-1.,0.,0.));
#2967 = PCURVE('',#90,#2968);
#2968 = DEFINITIONAL_REPRESENTATION('',(#2969),#2977);
#2969 = ( BOUNDED_CURVE() B_SPLINE_CURVE(2,(#2970,#2971,#2972,#2973,
#2974,#2975,#2976),.UNSPECIFIED.,.T.,.F.) B_SPLINE_CURVE_WITH_KNOTS((1,2
    ,2,2,2,1),(-2.094395102393,0.,2.094395102393,4.188790204786,
6.28318530718,8.377580409573),.UNSPECIFIED.) CURVE() 
GEOMETRIC_REPRESENTATION_ITEM() RATIONAL_B_SPLINE_CURVE((1.,0.5,1.,0.5,
1.,0.5,1.)) REPRESENTATION_ITEM('') );
#2970 = CARTESIAN_POINT('',(10.805316499373,61.640175997572));
#2971 = CARTESIAN_POINT('',(10.805316499373,62.66994603164));
#2972 = CARTESIAN_POINT('',(11.697123508931,62.155061014606));
#2973 = CARTESIAN_POINT('',(12.58893051849,61.640175997572));
#2974 = CARTESIAN_POINT('',(11.697123508931,61.125290980539));
#2975 = CARTESIAN_POINT('',(10.805316499373,60.610405963505));
#2976 = CARTESIAN_POINT('',(10.805316499373,61.640175997572));
#2977 = ( GEOMETRIC_REPRESENTATION_CONTEXT(2) 
PARAMETRIC_REPRESENTATION_CONTEXT() REPRESENTATION_CONTEXT('2D SPACE',''
  ) );
#2978 = PCURVE('',#2979,#2984);
#2979 = CYLINDRICAL_SURFACE('',#2980,0.594538006372);
#2980 = AXIS2_PLACEMENT_3D('',#2981,#2982,#2983);
#2981 = CARTESIAN_POINT('',(-6.379399356924,38.23030040965,
    73.306266120467));
#2982 = DIRECTION('',(0.,1.,-2.22044604925E-16));
#2983 = DIRECTION('',(-1.,0.,0.));
#2984 = DEFINITIONAL_REPRESENTATION('',(#2985),#2989);
#2985 = LINE('',#2986,#2987);
#2986 = CARTESIAN_POINT('',(0.,-1.E-02));
#2987 = VECTOR('',#2988,1.);
#2988 = DIRECTION('',(1.,0.));
#2989 = ( GEOMETRIC_REPRESENTATION_CONTEXT(2) 
PARAMETRIC_REPRESENTATION_CONTEXT() REPRESENTATION_CONTEXT('2D SPACE',''
  ) );
#2990 = ORIENTED_EDGE('',*,*,#2991,.T.);
#2991 = EDGE_CURVE('',#2959,#2992,#2994,.T.);
#2992 = VERTEX_POINT('',#2993);
#2993 = CARTESIAN_POINT('',(-5.784861318295,38.22030040965,
    64.214216355636));
#2994 = SURFACE_CURVE('',#2995,(#2999,#3005),.PCURVE_S1.);
#2995 = LINE('',#2996,#2997);
#2996 = CARTESIAN_POINT('',(-5.784861286039,38.22030040965,
    37.940153239266));
#2997 = VECTOR('',#2998,1.);
#2998 = DIRECTION('',(0.,-2.22044604925E-16,-1.));
#2999 = PCURVE('',#90,#3000);
#3000 = DEFINITIONAL_REPRESENTATION('',(#3001),#3004);
#3001 = B_SPLINE_CURVE_WITH_KNOTS('',1,(#3002,#3003),.UNSPECIFIED.,.F.,
  .F.,(2,2),(-35.3661128812,-26.27406311637),.PIECEWISE_BEZIER_KNOTS.);
#3002 = CARTESIAN_POINT('',(11.99439257663,61.640175997572));
#3003 = CARTESIAN_POINT('',(11.99439257663,52.548126232742));
#3004 = ( GEOMETRIC_REPRESENTATION_CONTEXT(2) 
PARAMETRIC_REPRESENTATION_CONTEXT() REPRESENTATION_CONTEXT('2D SPACE',''
  ) );
#3005 = PCURVE('',#3006,#3011);
#3006 = PLANE('',#3007);
#3007 = AXIS2_PLACEMENT_3D('',#3008,#3009,#3010);
#3008 = CARTESIAN_POINT('',(-5.784861286039,38.23030040965,
    64.214216355636));
#3009 = DIRECTION('',(-1.,0.,0.));
#3010 = DIRECTION('',(0.,2.22044604925E-16,1.));
#3011 = DEFINITIONAL_REPRESENTATION('',(#3012),#3015);
#3012 = B_SPLINE_CURVE_WITH_KNOTS('',1,(#3013,#3014),.UNSPECIFIED.,.F.,
  .F.,(2,2),(-35.3661128812,-26.27406311637),.PIECEWISE_BEZIER_KNOTS.);
#3013 = CARTESIAN_POINT('',(9.092049764831,-1.E-02));
#3014 = CARTESIAN_POINT('',(0.,-1.E-02));
#3015 = ( GEOMETRIC_REPRESENTATION_CONTEXT(2) 
PARAMETRIC_REPRESENTATION_CONTEXT() REPRESENTATION_CONTEXT('2D SPACE',''
  ) );
#3016 = ORIENTED_EDGE('',*,*,#3017,.T.);
#3017 = EDGE_CURVE('',#2992,#3018,#3020,.T.);
#3018 = VERTEX_POINT('',#3019);
#3019 = CARTESIAN_POINT('',(-6.379399356924,38.22030040965,
    63.619678349264));
#3020 = SURFACE_CURVE('',#3021,(#3026,#3037),.PCURVE_S1.);
#3021 = CIRCLE('',#3022,0.594538006372);
#3022 = AXIS2_PLACEMENT_3D('',#3023,#3024,#3025);
#3023 = CARTESIAN_POINT('',(-6.379399356924,38.22030040965,
    64.214216355636));
#3024 = DIRECTION('',(0.,1.,-2.22044604925E-16));
#3025 = DIRECTION('',(-1.,0.,0.));
#3026 = PCURVE('',#90,#3027);
#3027 = DEFINITIONAL_REPRESENTATION('',(#3028),#3036);
#3028 = ( BOUNDED_CURVE() B_SPLINE_CURVE(2,(#3029,#3030,#3031,#3032,
#3033,#3034,#3035),.UNSPECIFIED.,.T.,.F.) B_SPLINE_CURVE_WITH_KNOTS((1,2
    ,2,2,2,1),(-2.094395102393,0.,2.094395102393,4.188790204786,
6.28318530718,8.377580409573),.UNSPECIFIED.) CURVE() 
GEOMETRIC_REPRESENTATION_ITEM() RATIONAL_B_SPLINE_CURVE((1.,0.5,1.,0.5,
1.,0.5,1.)) REPRESENTATION_ITEM('') );
#3029 = CARTESIAN_POINT('',(10.805316499373,52.548126232742));
#3030 = CARTESIAN_POINT('',(10.805316499373,53.577896266809));
#3031 = CARTESIAN_POINT('',(11.697123508931,53.063011249775));
#3032 = CARTESIAN_POINT('',(12.58893051849,52.548126232742));
#3033 = CARTESIAN_POINT('',(11.697123508931,52.033241215708));
#3034 = CARTESIAN_POINT('',(10.805316499373,51.518356198674));
#3035 = CARTESIAN_POINT('',(10.805316499373,52.548126232742));
#3036 = ( GEOMETRIC_REPRESENTATION_CONTEXT(2) 
PARAMETRIC_REPRESENTATION_CONTEXT() REPRESENTATION_CONTEXT('2D SPACE',''
  ) );
#3037 = PCURVE('',#3038,#3043);
#3038 = CYLINDRICAL_SURFACE('',#3039,0.594538006372);
#3039 = AXIS2_PLACEMENT_3D('',#3040,#3041,#3042);
#3040 = CARTESIAN_POINT('',(-6.379399356924,38.23030040965,
    64.214216355636));
#3041 = DIRECTION('',(0.,1.,-2.22044604925E-16));
#3042 = DIRECTION('',(-1.,0.,0.));
#3043 = DEFINITIONAL_REPRESENTATION('',(#3044),#3048);
#3044 = LINE('',#3045,#3046);
#3045 = CARTESIAN_POINT('',(0.,-1.E-02));
#3046 = VECTOR('',#3047,1.);
#3047 = DIRECTION('',(1.,0.));
#3048 = ( GEOMETRIC_REPRESENTATION_CONTEXT(2) 
PARAMETRIC_REPRESENTATION_CONTEXT() REPRESENTATION_CONTEXT('2D SPACE',''
  ) );
#3049 = ORIENTED_EDGE('',*,*,#3050,.T.);
#3050 = EDGE_CURVE('',#3018,#3051,#3053,.T.);
#3051 = VERTEX_POINT('',#3052);
#3052 = CARTESIAN_POINT('',(-12.93801581078,38.22030040965,
    63.619678349264));
#3053 = SURFACE_CURVE('',#3054,(#3058,#3064),.PCURVE_S1.);
#3054 = LINE('',#3055,#3056);
#3055 = CARTESIAN_POINT('',(-15.35863483672,38.22030040965,
    63.619678349264));
#3056 = VECTOR('',#3057,1.);
#3057 = DIRECTION('',(-1.,0.,0.));
#3058 = PCURVE('',#90,#3059);
#3059 = DEFINITIONAL_REPRESENTATION('',(#3060),#3063);
#3060 = B_SPLINE_CURVE_WITH_KNOTS('',1,(#3061,#3062),.UNSPECIFIED.,.F.,
  .F.,(2,2),(-8.9792354798,-2.420619025944),.PIECEWISE_BEZIER_KNOTS.);
#3061 = CARTESIAN_POINT('',(11.399854505745,51.953588226369));
#3062 = CARTESIAN_POINT('',(4.841238051889,51.953588226369));
#3063 = ( GEOMETRIC_REPRESENTATION_CONTEXT(2) 
PARAMETRIC_REPRESENTATION_CONTEXT() REPRESENTATION_CONTEXT('2D SPACE',''
  ) );
#3064 = PCURVE('',#3065,#3070);
#3065 = PLANE('',#3066);
#3066 = AXIS2_PLACEMENT_3D('',#3067,#3068,#3069);
#3067 = CARTESIAN_POINT('',(-12.93801581078,38.23030040965,
    63.619678349264));
#3068 = DIRECTION('',(0.,2.22044604925E-16,1.));
#3069 = DIRECTION('',(1.,0.,0.));
#3070 = DEFINITIONAL_REPRESENTATION('',(#3071),#3074);
#3071 = B_SPLINE_CURVE_WITH_KNOTS('',1,(#3072,#3073),.UNSPECIFIED.,.F.,
  .F.,(2,2),(-8.9792354798,-2.420619025944),.PIECEWISE_BEZIER_KNOTS.);
#3072 = CARTESIAN_POINT('',(6.558616453856,-1.E-02));
#3073 = CARTESIAN_POINT('',(-4.440892098501E-16,-1.E-02));
#3074 = ( GEOMETRIC_REPRESENTATION_CONTEXT(2) 
PARAMETRIC_REPRESENTATION_CONTEXT() REPRESENTATION_CONTEXT('2D SPACE',''
  ) );
#3075 = ORIENTED_EDGE('',*,*,#3076,.T.);
#3076 = EDGE_CURVE('',#3051,#2874,#3077,.T.);
#3077 = SURFACE_CURVE('',#3078,(#3083,#3094),.PCURVE_S1.);
#3078 = CIRCLE('',#3079,0.594538006372);
#3079 = AXIS2_PLACEMENT_3D('',#3080,#3081,#3082);
#3080 = CARTESIAN_POINT('',(-12.93801581078,38.22030040965,
    64.214216355636));
#3081 = DIRECTION('',(0.,1.,-2.22044604925E-16));
#3082 = DIRECTION('',(-1.,0.,0.));
#3083 = PCURVE('',#90,#3084);
#3084 = DEFINITIONAL_REPRESENTATION('',(#3085),#3093);
#3085 = ( BOUNDED_CURVE() B_SPLINE_CURVE(2,(#3086,#3087,#3088,#3089,
#3090,#3091,#3092),.UNSPECIFIED.,.T.,.F.) B_SPLINE_CURVE_WITH_KNOTS((1,2
    ,2,2,2,1),(-2.094395102393,0.,2.094395102393,4.188790204786,
6.28318530718,8.377580409573),.UNSPECIFIED.) CURVE() 
GEOMETRIC_REPRESENTATION_ITEM() RATIONAL_B_SPLINE_CURVE((1.,0.5,1.,0.5,
1.,0.5,1.)) REPRESENTATION_ITEM('') );
#3086 = CARTESIAN_POINT('',(4.246700045517,52.548126232742));
#3087 = CARTESIAN_POINT('',(4.246700045517,53.577896266809));
#3088 = CARTESIAN_POINT('',(5.138507055075,53.063011249775));
#3089 = CARTESIAN_POINT('',(6.030314064634,52.548126232742));
#3090 = CARTESIAN_POINT('',(5.138507055075,52.033241215708));
#3091 = CARTESIAN_POINT('',(4.246700045517,51.518356198674));
#3092 = CARTESIAN_POINT('',(4.246700045517,52.548126232742));
#3093 = ( GEOMETRIC_REPRESENTATION_CONTEXT(2) 
PARAMETRIC_REPRESENTATION_CONTEXT() REPRESENTATION_CONTEXT('2D SPACE',''
  ) );
#3094 = PCURVE('',#3095,#3100);
#3095 = CYLINDRICAL_SURFACE('',#3096,0.594538006372);
#3096 = AXIS2_PLACEMENT_3D('',#3097,#3098,#3099);
#3097 = CARTESIAN_POINT('',(-12.93801581078,38.23030040965,
    64.214216355636));
#3098 = DIRECTION('',(0.,1.,-2.22044604925E-16));
#3099 = DIRECTION('',(-1.,0.,0.));
#3100 = DEFINITIONAL_REPRESENTATION('',(#3101),#3105);
#3101 = LINE('',#3102,#3103);
#3102 = CARTESIAN_POINT('',(0.,-1.E-02));
#3103 = VECTOR('',#3104,1.);
#3104 = DIRECTION('',(1.,0.));
#3105 = ( GEOMETRIC_REPRESENTATION_CONTEXT(2) 
PARAMETRIC_REPRESENTATION_CONTEXT() REPRESENTATION_CONTEXT('2D SPACE',''
  ) );
#3106 = FACE_BOUND('',#3107,.F.);
#3107 = EDGE_LOOP('',(#3108,#3136,#3169,#3195,#3228,#3254,#3287,#3313));
#3108 = ORIENTED_EDGE('',*,*,#3109,.F.);
#3109 = EDGE_CURVE('',#3110,#3112,#3114,.T.);
#3110 = VERTEX_POINT('',#3111);
#3111 = CARTESIAN_POINT('',(-13.53255381715,38.22030040965,
    85.498406918525));
#3112 = VERTEX_POINT('',#3113);
#3113 = CARTESIAN_POINT('',(-13.53255381715,38.22030040965,
    76.406357153694));
#3114 = SURFACE_CURVE('',#3115,(#3119,#3125),.PCURVE_S1.);
#3115 = LINE('',#3116,#3117);
#3116 = CARTESIAN_POINT('',(-13.53255381715,38.22030040965,
    44.036223638295));
#3117 = VECTOR('',#3118,1.);
#3118 = DIRECTION('',(0.,-2.22044604925E-16,-1.));
#3119 = PCURVE('',#90,#3120);
#3120 = DEFINITIONAL_REPRESENTATION('',(#3121),#3124);
#3121 = B_SPLINE_CURVE_WITH_KNOTS('',1,(#3122,#3123),.UNSPECIFIED.,.F.,
  .F.,(2,2),(-41.46218328023,-32.3701335154),.PIECEWISE_BEZIER_KNOTS.);
#3122 = CARTESIAN_POINT('',(4.246700045517,73.83231679563));
#3123 = CARTESIAN_POINT('',(4.246700045517,64.7402670308));
#3124 = ( GEOMETRIC_REPRESENTATION_CONTEXT(2) 
PARAMETRIC_REPRESENTATION_CONTEXT() REPRESENTATION_CONTEXT('2D SPACE',''
  ) );
#3125 = PCURVE('',#3126,#3131);
#3126 = PLANE('',#3127);
#3127 = AXIS2_PLACEMENT_3D('',#3128,#3129,#3130);
#3128 = CARTESIAN_POINT('',(-13.53255381715,38.23030040965,
    76.406357153694));
#3129 = DIRECTION('',(-1.,0.,0.));
#3130 = DIRECTION('',(0.,2.22044604925E-16,1.));
#3131 = DEFINITIONAL_REPRESENTATION('',(#3132),#3135);
#3132 = B_SPLINE_CURVE_WITH_KNOTS('',1,(#3133,#3134),.UNSPECIFIED.,.F.,
  .F.,(2,2),(-41.46218328023,-32.3701335154),.PIECEWISE_BEZIER_KNOTS.);
#3133 = CARTESIAN_POINT('',(9.092049764831,-1.E-02));
#3134 = CARTESIAN_POINT('',(-7.105427357601E-15,-1.E-02));
#3135 = ( GEOMETRIC_REPRESENTATION_CONTEXT(2) 
PARAMETRIC_REPRESENTATION_CONTEXT() REPRESENTATION_CONTEXT('2D SPACE',''
  ) );
#3136 = ORIENTED_EDGE('',*,*,#3137,.T.);
#3137 = EDGE_CURVE('',#3110,#3138,#3140,.T.);
#3138 = VERTEX_POINT('',#3139);
#3139 = CARTESIAN_POINT('',(-12.93801581078,38.22030040965,
    86.092944924898));
#3140 = SURFACE_CURVE('',#3141,(#3146,#3157),.PCURVE_S1.);
#3141 = CIRCLE('',#3142,0.594538006372);
#3142 = AXIS2_PLACEMENT_3D('',#3143,#3144,#3145);
#3143 = CARTESIAN_POINT('',(-12.93801581078,38.22030040965,
    85.498406918525));
#3144 = DIRECTION('',(0.,1.,-2.22044604925E-16));
#3145 = DIRECTION('',(-1.,0.,0.));
#3146 = PCURVE('',#90,#3147);
#3147 = DEFINITIONAL_REPRESENTATION('',(#3148),#3156);
#3148 = ( BOUNDED_CURVE() B_SPLINE_CURVE(2,(#3149,#3150,#3151,#3152,
#3153,#3154,#3155),.UNSPECIFIED.,.T.,.F.) B_SPLINE_CURVE_WITH_KNOTS((1,2
    ,2,2,2,1),(-2.094395102393,0.,2.094395102393,4.188790204786,
6.28318530718,8.377580409573),.UNSPECIFIED.) CURVE() 
GEOMETRIC_REPRESENTATION_ITEM() RATIONAL_B_SPLINE_CURVE((1.,0.5,1.,0.5,
1.,0.5,1.)) REPRESENTATION_ITEM('') );
#3149 = CARTESIAN_POINT('',(4.246700045517,73.83231679563));
#3150 = CARTESIAN_POINT('',(4.246700045517,74.862086829698));
#3151 = CARTESIAN_POINT('',(5.138507055075,74.347201812664));
#3152 = CARTESIAN_POINT('',(6.030314064634,73.83231679563));
#3153 = CARTESIAN_POINT('',(5.138507055075,73.317431778597));
#3154 = CARTESIAN_POINT('',(4.246700045517,72.802546761563));
#3155 = CARTESIAN_POINT('',(4.246700045517,73.83231679563));
#3156 = ( GEOMETRIC_REPRESENTATION_CONTEXT(2) 
PARAMETRIC_REPRESENTATION_CONTEXT() REPRESENTATION_CONTEXT('2D SPACE',''
  ) );
#3157 = PCURVE('',#3158,#3163);
#3158 = CYLINDRICAL_SURFACE('',#3159,0.594538006372);
#3159 = AXIS2_PLACEMENT_3D('',#3160,#3161,#3162);
#3160 = CARTESIAN_POINT('',(-12.93801581078,38.23030040965,
    85.498406918525));
#3161 = DIRECTION('',(0.,1.,-2.22044604925E-16));
#3162 = DIRECTION('',(-1.,0.,0.));
#3163 = DEFINITIONAL_REPRESENTATION('',(#3164),#3168);
#3164 = LINE('',#3165,#3166);
#3165 = CARTESIAN_POINT('',(0.,-1.E-02));
#3166 = VECTOR('',#3167,1.);
#3167 = DIRECTION('',(1.,0.));
#3168 = ( GEOMETRIC_REPRESENTATION_CONTEXT(2) 
PARAMETRIC_REPRESENTATION_CONTEXT() REPRESENTATION_CONTEXT('2D SPACE',''
  ) );
#3169 = ORIENTED_EDGE('',*,*,#3170,.F.);
#3170 = EDGE_CURVE('',#3171,#3138,#3173,.T.);
#3171 = VERTEX_POINT('',#3172);
#3172 = CARTESIAN_POINT('',(-6.379399356924,38.22030040965,
    86.092944924898));
#3173 = SURFACE_CURVE('',#3174,(#3178,#3184),.PCURVE_S1.);
#3174 = LINE('',#3175,#3176);
#3175 = CARTESIAN_POINT('',(-15.35863483672,38.22030040965,
    86.092944924898));
#3176 = VECTOR('',#3177,1.);
#3177 = DIRECTION('',(-1.,0.,0.));
#3178 = PCURVE('',#90,#3179);
#3179 = DEFINITIONAL_REPRESENTATION('',(#3180),#3183);
#3180 = B_SPLINE_CURVE_WITH_KNOTS('',1,(#3181,#3182),.UNSPECIFIED.,.F.,
  .F.,(2,2),(-8.9792354798,-2.420619025944),.PIECEWISE_BEZIER_KNOTS.);
#3181 = CARTESIAN_POINT('',(11.399854505745,74.426854802003));
#3182 = CARTESIAN_POINT('',(4.841238051889,74.426854802003));
#3183 = ( GEOMETRIC_REPRESENTATION_CONTEXT(2) 
PARAMETRIC_REPRESENTATION_CONTEXT() REPRESENTATION_CONTEXT('2D SPACE',''
  ) );
#3184 = PCURVE('',#3185,#3190);
#3185 = PLANE('',#3186);
#3186 = AXIS2_PLACEMENT_3D('',#3187,#3188,#3189);
#3187 = CARTESIAN_POINT('',(-12.93801581078,38.23030040965,
    86.092944924898));
#3188 = DIRECTION('',(0.,2.22044604925E-16,1.));
#3189 = DIRECTION('',(1.,0.,0.));
#3190 = DEFINITIONAL_REPRESENTATION('',(#3191),#3194);
#3191 = B_SPLINE_CURVE_WITH_KNOTS('',1,(#3192,#3193),.UNSPECIFIED.,.F.,
  .F.,(2,2),(-8.9792354798,-2.420619025944),.PIECEWISE_BEZIER_KNOTS.);
#3192 = CARTESIAN_POINT('',(6.558616453856,-1.E-02));
#3193 = CARTESIAN_POINT('',(-4.440892098501E-16,-1.E-02));
#3194 = ( GEOMETRIC_REPRESENTATION_CONTEXT(2) 
PARAMETRIC_REPRESENTATION_CONTEXT() REPRESENTATION_CONTEXT('2D SPACE',''
  ) );
#3195 = ORIENTED_EDGE('',*,*,#3196,.T.);
#3196 = EDGE_CURVE('',#3171,#3197,#3199,.T.);
#3197 = VERTEX_POINT('',#3198);
#3198 = CARTESIAN_POINT('',(-5.784861318295,38.22030040965,
    85.498406918525));
#3199 = SURFACE_CURVE('',#3200,(#3205,#3216),.PCURVE_S1.);
#3200 = CIRCLE('',#3201,0.594538006372);
#3201 = AXIS2_PLACEMENT_3D('',#3202,#3203,#3204);
#3202 = CARTESIAN_POINT('',(-6.379399356924,38.22030040965,
    85.498406918525));
#3203 = DIRECTION('',(0.,1.,-2.22044604925E-16));
#3204 = DIRECTION('',(-1.,0.,0.));
#3205 = PCURVE('',#90,#3206);
#3206 = DEFINITIONAL_REPRESENTATION('',(#3207),#3215);
#3207 = ( BOUNDED_CURVE() B_SPLINE_CURVE(2,(#3208,#3209,#3210,#3211,
#3212,#3213,#3214),.UNSPECIFIED.,.T.,.F.) B_SPLINE_CURVE_WITH_KNOTS((1,2
    ,2,2,2,1),(-2.094395102393,0.,2.094395102393,4.188790204786,
6.28318530718,8.377580409573),.UNSPECIFIED.) CURVE() 
GEOMETRIC_REPRESENTATION_ITEM() RATIONAL_B_SPLINE_CURVE((1.,0.5,1.,0.5,
1.,0.5,1.)) REPRESENTATION_ITEM('') );
#3208 = CARTESIAN_POINT('',(10.805316499373,73.83231679563));
#3209 = CARTESIAN_POINT('',(10.805316499373,74.862086829698));
#3210 = CARTESIAN_POINT('',(11.697123508931,74.347201812664));
#3211 = CARTESIAN_POINT('',(12.58893051849,73.83231679563));
#3212 = CARTESIAN_POINT('',(11.697123508931,73.317431778597));
#3213 = CARTESIAN_POINT('',(10.805316499373,72.802546761563));
#3214 = CARTESIAN_POINT('',(10.805316499373,73.83231679563));
#3215 = ( GEOMETRIC_REPRESENTATION_CONTEXT(2) 
PARAMETRIC_REPRESENTATION_CONTEXT() REPRESENTATION_CONTEXT('2D SPACE',''
  ) );
#3216 = PCURVE('',#3217,#3222);
#3217 = CYLINDRICAL_SURFACE('',#3218,0.594538006372);
#3218 = AXIS2_PLACEMENT_3D('',#3219,#3220,#3221);
#3219 = CARTESIAN_POINT('',(-6.379399356924,38.23030040965,
    85.498406918525));
#3220 = DIRECTION('',(0.,1.,-2.22044604925E-16));
#3221 = DIRECTION('',(-1.,0.,0.));
#3222 = DEFINITIONAL_REPRESENTATION('',(#3223),#3227);
#3223 = LINE('',#3224,#3225);
#3224 = CARTESIAN_POINT('',(0.,-1.E-02));
#3225 = VECTOR('',#3226,1.);
#3226 = DIRECTION('',(1.,0.));
#3227 = ( GEOMETRIC_REPRESENTATION_CONTEXT(2) 
PARAMETRIC_REPRESENTATION_CONTEXT() REPRESENTATION_CONTEXT('2D SPACE',''
  ) );
#3228 = ORIENTED_EDGE('',*,*,#3229,.T.);
#3229 = EDGE_CURVE('',#3197,#3230,#3232,.T.);
#3230 = VERTEX_POINT('',#3231);
#3231 = CARTESIAN_POINT('',(-5.784861318295,38.22030040965,
    76.406357153694));
#3232 = SURFACE_CURVE('',#3233,(#3237,#3243),.PCURVE_S1.);
#3233 = LINE('',#3234,#3235);
#3234 = CARTESIAN_POINT('',(-5.784861286039,38.22030040965,
    44.036223638295));
#3235 = VECTOR('',#3236,1.);
#3236 = DIRECTION('',(0.,-2.22044604925E-16,-1.));
#3237 = PCURVE('',#90,#3238);
#3238 = DEFINITIONAL_REPRESENTATION('',(#3239),#3242);
#3239 = B_SPLINE_CURVE_WITH_KNOTS('',1,(#3240,#3241),.UNSPECIFIED.,.F.,
  .F.,(2,2),(-41.46218328023,-32.3701335154),.PIECEWISE_BEZIER_KNOTS.);
#3240 = CARTESIAN_POINT('',(11.99439257663,73.83231679563));
#3241 = CARTESIAN_POINT('',(11.99439257663,64.7402670308));
#3242 = ( GEOMETRIC_REPRESENTATION_CONTEXT(2) 
PARAMETRIC_REPRESENTATION_CONTEXT() REPRESENTATION_CONTEXT('2D SPACE',''
  ) );
#3243 = PCURVE('',#3244,#3249);
#3244 = PLANE('',#3245);
#3245 = AXIS2_PLACEMENT_3D('',#3246,#3247,#3248);
#3246 = CARTESIAN_POINT('',(-5.784861286039,38.23030040965,
    76.406357153694));
#3247 = DIRECTION('',(-1.,0.,0.));
#3248 = DIRECTION('',(0.,2.22044604925E-16,1.));
#3249 = DEFINITIONAL_REPRESENTATION('',(#3250),#3253);
#3250 = B_SPLINE_CURVE_WITH_KNOTS('',1,(#3251,#3252),.UNSPECIFIED.,.F.,
  .F.,(2,2),(-41.46218328023,-32.3701335154),.PIECEWISE_BEZIER_KNOTS.);
#3251 = CARTESIAN_POINT('',(9.092049764831,-1.E-02));
#3252 = CARTESIAN_POINT('',(-7.105427357601E-15,-1.E-02));
#3253 = ( GEOMETRIC_REPRESENTATION_CONTEXT(2) 
PARAMETRIC_REPRESENTATION_CONTEXT() REPRESENTATION_CONTEXT('2D SPACE',''
  ) );
#3254 = ORIENTED_EDGE('',*,*,#3255,.T.);
#3255 = EDGE_CURVE('',#3230,#3256,#3258,.T.);
#3256 = VERTEX_POINT('',#3257);
#3257 = CARTESIAN_POINT('',(-6.379399356924,38.22030040965,
    75.811819147322));
#3258 = SURFACE_CURVE('',#3259,(#3264,#3275),.PCURVE_S1.);
#3259 = CIRCLE('',#3260,0.594538006372);
#3260 = AXIS2_PLACEMENT_3D('',#3261,#3262,#3263);
#3261 = CARTESIAN_POINT('',(-6.379399356924,38.22030040965,
    76.406357153694));
#3262 = DIRECTION('',(0.,1.,-2.22044604925E-16));
#3263 = DIRECTION('',(-1.,0.,0.));
#3264 = PCURVE('',#90,#3265);
#3265 = DEFINITIONAL_REPRESENTATION('',(#3266),#3274);
#3266 = ( BOUNDED_CURVE() B_SPLINE_CURVE(2,(#3267,#3268,#3269,#3270,
#3271,#3272,#3273),.UNSPECIFIED.,.T.,.F.) B_SPLINE_CURVE_WITH_KNOTS((1,2
    ,2,2,2,1),(-2.094395102393,0.,2.094395102393,4.188790204786,
6.28318530718,8.377580409573),.UNSPECIFIED.) CURVE() 
GEOMETRIC_REPRESENTATION_ITEM() RATIONAL_B_SPLINE_CURVE((1.,0.5,1.,0.5,
1.,0.5,1.)) REPRESENTATION_ITEM('') );
#3267 = CARTESIAN_POINT('',(10.805316499373,64.7402670308));
#3268 = CARTESIAN_POINT('',(10.805316499373,65.770037064867));
#3269 = CARTESIAN_POINT('',(11.697123508931,65.255152047833));
#3270 = CARTESIAN_POINT('',(12.58893051849,64.7402670308));
#3271 = CARTESIAN_POINT('',(11.697123508931,64.225382013766));
#3272 = CARTESIAN_POINT('',(10.805316499373,63.710496996732));
#3273 = CARTESIAN_POINT('',(10.805316499373,64.7402670308));
#3274 = ( GEOMETRIC_REPRESENTATION_CONTEXT(2) 
PARAMETRIC_REPRESENTATION_CONTEXT() REPRESENTATION_CONTEXT('2D SPACE',''
  ) );
#3275 = PCURVE('',#3276,#3281);
#3276 = CYLINDRICAL_SURFACE('',#3277,0.594538006372);
#3277 = AXIS2_PLACEMENT_3D('',#3278,#3279,#3280);
#3278 = CARTESIAN_POINT('',(-6.379399356924,38.23030040965,
    76.406357153694));
#3279 = DIRECTION('',(0.,1.,-2.22044604925E-16));
#3280 = DIRECTION('',(-1.,0.,0.));
#3281 = DEFINITIONAL_REPRESENTATION('',(#3282),#3286);
#3282 = LINE('',#3283,#3284);
#3283 = CARTESIAN_POINT('',(0.,-1.E-02));
#3284 = VECTOR('',#3285,1.);
#3285 = DIRECTION('',(1.,0.));
#3286 = ( GEOMETRIC_REPRESENTATION_CONTEXT(2) 
PARAMETRIC_REPRESENTATION_CONTEXT() REPRESENTATION_CONTEXT('2D SPACE',''
  ) );
#3287 = ORIENTED_EDGE('',*,*,#3288,.T.);
#3288 = EDGE_CURVE('',#3256,#3289,#3291,.T.);
#3289 = VERTEX_POINT('',#3290);
#3290 = CARTESIAN_POINT('',(-12.93801581078,38.22030040965,
    75.811819147322));
#3291 = SURFACE_CURVE('',#3292,(#3296,#3302),.PCURVE_S1.);
#3292 = LINE('',#3293,#3294);
#3293 = CARTESIAN_POINT('',(-15.35863483672,38.22030040965,
    75.811819147322));
#3294 = VECTOR('',#3295,1.);
#3295 = DIRECTION('',(-1.,0.,0.));
#3296 = PCURVE('',#90,#3297);
#3297 = DEFINITIONAL_REPRESENTATION('',(#3298),#3301);
#3298 = B_SPLINE_CURVE_WITH_KNOTS('',1,(#3299,#3300),.UNSPECIFIED.,.F.,
  .F.,(2,2),(-8.9792354798,-2.420619025944),.PIECEWISE_BEZIER_KNOTS.);
#3299 = CARTESIAN_POINT('',(11.399854505745,64.145729024427));
#3300 = CARTESIAN_POINT('',(4.841238051889,64.145729024427));
#3301 = ( GEOMETRIC_REPRESENTATION_CONTEXT(2) 
PARAMETRIC_REPRESENTATION_CONTEXT() REPRESENTATION_CONTEXT('2D SPACE',''
  ) );
#3302 = PCURVE('',#3303,#3308);
#3303 = PLANE('',#3304);
#3304 = AXIS2_PLACEMENT_3D('',#3305,#3306,#3307);
#3305 = CARTESIAN_POINT('',(-12.93801581078,38.23030040965,
    75.811819147322));
#3306 = DIRECTION('',(0.,2.22044604925E-16,1.));
#3307 = DIRECTION('',(1.,0.,0.));
#3308 = DEFINITIONAL_REPRESENTATION('',(#3309),#3312);
#3309 = B_SPLINE_CURVE_WITH_KNOTS('',1,(#3310,#3311),.UNSPECIFIED.,.F.,
  .F.,(2,2),(-8.9792354798,-2.420619025944),.PIECEWISE_BEZIER_KNOTS.);
#3310 = CARTESIAN_POINT('',(6.558616453856,-1.E-02));
#3311 = CARTESIAN_POINT('',(-4.440892098501E-16,-1.E-02));
#3312 = ( GEOMETRIC_REPRESENTATION_CONTEXT(2) 
PARAMETRIC_REPRESENTATION_CONTEXT() REPRESENTATION_CONTEXT('2D SPACE',''
  ) );
#3313 = ORIENTED_EDGE('',*,*,#3314,.T.);
#3314 = EDGE_CURVE('',#3289,#3112,#3315,.T.);
#3315 = SURFACE_CURVE('',#3316,(#3321,#3332),.PCURVE_S1.);
#3316 = CIRCLE('',#3317,0.594538006372);
#3317 = AXIS2_PLACEMENT_3D('',#3318,#3319,#3320);
#3318 = CARTESIAN_POINT('',(-12.93801581078,38.22030040965,
    76.406357153694));
#3319 = DIRECTION('',(0.,1.,-2.22044604925E-16));
#3320 = DIRECTION('',(-1.,0.,0.));
#3321 = PCURVE('',#90,#3322);
#3322 = DEFINITIONAL_REPRESENTATION('',(#3323),#3331);
#3323 = ( BOUNDED_CURVE() B_SPLINE_CURVE(2,(#3324,#3325,#3326,#3327,
#3328,#3329,#3330),.UNSPECIFIED.,.T.,.F.) B_SPLINE_CURVE_WITH_KNOTS((1,2
    ,2,2,2,1),(-2.094395102393,0.,2.094395102393,4.188790204786,
6.28318530718,8.377580409573),.UNSPECIFIED.) CURVE() 
GEOMETRIC_REPRESENTATION_ITEM() RATIONAL_B_SPLINE_CURVE((1.,0.5,1.,0.5,
1.,0.5,1.)) REPRESENTATION_ITEM('') );
#3324 = CARTESIAN_POINT('',(4.246700045517,64.7402670308));
#3325 = CARTESIAN_POINT('',(4.246700045517,65.770037064867));
#3326 = CARTESIAN_POINT('',(5.138507055075,65.255152047833));
#3327 = CARTESIAN_POINT('',(6.030314064634,64.7402670308));
#3328 = CARTESIAN_POINT('',(5.138507055075,64.225382013766));
#3329 = CARTESIAN_POINT('',(4.246700045517,63.710496996732));
#3330 = CARTESIAN_POINT('',(4.246700045517,64.7402670308));
#3331 = ( GEOMETRIC_REPRESENTATION_CONTEXT(2) 
PARAMETRIC_REPRESENTATION_CONTEXT() REPRESENTATION_CONTEXT('2D SPACE',''
  ) );
#3332 = PCURVE('',#3333,#3338);
#3333 = CYLINDRICAL_SURFACE('',#3334,0.594538006372);
#3334 = AXIS2_PLACEMENT_3D('',#3335,#3336,#3337);
#3335 = CARTESIAN_POINT('',(-12.93801581078,38.23030040965,
    76.406357153694));
#3336 = DIRECTION('',(0.,1.,-2.22044604925E-16));
#3337 = DIRECTION('',(-1.,0.,0.));
#3338 = DEFINITIONAL_REPRESENTATION('',(#3339),#3343);
#3339 = LINE('',#3340,#3341);
#3340 = CARTESIAN_POINT('',(0.,-1.E-02));
#3341 = VECTOR('',#3342,1.);
#3342 = DIRECTION('',(1.,0.));
#3343 = ( GEOMETRIC_REPRESENTATION_CONTEXT(2) 
PARAMETRIC_REPRESENTATION_CONTEXT() REPRESENTATION_CONTEXT('2D SPACE',''
  ) );
#3344 = FACE_BOUND('',#3345,.F.);
#3345 = EDGE_LOOP('',(#3346,#3374,#3407,#3433,#3466,#3492,#3525,#3551));
#3346 = ORIENTED_EDGE('',*,*,#3347,.F.);
#3347 = EDGE_CURVE('',#3348,#3350,#3352,.T.);
#3348 = VERTEX_POINT('',#3349);
#3349 = CARTESIAN_POINT('',(-3.873846265557,38.22030040965,
    61.114125322409));
#3350 = VERTEX_POINT('',#3351);
#3351 = CARTESIAN_POINT('',(-3.873846265557,38.22030040965,
    52.022075557579));
#3352 = SURFACE_CURVE('',#3353,(#3357,#3363),.PCURVE_S1.);
#3353 = LINE('',#3354,#3355);
#3354 = CARTESIAN_POINT('',(-3.873846265557,38.22030040965,
    31.844082840237));
#3355 = VECTOR('',#3356,1.);
#3356 = DIRECTION('',(0.,-2.22044604925E-16,-1.));
#3357 = PCURVE('',#90,#3358);
#3358 = DEFINITIONAL_REPRESENTATION('',(#3359),#3362);
#3359 = B_SPLINE_CURVE_WITH_KNOTS('',1,(#3360,#3361),.UNSPECIFIED.,.F.,
  .F.,(2,2),(-29.27004248217,-20.17799271734),.PIECEWISE_BEZIER_KNOTS.);
#3360 = CARTESIAN_POINT('',(13.905407597112,49.448035199514));
#3361 = CARTESIAN_POINT('',(13.905407597112,40.355985434684));
#3362 = ( GEOMETRIC_REPRESENTATION_CONTEXT(2) 
PARAMETRIC_REPRESENTATION_CONTEXT() REPRESENTATION_CONTEXT('2D SPACE',''
  ) );
#3363 = PCURVE('',#3364,#3369);
#3364 = PLANE('',#3365);
#3365 = AXIS2_PLACEMENT_3D('',#3366,#3367,#3368);
#3366 = CARTESIAN_POINT('',(-3.873846265557,38.23030040965,
    52.022075557579));
#3367 = DIRECTION('',(-1.,0.,0.));
#3368 = DIRECTION('',(0.,2.22044604925E-16,1.));
#3369 = DEFINITIONAL_REPRESENTATION('',(#3370),#3373);
#3370 = B_SPLINE_CURVE_WITH_KNOTS('',1,(#3371,#3372),.UNSPECIFIED.,.F.,
  .F.,(2,2),(-29.27004248217,-20.17799271734),.PIECEWISE_BEZIER_KNOTS.);
#3371 = CARTESIAN_POINT('',(9.092049764831,-1.E-02));
#3372 = CARTESIAN_POINT('',(0.,-1.E-02));
#3373 = ( GEOMETRIC_REPRESENTATION_CONTEXT(2) 
PARAMETRIC_REPRESENTATION_CONTEXT() REPRESENTATION_CONTEXT('2D SPACE',''
  ) );
#3374 = ORIENTED_EDGE('',*,*,#3375,.T.);
#3375 = EDGE_CURVE('',#3348,#3376,#3378,.T.);
#3376 = VERTEX_POINT('',#3377);
#3377 = CARTESIAN_POINT('',(-3.279308259184,38.22030040965,
    61.708663328782));
#3378 = SURFACE_CURVE('',#3379,(#3384,#3395),.PCURVE_S1.);
#3379 = CIRCLE('',#3380,0.594538006372);
#3380 = AXIS2_PLACEMENT_3D('',#3381,#3382,#3383);
#3381 = CARTESIAN_POINT('',(-3.279308259184,38.22030040965,
    61.114125322409));
#3382 = DIRECTION('',(0.,1.,-2.22044604925E-16));
#3383 = DIRECTION('',(-1.,0.,0.));
#3384 = PCURVE('',#90,#3385);
#3385 = DEFINITIONAL_REPRESENTATION('',(#3386),#3394);
#3386 = ( BOUNDED_CURVE() B_SPLINE_CURVE(2,(#3387,#3388,#3389,#3390,
#3391,#3392,#3393),.UNSPECIFIED.,.T.,.F.) B_SPLINE_CURVE_WITH_KNOTS((1,2
    ,2,2,2,1),(-2.094395102393,0.,2.094395102393,4.188790204786,
6.28318530718,8.377580409573),.UNSPECIFIED.) CURVE() 
GEOMETRIC_REPRESENTATION_ITEM() RATIONAL_B_SPLINE_CURVE((1.,0.5,1.,0.5,
1.,0.5,1.)) REPRESENTATION_ITEM('') );
#3387 = CARTESIAN_POINT('',(13.905407597112,49.448035199514));
#3388 = CARTESIAN_POINT('',(13.905407597112,50.477805233582));
#3389 = CARTESIAN_POINT('',(14.797214606671,49.962920216548));
#3390 = CARTESIAN_POINT('',(15.689021616229,49.448035199514));
#3391 = CARTESIAN_POINT('',(14.797214606671,48.933150182481));
#3392 = CARTESIAN_POINT('',(13.905407597112,48.418265165447));
#3393 = CARTESIAN_POINT('',(13.905407597112,49.448035199514));
#3394 = ( GEOMETRIC_REPRESENTATION_CONTEXT(2) 
PARAMETRIC_REPRESENTATION_CONTEXT() REPRESENTATION_CONTEXT('2D SPACE',''
  ) );
#3395 = PCURVE('',#3396,#3401);
#3396 = CYLINDRICAL_SURFACE('',#3397,0.594538006372);
#3397 = AXIS2_PLACEMENT_3D('',#3398,#3399,#3400);
#3398 = CARTESIAN_POINT('',(-3.279308259184,38.23030040965,
    61.114125322409));
#3399 = DIRECTION('',(0.,1.,-2.22044604925E-16));
#3400 = DIRECTION('',(-1.,0.,0.));
#3401 = DEFINITIONAL_REPRESENTATION('',(#3402),#3406);
#3402 = LINE('',#3403,#3404);
#3403 = CARTESIAN_POINT('',(0.,-1.E-02));
#3404 = VECTOR('',#3405,1.);
#3405 = DIRECTION('',(1.,0.));
#3406 = ( GEOMETRIC_REPRESENTATION_CONTEXT(2) 
PARAMETRIC_REPRESENTATION_CONTEXT() REPRESENTATION_CONTEXT('2D SPACE',''
  ) );
#3407 = ORIENTED_EDGE('',*,*,#3408,.F.);
#3408 = EDGE_CURVE('',#3409,#3376,#3411,.T.);
#3409 = VERTEX_POINT('',#3410);
#3410 = CARTESIAN_POINT('',(3.279308194672,38.22030040965,
    61.708663328782));
#3411 = SURFACE_CURVE('',#3412,(#3416,#3422),.PCURVE_S1.);
#3412 = LINE('',#3413,#3414);
#3413 = CARTESIAN_POINT('',(-10.52928106092,38.22030040965,
    61.708663328782));
#3414 = VECTOR('',#3415,1.);
#3415 = DIRECTION('',(-1.,0.,0.));
#3416 = PCURVE('',#90,#3417);
#3417 = DEFINITIONAL_REPRESENTATION('',(#3418),#3421);
#3418 = B_SPLINE_CURVE_WITH_KNOTS('',1,(#3419,#3420),.UNSPECIFIED.,.F.,
  .F.,(2,2),(-13.80858925559,-7.249972801742),.PIECEWISE_BEZIER_KNOTS.);
#3419 = CARTESIAN_POINT('',(21.05856205734,50.042573205887));
#3420 = CARTESIAN_POINT('',(14.499945603484,50.042573205887));
#3421 = ( GEOMETRIC_REPRESENTATION_CONTEXT(2) 
PARAMETRIC_REPRESENTATION_CONTEXT() REPRESENTATION_CONTEXT('2D SPACE',''
  ) );
#3422 = PCURVE('',#3423,#3428);
#3423 = PLANE('',#3424);
#3424 = AXIS2_PLACEMENT_3D('',#3425,#3426,#3427);
#3425 = CARTESIAN_POINT('',(-3.279308259184,38.23030040965,
    61.708663328782));
#3426 = DIRECTION('',(0.,2.22044604925E-16,1.));
#3427 = DIRECTION('',(1.,0.,0.));
#3428 = DEFINITIONAL_REPRESENTATION('',(#3429),#3432);
#3429 = B_SPLINE_CURVE_WITH_KNOTS('',1,(#3430,#3431),.UNSPECIFIED.,.F.,
  .F.,(2,2),(-13.80858925559,-7.249972801742),.PIECEWISE_BEZIER_KNOTS.);
#3430 = CARTESIAN_POINT('',(6.558616453856,-1.E-02));
#3431 = CARTESIAN_POINT('',(-8.881784197001E-16,-1.E-02));
#3432 = ( GEOMETRIC_REPRESENTATION_CONTEXT(2) 
PARAMETRIC_REPRESENTATION_CONTEXT() REPRESENTATION_CONTEXT('2D SPACE',''
  ) );
#3433 = ORIENTED_EDGE('',*,*,#3434,.T.);
#3434 = EDGE_CURVE('',#3409,#3435,#3437,.T.);
#3435 = VERTEX_POINT('',#3436);
#3436 = CARTESIAN_POINT('',(3.8738462333,38.22030040965,61.114125322409)
  );
#3437 = SURFACE_CURVE('',#3438,(#3443,#3454),.PCURVE_S1.);
#3438 = CIRCLE('',#3439,0.594538006372);
#3439 = AXIS2_PLACEMENT_3D('',#3440,#3441,#3442);
#3440 = CARTESIAN_POINT('',(3.279308194672,38.22030040965,
    61.114125322409));
#3441 = DIRECTION('',(0.,1.,-2.22044604925E-16));
#3442 = DIRECTION('',(-1.,0.,0.));
#3443 = PCURVE('',#90,#3444);
#3444 = DEFINITIONAL_REPRESENTATION('',(#3445),#3453);
#3445 = ( BOUNDED_CURVE() B_SPLINE_CURVE(2,(#3446,#3447,#3448,#3449,
#3450,#3451,#3452),.UNSPECIFIED.,.T.,.F.) B_SPLINE_CURVE_WITH_KNOTS((1,2
    ,2,2,2,1),(-2.094395102393,0.,2.094395102393,4.188790204786,
6.28318530718,8.377580409573),.UNSPECIFIED.) CURVE() 
GEOMETRIC_REPRESENTATION_ITEM() RATIONAL_B_SPLINE_CURVE((1.,0.5,1.,0.5,
1.,0.5,1.)) REPRESENTATION_ITEM('') );
#3446 = CARTESIAN_POINT('',(20.464024050968,49.448035199514));
#3447 = CARTESIAN_POINT('',(20.464024050968,50.477805233582));
#3448 = CARTESIAN_POINT('',(21.355831060527,49.962920216548));
#3449 = CARTESIAN_POINT('',(22.247638070085,49.448035199514));
#3450 = CARTESIAN_POINT('',(21.355831060527,48.933150182481));
#3451 = CARTESIAN_POINT('',(20.464024050968,48.418265165447));
#3452 = CARTESIAN_POINT('',(20.464024050968,49.448035199514));
#3453 = ( GEOMETRIC_REPRESENTATION_CONTEXT(2) 
PARAMETRIC_REPRESENTATION_CONTEXT() REPRESENTATION_CONTEXT('2D SPACE',''
  ) );
#3454 = PCURVE('',#3455,#3460);
#3455 = CYLINDRICAL_SURFACE('',#3456,0.594538006372);
#3456 = AXIS2_PLACEMENT_3D('',#3457,#3458,#3459);
#3457 = CARTESIAN_POINT('',(3.279308194672,38.23030040965,
    61.114125322409));
#3458 = DIRECTION('',(0.,1.,-2.22044604925E-16));
#3459 = DIRECTION('',(-1.,0.,0.));
#3460 = DEFINITIONAL_REPRESENTATION('',(#3461),#3465);
#3461 = LINE('',#3462,#3463);
#3462 = CARTESIAN_POINT('',(0.,-1.E-02));
#3463 = VECTOR('',#3464,1.);
#3464 = DIRECTION('',(1.,0.));
#3465 = ( GEOMETRIC_REPRESENTATION_CONTEXT(2) 
PARAMETRIC_REPRESENTATION_CONTEXT() REPRESENTATION_CONTEXT('2D SPACE',''
  ) );
#3466 = ORIENTED_EDGE('',*,*,#3467,.T.);
#3467 = EDGE_CURVE('',#3435,#3468,#3470,.T.);
#3468 = VERTEX_POINT('',#3469);
#3469 = CARTESIAN_POINT('',(3.8738462333,38.22030040965,52.022075557579)
  );
#3470 = SURFACE_CURVE('',#3471,(#3475,#3481),.PCURVE_S1.);
#3471 = LINE('',#3472,#3473);
#3472 = CARTESIAN_POINT('',(3.873846265557,38.22030040965,
    31.844082840237));
#3473 = VECTOR('',#3474,1.);
#3474 = DIRECTION('',(0.,-2.22044604925E-16,-1.));
#3475 = PCURVE('',#90,#3476);
#3476 = DEFINITIONAL_REPRESENTATION('',(#3477),#3480);
#3477 = B_SPLINE_CURVE_WITH_KNOTS('',1,(#3478,#3479),.UNSPECIFIED.,.F.,
  .F.,(2,2),(-29.27004248217,-20.17799271734),.PIECEWISE_BEZIER_KNOTS.);
#3478 = CARTESIAN_POINT('',(21.653100128225,49.448035199514));
#3479 = CARTESIAN_POINT('',(21.653100128225,40.355985434684));
#3480 = ( GEOMETRIC_REPRESENTATION_CONTEXT(2) 
PARAMETRIC_REPRESENTATION_CONTEXT() REPRESENTATION_CONTEXT('2D SPACE',''
  ) );
#3481 = PCURVE('',#3482,#3487);
#3482 = PLANE('',#3483);
#3483 = AXIS2_PLACEMENT_3D('',#3484,#3485,#3486);
#3484 = CARTESIAN_POINT('',(3.873846265557,38.23030040965,
    52.022075557579));
#3485 = DIRECTION('',(-1.,0.,0.));
#3486 = DIRECTION('',(0.,2.22044604925E-16,1.));
#3487 = DEFINITIONAL_REPRESENTATION('',(#3488),#3491);
#3488 = B_SPLINE_CURVE_WITH_KNOTS('',1,(#3489,#3490),.UNSPECIFIED.,.F.,
  .F.,(2,2),(-29.27004248217,-20.17799271734),.PIECEWISE_BEZIER_KNOTS.);
#3489 = CARTESIAN_POINT('',(9.092049764831,-1.E-02));
#3490 = CARTESIAN_POINT('',(0.,-1.E-02));
#3491 = ( GEOMETRIC_REPRESENTATION_CONTEXT(2) 
PARAMETRIC_REPRESENTATION_CONTEXT() REPRESENTATION_CONTEXT('2D SPACE',''
  ) );
#3492 = ORIENTED_EDGE('',*,*,#3493,.T.);
#3493 = EDGE_CURVE('',#3468,#3494,#3496,.T.);
#3494 = VERTEX_POINT('',#3495);
#3495 = CARTESIAN_POINT('',(3.279308194672,38.22030040965,
    51.427537551206));
#3496 = SURFACE_CURVE('',#3497,(#3502,#3513),.PCURVE_S1.);
#3497 = CIRCLE('',#3498,0.594538006372);
#3498 = AXIS2_PLACEMENT_3D('',#3499,#3500,#3501);
#3499 = CARTESIAN_POINT('',(3.279308194672,38.22030040965,
    52.022075557579));
#3500 = DIRECTION('',(0.,1.,-2.22044604925E-16));
#3501 = DIRECTION('',(-1.,0.,0.));
#3502 = PCURVE('',#90,#3503);
#3503 = DEFINITIONAL_REPRESENTATION('',(#3504),#3512);
#3504 = ( BOUNDED_CURVE() B_SPLINE_CURVE(2,(#3505,#3506,#3507,#3508,
#3509,#3510,#3511),.UNSPECIFIED.,.T.,.F.) B_SPLINE_CURVE_WITH_KNOTS((1,2
    ,2,2,2,1),(-2.094395102393,0.,2.094395102393,4.188790204786,
6.28318530718,8.377580409573),.UNSPECIFIED.) CURVE() 
GEOMETRIC_REPRESENTATION_ITEM() RATIONAL_B_SPLINE_CURVE((1.,0.5,1.,0.5,
1.,0.5,1.)) REPRESENTATION_ITEM('') );
#3505 = CARTESIAN_POINT('',(20.464024050968,40.355985434684));
#3506 = CARTESIAN_POINT('',(20.464024050968,41.385755468751));
#3507 = CARTESIAN_POINT('',(21.355831060527,40.870870451717));
#3508 = CARTESIAN_POINT('',(22.247638070085,40.355985434684));
#3509 = CARTESIAN_POINT('',(21.355831060527,39.84110041765));
#3510 = CARTESIAN_POINT('',(20.464024050968,39.326215400616));
#3511 = CARTESIAN_POINT('',(20.464024050968,40.355985434684));
#3512 = ( GEOMETRIC_REPRESENTATION_CONTEXT(2) 
PARAMETRIC_REPRESENTATION_CONTEXT() REPRESENTATION_CONTEXT('2D SPACE',''
  ) );
#3513 = PCURVE('',#3514,#3519);
#3514 = CYLINDRICAL_SURFACE('',#3515,0.594538006372);
#3515 = AXIS2_PLACEMENT_3D('',#3516,#3517,#3518);
#3516 = CARTESIAN_POINT('',(3.279308194672,38.23030040965,
    52.022075557579));
#3517 = DIRECTION('',(0.,1.,-2.22044604925E-16));
#3518 = DIRECTION('',(-1.,0.,0.));
#3519 = DEFINITIONAL_REPRESENTATION('',(#3520),#3524);
#3520 = LINE('',#3521,#3522);
#3521 = CARTESIAN_POINT('',(0.,-1.E-02));
#3522 = VECTOR('',#3523,1.);
#3523 = DIRECTION('',(1.,0.));
#3524 = ( GEOMETRIC_REPRESENTATION_CONTEXT(2) 
PARAMETRIC_REPRESENTATION_CONTEXT() REPRESENTATION_CONTEXT('2D SPACE',''
  ) );
#3525 = ORIENTED_EDGE('',*,*,#3526,.T.);
#3526 = EDGE_CURVE('',#3494,#3527,#3529,.T.);
#3527 = VERTEX_POINT('',#3528);
#3528 = CARTESIAN_POINT('',(-3.279308259184,38.22030040965,
    51.427537551206));
#3529 = SURFACE_CURVE('',#3530,(#3534,#3540),.PCURVE_S1.);
#3530 = LINE('',#3531,#3532);
#3531 = CARTESIAN_POINT('',(-10.52928106092,38.22030040965,
    51.427537551206));
#3532 = VECTOR('',#3533,1.);
#3533 = DIRECTION('',(-1.,0.,0.));
#3534 = PCURVE('',#90,#3535);
#3535 = DEFINITIONAL_REPRESENTATION('',(#3536),#3539);
#3536 = B_SPLINE_CURVE_WITH_KNOTS('',1,(#3537,#3538),.UNSPECIFIED.,.F.,
  .F.,(2,2),(-13.80858925559,-7.249972801742),.PIECEWISE_BEZIER_KNOTS.);
#3537 = CARTESIAN_POINT('',(21.05856205734,39.761447428311));
#3538 = CARTESIAN_POINT('',(14.499945603484,39.761447428311));
#3539 = ( GEOMETRIC_REPRESENTATION_CONTEXT(2) 
PARAMETRIC_REPRESENTATION_CONTEXT() REPRESENTATION_CONTEXT('2D SPACE',''
  ) );
#3540 = PCURVE('',#3541,#3546);
#3541 = PLANE('',#3542);
#3542 = AXIS2_PLACEMENT_3D('',#3543,#3544,#3545);
#3543 = CARTESIAN_POINT('',(-3.279308259184,38.23030040965,
    51.427537551206));
#3544 = DIRECTION('',(0.,2.22044604925E-16,1.));
#3545 = DIRECTION('',(1.,0.,0.));
#3546 = DEFINITIONAL_REPRESENTATION('',(#3547),#3550);
#3547 = B_SPLINE_CURVE_WITH_KNOTS('',1,(#3548,#3549),.UNSPECIFIED.,.F.,
  .F.,(2,2),(-13.80858925559,-7.249972801742),.PIECEWISE_BEZIER_KNOTS.);
#3548 = CARTESIAN_POINT('',(6.558616453856,-1.E-02));
#3549 = CARTESIAN_POINT('',(-8.881784197001E-16,-1.E-02));
#3550 = ( GEOMETRIC_REPRESENTATION_CONTEXT(2) 
PARAMETRIC_REPRESENTATION_CONTEXT() REPRESENTATION_CONTEXT('2D SPACE',''
  ) );
#3551 = ORIENTED_EDGE('',*,*,#3552,.T.);
#3552 = EDGE_CURVE('',#3527,#3350,#3553,.T.);
#3553 = SURFACE_CURVE('',#3554,(#3559,#3570),.PCURVE_S1.);
#3554 = CIRCLE('',#3555,0.594538006372);
#3555 = AXIS2_PLACEMENT_3D('',#3556,#3557,#3558);
#3556 = CARTESIAN_POINT('',(-3.279308259184,38.22030040965,
    52.022075557579));
#3557 = DIRECTION('',(0.,1.,-2.22044604925E-16));
#3558 = DIRECTION('',(-1.,0.,0.));
#3559 = PCURVE('',#90,#3560);
#3560 = DEFINITIONAL_REPRESENTATION('',(#3561),#3569);
#3561 = ( BOUNDED_CURVE() B_SPLINE_CURVE(2,(#3562,#3563,#3564,#3565,
#3566,#3567,#3568),.UNSPECIFIED.,.T.,.F.) B_SPLINE_CURVE_WITH_KNOTS((1,2
    ,2,2,2,1),(-2.094395102393,0.,2.094395102393,4.188790204786,
6.28318530718,8.377580409573),.UNSPECIFIED.) CURVE() 
GEOMETRIC_REPRESENTATION_ITEM() RATIONAL_B_SPLINE_CURVE((1.,0.5,1.,0.5,
1.,0.5,1.)) REPRESENTATION_ITEM('') );
#3562 = CARTESIAN_POINT('',(13.905407597112,40.355985434684));
#3563 = CARTESIAN_POINT('',(13.905407597112,41.385755468751));
#3564 = CARTESIAN_POINT('',(14.797214606671,40.870870451717));
#3565 = CARTESIAN_POINT('',(15.689021616229,40.355985434684));
#3566 = CARTESIAN_POINT('',(14.797214606671,39.84110041765));
#3567 = CARTESIAN_POINT('',(13.905407597112,39.326215400616));
#3568 = CARTESIAN_POINT('',(13.905407597112,40.355985434684));
#3569 = ( GEOMETRIC_REPRESENTATION_CONTEXT(2) 
PARAMETRIC_REPRESENTATION_CONTEXT() REPRESENTATION_CONTEXT('2D SPACE',''
  ) );
#3570 = PCURVE('',#3571,#3576);
#3571 = CYLINDRICAL_SURFACE('',#3572,0.594538006372);
#3572 = AXIS2_PLACEMENT_3D('',#3573,#3574,#3575);
#3573 = CARTESIAN_POINT('',(-3.279308259184,38.23030040965,
    52.022075557579));
#3574 = DIRECTION('',(0.,1.,-2.22044604925E-16));
#3575 = DIRECTION('',(-1.,0.,0.));
#3576 = DEFINITIONAL_REPRESENTATION('',(#3577),#3581);
#3577 = LINE('',#3578,#3579);
#3578 = CARTESIAN_POINT('',(0.,-1.E-02));
#3579 = VECTOR('',#3580,1.);
#3580 = DIRECTION('',(1.,0.));
#3581 = ( GEOMETRIC_REPRESENTATION_CONTEXT(2) 
PARAMETRIC_REPRESENTATION_CONTEXT() REPRESENTATION_CONTEXT('2D SPACE',''
  ) );
#3582 = FACE_BOUND('',#3583,.F.);
#3583 = EDGE_LOOP('',(#3584,#3612,#3645,#3671,#3704,#3730,#3763,#3789));
#3584 = ORIENTED_EDGE('',*,*,#3585,.F.);
#3585 = EDGE_CURVE('',#3586,#3588,#3590,.T.);
#3586 = VERTEX_POINT('',#3587);
#3587 = CARTESIAN_POINT('',(5.784861286039,38.22030040965,
    61.114125322409));
#3588 = VERTEX_POINT('',#3589);
#3589 = CARTESIAN_POINT('',(5.784861286039,38.22030040965,
    52.022075557579));
#3590 = SURFACE_CURVE('',#3591,(#3595,#3601),.PCURVE_S1.);
#3591 = LINE('',#3592,#3593);
#3592 = CARTESIAN_POINT('',(5.784861286039,38.22030040965,
    31.844082840237));
#3593 = VECTOR('',#3594,1.);
#3594 = DIRECTION('',(0.,-2.22044604925E-16,-1.));
#3595 = PCURVE('',#90,#3596);
#3596 = DEFINITIONAL_REPRESENTATION('',(#3597),#3600);
#3597 = B_SPLINE_CURVE_WITH_KNOTS('',1,(#3598,#3599),.UNSPECIFIED.,.F.,
  .F.,(2,2),(-29.27004248217,-20.17799271734),.PIECEWISE_BEZIER_KNOTS.);
#3598 = CARTESIAN_POINT('',(23.564115148708,49.448035199514));
#3599 = CARTESIAN_POINT('',(23.564115148708,40.355985434684));
#3600 = ( GEOMETRIC_REPRESENTATION_CONTEXT(2) 
PARAMETRIC_REPRESENTATION_CONTEXT() REPRESENTATION_CONTEXT('2D SPACE',''
  ) );
#3601 = PCURVE('',#3602,#3607);
#3602 = PLANE('',#3603);
#3603 = AXIS2_PLACEMENT_3D('',#3604,#3605,#3606);
#3604 = CARTESIAN_POINT('',(5.784861286039,38.23030040965,
    52.022075557579));
#3605 = DIRECTION('',(-1.,0.,0.));
#3606 = DIRECTION('',(0.,2.22044604925E-16,1.));
#3607 = DEFINITIONAL_REPRESENTATION('',(#3608),#3611);
#3608 = B_SPLINE_CURVE_WITH_KNOTS('',1,(#3609,#3610),.UNSPECIFIED.,.F.,
  .F.,(2,2),(-29.27004248217,-20.17799271734),.PIECEWISE_BEZIER_KNOTS.);
#3609 = CARTESIAN_POINT('',(9.092049764831,-1.E-02));
#3610 = CARTESIAN_POINT('',(0.,-1.E-02));
#3611 = ( GEOMETRIC_REPRESENTATION_CONTEXT(2) 
PARAMETRIC_REPRESENTATION_CONTEXT() REPRESENTATION_CONTEXT('2D SPACE',''
  ) );
#3612 = ORIENTED_EDGE('',*,*,#3613,.T.);
#3613 = EDGE_CURVE('',#3586,#3614,#3616,.T.);
#3614 = VERTEX_POINT('',#3615);
#3615 = CARTESIAN_POINT('',(6.379399292411,38.22030040965,
    61.708663328782));
#3616 = SURFACE_CURVE('',#3617,(#3622,#3633),.PCURVE_S1.);
#3617 = CIRCLE('',#3618,0.594538006372);
#3618 = AXIS2_PLACEMENT_3D('',#3619,#3620,#3621);
#3619 = CARTESIAN_POINT('',(6.379399292411,38.22030040965,
    61.114125322409));
#3620 = DIRECTION('',(0.,1.,-2.22044604925E-16));
#3621 = DIRECTION('',(-1.,0.,0.));
#3622 = PCURVE('',#90,#3623);
#3623 = DEFINITIONAL_REPRESENTATION('',(#3624),#3632);
#3624 = ( BOUNDED_CURVE() B_SPLINE_CURVE(2,(#3625,#3626,#3627,#3628,
#3629,#3630,#3631),.UNSPECIFIED.,.T.,.F.) B_SPLINE_CURVE_WITH_KNOTS((1,2
    ,2,2,2,1),(-2.094395102393,0.,2.094395102393,4.188790204786,
6.28318530718,8.377580409573),.UNSPECIFIED.) CURVE() 
GEOMETRIC_REPRESENTATION_ITEM() RATIONAL_B_SPLINE_CURVE((1.,0.5,1.,0.5,
1.,0.5,1.)) REPRESENTATION_ITEM('') );
#3625 = CARTESIAN_POINT('',(23.564115148708,49.448035199514));
#3626 = CARTESIAN_POINT('',(23.564115148708,50.477805233582));
#3627 = CARTESIAN_POINT('',(24.455922158266,49.962920216548));
#3628 = CARTESIAN_POINT('',(25.347729167825,49.448035199514));
#3629 = CARTESIAN_POINT('',(24.455922158266,48.933150182481));
#3630 = CARTESIAN_POINT('',(23.564115148708,48.418265165447));
#3631 = CARTESIAN_POINT('',(23.564115148708,49.448035199514));
#3632 = ( GEOMETRIC_REPRESENTATION_CONTEXT(2) 
PARAMETRIC_REPRESENTATION_CONTEXT() REPRESENTATION_CONTEXT('2D SPACE',''
  ) );
#3633 = PCURVE('',#3634,#3639);
#3634 = CYLINDRICAL_SURFACE('',#3635,0.594538006372);
#3635 = AXIS2_PLACEMENT_3D('',#3636,#3637,#3638);
#3636 = CARTESIAN_POINT('',(6.379399292411,38.23030040965,
    61.114125322409));
#3637 = DIRECTION('',(0.,1.,-2.22044604925E-16));
#3638 = DIRECTION('',(-1.,0.,0.));
#3639 = DEFINITIONAL_REPRESENTATION('',(#3640),#3644);
#3640 = LINE('',#3641,#3642);
#3641 = CARTESIAN_POINT('',(0.,-1.E-02));
#3642 = VECTOR('',#3643,1.);
#3643 = DIRECTION('',(1.,0.));
#3644 = ( GEOMETRIC_REPRESENTATION_CONTEXT(2) 
PARAMETRIC_REPRESENTATION_CONTEXT() REPRESENTATION_CONTEXT('2D SPACE',''
  ) );
#3645 = ORIENTED_EDGE('',*,*,#3646,.F.);
#3646 = EDGE_CURVE('',#3647,#3614,#3649,.T.);
#3647 = VERTEX_POINT('',#3648);
#3648 = CARTESIAN_POINT('',(12.938015746267,38.22030040965,
    61.708663328782));
#3649 = SURFACE_CURVE('',#3650,(#3654,#3660),.PCURVE_S1.);
#3650 = LINE('',#3651,#3652);
#3651 = CARTESIAN_POINT('',(-5.699927285129,38.22030040965,
    61.708663328782));
#3652 = VECTOR('',#3653,1.);
#3653 = DIRECTION('',(-1.,0.,0.));
#3654 = PCURVE('',#90,#3655);
#3655 = DEFINITIONAL_REPRESENTATION('',(#3656),#3659);
#3656 = B_SPLINE_CURVE_WITH_KNOTS('',1,(#3657,#3658),.UNSPECIFIED.,.F.,
  .F.,(2,2),(-18.63794303139,-12.07932657754),.PIECEWISE_BEZIER_KNOTS.);
#3657 = CARTESIAN_POINT('',(30.717269608936,50.042573205887));
#3658 = CARTESIAN_POINT('',(24.15865315508,50.042573205887));
#3659 = ( GEOMETRIC_REPRESENTATION_CONTEXT(2) 
PARAMETRIC_REPRESENTATION_CONTEXT() REPRESENTATION_CONTEXT('2D SPACE',''
  ) );
#3660 = PCURVE('',#3661,#3666);
#3661 = PLANE('',#3662);
#3662 = AXIS2_PLACEMENT_3D('',#3663,#3664,#3665);
#3663 = CARTESIAN_POINT('',(6.379399292411,38.23030040965,
    61.708663328782));
#3664 = DIRECTION('',(0.,2.22044604925E-16,1.));
#3665 = DIRECTION('',(1.,0.,0.));
#3666 = DEFINITIONAL_REPRESENTATION('',(#3667),#3670);
#3667 = B_SPLINE_CURVE_WITH_KNOTS('',1,(#3668,#3669),.UNSPECIFIED.,.F.,
  .F.,(2,2),(-18.63794303139,-12.07932657754),.PIECEWISE_BEZIER_KNOTS.);
#3668 = CARTESIAN_POINT('',(6.558616453856,-1.E-02));
#3669 = CARTESIAN_POINT('',(1.7763568394E-15,-1.E-02));
#3670 = ( GEOMETRIC_REPRESENTATION_CONTEXT(2) 
PARAMETRIC_REPRESENTATION_CONTEXT() REPRESENTATION_CONTEXT('2D SPACE',''
  ) );
#3671 = ORIENTED_EDGE('',*,*,#3672,.T.);
#3672 = EDGE_CURVE('',#3647,#3673,#3675,.T.);
#3673 = VERTEX_POINT('',#3674);
#3674 = CARTESIAN_POINT('',(13.532553784896,38.22030040965,
    61.114125322409));
#3675 = SURFACE_CURVE('',#3676,(#3681,#3692),.PCURVE_S1.);
#3676 = CIRCLE('',#3677,0.594538006372);
#3677 = AXIS2_PLACEMENT_3D('',#3678,#3679,#3680);
#3678 = CARTESIAN_POINT('',(12.938015746267,38.22030040965,
    61.114125322409));
#3679 = DIRECTION('',(0.,1.,-2.22044604925E-16));
#3680 = DIRECTION('',(-1.,0.,0.));
#3681 = PCURVE('',#90,#3682);
#3682 = DEFINITIONAL_REPRESENTATION('',(#3683),#3691);
#3683 = ( BOUNDED_CURVE() B_SPLINE_CURVE(2,(#3684,#3685,#3686,#3687,
#3688,#3689,#3690),.UNSPECIFIED.,.T.,.F.) B_SPLINE_CURVE_WITH_KNOTS((1,2
    ,2,2,2,1),(-2.094395102393,0.,2.094395102393,4.188790204786,
6.28318530718,8.377580409573),.UNSPECIFIED.) CURVE() 
GEOMETRIC_REPRESENTATION_ITEM() RATIONAL_B_SPLINE_CURVE((1.,0.5,1.,0.5,
1.,0.5,1.)) REPRESENTATION_ITEM('') );
#3684 = CARTESIAN_POINT('',(30.122731602564,49.448035199514));
#3685 = CARTESIAN_POINT('',(30.122731602564,50.477805233582));
#3686 = CARTESIAN_POINT('',(31.014538612122,49.962920216548));
#3687 = CARTESIAN_POINT('',(31.906345621681,49.448035199514));
#3688 = CARTESIAN_POINT('',(31.014538612122,48.933150182481));
#3689 = CARTESIAN_POINT('',(30.122731602564,48.418265165447));
#3690 = CARTESIAN_POINT('',(30.122731602564,49.448035199514));
#3691 = ( GEOMETRIC_REPRESENTATION_CONTEXT(2) 
PARAMETRIC_REPRESENTATION_CONTEXT() REPRESENTATION_CONTEXT('2D SPACE',''
  ) );
#3692 = PCURVE('',#3693,#3698);
#3693 = CYLINDRICAL_SURFACE('',#3694,0.594538006372);
#3694 = AXIS2_PLACEMENT_3D('',#3695,#3696,#3697);
#3695 = CARTESIAN_POINT('',(12.938015746267,38.23030040965,
    61.114125322409));
#3696 = DIRECTION('',(0.,1.,-2.22044604925E-16));
#3697 = DIRECTION('',(-1.,0.,0.));
#3698 = DEFINITIONAL_REPRESENTATION('',(#3699),#3703);
#3699 = LINE('',#3700,#3701);
#3700 = CARTESIAN_POINT('',(0.,-1.E-02));
#3701 = VECTOR('',#3702,1.);
#3702 = DIRECTION('',(1.,0.));
#3703 = ( GEOMETRIC_REPRESENTATION_CONTEXT(2) 
PARAMETRIC_REPRESENTATION_CONTEXT() REPRESENTATION_CONTEXT('2D SPACE',''
  ) );
#3704 = ORIENTED_EDGE('',*,*,#3705,.T.);
#3705 = EDGE_CURVE('',#3673,#3706,#3708,.T.);
#3706 = VERTEX_POINT('',#3707);
#3707 = CARTESIAN_POINT('',(13.532553784896,38.22030040965,
    52.022075557579));
#3708 = SURFACE_CURVE('',#3709,(#3713,#3719),.PCURVE_S1.);
#3709 = LINE('',#3710,#3711);
#3710 = CARTESIAN_POINT('',(13.532553817152,38.22030040965,
    31.844082840237));
#3711 = VECTOR('',#3712,1.);
#3712 = DIRECTION('',(0.,-2.22044604925E-16,-1.));
#3713 = PCURVE('',#90,#3714);
#3714 = DEFINITIONAL_REPRESENTATION('',(#3715),#3718);
#3715 = B_SPLINE_CURVE_WITH_KNOTS('',1,(#3716,#3717),.UNSPECIFIED.,.F.,
  .F.,(2,2),(-29.27004248217,-20.17799271734),.PIECEWISE_BEZIER_KNOTS.);
#3716 = CARTESIAN_POINT('',(31.311807679821,49.448035199514));
#3717 = CARTESIAN_POINT('',(31.311807679821,40.355985434684));
#3718 = ( GEOMETRIC_REPRESENTATION_CONTEXT(2) 
PARAMETRIC_REPRESENTATION_CONTEXT() REPRESENTATION_CONTEXT('2D SPACE',''
  ) );
#3719 = PCURVE('',#3720,#3725);
#3720 = PLANE('',#3721);
#3721 = AXIS2_PLACEMENT_3D('',#3722,#3723,#3724);
#3722 = CARTESIAN_POINT('',(13.532553817152,38.23030040965,
    52.022075557579));
#3723 = DIRECTION('',(-1.,0.,0.));
#3724 = DIRECTION('',(0.,2.22044604925E-16,1.));
#3725 = DEFINITIONAL_REPRESENTATION('',(#3726),#3729);
#3726 = B_SPLINE_CURVE_WITH_KNOTS('',1,(#3727,#3728),.UNSPECIFIED.,.F.,
  .F.,(2,2),(-29.27004248217,-20.17799271734),.PIECEWISE_BEZIER_KNOTS.);
#3727 = CARTESIAN_POINT('',(9.092049764831,-1.E-02));
#3728 = CARTESIAN_POINT('',(0.,-1.E-02));
#3729 = ( GEOMETRIC_REPRESENTATION_CONTEXT(2) 
PARAMETRIC_REPRESENTATION_CONTEXT() REPRESENTATION_CONTEXT('2D SPACE',''
  ) );
#3730 = ORIENTED_EDGE('',*,*,#3731,.T.);
#3731 = EDGE_CURVE('',#3706,#3732,#3734,.T.);
#3732 = VERTEX_POINT('',#3733);
#3733 = CARTESIAN_POINT('',(12.938015746267,38.22030040965,
    51.427537551206));
#3734 = SURFACE_CURVE('',#3735,(#3740,#3751),.PCURVE_S1.);
#3735 = CIRCLE('',#3736,0.594538006372);
#3736 = AXIS2_PLACEMENT_3D('',#3737,#3738,#3739);
#3737 = CARTESIAN_POINT('',(12.938015746267,38.22030040965,
    52.022075557579));
#3738 = DIRECTION('',(0.,1.,-2.22044604925E-16));
#3739 = DIRECTION('',(-1.,0.,0.));
#3740 = PCURVE('',#90,#3741);
#3741 = DEFINITIONAL_REPRESENTATION('',(#3742),#3750);
#3742 = ( BOUNDED_CURVE() B_SPLINE_CURVE(2,(#3743,#3744,#3745,#3746,
#3747,#3748,#3749),.UNSPECIFIED.,.T.,.F.) B_SPLINE_CURVE_WITH_KNOTS((1,2
    ,2,2,2,1),(-2.094395102393,0.,2.094395102393,4.188790204786,
6.28318530718,8.377580409573),.UNSPECIFIED.) CURVE() 
GEOMETRIC_REPRESENTATION_ITEM() RATIONAL_B_SPLINE_CURVE((1.,0.5,1.,0.5,
1.,0.5,1.)) REPRESENTATION_ITEM('') );
#3743 = CARTESIAN_POINT('',(30.122731602564,40.355985434684));
#3744 = CARTESIAN_POINT('',(30.122731602564,41.385755468751));
#3745 = CARTESIAN_POINT('',(31.014538612122,40.870870451717));
#3746 = CARTESIAN_POINT('',(31.906345621681,40.355985434684));
#3747 = CARTESIAN_POINT('',(31.014538612122,39.84110041765));
#3748 = CARTESIAN_POINT('',(30.122731602564,39.326215400616));
#3749 = CARTESIAN_POINT('',(30.122731602564,40.355985434684));
#3750 = ( GEOMETRIC_REPRESENTATION_CONTEXT(2) 
PARAMETRIC_REPRESENTATION_CONTEXT() REPRESENTATION_CONTEXT('2D SPACE',''
  ) );
#3751 = PCURVE('',#3752,#3757);
#3752 = CYLINDRICAL_SURFACE('',#3753,0.594538006372);
#3753 = AXIS2_PLACEMENT_3D('',#3754,#3755,#3756);
#3754 = CARTESIAN_POINT('',(12.938015746267,38.23030040965,
    52.022075557579));
#3755 = DIRECTION('',(0.,1.,-2.22044604925E-16));
#3756 = DIRECTION('',(-1.,0.,0.));
#3757 = DEFINITIONAL_REPRESENTATION('',(#3758),#3762);
#3758 = LINE('',#3759,#3760);
#3759 = CARTESIAN_POINT('',(0.,-1.E-02));
#3760 = VECTOR('',#3761,1.);
#3761 = DIRECTION('',(1.,0.));
#3762 = ( GEOMETRIC_REPRESENTATION_CONTEXT(2) 
PARAMETRIC_REPRESENTATION_CONTEXT() REPRESENTATION_CONTEXT('2D SPACE',''
  ) );
#3763 = ORIENTED_EDGE('',*,*,#3764,.T.);
#3764 = EDGE_CURVE('',#3732,#3765,#3767,.T.);
#3765 = VERTEX_POINT('',#3766);
#3766 = CARTESIAN_POINT('',(6.379399292411,38.22030040965,
    51.427537551206));
#3767 = SURFACE_CURVE('',#3768,(#3772,#3778),.PCURVE_S1.);
#3768 = LINE('',#3769,#3770);
#3769 = CARTESIAN_POINT('',(-5.699927285129,38.22030040965,
    51.427537551206));
#3770 = VECTOR('',#3771,1.);
#3771 = DIRECTION('',(-1.,0.,0.));
#3772 = PCURVE('',#90,#3773);
#3773 = DEFINITIONAL_REPRESENTATION('',(#3774),#3777);
#3774 = B_SPLINE_CURVE_WITH_KNOTS('',1,(#3775,#3776),.UNSPECIFIED.,.F.,
  .F.,(2,2),(-18.63794303139,-12.07932657754),.PIECEWISE_BEZIER_KNOTS.);
#3775 = CARTESIAN_POINT('',(30.717269608936,39.761447428311));
#3776 = CARTESIAN_POINT('',(24.15865315508,39.761447428311));
#3777 = ( GEOMETRIC_REPRESENTATION_CONTEXT(2) 
PARAMETRIC_REPRESENTATION_CONTEXT() REPRESENTATION_CONTEXT('2D SPACE',''
  ) );
#3778 = PCURVE('',#3779,#3784);
#3779 = PLANE('',#3780);
#3780 = AXIS2_PLACEMENT_3D('',#3781,#3782,#3783);
#3781 = CARTESIAN_POINT('',(6.379399292411,38.23030040965,
    51.427537551206));
#3782 = DIRECTION('',(0.,2.22044604925E-16,1.));
#3783 = DIRECTION('',(1.,0.,0.));
#3784 = DEFINITIONAL_REPRESENTATION('',(#3785),#3788);
#3785 = B_SPLINE_CURVE_WITH_KNOTS('',1,(#3786,#3787),.UNSPECIFIED.,.F.,
  .F.,(2,2),(-18.63794303139,-12.07932657754),.PIECEWISE_BEZIER_KNOTS.);
#3786 = CARTESIAN_POINT('',(6.558616453856,-1.E-02));
#3787 = CARTESIAN_POINT('',(1.7763568394E-15,-1.E-02));
#3788 = ( GEOMETRIC_REPRESENTATION_CONTEXT(2) 
PARAMETRIC_REPRESENTATION_CONTEXT() REPRESENTATION_CONTEXT('2D SPACE',''
  ) );
#3789 = ORIENTED_EDGE('',*,*,#3790,.T.);
#3790 = EDGE_CURVE('',#3765,#3588,#3791,.T.);
#3791 = SURFACE_CURVE('',#3792,(#3797,#3808),.PCURVE_S1.);
#3792 = CIRCLE('',#3793,0.594538006372);
#3793 = AXIS2_PLACEMENT_3D('',#3794,#3795,#3796);
#3794 = CARTESIAN_POINT('',(6.379399292411,38.22030040965,
    52.022075557579));
#3795 = DIRECTION('',(0.,1.,-2.22044604925E-16));
#3796 = DIRECTION('',(-1.,0.,0.));
#3797 = PCURVE('',#90,#3798);
#3798 = DEFINITIONAL_REPRESENTATION('',(#3799),#3807);
#3799 = ( BOUNDED_CURVE() B_SPLINE_CURVE(2,(#3800,#3801,#3802,#3803,
#3804,#3805,#3806),.UNSPECIFIED.,.T.,.F.) B_SPLINE_CURVE_WITH_KNOTS((1,2
    ,2,2,2,1),(-2.094395102393,0.,2.094395102393,4.188790204786,
6.28318530718,8.377580409573),.UNSPECIFIED.) CURVE() 
GEOMETRIC_REPRESENTATION_ITEM() RATIONAL_B_SPLINE_CURVE((1.,0.5,1.,0.5,
1.,0.5,1.)) REPRESENTATION_ITEM('') );
#3800 = CARTESIAN_POINT('',(23.564115148708,40.355985434684));
#3801 = CARTESIAN_POINT('',(23.564115148708,41.385755468751));
#3802 = CARTESIAN_POINT('',(24.455922158266,40.870870451717));
#3803 = CARTESIAN_POINT('',(25.347729167825,40.355985434684));
#3804 = CARTESIAN_POINT('',(24.455922158266,39.84110041765));
#3805 = CARTESIAN_POINT('',(23.564115148708,39.326215400616));
#3806 = CARTESIAN_POINT('',(23.564115148708,40.355985434684));
#3807 = ( GEOMETRIC_REPRESENTATION_CONTEXT(2) 
PARAMETRIC_REPRESENTATION_CONTEXT() REPRESENTATION_CONTEXT('2D SPACE',''
  ) );
#3808 = PCURVE('',#3809,#3814);
#3809 = CYLINDRICAL_SURFACE('',#3810,0.594538006372);
#3810 = AXIS2_PLACEMENT_3D('',#3811,#3812,#3813);
#3811 = CARTESIAN_POINT('',(6.379399292411,38.23030040965,
    52.022075557579));
#3812 = DIRECTION('',(0.,1.,-2.22044604925E-16));
#3813 = DIRECTION('',(-1.,0.,0.));
#3814 = DEFINITIONAL_REPRESENTATION('',(#3815),#3819);
#3815 = LINE('',#3816,#3817);
#3816 = CARTESIAN_POINT('',(0.,-1.E-02));
#3817 = VECTOR('',#3818,1.);
#3818 = DIRECTION('',(1.,0.));
#3819 = ( GEOMETRIC_REPRESENTATION_CONTEXT(2) 
PARAMETRIC_REPRESENTATION_CONTEXT() REPRESENTATION_CONTEXT('2D SPACE',''
  ) );
#3820 = FACE_BOUND('',#3821,.F.);
#3821 = EDGE_LOOP('',(#3822,#3850,#3883,#3909,#3942,#3968,#4001,#4027));
#3822 = ORIENTED_EDGE('',*,*,#3823,.F.);
#3823 = EDGE_CURVE('',#3824,#3826,#3828,.T.);
#3824 = VERTEX_POINT('',#3825);
#3825 = CARTESIAN_POINT('',(-3.873846265557,38.22030040965,
    73.306266120467));
#3826 = VERTEX_POINT('',#3827);
#3827 = CARTESIAN_POINT('',(-3.873846265557,38.22030040965,
    64.214216355636));
#3828 = SURFACE_CURVE('',#3829,(#3833,#3839),.PCURVE_S1.);
#3829 = LINE('',#3830,#3831);
#3830 = CARTESIAN_POINT('',(-3.873846265557,38.22030040965,
    37.940153239266));
#3831 = VECTOR('',#3832,1.);
#3832 = DIRECTION('',(0.,-2.22044604925E-16,-1.));
#3833 = PCURVE('',#90,#3834);
#3834 = DEFINITIONAL_REPRESENTATION('',(#3835),#3838);
#3835 = B_SPLINE_CURVE_WITH_KNOTS('',1,(#3836,#3837),.UNSPECIFIED.,.F.,
  .F.,(2,2),(-35.3661128812,-26.27406311637),.PIECEWISE_BEZIER_KNOTS.);
#3836 = CARTESIAN_POINT('',(13.905407597112,61.640175997572));
#3837 = CARTESIAN_POINT('',(13.905407597112,52.548126232742));
#3838 = ( GEOMETRIC_REPRESENTATION_CONTEXT(2) 
PARAMETRIC_REPRESENTATION_CONTEXT() REPRESENTATION_CONTEXT('2D SPACE',''
  ) );
#3839 = PCURVE('',#3840,#3845);
#3840 = PLANE('',#3841);
#3841 = AXIS2_PLACEMENT_3D('',#3842,#3843,#3844);
#3842 = CARTESIAN_POINT('',(-3.873846265557,38.23030040965,
    64.214216355636));
#3843 = DIRECTION('',(-1.,0.,0.));
#3844 = DIRECTION('',(0.,2.22044604925E-16,1.));
#3845 = DEFINITIONAL_REPRESENTATION('',(#3846),#3849);
#3846 = B_SPLINE_CURVE_WITH_KNOTS('',1,(#3847,#3848),.UNSPECIFIED.,.F.,
  .F.,(2,2),(-35.3661128812,-26.27406311637),.PIECEWISE_BEZIER_KNOTS.);
#3847 = CARTESIAN_POINT('',(9.092049764831,-1.E-02));
#3848 = CARTESIAN_POINT('',(0.,-1.E-02));
#3849 = ( GEOMETRIC_REPRESENTATION_CONTEXT(2) 
PARAMETRIC_REPRESENTATION_CONTEXT() REPRESENTATION_CONTEXT('2D SPACE',''
  ) );
#3850 = ORIENTED_EDGE('',*,*,#3851,.T.);
#3851 = EDGE_CURVE('',#3824,#3852,#3854,.T.);
#3852 = VERTEX_POINT('',#3853);
#3853 = CARTESIAN_POINT('',(-3.279308259184,38.22030040965,
    73.90080412684));
#3854 = SURFACE_CURVE('',#3855,(#3860,#3871),.PCURVE_S1.);
#3855 = CIRCLE('',#3856,0.594538006372);
#3856 = AXIS2_PLACEMENT_3D('',#3857,#3858,#3859);
#3857 = CARTESIAN_POINT('',(-3.279308259184,38.22030040965,
    73.306266120467));
#3858 = DIRECTION('',(0.,1.,-2.22044604925E-16));
#3859 = DIRECTION('',(-1.,0.,0.));
#3860 = PCURVE('',#90,#3861);
#3861 = DEFINITIONAL_REPRESENTATION('',(#3862),#3870);
#3862 = ( BOUNDED_CURVE() B_SPLINE_CURVE(2,(#3863,#3864,#3865,#3866,
#3867,#3868,#3869),.UNSPECIFIED.,.T.,.F.) B_SPLINE_CURVE_WITH_KNOTS((1,2
    ,2,2,2,1),(-2.094395102393,0.,2.094395102393,4.188790204786,
6.28318530718,8.377580409573),.UNSPECIFIED.) CURVE() 
GEOMETRIC_REPRESENTATION_ITEM() RATIONAL_B_SPLINE_CURVE((1.,0.5,1.,0.5,
1.,0.5,1.)) REPRESENTATION_ITEM('') );
#3863 = CARTESIAN_POINT('',(13.905407597112,61.640175997572));
#3864 = CARTESIAN_POINT('',(13.905407597112,62.66994603164));
#3865 = CARTESIAN_POINT('',(14.797214606671,62.155061014606));
#3866 = CARTESIAN_POINT('',(15.689021616229,61.640175997572));
#3867 = CARTESIAN_POINT('',(14.797214606671,61.125290980539));
#3868 = CARTESIAN_POINT('',(13.905407597112,60.610405963505));
#3869 = CARTESIAN_POINT('',(13.905407597112,61.640175997572));
#3870 = ( GEOMETRIC_REPRESENTATION_CONTEXT(2) 
PARAMETRIC_REPRESENTATION_CONTEXT() REPRESENTATION_CONTEXT('2D SPACE',''
  ) );
#3871 = PCURVE('',#3872,#3877);
#3872 = CYLINDRICAL_SURFACE('',#3873,0.594538006372);
#3873 = AXIS2_PLACEMENT_3D('',#3874,#3875,#3876);
#3874 = CARTESIAN_POINT('',(-3.279308259184,38.23030040965,
    73.306266120467));
#3875 = DIRECTION('',(0.,1.,-2.22044604925E-16));
#3876 = DIRECTION('',(-1.,0.,0.));
#3877 = DEFINITIONAL_REPRESENTATION('',(#3878),#3882);
#3878 = LINE('',#3879,#3880);
#3879 = CARTESIAN_POINT('',(0.,-1.E-02));
#3880 = VECTOR('',#3881,1.);
#3881 = DIRECTION('',(1.,0.));
#3882 = ( GEOMETRIC_REPRESENTATION_CONTEXT(2) 
PARAMETRIC_REPRESENTATION_CONTEXT() REPRESENTATION_CONTEXT('2D SPACE',''
  ) );
#3883 = ORIENTED_EDGE('',*,*,#3884,.F.);
#3884 = EDGE_CURVE('',#3885,#3852,#3887,.T.);
#3885 = VERTEX_POINT('',#3886);
#3886 = CARTESIAN_POINT('',(3.279308194672,38.22030040965,73.90080412684
    ));
#3887 = SURFACE_CURVE('',#3888,(#3892,#3898),.PCURVE_S1.);
#3888 = LINE('',#3889,#3890);
#3889 = CARTESIAN_POINT('',(-10.52928106092,38.22030040965,
    73.90080412684));
#3890 = VECTOR('',#3891,1.);
#3891 = DIRECTION('',(-1.,0.,0.));
#3892 = PCURVE('',#90,#3893);
#3893 = DEFINITIONAL_REPRESENTATION('',(#3894),#3897);
#3894 = B_SPLINE_CURVE_WITH_KNOTS('',1,(#3895,#3896),.UNSPECIFIED.,.F.,
  .F.,(2,2),(-13.80858925559,-7.249972801742),.PIECEWISE_BEZIER_KNOTS.);
#3895 = CARTESIAN_POINT('',(21.05856205734,62.234714003945));
#3896 = CARTESIAN_POINT('',(14.499945603484,62.234714003945));
#3897 = ( GEOMETRIC_REPRESENTATION_CONTEXT(2) 
PARAMETRIC_REPRESENTATION_CONTEXT() REPRESENTATION_CONTEXT('2D SPACE',''
  ) );
#3898 = PCURVE('',#3899,#3904);
#3899 = PLANE('',#3900);
#3900 = AXIS2_PLACEMENT_3D('',#3901,#3902,#3903);
#3901 = CARTESIAN_POINT('',(-3.279308259184,38.23030040965,
    73.90080412684));
#3902 = DIRECTION('',(0.,2.22044604925E-16,1.));
#3903 = DIRECTION('',(1.,0.,0.));
#3904 = DEFINITIONAL_REPRESENTATION('',(#3905),#3908);
#3905 = B_SPLINE_CURVE_WITH_KNOTS('',1,(#3906,#3907),.UNSPECIFIED.,.F.,
  .F.,(2,2),(-13.80858925559,-7.249972801742),.PIECEWISE_BEZIER_KNOTS.);
#3906 = CARTESIAN_POINT('',(6.558616453856,-1.E-02));
#3907 = CARTESIAN_POINT('',(-8.881784197001E-16,-1.E-02));
#3908 = ( GEOMETRIC_REPRESENTATION_CONTEXT(2) 
PARAMETRIC_REPRESENTATION_CONTEXT() REPRESENTATION_CONTEXT('2D SPACE',''
  ) );
#3909 = ORIENTED_EDGE('',*,*,#3910,.T.);
#3910 = EDGE_CURVE('',#3885,#3911,#3913,.T.);
#3911 = VERTEX_POINT('',#3912);
#3912 = CARTESIAN_POINT('',(3.8738462333,38.22030040965,73.306266120467)
  );
#3913 = SURFACE_CURVE('',#3914,(#3919,#3930),.PCURVE_S1.);
#3914 = CIRCLE('',#3915,0.594538006372);
#3915 = AXIS2_PLACEMENT_3D('',#3916,#3917,#3918);
#3916 = CARTESIAN_POINT('',(3.279308194672,38.22030040965,
    73.306266120467));
#3917 = DIRECTION('',(0.,1.,-2.22044604925E-16));
#3918 = DIRECTION('',(-1.,0.,0.));
#3919 = PCURVE('',#90,#3920);
#3920 = DEFINITIONAL_REPRESENTATION('',(#3921),#3929);
#3921 = ( BOUNDED_CURVE() B_SPLINE_CURVE(2,(#3922,#3923,#3924,#3925,
#3926,#3927,#3928),.UNSPECIFIED.,.T.,.F.) B_SPLINE_CURVE_WITH_KNOTS((1,2
    ,2,2,2,1),(-2.094395102393,0.,2.094395102393,4.188790204786,
6.28318530718,8.377580409573),.UNSPECIFIED.) CURVE() 
GEOMETRIC_REPRESENTATION_ITEM() RATIONAL_B_SPLINE_CURVE((1.,0.5,1.,0.5,
1.,0.5,1.)) REPRESENTATION_ITEM('') );
#3922 = CARTESIAN_POINT('',(20.464024050968,61.640175997572));
#3923 = CARTESIAN_POINT('',(20.464024050968,62.66994603164));
#3924 = CARTESIAN_POINT('',(21.355831060527,62.155061014606));
#3925 = CARTESIAN_POINT('',(22.247638070085,61.640175997572));
#3926 = CARTESIAN_POINT('',(21.355831060527,61.125290980539));
#3927 = CARTESIAN_POINT('',(20.464024050968,60.610405963505));
#3928 = CARTESIAN_POINT('',(20.464024050968,61.640175997572));
#3929 = ( GEOMETRIC_REPRESENTATION_CONTEXT(2) 
PARAMETRIC_REPRESENTATION_CONTEXT() REPRESENTATION_CONTEXT('2D SPACE',''
  ) );
#3930 = PCURVE('',#3931,#3936);
#3931 = CYLINDRICAL_SURFACE('',#3932,0.594538006372);
#3932 = AXIS2_PLACEMENT_3D('',#3933,#3934,#3935);
#3933 = CARTESIAN_POINT('',(3.279308194672,38.23030040965,
    73.306266120467));
#3934 = DIRECTION('',(0.,1.,-2.22044604925E-16));
#3935 = DIRECTION('',(-1.,0.,0.));
#3936 = DEFINITIONAL_REPRESENTATION('',(#3937),#3941);
#3937 = LINE('',#3938,#3939);
#3938 = CARTESIAN_POINT('',(0.,-1.E-02));
#3939 = VECTOR('',#3940,1.);
#3940 = DIRECTION('',(1.,0.));
#3941 = ( GEOMETRIC_REPRESENTATION_CONTEXT(2) 
PARAMETRIC_REPRESENTATION_CONTEXT() REPRESENTATION_CONTEXT('2D SPACE',''
  ) );
#3942 = ORIENTED_EDGE('',*,*,#3943,.T.);
#3943 = EDGE_CURVE('',#3911,#3944,#3946,.T.);
#3944 = VERTEX_POINT('',#3945);
#3945 = CARTESIAN_POINT('',(3.8738462333,38.22030040965,64.214216355636)
  );
#3946 = SURFACE_CURVE('',#3947,(#3951,#3957),.PCURVE_S1.);
#3947 = LINE('',#3948,#3949);
#3948 = CARTESIAN_POINT('',(3.873846265557,38.22030040965,
    37.940153239266));
#3949 = VECTOR('',#3950,1.);
#3950 = DIRECTION('',(0.,-2.22044604925E-16,-1.));
#3951 = PCURVE('',#90,#3952);
#3952 = DEFINITIONAL_REPRESENTATION('',(#3953),#3956);
#3953 = B_SPLINE_CURVE_WITH_KNOTS('',1,(#3954,#3955),.UNSPECIFIED.,.F.,
  .F.,(2,2),(-35.3661128812,-26.27406311637),.PIECEWISE_BEZIER_KNOTS.);
#3954 = CARTESIAN_POINT('',(21.653100128225,61.640175997572));
#3955 = CARTESIAN_POINT('',(21.653100128225,52.548126232742));
#3956 = ( GEOMETRIC_REPRESENTATION_CONTEXT(2) 
PARAMETRIC_REPRESENTATION_CONTEXT() REPRESENTATION_CONTEXT('2D SPACE',''
  ) );
#3957 = PCURVE('',#3958,#3963);
#3958 = PLANE('',#3959);
#3959 = AXIS2_PLACEMENT_3D('',#3960,#3961,#3962);
#3960 = CARTESIAN_POINT('',(3.873846265557,38.23030040965,
    64.214216355636));
#3961 = DIRECTION('',(-1.,0.,0.));
#3962 = DIRECTION('',(0.,2.22044604925E-16,1.));
#3963 = DEFINITIONAL_REPRESENTATION('',(#3964),#3967);
#3964 = B_SPLINE_CURVE_WITH_KNOTS('',1,(#3965,#3966),.UNSPECIFIED.,.F.,
  .F.,(2,2),(-35.3661128812,-26.27406311637),.PIECEWISE_BEZIER_KNOTS.);
#3965 = CARTESIAN_POINT('',(9.092049764831,-1.E-02));
#3966 = CARTESIAN_POINT('',(0.,-1.E-02));
#3967 = ( GEOMETRIC_REPRESENTATION_CONTEXT(2) 
PARAMETRIC_REPRESENTATION_CONTEXT() REPRESENTATION_CONTEXT('2D SPACE',''
  ) );
#3968 = ORIENTED_EDGE('',*,*,#3969,.T.);
#3969 = EDGE_CURVE('',#3944,#3970,#3972,.T.);
#3970 = VERTEX_POINT('',#3971);
#3971 = CARTESIAN_POINT('',(3.279308194672,38.22030040965,
    63.619678349264));
#3972 = SURFACE_CURVE('',#3973,(#3978,#3989),.PCURVE_S1.);
#3973 = CIRCLE('',#3974,0.594538006372);
#3974 = AXIS2_PLACEMENT_3D('',#3975,#3976,#3977);
#3975 = CARTESIAN_POINT('',(3.279308194672,38.22030040965,
    64.214216355636));
#3976 = DIRECTION('',(0.,1.,-2.22044604925E-16));
#3977 = DIRECTION('',(-1.,0.,0.));
#3978 = PCURVE('',#90,#3979);
#3979 = DEFINITIONAL_REPRESENTATION('',(#3980),#3988);
#3980 = ( BOUNDED_CURVE() B_SPLINE_CURVE(2,(#3981,#3982,#3983,#3984,
#3985,#3986,#3987),.UNSPECIFIED.,.T.,.F.) B_SPLINE_CURVE_WITH_KNOTS((1,2
    ,2,2,2,1),(-2.094395102393,0.,2.094395102393,4.188790204786,
6.28318530718,8.377580409573),.UNSPECIFIED.) CURVE() 
GEOMETRIC_REPRESENTATION_ITEM() RATIONAL_B_SPLINE_CURVE((1.,0.5,1.,0.5,
1.,0.5,1.)) REPRESENTATION_ITEM('') );
#3981 = CARTESIAN_POINT('',(20.464024050968,52.548126232742));
#3982 = CARTESIAN_POINT('',(20.464024050968,53.577896266809));
#3983 = CARTESIAN_POINT('',(21.355831060527,53.063011249775));
#3984 = CARTESIAN_POINT('',(22.247638070085,52.548126232742));
#3985 = CARTESIAN_POINT('',(21.355831060527,52.033241215708));
#3986 = CARTESIAN_POINT('',(20.464024050968,51.518356198674));
#3987 = CARTESIAN_POINT('',(20.464024050968,52.548126232742));
#3988 = ( GEOMETRIC_REPRESENTATION_CONTEXT(2) 
PARAMETRIC_REPRESENTATION_CONTEXT() REPRESENTATION_CONTEXT('2D SPACE',''
  ) );
#3989 = PCURVE('',#3990,#3995);
#3990 = CYLINDRICAL_SURFACE('',#3991,0.594538006372);
#3991 = AXIS2_PLACEMENT_3D('',#3992,#3993,#3994);
#3992 = CARTESIAN_POINT('',(3.279308194672,38.23030040965,
    64.214216355636));
#3993 = DIRECTION('',(0.,1.,-2.22044604925E-16));
#3994 = DIRECTION('',(-1.,0.,0.));
#3995 = DEFINITIONAL_REPRESENTATION('',(#3996),#4000);
#3996 = LINE('',#3997,#3998);
#3997 = CARTESIAN_POINT('',(0.,-1.E-02));
#3998 = VECTOR('',#3999,1.);
#3999 = DIRECTION('',(1.,0.));
#4000 = ( GEOMETRIC_REPRESENTATION_CONTEXT(2) 
PARAMETRIC_REPRESENTATION_CONTEXT() REPRESENTATION_CONTEXT('2D SPACE',''
  ) );
#4001 = ORIENTED_EDGE('',*,*,#4002,.T.);
#4002 = EDGE_CURVE('',#3970,#4003,#4005,.T.);
#4003 = VERTEX_POINT('',#4004);
#4004 = CARTESIAN_POINT('',(-3.279308259184,38.22030040965,
    63.619678349264));
#4005 = SURFACE_CURVE('',#4006,(#4010,#4016),.PCURVE_S1.);
#4006 = LINE('',#4007,#4008);
#4007 = CARTESIAN_POINT('',(-10.52928106092,38.22030040965,
    63.619678349264));
#4008 = VECTOR('',#4009,1.);
#4009 = DIRECTION('',(-1.,0.,0.));
#4010 = PCURVE('',#90,#4011);
#4011 = DEFINITIONAL_REPRESENTATION('',(#4012),#4015);
#4012 = B_SPLINE_CURVE_WITH_KNOTS('',1,(#4013,#4014),.UNSPECIFIED.,.F.,
  .F.,(2,2),(-13.80858925559,-7.249972801742),.PIECEWISE_BEZIER_KNOTS.);
#4013 = CARTESIAN_POINT('',(21.05856205734,51.953588226369));
#4014 = CARTESIAN_POINT('',(14.499945603484,51.953588226369));
#4015 = ( GEOMETRIC_REPRESENTATION_CONTEXT(2) 
PARAMETRIC_REPRESENTATION_CONTEXT() REPRESENTATION_CONTEXT('2D SPACE',''
  ) );
#4016 = PCURVE('',#4017,#4022);
#4017 = PLANE('',#4018);
#4018 = AXIS2_PLACEMENT_3D('',#4019,#4020,#4021);
#4019 = CARTESIAN_POINT('',(-3.279308259184,38.23030040965,
    63.619678349264));
#4020 = DIRECTION('',(0.,2.22044604925E-16,1.));
#4021 = DIRECTION('',(1.,0.,0.));
#4022 = DEFINITIONAL_REPRESENTATION('',(#4023),#4026);
#4023 = B_SPLINE_CURVE_WITH_KNOTS('',1,(#4024,#4025),.UNSPECIFIED.,.F.,
  .F.,(2,2),(-13.80858925559,-7.249972801742),.PIECEWISE_BEZIER_KNOTS.);
#4024 = CARTESIAN_POINT('',(6.558616453856,-1.E-02));
#4025 = CARTESIAN_POINT('',(-8.881784197001E-16,-1.E-02));
#4026 = ( GEOMETRIC_REPRESENTATION_CONTEXT(2) 
PARAMETRIC_REPRESENTATION_CONTEXT() REPRESENTATION_CONTEXT('2D SPACE',''
  ) );
#4027 = ORIENTED_EDGE('',*,*,#4028,.T.);
#4028 = EDGE_CURVE('',#4003,#3826,#4029,.T.);
#4029 = SURFACE_CURVE('',#4030,(#4035,#4046),.PCURVE_S1.);
#4030 = CIRCLE('',#4031,0.594538006372);
#4031 = AXIS2_PLACEMENT_3D('',#4032,#4033,#4034);
#4032 = CARTESIAN_POINT('',(-3.279308259184,38.22030040965,
    64.214216355636));
#4033 = DIRECTION('',(0.,1.,-2.22044604925E-16));
#4034 = DIRECTION('',(-1.,0.,0.));
#4035 = PCURVE('',#90,#4036);
#4036 = DEFINITIONAL_REPRESENTATION('',(#4037),#4045);
#4037 = ( BOUNDED_CURVE() B_SPLINE_CURVE(2,(#4038,#4039,#4040,#4041,
#4042,#4043,#4044),.UNSPECIFIED.,.T.,.F.) B_SPLINE_CURVE_WITH_KNOTS((1,2
    ,2,2,2,1),(-2.094395102393,0.,2.094395102393,4.188790204786,
6.28318530718,8.377580409573),.UNSPECIFIED.) CURVE() 
GEOMETRIC_REPRESENTATION_ITEM() RATIONAL_B_SPLINE_CURVE((1.,0.5,1.,0.5,
1.,0.5,1.)) REPRESENTATION_ITEM('') );
#4038 = CARTESIAN_POINT('',(13.905407597112,52.548126232742));
#4039 = CARTESIAN_POINT('',(13.905407597112,53.577896266809));
#4040 = CARTESIAN_POINT('',(14.797214606671,53.063011249775));
#4041 = CARTESIAN_POINT('',(15.689021616229,52.548126232742));
#4042 = CARTESIAN_POINT('',(14.797214606671,52.033241215708));
#4043 = CARTESIAN_POINT('',(13.905407597112,51.518356198674));
#4044 = CARTESIAN_POINT('',(13.905407597112,52.548126232742));
#4045 = ( GEOMETRIC_REPRESENTATION_CONTEXT(2) 
PARAMETRIC_REPRESENTATION_CONTEXT() REPRESENTATION_CONTEXT('2D SPACE',''
  ) );
#4046 = PCURVE('',#4047,#4052);
#4047 = CYLINDRICAL_SURFACE('',#4048,0.594538006372);
#4048 = AXIS2_PLACEMENT_3D('',#4049,#4050,#4051);
#4049 = CARTESIAN_POINT('',(-3.279308259184,38.23030040965,
    64.214216355636));
#4050 = DIRECTION('',(0.,1.,-2.22044604925E-16));
#4051 = DIRECTION('',(-1.,0.,0.));
#4052 = DEFINITIONAL_REPRESENTATION('',(#4053),#4057);
#4053 = LINE('',#4054,#4055);
#4054 = CARTESIAN_POINT('',(0.,-1.E-02));
#4055 = VECTOR('',#4056,1.);
#4056 = DIRECTION('',(1.,0.));
#4057 = ( GEOMETRIC_REPRESENTATION_CONTEXT(2) 
PARAMETRIC_REPRESENTATION_CONTEXT() REPRESENTATION_CONTEXT('2D SPACE',''
  ) );
#4058 = FACE_BOUND('',#4059,.F.);
#4059 = EDGE_LOOP('',(#4060,#4088,#4121,#4147,#4180,#4206,#4239,#4265));
#4060 = ORIENTED_EDGE('',*,*,#4061,.F.);
#4061 = EDGE_CURVE('',#4062,#4064,#4066,.T.);
#4062 = VERTEX_POINT('',#4063);
#4063 = CARTESIAN_POINT('',(-3.873846265557,38.22030040965,
    85.498406918525));
#4064 = VERTEX_POINT('',#4065);
#4065 = CARTESIAN_POINT('',(-3.873846265557,38.22030040965,
    76.406357153694));
#4066 = SURFACE_CURVE('',#4067,(#4071,#4077),.PCURVE_S1.);
#4067 = LINE('',#4068,#4069);
#4068 = CARTESIAN_POINT('',(-3.873846265557,38.22030040965,
    44.036223638295));
#4069 = VECTOR('',#4070,1.);
#4070 = DIRECTION('',(0.,-2.22044604925E-16,-1.));
#4071 = PCURVE('',#90,#4072);
#4072 = DEFINITIONAL_REPRESENTATION('',(#4073),#4076);
#4073 = B_SPLINE_CURVE_WITH_KNOTS('',1,(#4074,#4075),.UNSPECIFIED.,.F.,
  .F.,(2,2),(-41.46218328023,-32.3701335154),.PIECEWISE_BEZIER_KNOTS.);
#4074 = CARTESIAN_POINT('',(13.905407597112,73.83231679563));
#4075 = CARTESIAN_POINT('',(13.905407597112,64.7402670308));
#4076 = ( GEOMETRIC_REPRESENTATION_CONTEXT(2) 
PARAMETRIC_REPRESENTATION_CONTEXT() REPRESENTATION_CONTEXT('2D SPACE',''
  ) );
#4077 = PCURVE('',#4078,#4083);
#4078 = PLANE('',#4079);
#4079 = AXIS2_PLACEMENT_3D('',#4080,#4081,#4082);
#4080 = CARTESIAN_POINT('',(-3.873846265557,38.23030040965,
    76.406357153694));
#4081 = DIRECTION('',(-1.,0.,0.));
#4082 = DIRECTION('',(0.,2.22044604925E-16,1.));
#4083 = DEFINITIONAL_REPRESENTATION('',(#4084),#4087);
#4084 = B_SPLINE_CURVE_WITH_KNOTS('',1,(#4085,#4086),.UNSPECIFIED.,.F.,
  .F.,(2,2),(-41.46218328023,-32.3701335154),.PIECEWISE_BEZIER_KNOTS.);
#4085 = CARTESIAN_POINT('',(9.092049764831,-1.E-02));
#4086 = CARTESIAN_POINT('',(-7.105427357601E-15,-1.E-02));
#4087 = ( GEOMETRIC_REPRESENTATION_CONTEXT(2) 
PARAMETRIC_REPRESENTATION_CONTEXT() REPRESENTATION_CONTEXT('2D SPACE',''
  ) );
#4088 = ORIENTED_EDGE('',*,*,#4089,.T.);
#4089 = EDGE_CURVE('',#4062,#4090,#4092,.T.);
#4090 = VERTEX_POINT('',#4091);
#4091 = CARTESIAN_POINT('',(-3.279308259184,38.22030040965,
    86.092944924898));
#4092 = SURFACE_CURVE('',#4093,(#4098,#4109),.PCURVE_S1.);
#4093 = CIRCLE('',#4094,0.594538006372);
#4094 = AXIS2_PLACEMENT_3D('',#4095,#4096,#4097);
#4095 = CARTESIAN_POINT('',(-3.279308259184,38.22030040965,
    85.498406918525));
#4096 = DIRECTION('',(0.,1.,-2.22044604925E-16));
#4097 = DIRECTION('',(-1.,0.,0.));
#4098 = PCURVE('',#90,#4099);
#4099 = DEFINITIONAL_REPRESENTATION('',(#4100),#4108);
#4100 = ( BOUNDED_CURVE() B_SPLINE_CURVE(2,(#4101,#4102,#4103,#4104,
#4105,#4106,#4107),.UNSPECIFIED.,.T.,.F.) B_SPLINE_CURVE_WITH_KNOTS((1,2
    ,2,2,2,1),(-2.094395102393,0.,2.094395102393,4.188790204786,
6.28318530718,8.377580409573),.UNSPECIFIED.) CURVE() 
GEOMETRIC_REPRESENTATION_ITEM() RATIONAL_B_SPLINE_CURVE((1.,0.5,1.,0.5,
1.,0.5,1.)) REPRESENTATION_ITEM('') );
#4101 = CARTESIAN_POINT('',(13.905407597112,73.83231679563));
#4102 = CARTESIAN_POINT('',(13.905407597112,74.862086829698));
#4103 = CARTESIAN_POINT('',(14.797214606671,74.347201812664));
#4104 = CARTESIAN_POINT('',(15.689021616229,73.83231679563));
#4105 = CARTESIAN_POINT('',(14.797214606671,73.317431778597));
#4106 = CARTESIAN_POINT('',(13.905407597112,72.802546761563));
#4107 = CARTESIAN_POINT('',(13.905407597112,73.83231679563));
#4108 = ( GEOMETRIC_REPRESENTATION_CONTEXT(2) 
PARAMETRIC_REPRESENTATION_CONTEXT() REPRESENTATION_CONTEXT('2D SPACE',''
  ) );
#4109 = PCURVE('',#4110,#4115);
#4110 = CYLINDRICAL_SURFACE('',#4111,0.594538006372);
#4111 = AXIS2_PLACEMENT_3D('',#4112,#4113,#4114);
#4112 = CARTESIAN_POINT('',(-3.279308259184,38.23030040965,
    85.498406918525));
#4113 = DIRECTION('',(0.,1.,-2.22044604925E-16));
#4114 = DIRECTION('',(-1.,0.,0.));
#4115 = DEFINITIONAL_REPRESENTATION('',(#4116),#4120);
#4116 = LINE('',#4117,#4118);
#4117 = CARTESIAN_POINT('',(0.,-1.E-02));
#4118 = VECTOR('',#4119,1.);
#4119 = DIRECTION('',(1.,0.));
#4120 = ( GEOMETRIC_REPRESENTATION_CONTEXT(2) 
PARAMETRIC_REPRESENTATION_CONTEXT() REPRESENTATION_CONTEXT('2D SPACE',''
  ) );
#4121 = ORIENTED_EDGE('',*,*,#4122,.F.);
#4122 = EDGE_CURVE('',#4123,#4090,#4125,.T.);
#4123 = VERTEX_POINT('',#4124);
#4124 = CARTESIAN_POINT('',(3.279308194672,38.22030040965,
    86.092944924898));
#4125 = SURFACE_CURVE('',#4126,(#4130,#4136),.PCURVE_S1.);
#4126 = LINE('',#4127,#4128);
#4127 = CARTESIAN_POINT('',(-10.52928106092,38.22030040965,
    86.092944924898));
#4128 = VECTOR('',#4129,1.);
#4129 = DIRECTION('',(-1.,0.,0.));
#4130 = PCURVE('',#90,#4131);
#4131 = DEFINITIONAL_REPRESENTATION('',(#4132),#4135);
#4132 = B_SPLINE_CURVE_WITH_KNOTS('',1,(#4133,#4134),.UNSPECIFIED.,.F.,
  .F.,(2,2),(-13.80858925559,-7.249972801742),.PIECEWISE_BEZIER_KNOTS.);
#4133 = CARTESIAN_POINT('',(21.05856205734,74.426854802003));
#4134 = CARTESIAN_POINT('',(14.499945603484,74.426854802003));
#4135 = ( GEOMETRIC_REPRESENTATION_CONTEXT(2) 
PARAMETRIC_REPRESENTATION_CONTEXT() REPRESENTATION_CONTEXT('2D SPACE',''
  ) );
#4136 = PCURVE('',#4137,#4142);
#4137 = PLANE('',#4138);
#4138 = AXIS2_PLACEMENT_3D('',#4139,#4140,#4141);
#4139 = CARTESIAN_POINT('',(-3.279308259184,38.23030040965,
    86.092944924898));
#4140 = DIRECTION('',(0.,2.22044604925E-16,1.));
#4141 = DIRECTION('',(1.,0.,0.));
#4142 = DEFINITIONAL_REPRESENTATION('',(#4143),#4146);
#4143 = B_SPLINE_CURVE_WITH_KNOTS('',1,(#4144,#4145),.UNSPECIFIED.,.F.,
  .F.,(2,2),(-13.80858925559,-7.249972801742),.PIECEWISE_BEZIER_KNOTS.);
#4144 = CARTESIAN_POINT('',(6.558616453856,-1.E-02));
#4145 = CARTESIAN_POINT('',(-8.881784197001E-16,-1.E-02));
#4146 = ( GEOMETRIC_REPRESENTATION_CONTEXT(2) 
PARAMETRIC_REPRESENTATION_CONTEXT() REPRESENTATION_CONTEXT('2D SPACE',''
  ) );
#4147 = ORIENTED_EDGE('',*,*,#4148,.T.);
#4148 = EDGE_CURVE('',#4123,#4149,#4151,.T.);
#4149 = VERTEX_POINT('',#4150);
#4150 = CARTESIAN_POINT('',(3.8738462333,38.22030040965,85.498406918525)
  );
#4151 = SURFACE_CURVE('',#4152,(#4157,#4168),.PCURVE_S1.);
#4152 = CIRCLE('',#4153,0.594538006372);
#4153 = AXIS2_PLACEMENT_3D('',#4154,#4155,#4156);
#4154 = CARTESIAN_POINT('',(3.279308194672,38.22030040965,
    85.498406918525));
#4155 = DIRECTION('',(0.,1.,-2.22044604925E-16));
#4156 = DIRECTION('',(-1.,0.,0.));
#4157 = PCURVE('',#90,#4158);
#4158 = DEFINITIONAL_REPRESENTATION('',(#4159),#4167);
#4159 = ( BOUNDED_CURVE() B_SPLINE_CURVE(2,(#4160,#4161,#4162,#4163,
#4164,#4165,#4166),.UNSPECIFIED.,.T.,.F.) B_SPLINE_CURVE_WITH_KNOTS((1,2
    ,2,2,2,1),(-2.094395102393,0.,2.094395102393,4.188790204786,
6.28318530718,8.377580409573),.UNSPECIFIED.) CURVE() 
GEOMETRIC_REPRESENTATION_ITEM() RATIONAL_B_SPLINE_CURVE((1.,0.5,1.,0.5,
1.,0.5,1.)) REPRESENTATION_ITEM('') );
#4160 = CARTESIAN_POINT('',(20.464024050968,73.83231679563));
#4161 = CARTESIAN_POINT('',(20.464024050968,74.862086829698));
#4162 = CARTESIAN_POINT('',(21.355831060527,74.347201812664));
#4163 = CARTESIAN_POINT('',(22.247638070085,73.83231679563));
#4164 = CARTESIAN_POINT('',(21.355831060527,73.317431778597));
#4165 = CARTESIAN_POINT('',(20.464024050968,72.802546761563));
#4166 = CARTESIAN_POINT('',(20.464024050968,73.83231679563));
#4167 = ( GEOMETRIC_REPRESENTATION_CONTEXT(2) 
PARAMETRIC_REPRESENTATION_CONTEXT() REPRESENTATION_CONTEXT('2D SPACE',''
  ) );
#4168 = PCURVE('',#4169,#4174);
#4169 = CYLINDRICAL_SURFACE('',#4170,0.594538006372);
#4170 = AXIS2_PLACEMENT_3D('',#4171,#4172,#4173);
#4171 = CARTESIAN_POINT('',(3.279308194672,38.23030040965,
    85.498406918525));
#4172 = DIRECTION('',(0.,1.,-2.22044604925E-16));
#4173 = DIRECTION('',(-1.,0.,0.));
#4174 = DEFINITIONAL_REPRESENTATION('',(#4175),#4179);
#4175 = LINE('',#4176,#4177);
#4176 = CARTESIAN_POINT('',(0.,-1.E-02));
#4177 = VECTOR('',#4178,1.);
#4178 = DIRECTION('',(1.,0.));
#4179 = ( GEOMETRIC_REPRESENTATION_CONTEXT(2) 
PARAMETRIC_REPRESENTATION_CONTEXT() REPRESENTATION_CONTEXT('2D SPACE',''
  ) );
#4180 = ORIENTED_EDGE('',*,*,#4181,.T.);
#4181 = EDGE_CURVE('',#4149,#4182,#4184,.T.);
#4182 = VERTEX_POINT('',#4183);
#4183 = CARTESIAN_POINT('',(3.8738462333,38.22030040965,76.406357153694)
  );
#4184 = SURFACE_CURVE('',#4185,(#4189,#4195),.PCURVE_S1.);
#4185 = LINE('',#4186,#4187);
#4186 = CARTESIAN_POINT('',(3.873846265557,38.22030040965,
    44.036223638295));
#4187 = VECTOR('',#4188,1.);
#4188 = DIRECTION('',(0.,-2.22044604925E-16,-1.));
#4189 = PCURVE('',#90,#4190);
#4190 = DEFINITIONAL_REPRESENTATION('',(#4191),#4194);
#4191 = B_SPLINE_CURVE_WITH_KNOTS('',1,(#4192,#4193),.UNSPECIFIED.,.F.,
  .F.,(2,2),(-41.46218328023,-32.3701335154),.PIECEWISE_BEZIER_KNOTS.);
#4192 = CARTESIAN_POINT('',(21.653100128225,73.83231679563));
#4193 = CARTESIAN_POINT('',(21.653100128225,64.7402670308));
#4194 = ( GEOMETRIC_REPRESENTATION_CONTEXT(2) 
PARAMETRIC_REPRESENTATION_CONTEXT() REPRESENTATION_CONTEXT('2D SPACE',''
  ) );
#4195 = PCURVE('',#4196,#4201);
#4196 = PLANE('',#4197);
#4197 = AXIS2_PLACEMENT_3D('',#4198,#4199,#4200);
#4198 = CARTESIAN_POINT('',(3.873846265557,38.23030040965,
    76.406357153694));
#4199 = DIRECTION('',(-1.,0.,0.));
#4200 = DIRECTION('',(0.,2.22044604925E-16,1.));
#4201 = DEFINITIONAL_REPRESENTATION('',(#4202),#4205);
#4202 = B_SPLINE_CURVE_WITH_KNOTS('',1,(#4203,#4204),.UNSPECIFIED.,.F.,
  .F.,(2,2),(-41.46218328023,-32.3701335154),.PIECEWISE_BEZIER_KNOTS.);
#4203 = CARTESIAN_POINT('',(9.092049764831,-1.E-02));
#4204 = CARTESIAN_POINT('',(-7.105427357601E-15,-1.E-02));
#4205 = ( GEOMETRIC_REPRESENTATION_CONTEXT(2) 
PARAMETRIC_REPRESENTATION_CONTEXT() REPRESENTATION_CONTEXT('2D SPACE',''
  ) );
#4206 = ORIENTED_EDGE('',*,*,#4207,.T.);
#4207 = EDGE_CURVE('',#4182,#4208,#4210,.T.);
#4208 = VERTEX_POINT('',#4209);
#4209 = CARTESIAN_POINT('',(3.279308194672,38.22030040965,
    75.811819147322));
#4210 = SURFACE_CURVE('',#4211,(#4216,#4227),.PCURVE_S1.);
#4211 = CIRCLE('',#4212,0.594538006372);
#4212 = AXIS2_PLACEMENT_3D('',#4213,#4214,#4215);
#4213 = CARTESIAN_POINT('',(3.279308194672,38.22030040965,
    76.406357153694));
#4214 = DIRECTION('',(0.,1.,-2.22044604925E-16));
#4215 = DIRECTION('',(-1.,0.,0.));
#4216 = PCURVE('',#90,#4217);
#4217 = DEFINITIONAL_REPRESENTATION('',(#4218),#4226);
#4218 = ( BOUNDED_CURVE() B_SPLINE_CURVE(2,(#4219,#4220,#4221,#4222,
#4223,#4224,#4225),.UNSPECIFIED.,.T.,.F.) B_SPLINE_CURVE_WITH_KNOTS((1,2
    ,2,2,2,1),(-2.094395102393,0.,2.094395102393,4.188790204786,
6.28318530718,8.377580409573),.UNSPECIFIED.) CURVE() 
GEOMETRIC_REPRESENTATION_ITEM() RATIONAL_B_SPLINE_CURVE((1.,0.5,1.,0.5,
1.,0.5,1.)) REPRESENTATION_ITEM('') );
#4219 = CARTESIAN_POINT('',(20.464024050968,64.7402670308));
#4220 = CARTESIAN_POINT('',(20.464024050968,65.770037064867));
#4221 = CARTESIAN_POINT('',(21.355831060527,65.255152047833));
#4222 = CARTESIAN_POINT('',(22.247638070085,64.7402670308));
#4223 = CARTESIAN_POINT('',(21.355831060527,64.225382013766));
#4224 = CARTESIAN_POINT('',(20.464024050968,63.710496996732));
#4225 = CARTESIAN_POINT('',(20.464024050968,64.7402670308));
#4226 = ( GEOMETRIC_REPRESENTATION_CONTEXT(2) 
PARAMETRIC_REPRESENTATION_CONTEXT() REPRESENTATION_CONTEXT('2D SPACE',''
  ) );
#4227 = PCURVE('',#4228,#4233);
#4228 = CYLINDRICAL_SURFACE('',#4229,0.594538006372);
#4229 = AXIS2_PLACEMENT_3D('',#4230,#4231,#4232);
#4230 = CARTESIAN_POINT('',(3.279308194672,38.23030040965,
    76.406357153694));
#4231 = DIRECTION('',(0.,1.,-2.22044604925E-16));
#4232 = DIRECTION('',(-1.,0.,0.));
#4233 = DEFINITIONAL_REPRESENTATION('',(#4234),#4238);
#4234 = LINE('',#4235,#4236);
#4235 = CARTESIAN_POINT('',(0.,-1.E-02));
#4236 = VECTOR('',#4237,1.);
#4237 = DIRECTION('',(1.,0.));
#4238 = ( GEOMETRIC_REPRESENTATION_CONTEXT(2) 
PARAMETRIC_REPRESENTATION_CONTEXT() REPRESENTATION_CONTEXT('2D SPACE',''
  ) );
#4239 = ORIENTED_EDGE('',*,*,#4240,.T.);
#4240 = EDGE_CURVE('',#4208,#4241,#4243,.T.);
#4241 = VERTEX_POINT('',#4242);
#4242 = CARTESIAN_POINT('',(-3.279308259184,38.22030040965,
    75.811819147322));
#4243 = SURFACE_CURVE('',#4244,(#4248,#4254),.PCURVE_S1.);
#4244 = LINE('',#4245,#4246);
#4245 = CARTESIAN_POINT('',(-10.52928106092,38.22030040965,
    75.811819147322));
#4246 = VECTOR('',#4247,1.);
#4247 = DIRECTION('',(-1.,0.,0.));
#4248 = PCURVE('',#90,#4249);
#4249 = DEFINITIONAL_REPRESENTATION('',(#4250),#4253);
#4250 = B_SPLINE_CURVE_WITH_KNOTS('',1,(#4251,#4252),.UNSPECIFIED.,.F.,
  .F.,(2,2),(-13.80858925559,-7.249972801742),.PIECEWISE_BEZIER_KNOTS.);
#4251 = CARTESIAN_POINT('',(21.05856205734,64.145729024427));
#4252 = CARTESIAN_POINT('',(14.499945603484,64.145729024427));
#4253 = ( GEOMETRIC_REPRESENTATION_CONTEXT(2) 
PARAMETRIC_REPRESENTATION_CONTEXT() REPRESENTATION_CONTEXT('2D SPACE',''
  ) );
#4254 = PCURVE('',#4255,#4260);
#4255 = PLANE('',#4256);
#4256 = AXIS2_PLACEMENT_3D('',#4257,#4258,#4259);
#4257 = CARTESIAN_POINT('',(-3.279308259184,38.23030040965,
    75.811819147322));
#4258 = DIRECTION('',(0.,2.22044604925E-16,1.));
#4259 = DIRECTION('',(1.,0.,0.));
#4260 = DEFINITIONAL_REPRESENTATION('',(#4261),#4264);
#4261 = B_SPLINE_CURVE_WITH_KNOTS('',1,(#4262,#4263),.UNSPECIFIED.,.F.,
  .F.,(2,2),(-13.80858925559,-7.249972801742),.PIECEWISE_BEZIER_KNOTS.);
#4262 = CARTESIAN_POINT('',(6.558616453856,-1.E-02));
#4263 = CARTESIAN_POINT('',(-8.881784197001E-16,-1.E-02));
#4264 = ( GEOMETRIC_REPRESENTATION_CONTEXT(2) 
PARAMETRIC_REPRESENTATION_CONTEXT() REPRESENTATION_CONTEXT('2D SPACE',''
  ) );
#4265 = ORIENTED_EDGE('',*,*,#4266,.T.);
#4266 = EDGE_CURVE('',#4241,#4064,#4267,.T.);
#4267 = SURFACE_CURVE('',#4268,(#4273,#4284),.PCURVE_S1.);
#4268 = CIRCLE('',#4269,0.594538006372);
#4269 = AXIS2_PLACEMENT_3D('',#4270,#4271,#4272);
#4270 = CARTESIAN_POINT('',(-3.279308259184,38.22030040965,
    76.406357153694));
#4271 = DIRECTION('',(0.,1.,-2.22044604925E-16));
#4272 = DIRECTION('',(-1.,0.,0.));
#4273 = PCURVE('',#90,#4274);
#4274 = DEFINITIONAL_REPRESENTATION('',(#4275),#4283);
#4275 = ( BOUNDED_CURVE() B_SPLINE_CURVE(2,(#4276,#4277,#4278,#4279,
#4280,#4281,#4282),.UNSPECIFIED.,.T.,.F.) B_SPLINE_CURVE_WITH_KNOTS((1,2
    ,2,2,2,1),(-2.094395102393,0.,2.094395102393,4.188790204786,
6.28318530718,8.377580409573),.UNSPECIFIED.) CURVE() 
GEOMETRIC_REPRESENTATION_ITEM() RATIONAL_B_SPLINE_CURVE((1.,0.5,1.,0.5,
1.,0.5,1.)) REPRESENTATION_ITEM('') );
#4276 = CARTESIAN_POINT('',(13.905407597112,64.7402670308));
#4277 = CARTESIAN_POINT('',(13.905407597112,65.770037064867));
#4278 = CARTESIAN_POINT('',(14.797214606671,65.255152047833));
#4279 = CARTESIAN_POINT('',(15.689021616229,64.7402670308));
#4280 = CARTESIAN_POINT('',(14.797214606671,64.225382013766));
#4281 = CARTESIAN_POINT('',(13.905407597112,63.710496996732));
#4282 = CARTESIAN_POINT('',(13.905407597112,64.7402670308));
#4283 = ( GEOMETRIC_REPRESENTATION_CONTEXT(2) 
PARAMETRIC_REPRESENTATION_CONTEXT() REPRESENTATION_CONTEXT('2D SPACE',''
  ) );
#4284 = PCURVE('',#4285,#4290);
#4285 = CYLINDRICAL_SURFACE('',#4286,0.594538006372);
#4286 = AXIS2_PLACEMENT_3D('',#4287,#4288,#4289);
#4287 = CARTESIAN_POINT('',(-3.279308259184,38.23030040965,
    76.406357153694));
#4288 = DIRECTION('',(0.,1.,-2.22044604925E-16));
#4289 = DIRECTION('',(-1.,0.,0.));
#4290 = DEFINITIONAL_REPRESENTATION('',(#4291),#4295);
#4291 = LINE('',#4292,#4293);
#4292 = CARTESIAN_POINT('',(0.,-1.E-02));
#4293 = VECTOR('',#4294,1.);
#4294 = DIRECTION('',(1.,0.));
#4295 = ( GEOMETRIC_REPRESENTATION_CONTEXT(2) 
PARAMETRIC_REPRESENTATION_CONTEXT() REPRESENTATION_CONTEXT('2D SPACE',''
  ) );
#4296 = FACE_BOUND('',#4297,.F.);
#4297 = EDGE_LOOP('',(#4298,#4326,#4359,#4385,#4418,#4444,#4477,#4503));
#4298 = ORIENTED_EDGE('',*,*,#4299,.F.);
#4299 = EDGE_CURVE('',#4300,#4302,#4304,.T.);
#4300 = VERTEX_POINT('',#4301);
#4301 = CARTESIAN_POINT('',(5.784861286039,38.22030040965,
    73.306266120467));
#4302 = VERTEX_POINT('',#4303);
#4303 = CARTESIAN_POINT('',(5.784861286039,38.22030040965,
    64.214216355636));
#4304 = SURFACE_CURVE('',#4305,(#4309,#4315),.PCURVE_S1.);
#4305 = LINE('',#4306,#4307);
#4306 = CARTESIAN_POINT('',(5.784861286039,38.22030040965,
    37.940153239266));
#4307 = VECTOR('',#4308,1.);
#4308 = DIRECTION('',(0.,-2.22044604925E-16,-1.));
#4309 = PCURVE('',#90,#4310);
#4310 = DEFINITIONAL_REPRESENTATION('',(#4311),#4314);
#4311 = B_SPLINE_CURVE_WITH_KNOTS('',1,(#4312,#4313),.UNSPECIFIED.,.F.,
  .F.,(2,2),(-35.3661128812,-26.27406311637),.PIECEWISE_BEZIER_KNOTS.);
#4312 = CARTESIAN_POINT('',(23.564115148708,61.640175997572));
#4313 = CARTESIAN_POINT('',(23.564115148708,52.548126232742));
#4314 = ( GEOMETRIC_REPRESENTATION_CONTEXT(2) 
PARAMETRIC_REPRESENTATION_CONTEXT() REPRESENTATION_CONTEXT('2D SPACE',''
  ) );
#4315 = PCURVE('',#4316,#4321);
#4316 = PLANE('',#4317);
#4317 = AXIS2_PLACEMENT_3D('',#4318,#4319,#4320);
#4318 = CARTESIAN_POINT('',(5.784861286039,38.23030040965,
    64.214216355636));
#4319 = DIRECTION('',(-1.,0.,0.));
#4320 = DIRECTION('',(0.,2.22044604925E-16,1.));
#4321 = DEFINITIONAL_REPRESENTATION('',(#4322),#4325);
#4322 = B_SPLINE_CURVE_WITH_KNOTS('',1,(#4323,#4324),.UNSPECIFIED.,.F.,
  .F.,(2,2),(-35.3661128812,-26.27406311637),.PIECEWISE_BEZIER_KNOTS.);
#4323 = CARTESIAN_POINT('',(9.092049764831,-1.E-02));
#4324 = CARTESIAN_POINT('',(0.,-1.E-02));
#4325 = ( GEOMETRIC_REPRESENTATION_CONTEXT(2) 
PARAMETRIC_REPRESENTATION_CONTEXT() REPRESENTATION_CONTEXT('2D SPACE',''
  ) );
#4326 = ORIENTED_EDGE('',*,*,#4327,.T.);
#4327 = EDGE_CURVE('',#4300,#4328,#4330,.T.);
#4328 = VERTEX_POINT('',#4329);
#4329 = CARTESIAN_POINT('',(6.379399292411,38.22030040965,73.90080412684
    ));
#4330 = SURFACE_CURVE('',#4331,(#4336,#4347),.PCURVE_S1.);
#4331 = CIRCLE('',#4332,0.594538006372);
#4332 = AXIS2_PLACEMENT_3D('',#4333,#4334,#4335);
#4333 = CARTESIAN_POINT('',(6.379399292411,38.22030040965,
    73.306266120467));
#4334 = DIRECTION('',(0.,1.,-2.22044604925E-16));
#4335 = DIRECTION('',(-1.,0.,0.));
#4336 = PCURVE('',#90,#4337);
#4337 = DEFINITIONAL_REPRESENTATION('',(#4338),#4346);
#4338 = ( BOUNDED_CURVE() B_SPLINE_CURVE(2,(#4339,#4340,#4341,#4342,
#4343,#4344,#4345),.UNSPECIFIED.,.T.,.F.) B_SPLINE_CURVE_WITH_KNOTS((1,2
    ,2,2,2,1),(-2.094395102393,0.,2.094395102393,4.188790204786,
6.28318530718,8.377580409573),.UNSPECIFIED.) CURVE() 
GEOMETRIC_REPRESENTATION_ITEM() RATIONAL_B_SPLINE_CURVE((1.,0.5,1.,0.5,
1.,0.5,1.)) REPRESENTATION_ITEM('') );
#4339 = CARTESIAN_POINT('',(23.564115148708,61.640175997572));
#4340 = CARTESIAN_POINT('',(23.564115148708,62.66994603164));
#4341 = CARTESIAN_POINT('',(24.455922158266,62.155061014606));
#4342 = CARTESIAN_POINT('',(25.347729167825,61.640175997572));
#4343 = CARTESIAN_POINT('',(24.455922158266,61.125290980539));
#4344 = CARTESIAN_POINT('',(23.564115148708,60.610405963505));
#4345 = CARTESIAN_POINT('',(23.564115148708,61.640175997572));
#4346 = ( GEOMETRIC_REPRESENTATION_CONTEXT(2) 
PARAMETRIC_REPRESENTATION_CONTEXT() REPRESENTATION_CONTEXT('2D SPACE',''
  ) );
#4347 = PCURVE('',#4348,#4353);
#4348 = CYLINDRICAL_SURFACE('',#4349,0.594538006372);
#4349 = AXIS2_PLACEMENT_3D('',#4350,#4351,#4352);
#4350 = CARTESIAN_POINT('',(6.379399292411,38.23030040965,
    73.306266120467));
#4351 = DIRECTION('',(0.,1.,-2.22044604925E-16));
#4352 = DIRECTION('',(-1.,0.,0.));
#4353 = DEFINITIONAL_REPRESENTATION('',(#4354),#4358);
#4354 = LINE('',#4355,#4356);
#4355 = CARTESIAN_POINT('',(0.,-1.E-02));
#4356 = VECTOR('',#4357,1.);
#4357 = DIRECTION('',(1.,0.));
#4358 = ( GEOMETRIC_REPRESENTATION_CONTEXT(2) 
PARAMETRIC_REPRESENTATION_CONTEXT() REPRESENTATION_CONTEXT('2D SPACE',''
  ) );
#4359 = ORIENTED_EDGE('',*,*,#4360,.F.);
#4360 = EDGE_CURVE('',#4361,#4328,#4363,.T.);
#4361 = VERTEX_POINT('',#4362);
#4362 = CARTESIAN_POINT('',(12.938015746267,38.22030040965,
    73.90080412684));
#4363 = SURFACE_CURVE('',#4364,(#4368,#4374),.PCURVE_S1.);
#4364 = LINE('',#4365,#4366);
#4365 = CARTESIAN_POINT('',(-5.699927285129,38.22030040965,
    73.90080412684));
#4366 = VECTOR('',#4367,1.);
#4367 = DIRECTION('',(-1.,0.,0.));
#4368 = PCURVE('',#90,#4369);
#4369 = DEFINITIONAL_REPRESENTATION('',(#4370),#4373);
#4370 = B_SPLINE_CURVE_WITH_KNOTS('',1,(#4371,#4372),.UNSPECIFIED.,.F.,
  .F.,(2,2),(-18.63794303139,-12.07932657754),.PIECEWISE_BEZIER_KNOTS.);
#4371 = CARTESIAN_POINT('',(30.717269608936,62.234714003945));
#4372 = CARTESIAN_POINT('',(24.15865315508,62.234714003945));
#4373 = ( GEOMETRIC_REPRESENTATION_CONTEXT(2) 
PARAMETRIC_REPRESENTATION_CONTEXT() REPRESENTATION_CONTEXT('2D SPACE',''
  ) );
#4374 = PCURVE('',#4375,#4380);
#4375 = PLANE('',#4376);
#4376 = AXIS2_PLACEMENT_3D('',#4377,#4378,#4379);
#4377 = CARTESIAN_POINT('',(6.379399292411,38.23030040965,73.90080412684
    ));
#4378 = DIRECTION('',(0.,2.22044604925E-16,1.));
#4379 = DIRECTION('',(1.,0.,0.));
#4380 = DEFINITIONAL_REPRESENTATION('',(#4381),#4384);
#4381 = B_SPLINE_CURVE_WITH_KNOTS('',1,(#4382,#4383),.UNSPECIFIED.,.F.,
  .F.,(2,2),(-18.63794303139,-12.07932657754),.PIECEWISE_BEZIER_KNOTS.);
#4382 = CARTESIAN_POINT('',(6.558616453856,-1.E-02));
#4383 = CARTESIAN_POINT('',(1.7763568394E-15,-1.E-02));
#4384 = ( GEOMETRIC_REPRESENTATION_CONTEXT(2) 
PARAMETRIC_REPRESENTATION_CONTEXT() REPRESENTATION_CONTEXT('2D SPACE',''
  ) );
#4385 = ORIENTED_EDGE('',*,*,#4386,.T.);
#4386 = EDGE_CURVE('',#4361,#4387,#4389,.T.);
#4387 = VERTEX_POINT('',#4388);
#4388 = CARTESIAN_POINT('',(13.532553784896,38.22030040965,
    73.306266120467));
#4389 = SURFACE_CURVE('',#4390,(#4395,#4406),.PCURVE_S1.);
#4390 = CIRCLE('',#4391,0.594538006372);
#4391 = AXIS2_PLACEMENT_3D('',#4392,#4393,#4394);
#4392 = CARTESIAN_POINT('',(12.938015746267,38.22030040965,
    73.306266120467));
#4393 = DIRECTION('',(0.,1.,-2.22044604925E-16));
#4394 = DIRECTION('',(-1.,0.,0.));
#4395 = PCURVE('',#90,#4396);
#4396 = DEFINITIONAL_REPRESENTATION('',(#4397),#4405);
#4397 = ( BOUNDED_CURVE() B_SPLINE_CURVE(2,(#4398,#4399,#4400,#4401,
#4402,#4403,#4404),.UNSPECIFIED.,.T.,.F.) B_SPLINE_CURVE_WITH_KNOTS((1,2
    ,2,2,2,1),(-2.094395102393,0.,2.094395102393,4.188790204786,
6.28318530718,8.377580409573),.UNSPECIFIED.) CURVE() 
GEOMETRIC_REPRESENTATION_ITEM() RATIONAL_B_SPLINE_CURVE((1.,0.5,1.,0.5,
1.,0.5,1.)) REPRESENTATION_ITEM('') );
#4398 = CARTESIAN_POINT('',(30.122731602564,61.640175997572));
#4399 = CARTESIAN_POINT('',(30.122731602564,62.66994603164));
#4400 = CARTESIAN_POINT('',(31.014538612122,62.155061014606));
#4401 = CARTESIAN_POINT('',(31.906345621681,61.640175997572));
#4402 = CARTESIAN_POINT('',(31.014538612122,61.125290980539));
#4403 = CARTESIAN_POINT('',(30.122731602564,60.610405963505));
#4404 = CARTESIAN_POINT('',(30.122731602564,61.640175997572));
#4405 = ( GEOMETRIC_REPRESENTATION_CONTEXT(2) 
PARAMETRIC_REPRESENTATION_CONTEXT() REPRESENTATION_CONTEXT('2D SPACE',''
  ) );
#4406 = PCURVE('',#4407,#4412);
#4407 = CYLINDRICAL_SURFACE('',#4408,0.594538006372);
#4408 = AXIS2_PLACEMENT_3D('',#4409,#4410,#4411);
#4409 = CARTESIAN_POINT('',(12.938015746267,38.23030040965,
    73.306266120467));
#4410 = DIRECTION('',(0.,1.,-2.22044604925E-16));
#4411 = DIRECTION('',(-1.,0.,0.));
#4412 = DEFINITIONAL_REPRESENTATION('',(#4413),#4417);
#4413 = LINE('',#4414,#4415);
#4414 = CARTESIAN_POINT('',(0.,-1.E-02));
#4415 = VECTOR('',#4416,1.);
#4416 = DIRECTION('',(1.,0.));
#4417 = ( GEOMETRIC_REPRESENTATION_CONTEXT(2) 
PARAMETRIC_REPRESENTATION_CONTEXT() REPRESENTATION_CONTEXT('2D SPACE',''
  ) );
#4418 = ORIENTED_EDGE('',*,*,#4419,.T.);
#4419 = EDGE_CURVE('',#4387,#4420,#4422,.T.);
#4420 = VERTEX_POINT('',#4421);
#4421 = CARTESIAN_POINT('',(13.532553784896,38.22030040965,
    64.214216355636));
#4422 = SURFACE_CURVE('',#4423,(#4427,#4433),.PCURVE_S1.);
#4423 = LINE('',#4424,#4425);
#4424 = CARTESIAN_POINT('',(13.532553817152,38.22030040965,
    37.940153239266));
#4425 = VECTOR('',#4426,1.);
#4426 = DIRECTION('',(0.,-2.22044604925E-16,-1.));
#4427 = PCURVE('',#90,#4428);
#4428 = DEFINITIONAL_REPRESENTATION('',(#4429),#4432);
#4429 = B_SPLINE_CURVE_WITH_KNOTS('',1,(#4430,#4431),.UNSPECIFIED.,.F.,
  .F.,(2,2),(-35.3661128812,-26.27406311637),.PIECEWISE_BEZIER_KNOTS.);
#4430 = CARTESIAN_POINT('',(31.311807679821,61.640175997572));
#4431 = CARTESIAN_POINT('',(31.311807679821,52.548126232742));
#4432 = ( GEOMETRIC_REPRESENTATION_CONTEXT(2) 
PARAMETRIC_REPRESENTATION_CONTEXT() REPRESENTATION_CONTEXT('2D SPACE',''
  ) );
#4433 = PCURVE('',#4434,#4439);
#4434 = PLANE('',#4435);
#4435 = AXIS2_PLACEMENT_3D('',#4436,#4437,#4438);
#4436 = CARTESIAN_POINT('',(13.532553817152,38.23030040965,
    64.214216355636));
#4437 = DIRECTION('',(-1.,0.,0.));
#4438 = DIRECTION('',(0.,2.22044604925E-16,1.));
#4439 = DEFINITIONAL_REPRESENTATION('',(#4440),#4443);
#4440 = B_SPLINE_CURVE_WITH_KNOTS('',1,(#4441,#4442),.UNSPECIFIED.,.F.,
  .F.,(2,2),(-35.3661128812,-26.27406311637),.PIECEWISE_BEZIER_KNOTS.);
#4441 = CARTESIAN_POINT('',(9.092049764831,-1.E-02));
#4442 = CARTESIAN_POINT('',(0.,-1.E-02));
#4443 = ( GEOMETRIC_REPRESENTATION_CONTEXT(2) 
PARAMETRIC_REPRESENTATION_CONTEXT() REPRESENTATION_CONTEXT('2D SPACE',''
  ) );
#4444 = ORIENTED_EDGE('',*,*,#4445,.T.);
#4445 = EDGE_CURVE('',#4420,#4446,#4448,.T.);
#4446 = VERTEX_POINT('',#4447);
#4447 = CARTESIAN_POINT('',(12.938015746267,38.22030040965,
    63.619678349264));
#4448 = SURFACE_CURVE('',#4449,(#4454,#4465),.PCURVE_S1.);
#4449 = CIRCLE('',#4450,0.594538006372);
#4450 = AXIS2_PLACEMENT_3D('',#4451,#4452,#4453);
#4451 = CARTESIAN_POINT('',(12.938015746267,38.22030040965,
    64.214216355636));
#4452 = DIRECTION('',(0.,1.,-2.22044604925E-16));
#4453 = DIRECTION('',(-1.,0.,0.));
#4454 = PCURVE('',#90,#4455);
#4455 = DEFINITIONAL_REPRESENTATION('',(#4456),#4464);
#4456 = ( BOUNDED_CURVE() B_SPLINE_CURVE(2,(#4457,#4458,#4459,#4460,
#4461,#4462,#4463),.UNSPECIFIED.,.T.,.F.) B_SPLINE_CURVE_WITH_KNOTS((1,2
    ,2,2,2,1),(-2.094395102393,0.,2.094395102393,4.188790204786,
6.28318530718,8.377580409573),.UNSPECIFIED.) CURVE() 
GEOMETRIC_REPRESENTATION_ITEM() RATIONAL_B_SPLINE_CURVE((1.,0.5,1.,0.5,
1.,0.5,1.)) REPRESENTATION_ITEM('') );
#4457 = CARTESIAN_POINT('',(30.122731602564,52.548126232742));
#4458 = CARTESIAN_POINT('',(30.122731602564,53.577896266809));
#4459 = CARTESIAN_POINT('',(31.014538612122,53.063011249775));
#4460 = CARTESIAN_POINT('',(31.906345621681,52.548126232742));
#4461 = CARTESIAN_POINT('',(31.014538612122,52.033241215708));
#4462 = CARTESIAN_POINT('',(30.122731602564,51.518356198674));
#4463 = CARTESIAN_POINT('',(30.122731602564,52.548126232742));
#4464 = ( GEOMETRIC_REPRESENTATION_CONTEXT(2) 
PARAMETRIC_REPRESENTATION_CONTEXT() REPRESENTATION_CONTEXT('2D SPACE',''
  ) );
#4465 = PCURVE('',#4466,#4471);
#4466 = CYLINDRICAL_SURFACE('',#4467,0.594538006372);
#4467 = AXIS2_PLACEMENT_3D('',#4468,#4469,#4470);
#4468 = CARTESIAN_POINT('',(12.938015746267,38.23030040965,
    64.214216355636));
#4469 = DIRECTION('',(0.,1.,-2.22044604925E-16));
#4470 = DIRECTION('',(-1.,0.,0.));
#4471 = DEFINITIONAL_REPRESENTATION('',(#4472),#4476);
#4472 = LINE('',#4473,#4474);
#4473 = CARTESIAN_POINT('',(0.,-1.E-02));
#4474 = VECTOR('',#4475,1.);
#4475 = DIRECTION('',(1.,0.));
#4476 = ( GEOMETRIC_REPRESENTATION_CONTEXT(2) 
PARAMETRIC_REPRESENTATION_CONTEXT() REPRESENTATION_CONTEXT('2D SPACE',''
  ) );
#4477 = ORIENTED_EDGE('',*,*,#4478,.T.);
#4478 = EDGE_CURVE('',#4446,#4479,#4481,.T.);
#4479 = VERTEX_POINT('',#4480);
#4480 = CARTESIAN_POINT('',(6.379399292411,38.22030040965,
    63.619678349264));
#4481 = SURFACE_CURVE('',#4482,(#4486,#4492),.PCURVE_S1.);
#4482 = LINE('',#4483,#4484);
#4483 = CARTESIAN_POINT('',(-5.699927285129,38.22030040965,
    63.619678349264));
#4484 = VECTOR('',#4485,1.);
#4485 = DIRECTION('',(-1.,0.,0.));
#4486 = PCURVE('',#90,#4487);
#4487 = DEFINITIONAL_REPRESENTATION('',(#4488),#4491);
#4488 = B_SPLINE_CURVE_WITH_KNOTS('',1,(#4489,#4490),.UNSPECIFIED.,.F.,
  .F.,(2,2),(-18.63794303139,-12.07932657754),.PIECEWISE_BEZIER_KNOTS.);
#4489 = CARTESIAN_POINT('',(30.717269608936,51.953588226369));
#4490 = CARTESIAN_POINT('',(24.15865315508,51.953588226369));
#4491 = ( GEOMETRIC_REPRESENTATION_CONTEXT(2) 
PARAMETRIC_REPRESENTATION_CONTEXT() REPRESENTATION_CONTEXT('2D SPACE',''
  ) );
#4492 = PCURVE('',#4493,#4498);
#4493 = PLANE('',#4494);
#4494 = AXIS2_PLACEMENT_3D('',#4495,#4496,#4497);
#4495 = CARTESIAN_POINT('',(6.379399292411,38.23030040965,
    63.619678349264));
#4496 = DIRECTION('',(0.,2.22044604925E-16,1.));
#4497 = DIRECTION('',(1.,0.,0.));
#4498 = DEFINITIONAL_REPRESENTATION('',(#4499),#4502);
#4499 = B_SPLINE_CURVE_WITH_KNOTS('',1,(#4500,#4501),.UNSPECIFIED.,.F.,
  .F.,(2,2),(-18.63794303139,-12.07932657754),.PIECEWISE_BEZIER_KNOTS.);
#4500 = CARTESIAN_POINT('',(6.558616453856,-1.E-02));
#4501 = CARTESIAN_POINT('',(1.7763568394E-15,-1.E-02));
#4502 = ( GEOMETRIC_REPRESENTATION_CONTEXT(2) 
PARAMETRIC_REPRESENTATION_CONTEXT() REPRESENTATION_CONTEXT('2D SPACE',''
  ) );
#4503 = ORIENTED_EDGE('',*,*,#4504,.T.);
#4504 = EDGE_CURVE('',#4479,#4302,#4505,.T.);
#4505 = SURFACE_CURVE('',#4506,(#4511,#4522),.PCURVE_S1.);
#4506 = CIRCLE('',#4507,0.594538006372);
#4507 = AXIS2_PLACEMENT_3D('',#4508,#4509,#4510);
#4508 = CARTESIAN_POINT('',(6.379399292411,38.22030040965,
    64.214216355636));
#4509 = DIRECTION('',(0.,1.,-2.22044604925E-16));
#4510 = DIRECTION('',(-1.,0.,0.));
#4511 = PCURVE('',#90,#4512);
#4512 = DEFINITIONAL_REPRESENTATION('',(#4513),#4521);
#4513 = ( BOUNDED_CURVE() B_SPLINE_CURVE(2,(#4514,#4515,#4516,#4517,
#4518,#4519,#4520),.UNSPECIFIED.,.T.,.F.) B_SPLINE_CURVE_WITH_KNOTS((1,2
    ,2,2,2,1),(-2.094395102393,0.,2.094395102393,4.188790204786,
6.28318530718,8.377580409573),.UNSPECIFIED.) CURVE() 
GEOMETRIC_REPRESENTATION_ITEM() RATIONAL_B_SPLINE_CURVE((1.,0.5,1.,0.5,
1.,0.5,1.)) REPRESENTATION_ITEM('') );
#4514 = CARTESIAN_POINT('',(23.564115148708,52.548126232742));
#4515 = CARTESIAN_POINT('',(23.564115148708,53.577896266809));
#4516 = CARTESIAN_POINT('',(24.455922158266,53.063011249775));
#4517 = CARTESIAN_POINT('',(25.347729167825,52.548126232742));
#4518 = CARTESIAN_POINT('',(24.455922158266,52.033241215708));
#4519 = CARTESIAN_POINT('',(23.564115148708,51.518356198674));
#4520 = CARTESIAN_POINT('',(23.564115148708,52.548126232742));
#4521 = ( GEOMETRIC_REPRESENTATION_CONTEXT(2) 
PARAMETRIC_REPRESENTATION_CONTEXT() REPRESENTATION_CONTEXT('2D SPACE',''
  ) );
#4522 = PCURVE('',#4523,#4528);
#4523 = CYLINDRICAL_SURFACE('',#4524,0.594538006372);
#4524 = AXIS2_PLACEMENT_3D('',#4525,#4526,#4527);
#4525 = CARTESIAN_POINT('',(6.379399292411,38.23030040965,
    64.214216355636));
#4526 = DIRECTION('',(0.,1.,-2.22044604925E-16));
#4527 = DIRECTION('',(-1.,0.,0.));
#4528 = DEFINITIONAL_REPRESENTATION('',(#4529),#4533);
#4529 = LINE('',#4530,#4531);
#4530 = CARTESIAN_POINT('',(0.,-1.E-02));
#4531 = VECTOR('',#4532,1.);
#4532 = DIRECTION('',(1.,0.));
#4533 = ( GEOMETRIC_REPRESENTATION_CONTEXT(2) 
PARAMETRIC_REPRESENTATION_CONTEXT() REPRESENTATION_CONTEXT('2D SPACE',''
  ) );
#4534 = FACE_BOUND('',#4535,.F.);
#4535 = EDGE_LOOP('',(#4536,#4564,#4597,#4623,#4656,#4682,#4715,#4741));
#4536 = ORIENTED_EDGE('',*,*,#4537,.F.);
#4537 = EDGE_CURVE('',#4538,#4540,#4542,.T.);
#4538 = VERTEX_POINT('',#4539);
#4539 = CARTESIAN_POINT('',(5.784861286039,38.22030040965,
    85.498406918525));
#4540 = VERTEX_POINT('',#4541);
#4541 = CARTESIAN_POINT('',(5.784861286039,38.22030040965,
    76.406357153694));
#4542 = SURFACE_CURVE('',#4543,(#4547,#4553),.PCURVE_S1.);
#4543 = LINE('',#4544,#4545);
#4544 = CARTESIAN_POINT('',(5.784861286039,38.22030040965,
    44.036223638295));
#4545 = VECTOR('',#4546,1.);
#4546 = DIRECTION('',(0.,-2.22044604925E-16,-1.));
#4547 = PCURVE('',#90,#4548);
#4548 = DEFINITIONAL_REPRESENTATION('',(#4549),#4552);
#4549 = B_SPLINE_CURVE_WITH_KNOTS('',1,(#4550,#4551),.UNSPECIFIED.,.F.,
  .F.,(2,2),(-41.46218328023,-32.3701335154),.PIECEWISE_BEZIER_KNOTS.);
#4550 = CARTESIAN_POINT('',(23.564115148708,73.83231679563));
#4551 = CARTESIAN_POINT('',(23.564115148708,64.7402670308));
#4552 = ( GEOMETRIC_REPRESENTATION_CONTEXT(2) 
PARAMETRIC_REPRESENTATION_CONTEXT() REPRESENTATION_CONTEXT('2D SPACE',''
  ) );
#4553 = PCURVE('',#4554,#4559);
#4554 = PLANE('',#4555);
#4555 = AXIS2_PLACEMENT_3D('',#4556,#4557,#4558);
#4556 = CARTESIAN_POINT('',(5.784861286039,38.23030040965,
    76.406357153694));
#4557 = DIRECTION('',(-1.,0.,0.));
#4558 = DIRECTION('',(0.,2.22044604925E-16,1.));
#4559 = DEFINITIONAL_REPRESENTATION('',(#4560),#4563);
#4560 = B_SPLINE_CURVE_WITH_KNOTS('',1,(#4561,#4562),.UNSPECIFIED.,.F.,
  .F.,(2,2),(-41.46218328023,-32.3701335154),.PIECEWISE_BEZIER_KNOTS.);
#4561 = CARTESIAN_POINT('',(9.092049764831,-1.E-02));
#4562 = CARTESIAN_POINT('',(-7.105427357601E-15,-1.E-02));
#4563 = ( GEOMETRIC_REPRESENTATION_CONTEXT(2) 
PARAMETRIC_REPRESENTATION_CONTEXT() REPRESENTATION_CONTEXT('2D SPACE',''
  ) );
#4564 = ORIENTED_EDGE('',*,*,#4565,.T.);
#4565 = EDGE_CURVE('',#4538,#4566,#4568,.T.);
#4566 = VERTEX_POINT('',#4567);
#4567 = CARTESIAN_POINT('',(6.379399292411,38.22030040965,
    86.092944924898));
#4568 = SURFACE_CURVE('',#4569,(#4574,#4585),.PCURVE_S1.);
#4569 = CIRCLE('',#4570,0.594538006372);
#4570 = AXIS2_PLACEMENT_3D('',#4571,#4572,#4573);
#4571 = CARTESIAN_POINT('',(6.379399292411,38.22030040965,
    85.498406918525));
#4572 = DIRECTION('',(0.,1.,-2.22044604925E-16));
#4573 = DIRECTION('',(-1.,0.,0.));
#4574 = PCURVE('',#90,#4575);
#4575 = DEFINITIONAL_REPRESENTATION('',(#4576),#4584);
#4576 = ( BOUNDED_CURVE() B_SPLINE_CURVE(2,(#4577,#4578,#4579,#4580,
#4581,#4582,#4583),.UNSPECIFIED.,.T.,.F.) B_SPLINE_CURVE_WITH_KNOTS((1,2
    ,2,2,2,1),(-2.094395102393,0.,2.094395102393,4.188790204786,
6.28318530718,8.377580409573),.UNSPECIFIED.) CURVE() 
GEOMETRIC_REPRESENTATION_ITEM() RATIONAL_B_SPLINE_CURVE((1.,0.5,1.,0.5,
1.,0.5,1.)) REPRESENTATION_ITEM('') );
#4577 = CARTESIAN_POINT('',(23.564115148708,73.83231679563));
#4578 = CARTESIAN_POINT('',(23.564115148708,74.862086829698));
#4579 = CARTESIAN_POINT('',(24.455922158266,74.347201812664));
#4580 = CARTESIAN_POINT('',(25.347729167825,73.83231679563));
#4581 = CARTESIAN_POINT('',(24.455922158266,73.317431778597));
#4582 = CARTESIAN_POINT('',(23.564115148708,72.802546761563));
#4583 = CARTESIAN_POINT('',(23.564115148708,73.83231679563));
#4584 = ( GEOMETRIC_REPRESENTATION_CONTEXT(2) 
PARAMETRIC_REPRESENTATION_CONTEXT() REPRESENTATION_CONTEXT('2D SPACE',''
  ) );
#4585 = PCURVE('',#4586,#4591);
#4586 = CYLINDRICAL_SURFACE('',#4587,0.594538006372);
#4587 = AXIS2_PLACEMENT_3D('',#4588,#4589,#4590);
#4588 = CARTESIAN_POINT('',(6.379399292411,38.23030040965,
    85.498406918525));
#4589 = DIRECTION('',(0.,1.,-2.22044604925E-16));
#4590 = DIRECTION('',(-1.,0.,0.));
#4591 = DEFINITIONAL_REPRESENTATION('',(#4592),#4596);
#4592 = LINE('',#4593,#4594);
#4593 = CARTESIAN_POINT('',(0.,-1.E-02));
#4594 = VECTOR('',#4595,1.);
#4595 = DIRECTION('',(1.,0.));
#4596 = ( GEOMETRIC_REPRESENTATION_CONTEXT(2) 
PARAMETRIC_REPRESENTATION_CONTEXT() REPRESENTATION_CONTEXT('2D SPACE',''
  ) );
#4597 = ORIENTED_EDGE('',*,*,#4598,.F.);
#4598 = EDGE_CURVE('',#4599,#4566,#4601,.T.);
#4599 = VERTEX_POINT('',#4600);
#4600 = CARTESIAN_POINT('',(12.938015746267,38.22030040965,
    86.092944924898));
#4601 = SURFACE_CURVE('',#4602,(#4606,#4612),.PCURVE_S1.);
#4602 = LINE('',#4603,#4604);
#4603 = CARTESIAN_POINT('',(-5.699927285129,38.22030040965,
    86.092944924898));
#4604 = VECTOR('',#4605,1.);
#4605 = DIRECTION('',(-1.,0.,0.));
#4606 = PCURVE('',#90,#4607);
#4607 = DEFINITIONAL_REPRESENTATION('',(#4608),#4611);
#4608 = B_SPLINE_CURVE_WITH_KNOTS('',1,(#4609,#4610),.UNSPECIFIED.,.F.,
  .F.,(2,2),(-18.63794303139,-12.07932657754),.PIECEWISE_BEZIER_KNOTS.);
#4609 = CARTESIAN_POINT('',(30.717269608936,74.426854802003));
#4610 = CARTESIAN_POINT('',(24.15865315508,74.426854802003));
#4611 = ( GEOMETRIC_REPRESENTATION_CONTEXT(2) 
PARAMETRIC_REPRESENTATION_CONTEXT() REPRESENTATION_CONTEXT('2D SPACE',''
  ) );
#4612 = PCURVE('',#4613,#4618);
#4613 = PLANE('',#4614);
#4614 = AXIS2_PLACEMENT_3D('',#4615,#4616,#4617);
#4615 = CARTESIAN_POINT('',(6.379399292411,38.23030040965,
    86.092944924898));
#4616 = DIRECTION('',(0.,2.22044604925E-16,1.));
#4617 = DIRECTION('',(1.,0.,0.));
#4618 = DEFINITIONAL_REPRESENTATION('',(#4619),#4622);
#4619 = B_SPLINE_CURVE_WITH_KNOTS('',1,(#4620,#4621),.UNSPECIFIED.,.F.,
  .F.,(2,2),(-18.63794303139,-12.07932657754),.PIECEWISE_BEZIER_KNOTS.);
#4620 = CARTESIAN_POINT('',(6.558616453856,-1.E-02));
#4621 = CARTESIAN_POINT('',(1.7763568394E-15,-1.E-02));
#4622 = ( GEOMETRIC_REPRESENTATION_CONTEXT(2) 
PARAMETRIC_REPRESENTATION_CONTEXT() REPRESENTATION_CONTEXT('2D SPACE',''
  ) );
#4623 = ORIENTED_EDGE('',*,*,#4624,.T.);
#4624 = EDGE_CURVE('',#4599,#4625,#4627,.T.);
#4625 = VERTEX_POINT('',#4626);
#4626 = CARTESIAN_POINT('',(13.532553784896,38.22030040965,
    85.498406918525));
#4627 = SURFACE_CURVE('',#4628,(#4633,#4644),.PCURVE_S1.);
#4628 = CIRCLE('',#4629,0.594538006372);
#4629 = AXIS2_PLACEMENT_3D('',#4630,#4631,#4632);
#4630 = CARTESIAN_POINT('',(12.938015746267,38.22030040965,
    85.498406918525));
#4631 = DIRECTION('',(0.,1.,-2.22044604925E-16));
#4632 = DIRECTION('',(-1.,0.,0.));
#4633 = PCURVE('',#90,#4634);
#4634 = DEFINITIONAL_REPRESENTATION('',(#4635),#4643);
#4635 = ( BOUNDED_CURVE() B_SPLINE_CURVE(2,(#4636,#4637,#4638,#4639,
#4640,#4641,#4642),.UNSPECIFIED.,.T.,.F.) B_SPLINE_CURVE_WITH_KNOTS((1,2
    ,2,2,2,1),(-2.094395102393,0.,2.094395102393,4.188790204786,
6.28318530718,8.377580409573),.UNSPECIFIED.) CURVE() 
GEOMETRIC_REPRESENTATION_ITEM() RATIONAL_B_SPLINE_CURVE((1.,0.5,1.,0.5,
1.,0.5,1.)) REPRESENTATION_ITEM('') );
#4636 = CARTESIAN_POINT('',(30.122731602564,73.83231679563));
#4637 = CARTESIAN_POINT('',(30.122731602564,74.862086829698));
#4638 = CARTESIAN_POINT('',(31.014538612122,74.347201812664));
#4639 = CARTESIAN_POINT('',(31.906345621681,73.83231679563));
#4640 = CARTESIAN_POINT('',(31.014538612122,73.317431778597));
#4641 = CARTESIAN_POINT('',(30.122731602564,72.802546761563));
#4642 = CARTESIAN_POINT('',(30.122731602564,73.83231679563));
#4643 = ( GEOMETRIC_REPRESENTATION_CONTEXT(2) 
PARAMETRIC_REPRESENTATION_CONTEXT() REPRESENTATION_CONTEXT('2D SPACE',''
  ) );
#4644 = PCURVE('',#4645,#4650);
#4645 = CYLINDRICAL_SURFACE('',#4646,0.594538006372);
#4646 = AXIS2_PLACEMENT_3D('',#4647,#4648,#4649);
#4647 = CARTESIAN_POINT('',(12.938015746267,38.23030040965,
    85.498406918525));
#4648 = DIRECTION('',(0.,1.,-2.22044604925E-16));
#4649 = DIRECTION('',(-1.,0.,0.));
#4650 = DEFINITIONAL_REPRESENTATION('',(#4651),#4655);
#4651 = LINE('',#4652,#4653);
#4652 = CARTESIAN_POINT('',(0.,-1.E-02));
#4653 = VECTOR('',#4654,1.);
#4654 = DIRECTION('',(1.,0.));
#4655 = ( GEOMETRIC_REPRESENTATION_CONTEXT(2) 
PARAMETRIC_REPRESENTATION_CONTEXT() REPRESENTATION_CONTEXT('2D SPACE',''
  ) );
#4656 = ORIENTED_EDGE('',*,*,#4657,.T.);
#4657 = EDGE_CURVE('',#4625,#4658,#4660,.T.);
#4658 = VERTEX_POINT('',#4659);
#4659 = CARTESIAN_POINT('',(13.532553784896,38.22030040965,
    76.406357153694));
#4660 = SURFACE_CURVE('',#4661,(#4665,#4671),.PCURVE_S1.);
#4661 = LINE('',#4662,#4663);
#4662 = CARTESIAN_POINT('',(13.532553817152,38.22030040965,
    44.036223638295));
#4663 = VECTOR('',#4664,1.);
#4664 = DIRECTION('',(0.,-2.22044604925E-16,-1.));
#4665 = PCURVE('',#90,#4666);
#4666 = DEFINITIONAL_REPRESENTATION('',(#4667),#4670);
#4667 = B_SPLINE_CURVE_WITH_KNOTS('',1,(#4668,#4669),.UNSPECIFIED.,.F.,
  .F.,(2,2),(-41.46218328023,-32.3701335154),.PIECEWISE_BEZIER_KNOTS.);
#4668 = CARTESIAN_POINT('',(31.311807679821,73.83231679563));
#4669 = CARTESIAN_POINT('',(31.311807679821,64.7402670308));
#4670 = ( GEOMETRIC_REPRESENTATION_CONTEXT(2) 
PARAMETRIC_REPRESENTATION_CONTEXT() REPRESENTATION_CONTEXT('2D SPACE',''
  ) );
#4671 = PCURVE('',#4672,#4677);
#4672 = PLANE('',#4673);
#4673 = AXIS2_PLACEMENT_3D('',#4674,#4675,#4676);
#4674 = CARTESIAN_POINT('',(13.532553817152,38.23030040965,
    76.406357153694));
#4675 = DIRECTION('',(-1.,0.,0.));
#4676 = DIRECTION('',(0.,2.22044604925E-16,1.));
#4677 = DEFINITIONAL_REPRESENTATION('',(#4678),#4681);
#4678 = B_SPLINE_CURVE_WITH_KNOTS('',1,(#4679,#4680),.UNSPECIFIED.,.F.,
  .F.,(2,2),(-41.46218328023,-32.3701335154),.PIECEWISE_BEZIER_KNOTS.);
#4679 = CARTESIAN_POINT('',(9.092049764831,-1.E-02));
#4680 = CARTESIAN_POINT('',(-7.105427357601E-15,-1.E-02));
#4681 = ( GEOMETRIC_REPRESENTATION_CONTEXT(2) 
PARAMETRIC_REPRESENTATION_CONTEXT() REPRESENTATION_CONTEXT('2D SPACE',''
  ) );
#4682 = ORIENTED_EDGE('',*,*,#4683,.T.);
#4683 = EDGE_CURVE('',#4658,#4684,#4686,.T.);
#4684 = VERTEX_POINT('',#4685);
#4685 = CARTESIAN_POINT('',(12.938015746267,38.22030040965,
    75.811819147322));
#4686 = SURFACE_CURVE('',#4687,(#4692,#4703),.PCURVE_S1.);
#4687 = CIRCLE('',#4688,0.594538006372);
#4688 = AXIS2_PLACEMENT_3D('',#4689,#4690,#4691);
#4689 = CARTESIAN_POINT('',(12.938015746267,38.22030040965,
    76.406357153694));
#4690 = DIRECTION('',(0.,1.,-2.22044604925E-16));
#4691 = DIRECTION('',(-1.,0.,0.));
#4692 = PCURVE('',#90,#4693);
#4693 = DEFINITIONAL_REPRESENTATION('',(#4694),#4702);
#4694 = ( BOUNDED_CURVE() B_SPLINE_CURVE(2,(#4695,#4696,#4697,#4698,
#4699,#4700,#4701),.UNSPECIFIED.,.T.,.F.) B_SPLINE_CURVE_WITH_KNOTS((1,2
    ,2,2,2,1),(-2.094395102393,0.,2.094395102393,4.188790204786,
6.28318530718,8.377580409573),.UNSPECIFIED.) CURVE() 
GEOMETRIC_REPRESENTATION_ITEM() RATIONAL_B_SPLINE_CURVE((1.,0.5,1.,0.5,
1.,0.5,1.)) REPRESENTATION_ITEM('') );
#4695 = CARTESIAN_POINT('',(30.122731602564,64.7402670308));
#4696 = CARTESIAN_POINT('',(30.122731602564,65.770037064867));
#4697 = CARTESIAN_POINT('',(31.014538612122,65.255152047833));
#4698 = CARTESIAN_POINT('',(31.906345621681,64.7402670308));
#4699 = CARTESIAN_POINT('',(31.014538612122,64.225382013766));
#4700 = CARTESIAN_POINT('',(30.122731602564,63.710496996732));
#4701 = CARTESIAN_POINT('',(30.122731602564,64.7402670308));
#4702 = ( GEOMETRIC_REPRESENTATION_CONTEXT(2) 
PARAMETRIC_REPRESENTATION_CONTEXT() REPRESENTATION_CONTEXT('2D SPACE',''
  ) );
#4703 = PCURVE('',#4704,#4709);
#4704 = CYLINDRICAL_SURFACE('',#4705,0.594538006372);
#4705 = AXIS2_PLACEMENT_3D('',#4706,#4707,#4708);
#4706 = CARTESIAN_POINT('',(12.938015746267,38.23030040965,
    76.406357153694));
#4707 = DIRECTION('',(0.,1.,-2.22044604925E-16));
#4708 = DIRECTION('',(-1.,0.,0.));
#4709 = DEFINITIONAL_REPRESENTATION('',(#4710),#4714);
#4710 = LINE('',#4711,#4712);
#4711 = CARTESIAN_POINT('',(0.,-1.E-02));
#4712 = VECTOR('',#4713,1.);
#4713 = DIRECTION('',(1.,0.));
#4714 = ( GEOMETRIC_REPRESENTATION_CONTEXT(2) 
PARAMETRIC_REPRESENTATION_CONTEXT() REPRESENTATION_CONTEXT('2D SPACE',''
  ) );
#4715 = ORIENTED_EDGE('',*,*,#4716,.T.);
#4716 = EDGE_CURVE('',#4684,#4717,#4719,.T.);
#4717 = VERTEX_POINT('',#4718);
#4718 = CARTESIAN_POINT('',(6.379399292411,38.22030040965,
    75.811819147322));
#4719 = SURFACE_CURVE('',#4720,(#4724,#4730),.PCURVE_S1.);
#4720 = LINE('',#4721,#4722);
#4721 = CARTESIAN_POINT('',(-5.699927285129,38.22030040965,
    75.811819147322));
#4722 = VECTOR('',#4723,1.);
#4723 = DIRECTION('',(-1.,0.,0.));
#4724 = PCURVE('',#90,#4725);
#4725 = DEFINITIONAL_REPRESENTATION('',(#4726),#4729);
#4726 = B_SPLINE_CURVE_WITH_KNOTS('',1,(#4727,#4728),.UNSPECIFIED.,.F.,
  .F.,(2,2),(-18.63794303139,-12.07932657754),.PIECEWISE_BEZIER_KNOTS.);
#4727 = CARTESIAN_POINT('',(30.717269608936,64.145729024427));
#4728 = CARTESIAN_POINT('',(24.15865315508,64.145729024427));
#4729 = ( GEOMETRIC_REPRESENTATION_CONTEXT(2) 
PARAMETRIC_REPRESENTATION_CONTEXT() REPRESENTATION_CONTEXT('2D SPACE',''
  ) );
#4730 = PCURVE('',#4731,#4736);
#4731 = PLANE('',#4732);
#4732 = AXIS2_PLACEMENT_3D('',#4733,#4734,#4735);
#4733 = CARTESIAN_POINT('',(6.379399292411,38.23030040965,
    75.811819147322));
#4734 = DIRECTION('',(0.,2.22044604925E-16,1.));
#4735 = DIRECTION('',(1.,0.,0.));
#4736 = DEFINITIONAL_REPRESENTATION('',(#4737),#4740);
#4737 = B_SPLINE_CURVE_WITH_KNOTS('',1,(#4738,#4739),.UNSPECIFIED.,.F.,
  .F.,(2,2),(-18.63794303139,-12.07932657754),.PIECEWISE_BEZIER_KNOTS.);
#4738 = CARTESIAN_POINT('',(6.558616453856,-1.E-02));
#4739 = CARTESIAN_POINT('',(1.7763568394E-15,-1.E-02));
#4740 = ( GEOMETRIC_REPRESENTATION_CONTEXT(2) 
PARAMETRIC_REPRESENTATION_CONTEXT() REPRESENTATION_CONTEXT('2D SPACE',''
  ) );
#4741 = ORIENTED_EDGE('',*,*,#4742,.T.);
#4742 = EDGE_CURVE('',#4717,#4540,#4743,.T.);
#4743 = SURFACE_CURVE('',#4744,(#4749,#4760),.PCURVE_S1.);
#4744 = CIRCLE('',#4745,0.594538006372);
#4745 = AXIS2_PLACEMENT_3D('',#4746,#4747,#4748);
#4746 = CARTESIAN_POINT('',(6.379399292411,38.22030040965,
    76.406357153694));
#4747 = DIRECTION('',(0.,1.,-2.22044604925E-16));
#4748 = DIRECTION('',(-1.,0.,0.));
#4749 = PCURVE('',#90,#4750);
#4750 = DEFINITIONAL_REPRESENTATION('',(#4751),#4759);
#4751 = ( BOUNDED_CURVE() B_SPLINE_CURVE(2,(#4752,#4753,#4754,#4755,
#4756,#4757,#4758),.UNSPECIFIED.,.T.,.F.) B_SPLINE_CURVE_WITH_KNOTS((1,2
    ,2,2,2,1),(-2.094395102393,0.,2.094395102393,4.188790204786,
6.28318530718,8.377580409573),.UNSPECIFIED.) CURVE() 
GEOMETRIC_REPRESENTATION_ITEM() RATIONAL_B_SPLINE_CURVE((1.,0.5,1.,0.5,
1.,0.5,1.)) REPRESENTATION_ITEM('') );
#4752 = CARTESIAN_POINT('',(23.564115148708,64.7402670308));
#4753 = CARTESIAN_POINT('',(23.564115148708,65.770037064867));
#4754 = CARTESIAN_POINT('',(24.455922158266,65.255152047833));
#4755 = CARTESIAN_POINT('',(25.347729167825,64.7402670308));
#4756 = CARTESIAN_POINT('',(24.455922158266,64.225382013766));
#4757 = CARTESIAN_POINT('',(23.564115148708,63.710496996732));
#4758 = CARTESIAN_POINT('',(23.564115148708,64.7402670308));
#4759 = ( GEOMETRIC_REPRESENTATION_CONTEXT(2) 
PARAMETRIC_REPRESENTATION_CONTEXT() REPRESENTATION_CONTEXT('2D SPACE',''
  ) );
#4760 = PCURVE('',#4761,#4766);
#4761 = CYLINDRICAL_SURFACE('',#4762,0.594538006372);
#4762 = AXIS2_PLACEMENT_3D('',#4763,#4764,#4765);
#4763 = CARTESIAN_POINT('',(6.379399292411,38.23030040965,
    76.406357153694));
#4764 = DIRECTION('',(0.,1.,-2.22044604925E-16));
#4765 = DIRECTION('',(-1.,0.,0.));
#4766 = DEFINITIONAL_REPRESENTATION('',(#4767),#4771);
#4767 = LINE('',#4768,#4769);
#4768 = CARTESIAN_POINT('',(0.,-1.E-02));
#4769 = VECTOR('',#4770,1.);
#4770 = DIRECTION('',(1.,0.));
#4771 = ( GEOMETRIC_REPRESENTATION_CONTEXT(2) 
PARAMETRIC_REPRESENTATION_CONTEXT() REPRESENTATION_CONTEXT('2D SPACE',''
  ) );
#4772 = ADVANCED_FACE('',(#4773),#220,.T.);
#4773 = FACE_BOUND('',#4774,.T.);
#4774 = EDGE_LOOP('',(#4775,#4776,#4777,#4778));
#4775 = ORIENTED_EDGE('',*,*,#206,.F.);
#4776 = ORIENTED_EDGE('',*,*,#467,.T.);
#4777 = ORIENTED_EDGE('',*,*,#371,.T.);
#4778 = ORIENTED_EDGE('',*,*,#299,.F.);
#4779 = ADVANCED_FACE('',(#4780),#251,.F.);
#4780 = FACE_BOUND('',#4781,.F.);
#4781 = EDGE_LOOP('',(#4782,#4811,#4832,#4833));
#4782 = ORIENTED_EDGE('',*,*,#4783,.F.);
#4783 = EDGE_CURVE('',#4784,#4784,#4786,.T.);
#4784 = VERTEX_POINT('',#4785);
#4785 = CARTESIAN_POINT('',(-7.264626931334,35.79530040965,
    13.566090122895));
#4786 = SURFACE_CURVE('',#4787,(#4792,#4799),.PCURVE_S1.);
#4787 = CIRCLE('',#4788,1.625);
#4788 = AXIS2_PLACEMENT_3D('',#4789,#4790,#4791);
#4789 = CARTESIAN_POINT('',(-8.889626931334,35.79530040965,
    13.566090122895));
#4790 = DIRECTION('',(0.,0.,1.));
#4791 = DIRECTION('',(1.,0.,-0.));
#4792 = PCURVE('',#251,#4793);
#4793 = DEFINITIONAL_REPRESENTATION('',(#4794),#4798);
#4794 = LINE('',#4795,#4796);
#4795 = CARTESIAN_POINT('',(0.,1.9));
#4796 = VECTOR('',#4797,1.);
#4797 = DIRECTION('',(1.,0.));
#4798 = ( GEOMETRIC_REPRESENTATION_CONTEXT(2) 
PARAMETRIC_REPRESENTATION_CONTEXT() REPRESENTATION_CONTEXT('2D SPACE',''
  ) );
#4799 = PCURVE('',#4800,#4805);
#4800 = PLANE('',#4801);
#4801 = AXIS2_PLACEMENT_3D('',#4802,#4803,#4804);
#4802 = CARTESIAN_POINT('',(-8.889626931334,35.79530040965,
    13.566090122895));
#4803 = DIRECTION('',(0.,0.,1.));
#4804 = DIRECTION('',(1.,0.,-0.));
#4805 = DEFINITIONAL_REPRESENTATION('',(#4806),#4810);
#4806 = CIRCLE('',#4807,1.625);
#4807 = AXIS2_PLACEMENT_2D('',#4808,#4809);
#4808 = CARTESIAN_POINT('',(0.,0.));
#4809 = DIRECTION('',(1.,0.));
#4810 = ( GEOMETRIC_REPRESENTATION_CONTEXT(2) 
PARAMETRIC_REPRESENTATION_CONTEXT() REPRESENTATION_CONTEXT('2D SPACE',''
  ) );
#4811 = ORIENTED_EDGE('',*,*,#4812,.F.);
#4812 = EDGE_CURVE('',#235,#4784,#4813,.T.);
#4813 = SEAM_CURVE('',#4814,(#4818,#4825),.PCURVE_S1.);
#4814 = LINE('',#4815,#4816);
#4815 = CARTESIAN_POINT('',(-7.264626931334,35.79530040965,
    11.666090122895));
#4816 = VECTOR('',#4817,1.);
#4817 = DIRECTION('',(0.,0.,1.));
#4818 = PCURVE('',#251,#4819);
#4819 = DEFINITIONAL_REPRESENTATION('',(#4820),#4824);
#4820 = LINE('',#4821,#4822);
#4821 = CARTESIAN_POINT('',(6.28318530718,-0.));
#4822 = VECTOR('',#4823,1.);
#4823 = DIRECTION('',(0.,1.));
#4824 = ( GEOMETRIC_REPRESENTATION_CONTEXT(2) 
PARAMETRIC_REPRESENTATION_CONTEXT() REPRESENTATION_CONTEXT('2D SPACE',''
  ) );
#4825 = PCURVE('',#251,#4826);
#4826 = DEFINITIONAL_REPRESENTATION('',(#4827),#4831);
#4827 = LINE('',#4828,#4829);
#4828 = CARTESIAN_POINT('',(0.,-0.));
#4829 = VECTOR('',#4830,1.);
#4830 = DIRECTION('',(0.,1.));
#4831 = ( GEOMETRIC_REPRESENTATION_CONTEXT(2) 
PARAMETRIC_REPRESENTATION_CONTEXT() REPRESENTATION_CONTEXT('2D SPACE',''
  ) );
#4832 = ORIENTED_EDGE('',*,*,#234,.T.);
#4833 = ORIENTED_EDGE('',*,*,#4812,.T.);
#4834 = ADVANCED_FACE('',(#4835),#282,.F.);
#4835 = FACE_BOUND('',#4836,.F.);
#4836 = EDGE_LOOP('',(#4837,#4866,#4887,#4888));
#4837 = ORIENTED_EDGE('',*,*,#4838,.F.);
#4838 = EDGE_CURVE('',#4839,#4839,#4841,.T.);
#4839 = VERTEX_POINT('',#4840);
#4840 = CARTESIAN_POINT('',(10.514626931334,35.79530040965,
    13.566090122895));
#4841 = SURFACE_CURVE('',#4842,(#4847,#4854),.PCURVE_S1.);
#4842 = CIRCLE('',#4843,1.625);
#4843 = AXIS2_PLACEMENT_3D('',#4844,#4845,#4846);
#4844 = CARTESIAN_POINT('',(8.889626931334,35.79530040965,
    13.566090122895));
#4845 = DIRECTION('',(0.,0.,1.));
#4846 = DIRECTION('',(1.,0.,-0.));
#4847 = PCURVE('',#282,#4848);
#4848 = DEFINITIONAL_REPRESENTATION('',(#4849),#4853);
#4849 = LINE('',#4850,#4851);
#4850 = CARTESIAN_POINT('',(0.,1.9));
#4851 = VECTOR('',#4852,1.);
#4852 = DIRECTION('',(1.,0.));
#4853 = ( GEOMETRIC_REPRESENTATION_CONTEXT(2) 
PARAMETRIC_REPRESENTATION_CONTEXT() REPRESENTATION_CONTEXT('2D SPACE',''
  ) );
#4854 = PCURVE('',#4855,#4860);
#4855 = PLANE('',#4856);
#4856 = AXIS2_PLACEMENT_3D('',#4857,#4858,#4859);
#4857 = CARTESIAN_POINT('',(8.889626931334,35.79530040965,
    13.566090122895));
#4858 = DIRECTION('',(0.,0.,1.));
#4859 = DIRECTION('',(1.,0.,-0.));
#4860 = DEFINITIONAL_REPRESENTATION('',(#4861),#4865);
#4861 = CIRCLE('',#4862,1.625);
#4862 = AXIS2_PLACEMENT_2D('',#4863,#4864);
#4863 = CARTESIAN_POINT('',(0.,0.));
#4864 = DIRECTION('',(1.,0.));
#4865 = ( GEOMETRIC_REPRESENTATION_CONTEXT(2) 
PARAMETRIC_REPRESENTATION_CONTEXT() REPRESENTATION_CONTEXT('2D SPACE',''
  ) );
#4866 = ORIENTED_EDGE('',*,*,#4867,.F.);
#4867 = EDGE_CURVE('',#266,#4839,#4868,.T.);
#4868 = SEAM_CURVE('',#4869,(#4873,#4880),.PCURVE_S1.);
#4869 = LINE('',#4870,#4871);
#4870 = CARTESIAN_POINT('',(10.514626931334,35.79530040965,
    11.666090122895));
#4871 = VECTOR('',#4872,1.);
#4872 = DIRECTION('',(0.,0.,1.));
#4873 = PCURVE('',#282,#4874);
#4874 = DEFINITIONAL_REPRESENTATION('',(#4875),#4879);
#4875 = LINE('',#4876,#4877);
#4876 = CARTESIAN_POINT('',(6.28318530718,-0.));
#4877 = VECTOR('',#4878,1.);
#4878 = DIRECTION('',(0.,1.));
#4879 = ( GEOMETRIC_REPRESENTATION_CONTEXT(2) 
PARAMETRIC_REPRESENTATION_CONTEXT() REPRESENTATION_CONTEXT('2D SPACE',''
  ) );
#4880 = PCURVE('',#282,#4881);
#4881 = DEFINITIONAL_REPRESENTATION('',(#4882),#4886);
#4882 = LINE('',#4883,#4884);
#4883 = CARTESIAN_POINT('',(0.,-0.));
#4884 = VECTOR('',#4885,1.);
#4885 = DIRECTION('',(0.,1.));
#4886 = ( GEOMETRIC_REPRESENTATION_CONTEXT(2) 
PARAMETRIC_REPRESENTATION_CONTEXT() REPRESENTATION_CONTEXT('2D SPACE',''
  ) );
#4887 = ORIENTED_EDGE('',*,*,#265,.T.);
#4888 = ORIENTED_EDGE('',*,*,#4867,.T.);
#4889 = ADVANCED_FACE('',(#4890),#415,.F.);
#4890 = FACE_BOUND('',#4891,.F.);
#4891 = EDGE_LOOP('',(#4892,#4921,#4942,#4943));
#4892 = ORIENTED_EDGE('',*,*,#4893,.F.);
#4893 = EDGE_CURVE('',#4894,#4894,#4896,.T.);
#4894 = VERTEX_POINT('',#4895);
#4895 = CARTESIAN_POINT('',(-7.264626931334,35.79530040965,
    87.377969959035));
#4896 = SURFACE_CURVE('',#4897,(#4902,#4909),.PCURVE_S1.);
#4897 = CIRCLE('',#4898,1.625);
#4898 = AXIS2_PLACEMENT_3D('',#4899,#4900,#4901);
#4899 = CARTESIAN_POINT('',(-8.889626931334,35.79530040965,
    87.377969959035));
#4900 = DIRECTION('',(0.,-1.224646799147E-16,-1.));
#4901 = DIRECTION('',(1.,0.,0.));
#4902 = PCURVE('',#415,#4903);
#4903 = DEFINITIONAL_REPRESENTATION('',(#4904),#4908);
#4904 = LINE('',#4905,#4906);
#4905 = CARTESIAN_POINT('',(0.,1.9));
#4906 = VECTOR('',#4907,1.);
#4907 = DIRECTION('',(1.,0.));
#4908 = ( GEOMETRIC_REPRESENTATION_CONTEXT(2) 
PARAMETRIC_REPRESENTATION_CONTEXT() REPRESENTATION_CONTEXT('2D SPACE',''
  ) );
#4909 = PCURVE('',#4910,#4915);
#4910 = PLANE('',#4911);
#4911 = AXIS2_PLACEMENT_3D('',#4912,#4913,#4914);
#4912 = CARTESIAN_POINT('',(-8.889626931334,35.79530040965,
    87.377969959035));
#4913 = DIRECTION('',(0.,-1.224646799147E-16,-1.));
#4914 = DIRECTION('',(1.,0.,0.));
#4915 = DEFINITIONAL_REPRESENTATION('',(#4916),#4920);
#4916 = CIRCLE('',#4917,1.625);
#4917 = AXIS2_PLACEMENT_2D('',#4918,#4919);
#4918 = CARTESIAN_POINT('',(0.,0.));
#4919 = DIRECTION('',(1.,0.));
#4920 = ( GEOMETRIC_REPRESENTATION_CONTEXT(2) 
PARAMETRIC_REPRESENTATION_CONTEXT() REPRESENTATION_CONTEXT('2D SPACE',''
  ) );
#4921 = ORIENTED_EDGE('',*,*,#4922,.F.);
#4922 = EDGE_CURVE('',#395,#4894,#4923,.T.);
#4923 = SEAM_CURVE('',#4924,(#4928,#4935),.PCURVE_S1.);
#4924 = LINE('',#4925,#4926);
#4925 = CARTESIAN_POINT('',(-7.264626931334,35.79530040965,
    89.277969959035));
#4926 = VECTOR('',#4927,1.);
#4927 = DIRECTION('',(0.,-1.224646799147E-16,-1.));
#4928 = PCURVE('',#415,#4929);
#4929 = DEFINITIONAL_REPRESENTATION('',(#4930),#4934);
#4930 = LINE('',#4931,#4932);
#4931 = CARTESIAN_POINT('',(6.28318530718,-0.));
#4932 = VECTOR('',#4933,1.);
#4933 = DIRECTION('',(0.,1.));
#4934 = ( GEOMETRIC_REPRESENTATION_CONTEXT(2) 
PARAMETRIC_REPRESENTATION_CONTEXT() REPRESENTATION_CONTEXT('2D SPACE',''
  ) );
#4935 = PCURVE('',#415,#4936);
#4936 = DEFINITIONAL_REPRESENTATION('',(#4937),#4941);
#4937 = LINE('',#4938,#4939);
#4938 = CARTESIAN_POINT('',(0.,-0.));
#4939 = VECTOR('',#4940,1.);
#4940 = DIRECTION('',(0.,1.));
#4941 = ( GEOMETRIC_REPRESENTATION_CONTEXT(2) 
PARAMETRIC_REPRESENTATION_CONTEXT() REPRESENTATION_CONTEXT('2D SPACE',''
  ) );
#4942 = ORIENTED_EDGE('',*,*,#394,.T.);
#4943 = ORIENTED_EDGE('',*,*,#4922,.T.);
#4944 = ADVANCED_FACE('',(#4945),#450,.F.);
#4945 = FACE_BOUND('',#4946,.F.);
#4946 = EDGE_LOOP('',(#4947,#4976,#4997,#4998));
#4947 = ORIENTED_EDGE('',*,*,#4948,.F.);
#4948 = EDGE_CURVE('',#4949,#4949,#4951,.T.);
#4949 = VERTEX_POINT('',#4950);
#4950 = CARTESIAN_POINT('',(10.514626931334,35.79530040965,
    87.377969959035));
#4951 = SURFACE_CURVE('',#4952,(#4957,#4964),.PCURVE_S1.);
#4952 = CIRCLE('',#4953,1.625);
#4953 = AXIS2_PLACEMENT_3D('',#4954,#4955,#4956);
#4954 = CARTESIAN_POINT('',(8.889626931334,35.79530040965,
    87.377969959035));
#4955 = DIRECTION('',(0.,-1.224646799147E-16,-1.));
#4956 = DIRECTION('',(1.,0.,0.));
#4957 = PCURVE('',#450,#4958);
#4958 = DEFINITIONAL_REPRESENTATION('',(#4959),#4963);
#4959 = LINE('',#4960,#4961);
#4960 = CARTESIAN_POINT('',(0.,1.9));
#4961 = VECTOR('',#4962,1.);
#4962 = DIRECTION('',(1.,0.));
#4963 = ( GEOMETRIC_REPRESENTATION_CONTEXT(2) 
PARAMETRIC_REPRESENTATION_CONTEXT() REPRESENTATION_CONTEXT('2D SPACE',''
  ) );
#4964 = PCURVE('',#4965,#4970);
#4965 = PLANE('',#4966);
#4966 = AXIS2_PLACEMENT_3D('',#4967,#4968,#4969);
#4967 = CARTESIAN_POINT('',(8.889626931334,35.79530040965,
    87.377969959035));
#4968 = DIRECTION('',(0.,-1.224646799147E-16,-1.));
#4969 = DIRECTION('',(1.,0.,0.));
#4970 = DEFINITIONAL_REPRESENTATION('',(#4971),#4975);
#4971 = CIRCLE('',#4972,1.625);
#4972 = AXIS2_PLACEMENT_2D('',#4973,#4974);
#4973 = CARTESIAN_POINT('',(0.,0.));
#4974 = DIRECTION('',(1.,0.));
#4975 = ( GEOMETRIC_REPRESENTATION_CONTEXT(2) 
PARAMETRIC_REPRESENTATION_CONTEXT() REPRESENTATION_CONTEXT('2D SPACE',''
  ) );
#4976 = ORIENTED_EDGE('',*,*,#4977,.F.);
#4977 = EDGE_CURVE('',#430,#4949,#4978,.T.);
#4978 = SEAM_CURVE('',#4979,(#4983,#4990),.PCURVE_S1.);
#4979 = LINE('',#4980,#4981);
#4980 = CARTESIAN_POINT('',(10.514626931334,35.79530040965,
    89.277969959035));
#4981 = VECTOR('',#4982,1.);
#4982 = DIRECTION('',(0.,-1.224646799147E-16,-1.));
#4983 = PCURVE('',#450,#4984);
#4984 = DEFINITIONAL_REPRESENTATION('',(#4985),#4989);
#4985 = LINE('',#4986,#4987);
#4986 = CARTESIAN_POINT('',(6.28318530718,-0.));
#4987 = VECTOR('',#4988,1.);
#4988 = DIRECTION('',(0.,1.));
#4989 = ( GEOMETRIC_REPRESENTATION_CONTEXT(2) 
PARAMETRIC_REPRESENTATION_CONTEXT() REPRESENTATION_CONTEXT('2D SPACE',''
  ) );
#4990 = PCURVE('',#450,#4991);
#4991 = DEFINITIONAL_REPRESENTATION('',(#4992),#4996);
#4992 = LINE('',#4993,#4994);
#4993 = CARTESIAN_POINT('',(0.,-0.));
#4994 = VECTOR('',#4995,1.);
#4995 = DIRECTION('',(0.,1.));
#4996 = ( GEOMETRIC_REPRESENTATION_CONTEXT(2) 
PARAMETRIC_REPRESENTATION_CONTEXT() REPRESENTATION_CONTEXT('2D SPACE',''
  ) );
#4997 = ORIENTED_EDGE('',*,*,#429,.T.);
#4998 = ORIENTED_EDGE('',*,*,#4977,.T.);
#4999 = ADVANCED_FACE('',(#5000),#508,.F.);
#5000 = FACE_BOUND('',#5001,.F.);
#5001 = EDGE_LOOP('',(#5002,#5003,#5026,#5054));
#5002 = ORIENTED_EDGE('',*,*,#491,.T.);
#5003 = ORIENTED_EDGE('',*,*,#5004,.T.);
#5004 = EDGE_CURVE('',#494,#5005,#5007,.T.);
#5005 = VERTEX_POINT('',#5006);
#5006 = CARTESIAN_POINT('',(-13.53255381715,35.281315430132,
    15.445653163405));
#5007 = SURFACE_CURVE('',#5008,(#5012,#5019),.PCURVE_S1.);
#5008 = LINE('',#5009,#5010);
#5009 = CARTESIAN_POINT('',(-13.53255381715,38.23030040965,
    15.445653163405));
#5010 = VECTOR('',#5011,1.);
#5011 = DIRECTION('',(0.,-1.,2.22044604925E-16));
#5012 = PCURVE('',#508,#5013);
#5013 = DEFINITIONAL_REPRESENTATION('',(#5014),#5018);
#5014 = LINE('',#5015,#5016);
#5015 = CARTESIAN_POINT('',(0.,0.));
#5016 = VECTOR('',#5017,1.);
#5017 = DIRECTION('',(0.,-1.));
#5018 = ( GEOMETRIC_REPRESENTATION_CONTEXT(2) 
PARAMETRIC_REPRESENTATION_CONTEXT() REPRESENTATION_CONTEXT('2D SPACE',''
  ) );
#5019 = PCURVE('',#715,#5020);
#5020 = DEFINITIONAL_REPRESENTATION('',(#5021),#5025);
#5021 = LINE('',#5022,#5023);
#5022 = CARTESIAN_POINT('',(6.28318530718,0.));
#5023 = VECTOR('',#5024,1.);
#5024 = DIRECTION('',(0.,-1.));
#5025 = ( GEOMETRIC_REPRESENTATION_CONTEXT(2) 
PARAMETRIC_REPRESENTATION_CONTEXT() REPRESENTATION_CONTEXT('2D SPACE',''
  ) );
#5026 = ORIENTED_EDGE('',*,*,#5027,.T.);
#5027 = EDGE_CURVE('',#5005,#5028,#5030,.T.);
#5028 = VERTEX_POINT('',#5029);
#5029 = CARTESIAN_POINT('',(-13.53255381715,35.281315430132,
    24.537702928235));
#5030 = SURFACE_CURVE('',#5031,(#5035,#5042),.PCURVE_S1.);
#5031 = LINE('',#5032,#5033);
#5032 = CARTESIAN_POINT('',(-13.53255381715,35.281315430132,
    19.99167804582));
#5033 = VECTOR('',#5034,1.);
#5034 = DIRECTION('',(0.,2.22044604925E-16,1.));
#5035 = PCURVE('',#508,#5036);
#5036 = DEFINITIONAL_REPRESENTATION('',(#5037),#5041);
#5037 = LINE('',#5038,#5039);
#5038 = CARTESIAN_POINT('',(4.546024882415,-2.948984979518));
#5039 = VECTOR('',#5040,1.);
#5040 = DIRECTION('',(1.,0.));
#5041 = ( GEOMETRIC_REPRESENTATION_CONTEXT(2) 
PARAMETRIC_REPRESENTATION_CONTEXT() REPRESENTATION_CONTEXT('2D SPACE',''
  ) );
#5042 = PCURVE('',#5043,#5048);
#5043 = PLANE('',#5044);
#5044 = AXIS2_PLACEMENT_3D('',#5045,#5046,#5047);
#5045 = CARTESIAN_POINT('',(-9.658707567091,35.281315430132,
    19.99167804582));
#5046 = DIRECTION('',(0.,-1.,2.22044604925E-16));
#5047 = DIRECTION('',(1.,0.,0.));
#5048 = DEFINITIONAL_REPRESENTATION('',(#5049),#5053);
#5049 = LINE('',#5050,#5051);
#5050 = CARTESIAN_POINT('',(-3.873846250062,-6.567227182846E-16));
#5051 = VECTOR('',#5052,1.);
#5052 = DIRECTION('',(0.,1.));
#5053 = ( GEOMETRIC_REPRESENTATION_CONTEXT(2) 
PARAMETRIC_REPRESENTATION_CONTEXT() REPRESENTATION_CONTEXT('2D SPACE',''
  ) );
#5054 = ORIENTED_EDGE('',*,*,#5055,.F.);
#5055 = EDGE_CURVE('',#492,#5028,#5056,.T.);
#5056 = SURFACE_CURVE('',#5057,(#5061,#5068),.PCURVE_S1.);
#5057 = LINE('',#5058,#5059);
#5058 = CARTESIAN_POINT('',(-13.53255381715,38.23030040965,
    24.537702928235));
#5059 = VECTOR('',#5060,1.);
#5060 = DIRECTION('',(0.,-1.,2.22044604925E-16));
#5061 = PCURVE('',#508,#5062);
#5062 = DEFINITIONAL_REPRESENTATION('',(#5063),#5067);
#5063 = LINE('',#5064,#5065);
#5064 = CARTESIAN_POINT('',(9.092049764831,0.));
#5065 = VECTOR('',#5066,1.);
#5066 = DIRECTION('',(0.,-1.));
#5067 = ( GEOMETRIC_REPRESENTATION_CONTEXT(2) 
PARAMETRIC_REPRESENTATION_CONTEXT() REPRESENTATION_CONTEXT('2D SPACE',''
  ) );
#5068 = PCURVE('',#540,#5069);
#5069 = DEFINITIONAL_REPRESENTATION('',(#5070),#5074);
#5070 = LINE('',#5071,#5072);
#5071 = CARTESIAN_POINT('',(0.,0.));
#5072 = VECTOR('',#5073,1.);
#5073 = DIRECTION('',(0.,-1.));
#5074 = ( GEOMETRIC_REPRESENTATION_CONTEXT(2) 
PARAMETRIC_REPRESENTATION_CONTEXT() REPRESENTATION_CONTEXT('2D SPACE',''
  ) );
#5075 = ADVANCED_FACE('',(#5076),#715,.F.);
#5076 = FACE_BOUND('',#5077,.F.);
#5077 = EDGE_LOOP('',(#5078,#5079,#5102,#5128));
#5078 = ORIENTED_EDGE('',*,*,#696,.F.);
#5079 = ORIENTED_EDGE('',*,*,#5080,.T.);
#5080 = EDGE_CURVE('',#671,#5081,#5083,.T.);
#5081 = VERTEX_POINT('',#5082);
#5082 = CARTESIAN_POINT('',(-12.93801581078,35.281315430132,
    14.851115157032));
#5083 = SURFACE_CURVE('',#5084,(#5088,#5095),.PCURVE_S1.);
#5084 = LINE('',#5085,#5086);
#5085 = CARTESIAN_POINT('',(-12.93801581078,38.23030040965,
    14.851115157032));
#5086 = VECTOR('',#5087,1.);
#5087 = DIRECTION('',(0.,-1.,2.22044604925E-16));
#5088 = PCURVE('',#715,#5089);
#5089 = DEFINITIONAL_REPRESENTATION('',(#5090),#5094);
#5090 = LINE('',#5091,#5092);
#5091 = CARTESIAN_POINT('',(4.712388980385,0.));
#5092 = VECTOR('',#5093,1.);
#5093 = DIRECTION('',(0.,-1.));
#5094 = ( GEOMETRIC_REPRESENTATION_CONTEXT(2) 
PARAMETRIC_REPRESENTATION_CONTEXT() REPRESENTATION_CONTEXT('2D SPACE',''
  ) );
#5095 = PCURVE('',#685,#5096);
#5096 = DEFINITIONAL_REPRESENTATION('',(#5097),#5101);
#5097 = LINE('',#5098,#5099);
#5098 = CARTESIAN_POINT('',(0.,0.));
#5099 = VECTOR('',#5100,1.);
#5100 = DIRECTION('',(0.,-1.));
#5101 = ( GEOMETRIC_REPRESENTATION_CONTEXT(2) 
PARAMETRIC_REPRESENTATION_CONTEXT() REPRESENTATION_CONTEXT('2D SPACE',''
  ) );
#5102 = ORIENTED_EDGE('',*,*,#5103,.T.);
#5103 = EDGE_CURVE('',#5081,#5005,#5104,.T.);
#5104 = SURFACE_CURVE('',#5105,(#5110,#5117),.PCURVE_S1.);
#5105 = CIRCLE('',#5106,0.594538006372);
#5106 = AXIS2_PLACEMENT_3D('',#5107,#5108,#5109);
#5107 = CARTESIAN_POINT('',(-12.93801581078,35.281315430132,
    15.445653163405));
#5108 = DIRECTION('',(0.,1.,-2.22044604925E-16));
#5109 = DIRECTION('',(-1.,0.,0.));
#5110 = PCURVE('',#715,#5111);
#5111 = DEFINITIONAL_REPRESENTATION('',(#5112),#5116);
#5112 = LINE('',#5113,#5114);
#5113 = CARTESIAN_POINT('',(0.,-2.948984979518));
#5114 = VECTOR('',#5115,1.);
#5115 = DIRECTION('',(1.,0.));
#5116 = ( GEOMETRIC_REPRESENTATION_CONTEXT(2) 
PARAMETRIC_REPRESENTATION_CONTEXT() REPRESENTATION_CONTEXT('2D SPACE',''
  ) );
#5117 = PCURVE('',#5043,#5118);
#5118 = DEFINITIONAL_REPRESENTATION('',(#5119),#5127);
#5119 = ( BOUNDED_CURVE() B_SPLINE_CURVE(2,(#5120,#5121,#5122,#5123,
#5124,#5125,#5126),.UNSPECIFIED.,.T.,.F.) B_SPLINE_CURVE_WITH_KNOTS((1,2
    ,2,2,2,1),(-2.094395102393,0.,2.094395102393,4.188790204786,
6.28318530718,8.377580409573),.UNSPECIFIED.) CURVE() 
GEOMETRIC_REPRESENTATION_ITEM() RATIONAL_B_SPLINE_CURVE((1.,0.5,1.,0.5,
1.,0.5,1.)) REPRESENTATION_ITEM('') );
#5120 = CARTESIAN_POINT('',(-3.873846250062,-4.546024882415));
#5121 = CARTESIAN_POINT('',(-3.873846250062,-3.516254848348));
#5122 = CARTESIAN_POINT('',(-2.982039240503,-4.031139865382));
#5123 = CARTESIAN_POINT('',(-2.090232230945,-4.546024882415));
#5124 = CARTESIAN_POINT('',(-2.982039240503,-5.060909899449));
#5125 = CARTESIAN_POINT('',(-3.873846250062,-5.575794916483));
#5126 = CARTESIAN_POINT('',(-3.873846250062,-4.546024882415));
#5127 = ( GEOMETRIC_REPRESENTATION_CONTEXT(2) 
PARAMETRIC_REPRESENTATION_CONTEXT() REPRESENTATION_CONTEXT('2D SPACE',''
  ) );
#5128 = ORIENTED_EDGE('',*,*,#5004,.F.);
#5129 = ADVANCED_FACE('',(#5130),#685,.T.);
#5130 = FACE_BOUND('',#5131,.T.);
#5131 = EDGE_LOOP('',(#5132,#5133,#5134,#5157));
#5132 = ORIENTED_EDGE('',*,*,#670,.T.);
#5133 = ORIENTED_EDGE('',*,*,#5080,.T.);
#5134 = ORIENTED_EDGE('',*,*,#5135,.T.);
#5135 = EDGE_CURVE('',#5081,#5136,#5138,.T.);
#5136 = VERTEX_POINT('',#5137);
#5137 = CARTESIAN_POINT('',(-6.379399356924,35.281315430132,
    14.851115157032));
#5138 = SURFACE_CURVE('',#5139,(#5143,#5150),.PCURVE_S1.);
#5139 = LINE('',#5140,#5141);
#5140 = CARTESIAN_POINT('',(-9.658707551596,35.281315430132,
    14.851115157032));
#5141 = VECTOR('',#5142,1.);
#5142 = DIRECTION('',(1.,0.,0.));
#5143 = PCURVE('',#685,#5144);
#5144 = DEFINITIONAL_REPRESENTATION('',(#5145),#5149);
#5145 = LINE('',#5146,#5147);
#5146 = CARTESIAN_POINT('',(3.279308259184,-2.948984979518));
#5147 = VECTOR('',#5148,1.);
#5148 = DIRECTION('',(1.,0.));
#5149 = ( GEOMETRIC_REPRESENTATION_CONTEXT(2) 
PARAMETRIC_REPRESENTATION_CONTEXT() REPRESENTATION_CONTEXT('2D SPACE',''
  ) );
#5150 = PCURVE('',#5043,#5151);
#5151 = DEFINITIONAL_REPRESENTATION('',(#5152),#5156);
#5152 = LINE('',#5153,#5154);
#5153 = CARTESIAN_POINT('',(1.5495019256E-08,-5.140562888788));
#5154 = VECTOR('',#5155,1.);
#5155 = DIRECTION('',(1.,0.));
#5156 = ( GEOMETRIC_REPRESENTATION_CONTEXT(2) 
PARAMETRIC_REPRESENTATION_CONTEXT() REPRESENTATION_CONTEXT('2D SPACE',''
  ) );
#5157 = ORIENTED_EDGE('',*,*,#5158,.F.);
#5158 = EDGE_CURVE('',#638,#5136,#5159,.T.);
#5159 = SURFACE_CURVE('',#5160,(#5164,#5171),.PCURVE_S1.);
#5160 = LINE('',#5161,#5162);
#5161 = CARTESIAN_POINT('',(-6.379399356924,38.23030040965,
    14.851115157032));
#5162 = VECTOR('',#5163,1.);
#5163 = DIRECTION('',(0.,-1.,2.22044604925E-16));
#5164 = PCURVE('',#685,#5165);
#5165 = DEFINITIONAL_REPRESENTATION('',(#5166),#5170);
#5166 = LINE('',#5167,#5168);
#5167 = CARTESIAN_POINT('',(6.558616453856,0.));
#5168 = VECTOR('',#5169,1.);
#5169 = DIRECTION('',(0.,-1.));
#5170 = ( GEOMETRIC_REPRESENTATION_CONTEXT(2) 
PARAMETRIC_REPRESENTATION_CONTEXT() REPRESENTATION_CONTEXT('2D SPACE',''
  ) );
#5171 = PCURVE('',#658,#5172);
#5172 = DEFINITIONAL_REPRESENTATION('',(#5173),#5177);
#5173 = LINE('',#5174,#5175);
#5174 = CARTESIAN_POINT('',(4.712388980385,0.));
#5175 = VECTOR('',#5176,1.);
#5176 = DIRECTION('',(0.,-1.));
#5177 = ( GEOMETRIC_REPRESENTATION_CONTEXT(2) 
PARAMETRIC_REPRESENTATION_CONTEXT() REPRESENTATION_CONTEXT('2D SPACE',''
  ) );
#5178 = ADVANCED_FACE('',(#5179),#658,.F.);
#5179 = FACE_BOUND('',#5180,.F.);
#5180 = EDGE_LOOP('',(#5181,#5182,#5205,#5231));
#5181 = ORIENTED_EDGE('',*,*,#637,.F.);
#5182 = ORIENTED_EDGE('',*,*,#5183,.T.);
#5183 = EDGE_CURVE('',#612,#5184,#5186,.T.);
#5184 = VERTEX_POINT('',#5185);
#5185 = CARTESIAN_POINT('',(-5.784861318295,35.281315430132,
    15.445653163405));
#5186 = SURFACE_CURVE('',#5187,(#5191,#5198),.PCURVE_S1.);
#5187 = LINE('',#5188,#5189);
#5188 = CARTESIAN_POINT('',(-5.784861318295,38.23030040965,
    15.445653163405));
#5189 = VECTOR('',#5190,1.);
#5190 = DIRECTION('',(0.,-1.,2.22044604925E-16));
#5191 = PCURVE('',#658,#5192);
#5192 = DEFINITIONAL_REPRESENTATION('',(#5193),#5197);
#5193 = LINE('',#5194,#5195);
#5194 = CARTESIAN_POINT('',(3.14159265359,0.));
#5195 = VECTOR('',#5196,1.);
#5196 = DIRECTION('',(0.,-1.));
#5197 = ( GEOMETRIC_REPRESENTATION_CONTEXT(2) 
PARAMETRIC_REPRESENTATION_CONTEXT() REPRESENTATION_CONTEXT('2D SPACE',''
  ) );
#5198 = PCURVE('',#626,#5199);
#5199 = DEFINITIONAL_REPRESENTATION('',(#5200),#5204);
#5200 = LINE('',#5201,#5202);
#5201 = CARTESIAN_POINT('',(0.,0.));
#5202 = VECTOR('',#5203,1.);
#5203 = DIRECTION('',(0.,-1.));
#5204 = ( GEOMETRIC_REPRESENTATION_CONTEXT(2) 
PARAMETRIC_REPRESENTATION_CONTEXT() REPRESENTATION_CONTEXT('2D SPACE',''
  ) );
#5205 = ORIENTED_EDGE('',*,*,#5206,.T.);
#5206 = EDGE_CURVE('',#5184,#5136,#5207,.T.);
#5207 = SURFACE_CURVE('',#5208,(#5213,#5220),.PCURVE_S1.);
#5208 = CIRCLE('',#5209,0.594538006372);
#5209 = AXIS2_PLACEMENT_3D('',#5210,#5211,#5212);
#5210 = CARTESIAN_POINT('',(-6.379399356924,35.281315430132,
    15.445653163405));
#5211 = DIRECTION('',(0.,1.,-2.22044604925E-16));
#5212 = DIRECTION('',(-1.,0.,0.));
#5213 = PCURVE('',#658,#5214);
#5214 = DEFINITIONAL_REPRESENTATION('',(#5215),#5219);
#5215 = LINE('',#5216,#5217);
#5216 = CARTESIAN_POINT('',(0.,-2.948984979518));
#5217 = VECTOR('',#5218,1.);
#5218 = DIRECTION('',(1.,0.));
#5219 = ( GEOMETRIC_REPRESENTATION_CONTEXT(2) 
PARAMETRIC_REPRESENTATION_CONTEXT() REPRESENTATION_CONTEXT('2D SPACE',''
  ) );
#5220 = PCURVE('',#5043,#5221);
#5221 = DEFINITIONAL_REPRESENTATION('',(#5222),#5230);
#5222 = ( BOUNDED_CURVE() B_SPLINE_CURVE(2,(#5223,#5224,#5225,#5226,
#5227,#5228,#5229),.UNSPECIFIED.,.T.,.F.) B_SPLINE_CURVE_WITH_KNOTS((1,2
    ,2,2,2,1),(-2.094395102393,0.,2.094395102393,4.188790204786,
6.28318530718,8.377580409573),.UNSPECIFIED.) CURVE() 
GEOMETRIC_REPRESENTATION_ITEM() RATIONAL_B_SPLINE_CURVE((1.,0.5,1.,0.5,
1.,0.5,1.)) REPRESENTATION_ITEM('') );
#5223 = CARTESIAN_POINT('',(2.684770203794,-4.546024882415));
#5224 = CARTESIAN_POINT('',(2.684770203794,-3.516254848348));
#5225 = CARTESIAN_POINT('',(3.576577213353,-4.031139865382));
#5226 = CARTESIAN_POINT('',(4.468384222911,-4.546024882415));
#5227 = CARTESIAN_POINT('',(3.576577213353,-5.060909899449));
#5228 = CARTESIAN_POINT('',(2.684770203794,-5.575794916483));
#5229 = CARTESIAN_POINT('',(2.684770203794,-4.546024882415));
#5230 = ( GEOMETRIC_REPRESENTATION_CONTEXT(2) 
PARAMETRIC_REPRESENTATION_CONTEXT() REPRESENTATION_CONTEXT('2D SPACE',''
  ) );
#5231 = ORIENTED_EDGE('',*,*,#5158,.F.);
#5232 = ADVANCED_FACE('',(#5233),#626,.T.);
#5233 = FACE_BOUND('',#5234,.T.);
#5234 = EDGE_LOOP('',(#5235,#5236,#5237,#5260));
#5235 = ORIENTED_EDGE('',*,*,#611,.T.);
#5236 = ORIENTED_EDGE('',*,*,#5183,.T.);
#5237 = ORIENTED_EDGE('',*,*,#5238,.T.);
#5238 = EDGE_CURVE('',#5184,#5239,#5241,.T.);
#5239 = VERTEX_POINT('',#5240);
#5240 = CARTESIAN_POINT('',(-5.784861318295,35.281315430132,
    24.537702928235));
#5241 = SURFACE_CURVE('',#5242,(#5246,#5253),.PCURVE_S1.);
#5242 = LINE('',#5243,#5244);
#5243 = CARTESIAN_POINT('',(-5.784861286039,35.281315430132,
    19.99167804582));
#5244 = VECTOR('',#5245,1.);
#5245 = DIRECTION('',(0.,2.22044604925E-16,1.));
#5246 = PCURVE('',#626,#5247);
#5247 = DEFINITIONAL_REPRESENTATION('',(#5248),#5252);
#5248 = LINE('',#5249,#5250);
#5249 = CARTESIAN_POINT('',(4.546024882415,-2.948984979518));
#5250 = VECTOR('',#5251,1.);
#5251 = DIRECTION('',(1.,0.));
#5252 = ( GEOMETRIC_REPRESENTATION_CONTEXT(2) 
PARAMETRIC_REPRESENTATION_CONTEXT() REPRESENTATION_CONTEXT('2D SPACE',''
  ) );
#5253 = PCURVE('',#5043,#5254);
#5254 = DEFINITIONAL_REPRESENTATION('',(#5255),#5259);
#5255 = LINE('',#5256,#5257);
#5256 = CARTESIAN_POINT('',(3.873846281052,-6.567227182846E-16));
#5257 = VECTOR('',#5258,1.);
#5258 = DIRECTION('',(0.,1.));
#5259 = ( GEOMETRIC_REPRESENTATION_CONTEXT(2) 
PARAMETRIC_REPRESENTATION_CONTEXT() REPRESENTATION_CONTEXT('2D SPACE',''
  ) );
#5260 = ORIENTED_EDGE('',*,*,#5261,.F.);
#5261 = EDGE_CURVE('',#579,#5239,#5262,.T.);
#5262 = SURFACE_CURVE('',#5263,(#5267,#5274),.PCURVE_S1.);
#5263 = LINE('',#5264,#5265);
#5264 = CARTESIAN_POINT('',(-5.784861318295,38.23030040965,
    24.537702928235));
#5265 = VECTOR('',#5266,1.);
#5266 = DIRECTION('',(0.,-1.,2.22044604925E-16));
#5267 = PCURVE('',#626,#5268);
#5268 = DEFINITIONAL_REPRESENTATION('',(#5269),#5273);
#5269 = LINE('',#5270,#5271);
#5270 = CARTESIAN_POINT('',(9.092049764831,0.));
#5271 = VECTOR('',#5272,1.);
#5272 = DIRECTION('',(0.,-1.));
#5273 = ( GEOMETRIC_REPRESENTATION_CONTEXT(2) 
PARAMETRIC_REPRESENTATION_CONTEXT() REPRESENTATION_CONTEXT('2D SPACE',''
  ) );
#5274 = PCURVE('',#599,#5275);
#5275 = DEFINITIONAL_REPRESENTATION('',(#5276),#5280);
#5276 = LINE('',#5277,#5278);
#5277 = CARTESIAN_POINT('',(3.14159265359,0.));
#5278 = VECTOR('',#5279,1.);
#5279 = DIRECTION('',(0.,-1.));
#5280 = ( GEOMETRIC_REPRESENTATION_CONTEXT(2) 
PARAMETRIC_REPRESENTATION_CONTEXT() REPRESENTATION_CONTEXT('2D SPACE',''
  ) );
#5281 = ADVANCED_FACE('',(#5282),#599,.F.);
#5282 = FACE_BOUND('',#5283,.F.);
#5283 = EDGE_LOOP('',(#5284,#5285,#5308,#5334));
#5284 = ORIENTED_EDGE('',*,*,#578,.F.);
#5285 = ORIENTED_EDGE('',*,*,#5286,.T.);
#5286 = EDGE_CURVE('',#553,#5287,#5289,.T.);
#5287 = VERTEX_POINT('',#5288);
#5288 = CARTESIAN_POINT('',(-6.379399356924,35.281315430132,
    25.132240934608));
#5289 = SURFACE_CURVE('',#5290,(#5294,#5301),.PCURVE_S1.);
#5290 = LINE('',#5291,#5292);
#5291 = CARTESIAN_POINT('',(-6.379399356924,38.23030040965,
    25.132240934608));
#5292 = VECTOR('',#5293,1.);
#5293 = DIRECTION('',(0.,-1.,2.22044604925E-16));
#5294 = PCURVE('',#599,#5295);
#5295 = DEFINITIONAL_REPRESENTATION('',(#5296),#5300);
#5296 = LINE('',#5297,#5298);
#5297 = CARTESIAN_POINT('',(1.570796326795,0.));
#5298 = VECTOR('',#5299,1.);
#5299 = DIRECTION('',(0.,-1.));
#5300 = ( GEOMETRIC_REPRESENTATION_CONTEXT(2) 
PARAMETRIC_REPRESENTATION_CONTEXT() REPRESENTATION_CONTEXT('2D SPACE',''
  ) );
#5301 = PCURVE('',#567,#5302);
#5302 = DEFINITIONAL_REPRESENTATION('',(#5303),#5307);
#5303 = LINE('',#5304,#5305);
#5304 = CARTESIAN_POINT('',(6.558616453856,0.));
#5305 = VECTOR('',#5306,1.);
#5306 = DIRECTION('',(0.,-1.));
#5307 = ( GEOMETRIC_REPRESENTATION_CONTEXT(2) 
PARAMETRIC_REPRESENTATION_CONTEXT() REPRESENTATION_CONTEXT('2D SPACE',''
  ) );
#5308 = ORIENTED_EDGE('',*,*,#5309,.T.);
#5309 = EDGE_CURVE('',#5287,#5239,#5310,.T.);
#5310 = SURFACE_CURVE('',#5311,(#5316,#5323),.PCURVE_S1.);
#5311 = CIRCLE('',#5312,0.594538006372);
#5312 = AXIS2_PLACEMENT_3D('',#5313,#5314,#5315);
#5313 = CARTESIAN_POINT('',(-6.379399356924,35.281315430132,
    24.537702928235));
#5314 = DIRECTION('',(0.,1.,-2.22044604925E-16));
#5315 = DIRECTION('',(-1.,0.,0.));
#5316 = PCURVE('',#599,#5317);
#5317 = DEFINITIONAL_REPRESENTATION('',(#5318),#5322);
#5318 = LINE('',#5319,#5320);
#5319 = CARTESIAN_POINT('',(0.,-2.948984979518));
#5320 = VECTOR('',#5321,1.);
#5321 = DIRECTION('',(1.,0.));
#5322 = ( GEOMETRIC_REPRESENTATION_CONTEXT(2) 
PARAMETRIC_REPRESENTATION_CONTEXT() REPRESENTATION_CONTEXT('2D SPACE',''
  ) );
#5323 = PCURVE('',#5043,#5324);
#5324 = DEFINITIONAL_REPRESENTATION('',(#5325),#5333);
#5325 = ( BOUNDED_CURVE() B_SPLINE_CURVE(2,(#5326,#5327,#5328,#5329,
#5330,#5331,#5332),.UNSPECIFIED.,.T.,.F.) B_SPLINE_CURVE_WITH_KNOTS((1,2
    ,2,2,2,1),(-2.094395102393,0.,2.094395102393,4.188790204786,
6.28318530718,8.377580409573),.UNSPECIFIED.) CURVE() 
GEOMETRIC_REPRESENTATION_ITEM() RATIONAL_B_SPLINE_CURVE((1.,0.5,1.,0.5,
1.,0.5,1.)) REPRESENTATION_ITEM('') );
#5326 = CARTESIAN_POINT('',(2.684770203794,4.546024882415));
#5327 = CARTESIAN_POINT('',(2.684770203794,5.575794916483));
#5328 = CARTESIAN_POINT('',(3.576577213353,5.060909899449));
#5329 = CARTESIAN_POINT('',(4.468384222911,4.546024882415));
#5330 = CARTESIAN_POINT('',(3.576577213353,4.031139865382));
#5331 = CARTESIAN_POINT('',(2.684770203794,3.516254848348));
#5332 = CARTESIAN_POINT('',(2.684770203794,4.546024882415));
#5333 = ( GEOMETRIC_REPRESENTATION_CONTEXT(2) 
PARAMETRIC_REPRESENTATION_CONTEXT() REPRESENTATION_CONTEXT('2D SPACE',''
  ) );
#5334 = ORIENTED_EDGE('',*,*,#5261,.F.);
#5335 = ADVANCED_FACE('',(#5336),#567,.F.);
#5336 = FACE_BOUND('',#5337,.F.);
#5337 = EDGE_LOOP('',(#5338,#5339,#5362,#5383));
#5338 = ORIENTED_EDGE('',*,*,#552,.T.);
#5339 = ORIENTED_EDGE('',*,*,#5340,.T.);
#5340 = EDGE_CURVE('',#520,#5341,#5343,.T.);
#5341 = VERTEX_POINT('',#5342);
#5342 = CARTESIAN_POINT('',(-12.93801581078,35.281315430132,
    25.132240934608));
#5343 = SURFACE_CURVE('',#5344,(#5348,#5355),.PCURVE_S1.);
#5344 = LINE('',#5345,#5346);
#5345 = CARTESIAN_POINT('',(-12.93801581078,38.23030040965,
    25.132240934608));
#5346 = VECTOR('',#5347,1.);
#5347 = DIRECTION('',(0.,-1.,2.22044604925E-16));
#5348 = PCURVE('',#567,#5349);
#5349 = DEFINITIONAL_REPRESENTATION('',(#5350),#5354);
#5350 = LINE('',#5351,#5352);
#5351 = CARTESIAN_POINT('',(0.,0.));
#5352 = VECTOR('',#5353,1.);
#5353 = DIRECTION('',(0.,-1.));
#5354 = ( GEOMETRIC_REPRESENTATION_CONTEXT(2) 
PARAMETRIC_REPRESENTATION_CONTEXT() REPRESENTATION_CONTEXT('2D SPACE',''
  ) );
#5355 = PCURVE('',#540,#5356);
#5356 = DEFINITIONAL_REPRESENTATION('',(#5357),#5361);
#5357 = LINE('',#5358,#5359);
#5358 = CARTESIAN_POINT('',(1.570796326795,0.));
#5359 = VECTOR('',#5360,1.);
#5360 = DIRECTION('',(0.,-1.));
#5361 = ( GEOMETRIC_REPRESENTATION_CONTEXT(2) 
PARAMETRIC_REPRESENTATION_CONTEXT() REPRESENTATION_CONTEXT('2D SPACE',''
  ) );
#5362 = ORIENTED_EDGE('',*,*,#5363,.T.);
#5363 = EDGE_CURVE('',#5341,#5287,#5364,.T.);
#5364 = SURFACE_CURVE('',#5365,(#5369,#5376),.PCURVE_S1.);
#5365 = LINE('',#5366,#5367);
#5366 = CARTESIAN_POINT('',(-9.658707551596,35.281315430132,
    25.132240934608));
#5367 = VECTOR('',#5368,1.);
#5368 = DIRECTION('',(1.,0.,0.));
#5369 = PCURVE('',#567,#5370);
#5370 = DEFINITIONAL_REPRESENTATION('',(#5371),#5375);
#5371 = LINE('',#5372,#5373);
#5372 = CARTESIAN_POINT('',(3.279308259184,-2.948984979518));
#5373 = VECTOR('',#5374,1.);
#5374 = DIRECTION('',(1.,0.));
#5375 = ( GEOMETRIC_REPRESENTATION_CONTEXT(2) 
PARAMETRIC_REPRESENTATION_CONTEXT() REPRESENTATION_CONTEXT('2D SPACE',''
  ) );
#5376 = PCURVE('',#5043,#5377);
#5377 = DEFINITIONAL_REPRESENTATION('',(#5378),#5382);
#5378 = LINE('',#5379,#5380);
#5379 = CARTESIAN_POINT('',(1.5495019256E-08,5.140562888788));
#5380 = VECTOR('',#5381,1.);
#5381 = DIRECTION('',(1.,0.));
#5382 = ( GEOMETRIC_REPRESENTATION_CONTEXT(2) 
PARAMETRIC_REPRESENTATION_CONTEXT() REPRESENTATION_CONTEXT('2D SPACE',''
  ) );
#5383 = ORIENTED_EDGE('',*,*,#5286,.F.);
#5384 = ADVANCED_FACE('',(#5385),#540,.F.);
#5385 = FACE_BOUND('',#5386,.F.);
#5386 = EDGE_LOOP('',(#5387,#5388,#5389,#5415));
#5387 = ORIENTED_EDGE('',*,*,#519,.F.);
#5388 = ORIENTED_EDGE('',*,*,#5055,.T.);
#5389 = ORIENTED_EDGE('',*,*,#5390,.T.);
#5390 = EDGE_CURVE('',#5028,#5341,#5391,.T.);
#5391 = SURFACE_CURVE('',#5392,(#5397,#5404),.PCURVE_S1.);
#5392 = CIRCLE('',#5393,0.594538006372);
#5393 = AXIS2_PLACEMENT_3D('',#5394,#5395,#5396);
#5394 = CARTESIAN_POINT('',(-12.93801581078,35.281315430132,
    24.537702928235));
#5395 = DIRECTION('',(0.,1.,-2.22044604925E-16));
#5396 = DIRECTION('',(-1.,0.,0.));
#5397 = PCURVE('',#540,#5398);
#5398 = DEFINITIONAL_REPRESENTATION('',(#5399),#5403);
#5399 = LINE('',#5400,#5401);
#5400 = CARTESIAN_POINT('',(0.,-2.948984979518));
#5401 = VECTOR('',#5402,1.);
#5402 = DIRECTION('',(1.,0.));
#5403 = ( GEOMETRIC_REPRESENTATION_CONTEXT(2) 
PARAMETRIC_REPRESENTATION_CONTEXT() REPRESENTATION_CONTEXT('2D SPACE',''
  ) );
#5404 = PCURVE('',#5043,#5405);
#5405 = DEFINITIONAL_REPRESENTATION('',(#5406),#5414);
#5406 = ( BOUNDED_CURVE() B_SPLINE_CURVE(2,(#5407,#5408,#5409,#5410,
#5411,#5412,#5413),.UNSPECIFIED.,.T.,.F.) B_SPLINE_CURVE_WITH_KNOTS((1,2
    ,2,2,2,1),(-2.094395102393,0.,2.094395102393,4.188790204786,
6.28318530718,8.377580409573),.UNSPECIFIED.) CURVE() 
GEOMETRIC_REPRESENTATION_ITEM() RATIONAL_B_SPLINE_CURVE((1.,0.5,1.,0.5,
1.,0.5,1.)) REPRESENTATION_ITEM('') );
#5407 = CARTESIAN_POINT('',(-3.873846250062,4.546024882415));
#5408 = CARTESIAN_POINT('',(-3.873846250062,5.575794916483));
#5409 = CARTESIAN_POINT('',(-2.982039240503,5.060909899449));
#5410 = CARTESIAN_POINT('',(-2.090232230945,4.546024882415));
#5411 = CARTESIAN_POINT('',(-2.982039240503,4.031139865382));
#5412 = CARTESIAN_POINT('',(-3.873846250062,3.516254848348));
#5413 = CARTESIAN_POINT('',(-3.873846250062,4.546024882415));
#5414 = ( GEOMETRIC_REPRESENTATION_CONTEXT(2) 
PARAMETRIC_REPRESENTATION_CONTEXT() REPRESENTATION_CONTEXT('2D SPACE',''
  ) );
#5415 = ORIENTED_EDGE('',*,*,#5340,.F.);
#5416 = ADVANCED_FACE('',(#5417),#746,.F.);
#5417 = FACE_BOUND('',#5418,.F.);
#5418 = EDGE_LOOP('',(#5419,#5420,#5443,#5471));
#5419 = ORIENTED_EDGE('',*,*,#729,.T.);
#5420 = ORIENTED_EDGE('',*,*,#5421,.T.);
#5421 = EDGE_CURVE('',#732,#5422,#5424,.T.);
#5422 = VERTEX_POINT('',#5423);
#5423 = CARTESIAN_POINT('',(-13.53255381715,35.281315430132,
    27.637793961463));
#5424 = SURFACE_CURVE('',#5425,(#5429,#5436),.PCURVE_S1.);
#5425 = LINE('',#5426,#5427);
#5426 = CARTESIAN_POINT('',(-13.53255381715,38.23030040965,
    27.637793961463));
#5427 = VECTOR('',#5428,1.);
#5428 = DIRECTION('',(0.,-1.,2.22044604925E-16));
#5429 = PCURVE('',#746,#5430);
#5430 = DEFINITIONAL_REPRESENTATION('',(#5431),#5435);
#5431 = LINE('',#5432,#5433);
#5432 = CARTESIAN_POINT('',(0.,0.));
#5433 = VECTOR('',#5434,1.);
#5434 = DIRECTION('',(0.,-1.));
#5435 = ( GEOMETRIC_REPRESENTATION_CONTEXT(2) 
PARAMETRIC_REPRESENTATION_CONTEXT() REPRESENTATION_CONTEXT('2D SPACE',''
  ) );
#5436 = PCURVE('',#953,#5437);
#5437 = DEFINITIONAL_REPRESENTATION('',(#5438),#5442);
#5438 = LINE('',#5439,#5440);
#5439 = CARTESIAN_POINT('',(6.28318530718,0.));
#5440 = VECTOR('',#5441,1.);
#5441 = DIRECTION('',(0.,-1.));
#5442 = ( GEOMETRIC_REPRESENTATION_CONTEXT(2) 
PARAMETRIC_REPRESENTATION_CONTEXT() REPRESENTATION_CONTEXT('2D SPACE',''
  ) );
#5443 = ORIENTED_EDGE('',*,*,#5444,.T.);
#5444 = EDGE_CURVE('',#5422,#5445,#5447,.T.);
#5445 = VERTEX_POINT('',#5446);
#5446 = CARTESIAN_POINT('',(-13.53255381715,35.281315430132,
    36.729843726293));
#5447 = SURFACE_CURVE('',#5448,(#5452,#5459),.PCURVE_S1.);
#5448 = LINE('',#5449,#5450);
#5449 = CARTESIAN_POINT('',(-13.53255381715,35.281315430132,
    32.183818843878));
#5450 = VECTOR('',#5451,1.);
#5451 = DIRECTION('',(0.,2.22044604925E-16,1.));
#5452 = PCURVE('',#746,#5453);
#5453 = DEFINITIONAL_REPRESENTATION('',(#5454),#5458);
#5454 = LINE('',#5455,#5456);
#5455 = CARTESIAN_POINT('',(4.546024882415,-2.948984979518));
#5456 = VECTOR('',#5457,1.);
#5457 = DIRECTION('',(1.,0.));
#5458 = ( GEOMETRIC_REPRESENTATION_CONTEXT(2) 
PARAMETRIC_REPRESENTATION_CONTEXT() REPRESENTATION_CONTEXT('2D SPACE',''
  ) );
#5459 = PCURVE('',#5460,#5465);
#5460 = PLANE('',#5461);
#5461 = AXIS2_PLACEMENT_3D('',#5462,#5463,#5464);
#5462 = CARTESIAN_POINT('',(-9.658707567091,35.281315430132,
    32.183818843878));
#5463 = DIRECTION('',(0.,-1.,2.22044604925E-16));
#5464 = DIRECTION('',(1.,0.,0.));
#5465 = DEFINITIONAL_REPRESENTATION('',(#5466),#5470);
#5466 = LINE('',#5467,#5468);
#5467 = CARTESIAN_POINT('',(-3.873846250062,-6.567227182846E-16));
#5468 = VECTOR('',#5469,1.);
#5469 = DIRECTION('',(0.,1.));
#5470 = ( GEOMETRIC_REPRESENTATION_CONTEXT(2) 
PARAMETRIC_REPRESENTATION_CONTEXT() REPRESENTATION_CONTEXT('2D SPACE',''
  ) );
#5471 = ORIENTED_EDGE('',*,*,#5472,.F.);
#5472 = EDGE_CURVE('',#730,#5445,#5473,.T.);
#5473 = SURFACE_CURVE('',#5474,(#5478,#5485),.PCURVE_S1.);
#5474 = LINE('',#5475,#5476);
#5475 = CARTESIAN_POINT('',(-13.53255381715,38.23030040965,
    36.729843726293));
#5476 = VECTOR('',#5477,1.);
#5477 = DIRECTION('',(0.,-1.,2.22044604925E-16));
#5478 = PCURVE('',#746,#5479);
#5479 = DEFINITIONAL_REPRESENTATION('',(#5480),#5484);
#5480 = LINE('',#5481,#5482);
#5481 = CARTESIAN_POINT('',(9.092049764831,0.));
#5482 = VECTOR('',#5483,1.);
#5483 = DIRECTION('',(0.,-1.));
#5484 = ( GEOMETRIC_REPRESENTATION_CONTEXT(2) 
PARAMETRIC_REPRESENTATION_CONTEXT() REPRESENTATION_CONTEXT('2D SPACE',''
  ) );
#5485 = PCURVE('',#778,#5486);
#5486 = DEFINITIONAL_REPRESENTATION('',(#5487),#5491);
#5487 = LINE('',#5488,#5489);
#5488 = CARTESIAN_POINT('',(0.,0.));
#5489 = VECTOR('',#5490,1.);
#5490 = DIRECTION('',(0.,-1.));
#5491 = ( GEOMETRIC_REPRESENTATION_CONTEXT(2) 
PARAMETRIC_REPRESENTATION_CONTEXT() REPRESENTATION_CONTEXT('2D SPACE',''
  ) );
#5492 = ADVANCED_FACE('',(#5493),#953,.F.);
#5493 = FACE_BOUND('',#5494,.F.);
#5494 = EDGE_LOOP('',(#5495,#5496,#5519,#5545));
#5495 = ORIENTED_EDGE('',*,*,#934,.F.);
#5496 = ORIENTED_EDGE('',*,*,#5497,.T.);
#5497 = EDGE_CURVE('',#909,#5498,#5500,.T.);
#5498 = VERTEX_POINT('',#5499);
#5499 = CARTESIAN_POINT('',(-12.93801581078,35.281315430132,
    27.04325595509));
#5500 = SURFACE_CURVE('',#5501,(#5505,#5512),.PCURVE_S1.);
#5501 = LINE('',#5502,#5503);
#5502 = CARTESIAN_POINT('',(-12.93801581078,38.23030040965,
    27.04325595509));
#5503 = VECTOR('',#5504,1.);
#5504 = DIRECTION('',(0.,-1.,2.22044604925E-16));
#5505 = PCURVE('',#953,#5506);
#5506 = DEFINITIONAL_REPRESENTATION('',(#5507),#5511);
#5507 = LINE('',#5508,#5509);
#5508 = CARTESIAN_POINT('',(4.712388980385,0.));
#5509 = VECTOR('',#5510,1.);
#5510 = DIRECTION('',(0.,-1.));
#5511 = ( GEOMETRIC_REPRESENTATION_CONTEXT(2) 
PARAMETRIC_REPRESENTATION_CONTEXT() REPRESENTATION_CONTEXT('2D SPACE',''
  ) );
#5512 = PCURVE('',#923,#5513);
#5513 = DEFINITIONAL_REPRESENTATION('',(#5514),#5518);
#5514 = LINE('',#5515,#5516);
#5515 = CARTESIAN_POINT('',(0.,0.));
#5516 = VECTOR('',#5517,1.);
#5517 = DIRECTION('',(0.,-1.));
#5518 = ( GEOMETRIC_REPRESENTATION_CONTEXT(2) 
PARAMETRIC_REPRESENTATION_CONTEXT() REPRESENTATION_CONTEXT('2D SPACE',''
  ) );
#5519 = ORIENTED_EDGE('',*,*,#5520,.T.);
#5520 = EDGE_CURVE('',#5498,#5422,#5521,.T.);
#5521 = SURFACE_CURVE('',#5522,(#5527,#5534),.PCURVE_S1.);
#5522 = CIRCLE('',#5523,0.594538006372);
#5523 = AXIS2_PLACEMENT_3D('',#5524,#5525,#5526);
#5524 = CARTESIAN_POINT('',(-12.93801581078,35.281315430132,
    27.637793961463));
#5525 = DIRECTION('',(0.,1.,-2.22044604925E-16));
#5526 = DIRECTION('',(-1.,0.,0.));
#5527 = PCURVE('',#953,#5528);
#5528 = DEFINITIONAL_REPRESENTATION('',(#5529),#5533);
#5529 = LINE('',#5530,#5531);
#5530 = CARTESIAN_POINT('',(0.,-2.948984979518));
#5531 = VECTOR('',#5532,1.);
#5532 = DIRECTION('',(1.,0.));
#5533 = ( GEOMETRIC_REPRESENTATION_CONTEXT(2) 
PARAMETRIC_REPRESENTATION_CONTEXT() REPRESENTATION_CONTEXT('2D SPACE',''
  ) );
#5534 = PCURVE('',#5460,#5535);
#5535 = DEFINITIONAL_REPRESENTATION('',(#5536),#5544);
#5536 = ( BOUNDED_CURVE() B_SPLINE_CURVE(2,(#5537,#5538,#5539,#5540,
#5541,#5542,#5543),.UNSPECIFIED.,.T.,.F.) B_SPLINE_CURVE_WITH_KNOTS((1,2
    ,2,2,2,1),(-2.094395102393,0.,2.094395102393,4.188790204786,
6.28318530718,8.377580409573),.UNSPECIFIED.) CURVE() 
GEOMETRIC_REPRESENTATION_ITEM() RATIONAL_B_SPLINE_CURVE((1.,0.5,1.,0.5,
1.,0.5,1.)) REPRESENTATION_ITEM('') );
#5537 = CARTESIAN_POINT('',(-3.873846250062,-4.546024882415));
#5538 = CARTESIAN_POINT('',(-3.873846250062,-3.516254848348));
#5539 = CARTESIAN_POINT('',(-2.982039240503,-4.031139865382));
#5540 = CARTESIAN_POINT('',(-2.090232230945,-4.546024882415));
#5541 = CARTESIAN_POINT('',(-2.982039240503,-5.060909899449));
#5542 = CARTESIAN_POINT('',(-3.873846250062,-5.575794916483));
#5543 = CARTESIAN_POINT('',(-3.873846250062,-4.546024882415));
#5544 = ( GEOMETRIC_REPRESENTATION_CONTEXT(2) 
PARAMETRIC_REPRESENTATION_CONTEXT() REPRESENTATION_CONTEXT('2D SPACE',''
  ) );
#5545 = ORIENTED_EDGE('',*,*,#5421,.F.);
#5546 = ADVANCED_FACE('',(#5547),#923,.T.);
#5547 = FACE_BOUND('',#5548,.T.);
#5548 = EDGE_LOOP('',(#5549,#5550,#5551,#5574));
#5549 = ORIENTED_EDGE('',*,*,#908,.T.);
#5550 = ORIENTED_EDGE('',*,*,#5497,.T.);
#5551 = ORIENTED_EDGE('',*,*,#5552,.T.);
#5552 = EDGE_CURVE('',#5498,#5553,#5555,.T.);
#5553 = VERTEX_POINT('',#5554);
#5554 = CARTESIAN_POINT('',(-6.379399356924,35.281315430132,
    27.04325595509));
#5555 = SURFACE_CURVE('',#5556,(#5560,#5567),.PCURVE_S1.);
#5556 = LINE('',#5557,#5558);
#5557 = CARTESIAN_POINT('',(-9.658707551596,35.281315430132,
    27.04325595509));
#5558 = VECTOR('',#5559,1.);
#5559 = DIRECTION('',(1.,0.,0.));
#5560 = PCURVE('',#923,#5561);
#5561 = DEFINITIONAL_REPRESENTATION('',(#5562),#5566);
#5562 = LINE('',#5563,#5564);
#5563 = CARTESIAN_POINT('',(3.279308259184,-2.948984979518));
#5564 = VECTOR('',#5565,1.);
#5565 = DIRECTION('',(1.,0.));
#5566 = ( GEOMETRIC_REPRESENTATION_CONTEXT(2) 
PARAMETRIC_REPRESENTATION_CONTEXT() REPRESENTATION_CONTEXT('2D SPACE',''
  ) );
#5567 = PCURVE('',#5460,#5568);
#5568 = DEFINITIONAL_REPRESENTATION('',(#5569),#5573);
#5569 = LINE('',#5570,#5571);
#5570 = CARTESIAN_POINT('',(1.5495019256E-08,-5.140562888788));
#5571 = VECTOR('',#5572,1.);
#5572 = DIRECTION('',(1.,0.));
#5573 = ( GEOMETRIC_REPRESENTATION_CONTEXT(2) 
PARAMETRIC_REPRESENTATION_CONTEXT() REPRESENTATION_CONTEXT('2D SPACE',''
  ) );
#5574 = ORIENTED_EDGE('',*,*,#5575,.F.);
#5575 = EDGE_CURVE('',#876,#5553,#5576,.T.);
#5576 = SURFACE_CURVE('',#5577,(#5581,#5588),.PCURVE_S1.);
#5577 = LINE('',#5578,#5579);
#5578 = CARTESIAN_POINT('',(-6.379399356924,38.23030040965,
    27.04325595509));
#5579 = VECTOR('',#5580,1.);
#5580 = DIRECTION('',(0.,-1.,2.22044604925E-16));
#5581 = PCURVE('',#923,#5582);
#5582 = DEFINITIONAL_REPRESENTATION('',(#5583),#5587);
#5583 = LINE('',#5584,#5585);
#5584 = CARTESIAN_POINT('',(6.558616453856,0.));
#5585 = VECTOR('',#5586,1.);
#5586 = DIRECTION('',(0.,-1.));
#5587 = ( GEOMETRIC_REPRESENTATION_CONTEXT(2) 
PARAMETRIC_REPRESENTATION_CONTEXT() REPRESENTATION_CONTEXT('2D SPACE',''
  ) );
#5588 = PCURVE('',#896,#5589);
#5589 = DEFINITIONAL_REPRESENTATION('',(#5590),#5594);
#5590 = LINE('',#5591,#5592);
#5591 = CARTESIAN_POINT('',(4.712388980385,0.));
#5592 = VECTOR('',#5593,1.);
#5593 = DIRECTION('',(0.,-1.));
#5594 = ( GEOMETRIC_REPRESENTATION_CONTEXT(2) 
PARAMETRIC_REPRESENTATION_CONTEXT() REPRESENTATION_CONTEXT('2D SPACE',''
  ) );
#5595 = ADVANCED_FACE('',(#5596),#896,.F.);
#5596 = FACE_BOUND('',#5597,.F.);
#5597 = EDGE_LOOP('',(#5598,#5599,#5622,#5648));
#5598 = ORIENTED_EDGE('',*,*,#875,.F.);
#5599 = ORIENTED_EDGE('',*,*,#5600,.T.);
#5600 = EDGE_CURVE('',#850,#5601,#5603,.T.);
#5601 = VERTEX_POINT('',#5602);
#5602 = CARTESIAN_POINT('',(-5.784861318295,35.281315430132,
    27.637793961463));
#5603 = SURFACE_CURVE('',#5604,(#5608,#5615),.PCURVE_S1.);
#5604 = LINE('',#5605,#5606);
#5605 = CARTESIAN_POINT('',(-5.784861318295,38.23030040965,
    27.637793961463));
#5606 = VECTOR('',#5607,1.);
#5607 = DIRECTION('',(0.,-1.,2.22044604925E-16));
#5608 = PCURVE('',#896,#5609);
#5609 = DEFINITIONAL_REPRESENTATION('',(#5610),#5614);
#5610 = LINE('',#5611,#5612);
#5611 = CARTESIAN_POINT('',(3.14159265359,0.));
#5612 = VECTOR('',#5613,1.);
#5613 = DIRECTION('',(0.,-1.));
#5614 = ( GEOMETRIC_REPRESENTATION_CONTEXT(2) 
PARAMETRIC_REPRESENTATION_CONTEXT() REPRESENTATION_CONTEXT('2D SPACE',''
  ) );
#5615 = PCURVE('',#864,#5616);
#5616 = DEFINITIONAL_REPRESENTATION('',(#5617),#5621);
#5617 = LINE('',#5618,#5619);
#5618 = CARTESIAN_POINT('',(0.,0.));
#5619 = VECTOR('',#5620,1.);
#5620 = DIRECTION('',(0.,-1.));
#5621 = ( GEOMETRIC_REPRESENTATION_CONTEXT(2) 
PARAMETRIC_REPRESENTATION_CONTEXT() REPRESENTATION_CONTEXT('2D SPACE',''
  ) );
#5622 = ORIENTED_EDGE('',*,*,#5623,.T.);
#5623 = EDGE_CURVE('',#5601,#5553,#5624,.T.);
#5624 = SURFACE_CURVE('',#5625,(#5630,#5637),.PCURVE_S1.);
#5625 = CIRCLE('',#5626,0.594538006372);
#5626 = AXIS2_PLACEMENT_3D('',#5627,#5628,#5629);
#5627 = CARTESIAN_POINT('',(-6.379399356924,35.281315430132,
    27.637793961463));
#5628 = DIRECTION('',(0.,1.,-2.22044604925E-16));
#5629 = DIRECTION('',(-1.,0.,0.));
#5630 = PCURVE('',#896,#5631);
#5631 = DEFINITIONAL_REPRESENTATION('',(#5632),#5636);
#5632 = LINE('',#5633,#5634);
#5633 = CARTESIAN_POINT('',(0.,-2.948984979518));
#5634 = VECTOR('',#5635,1.);
#5635 = DIRECTION('',(1.,0.));
#5636 = ( GEOMETRIC_REPRESENTATION_CONTEXT(2) 
PARAMETRIC_REPRESENTATION_CONTEXT() REPRESENTATION_CONTEXT('2D SPACE',''
  ) );
#5637 = PCURVE('',#5460,#5638);
#5638 = DEFINITIONAL_REPRESENTATION('',(#5639),#5647);
#5639 = ( BOUNDED_CURVE() B_SPLINE_CURVE(2,(#5640,#5641,#5642,#5643,
#5644,#5645,#5646),.UNSPECIFIED.,.T.,.F.) B_SPLINE_CURVE_WITH_KNOTS((1,2
    ,2,2,2,1),(-2.094395102393,0.,2.094395102393,4.188790204786,
6.28318530718,8.377580409573),.UNSPECIFIED.) CURVE() 
GEOMETRIC_REPRESENTATION_ITEM() RATIONAL_B_SPLINE_CURVE((1.,0.5,1.,0.5,
1.,0.5,1.)) REPRESENTATION_ITEM('') );
#5640 = CARTESIAN_POINT('',(2.684770203794,-4.546024882415));
#5641 = CARTESIAN_POINT('',(2.684770203794,-3.516254848348));
#5642 = CARTESIAN_POINT('',(3.576577213353,-4.031139865382));
#5643 = CARTESIAN_POINT('',(4.468384222911,-4.546024882415));
#5644 = CARTESIAN_POINT('',(3.576577213353,-5.060909899449));
#5645 = CARTESIAN_POINT('',(2.684770203794,-5.575794916483));
#5646 = CARTESIAN_POINT('',(2.684770203794,-4.546024882415));
#5647 = ( GEOMETRIC_REPRESENTATION_CONTEXT(2) 
PARAMETRIC_REPRESENTATION_CONTEXT() REPRESENTATION_CONTEXT('2D SPACE',''
  ) );
#5648 = ORIENTED_EDGE('',*,*,#5575,.F.);
#5649 = ADVANCED_FACE('',(#5650),#864,.T.);
#5650 = FACE_BOUND('',#5651,.T.);
#5651 = EDGE_LOOP('',(#5652,#5653,#5654,#5677));
#5652 = ORIENTED_EDGE('',*,*,#849,.T.);
#5653 = ORIENTED_EDGE('',*,*,#5600,.T.);
#5654 = ORIENTED_EDGE('',*,*,#5655,.T.);
#5655 = EDGE_CURVE('',#5601,#5656,#5658,.T.);
#5656 = VERTEX_POINT('',#5657);
#5657 = CARTESIAN_POINT('',(-5.784861318295,35.281315430132,
    36.729843726293));
#5658 = SURFACE_CURVE('',#5659,(#5663,#5670),.PCURVE_S1.);
#5659 = LINE('',#5660,#5661);
#5660 = CARTESIAN_POINT('',(-5.784861286039,35.281315430132,
    32.183818843878));
#5661 = VECTOR('',#5662,1.);
#5662 = DIRECTION('',(0.,2.22044604925E-16,1.));
#5663 = PCURVE('',#864,#5664);
#5664 = DEFINITIONAL_REPRESENTATION('',(#5665),#5669);
#5665 = LINE('',#5666,#5667);
#5666 = CARTESIAN_POINT('',(4.546024882415,-2.948984979518));
#5667 = VECTOR('',#5668,1.);
#5668 = DIRECTION('',(1.,0.));
#5669 = ( GEOMETRIC_REPRESENTATION_CONTEXT(2) 
PARAMETRIC_REPRESENTATION_CONTEXT() REPRESENTATION_CONTEXT('2D SPACE',''
  ) );
#5670 = PCURVE('',#5460,#5671);
#5671 = DEFINITIONAL_REPRESENTATION('',(#5672),#5676);
#5672 = LINE('',#5673,#5674);
#5673 = CARTESIAN_POINT('',(3.873846281052,-6.567227182846E-16));
#5674 = VECTOR('',#5675,1.);
#5675 = DIRECTION('',(0.,1.));
#5676 = ( GEOMETRIC_REPRESENTATION_CONTEXT(2) 
PARAMETRIC_REPRESENTATION_CONTEXT() REPRESENTATION_CONTEXT('2D SPACE',''
  ) );
#5677 = ORIENTED_EDGE('',*,*,#5678,.F.);
#5678 = EDGE_CURVE('',#817,#5656,#5679,.T.);
#5679 = SURFACE_CURVE('',#5680,(#5684,#5691),.PCURVE_S1.);
#5680 = LINE('',#5681,#5682);
#5681 = CARTESIAN_POINT('',(-5.784861318295,38.23030040965,
    36.729843726293));
#5682 = VECTOR('',#5683,1.);
#5683 = DIRECTION('',(0.,-1.,2.22044604925E-16));
#5684 = PCURVE('',#864,#5685);
#5685 = DEFINITIONAL_REPRESENTATION('',(#5686),#5690);
#5686 = LINE('',#5687,#5688);
#5687 = CARTESIAN_POINT('',(9.092049764831,0.));
#5688 = VECTOR('',#5689,1.);
#5689 = DIRECTION('',(0.,-1.));
#5690 = ( GEOMETRIC_REPRESENTATION_CONTEXT(2) 
PARAMETRIC_REPRESENTATION_CONTEXT() REPRESENTATION_CONTEXT('2D SPACE',''
  ) );
#5691 = PCURVE('',#837,#5692);
#5692 = DEFINITIONAL_REPRESENTATION('',(#5693),#5697);
#5693 = LINE('',#5694,#5695);
#5694 = CARTESIAN_POINT('',(3.14159265359,0.));
#5695 = VECTOR('',#5696,1.);
#5696 = DIRECTION('',(0.,-1.));
#5697 = ( GEOMETRIC_REPRESENTATION_CONTEXT(2) 
PARAMETRIC_REPRESENTATION_CONTEXT() REPRESENTATION_CONTEXT('2D SPACE',''
  ) );
#5698 = ADVANCED_FACE('',(#5699),#837,.F.);
#5699 = FACE_BOUND('',#5700,.F.);
#5700 = EDGE_LOOP('',(#5701,#5702,#5725,#5751));
#5701 = ORIENTED_EDGE('',*,*,#816,.F.);
#5702 = ORIENTED_EDGE('',*,*,#5703,.T.);
#5703 = EDGE_CURVE('',#791,#5704,#5706,.T.);
#5704 = VERTEX_POINT('',#5705);
#5705 = CARTESIAN_POINT('',(-6.379399356924,35.281315430132,
    37.324381732666));
#5706 = SURFACE_CURVE('',#5707,(#5711,#5718),.PCURVE_S1.);
#5707 = LINE('',#5708,#5709);
#5708 = CARTESIAN_POINT('',(-6.379399356924,38.23030040965,
    37.324381732666));
#5709 = VECTOR('',#5710,1.);
#5710 = DIRECTION('',(0.,-1.,2.22044604925E-16));
#5711 = PCURVE('',#837,#5712);
#5712 = DEFINITIONAL_REPRESENTATION('',(#5713),#5717);
#5713 = LINE('',#5714,#5715);
#5714 = CARTESIAN_POINT('',(1.570796326795,0.));
#5715 = VECTOR('',#5716,1.);
#5716 = DIRECTION('',(0.,-1.));
#5717 = ( GEOMETRIC_REPRESENTATION_CONTEXT(2) 
PARAMETRIC_REPRESENTATION_CONTEXT() REPRESENTATION_CONTEXT('2D SPACE',''
  ) );
#5718 = PCURVE('',#805,#5719);
#5719 = DEFINITIONAL_REPRESENTATION('',(#5720),#5724);
#5720 = LINE('',#5721,#5722);
#5721 = CARTESIAN_POINT('',(6.558616453856,0.));
#5722 = VECTOR('',#5723,1.);
#5723 = DIRECTION('',(0.,-1.));
#5724 = ( GEOMETRIC_REPRESENTATION_CONTEXT(2) 
PARAMETRIC_REPRESENTATION_CONTEXT() REPRESENTATION_CONTEXT('2D SPACE',''
  ) );
#5725 = ORIENTED_EDGE('',*,*,#5726,.T.);
#5726 = EDGE_CURVE('',#5704,#5656,#5727,.T.);
#5727 = SURFACE_CURVE('',#5728,(#5733,#5740),.PCURVE_S1.);
#5728 = CIRCLE('',#5729,0.594538006372);
#5729 = AXIS2_PLACEMENT_3D('',#5730,#5731,#5732);
#5730 = CARTESIAN_POINT('',(-6.379399356924,35.281315430132,
    36.729843726293));
#5731 = DIRECTION('',(0.,1.,-2.22044604925E-16));
#5732 = DIRECTION('',(-1.,0.,0.));
#5733 = PCURVE('',#837,#5734);
#5734 = DEFINITIONAL_REPRESENTATION('',(#5735),#5739);
#5735 = LINE('',#5736,#5737);
#5736 = CARTESIAN_POINT('',(0.,-2.948984979518));
#5737 = VECTOR('',#5738,1.);
#5738 = DIRECTION('',(1.,0.));
#5739 = ( GEOMETRIC_REPRESENTATION_CONTEXT(2) 
PARAMETRIC_REPRESENTATION_CONTEXT() REPRESENTATION_CONTEXT('2D SPACE',''
  ) );
#5740 = PCURVE('',#5460,#5741);
#5741 = DEFINITIONAL_REPRESENTATION('',(#5742),#5750);
#5742 = ( BOUNDED_CURVE() B_SPLINE_CURVE(2,(#5743,#5744,#5745,#5746,
#5747,#5748,#5749),.UNSPECIFIED.,.T.,.F.) B_SPLINE_CURVE_WITH_KNOTS((1,2
    ,2,2,2,1),(-2.094395102393,0.,2.094395102393,4.188790204786,
6.28318530718,8.377580409573),.UNSPECIFIED.) CURVE() 
GEOMETRIC_REPRESENTATION_ITEM() RATIONAL_B_SPLINE_CURVE((1.,0.5,1.,0.5,
1.,0.5,1.)) REPRESENTATION_ITEM('') );
#5743 = CARTESIAN_POINT('',(2.684770203794,4.546024882415));
#5744 = CARTESIAN_POINT('',(2.684770203794,5.575794916483));
#5745 = CARTESIAN_POINT('',(3.576577213353,5.060909899449));
#5746 = CARTESIAN_POINT('',(4.468384222911,4.546024882415));
#5747 = CARTESIAN_POINT('',(3.576577213353,4.031139865382));
#5748 = CARTESIAN_POINT('',(2.684770203794,3.516254848348));
#5749 = CARTESIAN_POINT('',(2.684770203794,4.546024882415));
#5750 = ( GEOMETRIC_REPRESENTATION_CONTEXT(2) 
PARAMETRIC_REPRESENTATION_CONTEXT() REPRESENTATION_CONTEXT('2D SPACE',''
  ) );
#5751 = ORIENTED_EDGE('',*,*,#5678,.F.);
#5752 = ADVANCED_FACE('',(#5753),#805,.F.);
#5753 = FACE_BOUND('',#5754,.F.);
#5754 = EDGE_LOOP('',(#5755,#5756,#5779,#5800));
#5755 = ORIENTED_EDGE('',*,*,#790,.T.);
#5756 = ORIENTED_EDGE('',*,*,#5757,.T.);
#5757 = EDGE_CURVE('',#758,#5758,#5760,.T.);
#5758 = VERTEX_POINT('',#5759);
#5759 = CARTESIAN_POINT('',(-12.93801581078,35.281315430132,
    37.324381732666));
#5760 = SURFACE_CURVE('',#5761,(#5765,#5772),.PCURVE_S1.);
#5761 = LINE('',#5762,#5763);
#5762 = CARTESIAN_POINT('',(-12.93801581078,38.23030040965,
    37.324381732666));
#5763 = VECTOR('',#5764,1.);
#5764 = DIRECTION('',(0.,-1.,2.22044604925E-16));
#5765 = PCURVE('',#805,#5766);
#5766 = DEFINITIONAL_REPRESENTATION('',(#5767),#5771);
#5767 = LINE('',#5768,#5769);
#5768 = CARTESIAN_POINT('',(0.,0.));
#5769 = VECTOR('',#5770,1.);
#5770 = DIRECTION('',(0.,-1.));
#5771 = ( GEOMETRIC_REPRESENTATION_CONTEXT(2) 
PARAMETRIC_REPRESENTATION_CONTEXT() REPRESENTATION_CONTEXT('2D SPACE',''
  ) );
#5772 = PCURVE('',#778,#5773);
#5773 = DEFINITIONAL_REPRESENTATION('',(#5774),#5778);
#5774 = LINE('',#5775,#5776);
#5775 = CARTESIAN_POINT('',(1.570796326795,0.));
#5776 = VECTOR('',#5777,1.);
#5777 = DIRECTION('',(0.,-1.));
#5778 = ( GEOMETRIC_REPRESENTATION_CONTEXT(2) 
PARAMETRIC_REPRESENTATION_CONTEXT() REPRESENTATION_CONTEXT('2D SPACE',''
  ) );
#5779 = ORIENTED_EDGE('',*,*,#5780,.T.);
#5780 = EDGE_CURVE('',#5758,#5704,#5781,.T.);
#5781 = SURFACE_CURVE('',#5782,(#5786,#5793),.PCURVE_S1.);
#5782 = LINE('',#5783,#5784);
#5783 = CARTESIAN_POINT('',(-9.658707551596,35.281315430132,
    37.324381732666));
#5784 = VECTOR('',#5785,1.);
#5785 = DIRECTION('',(1.,0.,0.));
#5786 = PCURVE('',#805,#5787);
#5787 = DEFINITIONAL_REPRESENTATION('',(#5788),#5792);
#5788 = LINE('',#5789,#5790);
#5789 = CARTESIAN_POINT('',(3.279308259184,-2.948984979518));
#5790 = VECTOR('',#5791,1.);
#5791 = DIRECTION('',(1.,0.));
#5792 = ( GEOMETRIC_REPRESENTATION_CONTEXT(2) 
PARAMETRIC_REPRESENTATION_CONTEXT() REPRESENTATION_CONTEXT('2D SPACE',''
  ) );
#5793 = PCURVE('',#5460,#5794);
#5794 = DEFINITIONAL_REPRESENTATION('',(#5795),#5799);
#5795 = LINE('',#5796,#5797);
#5796 = CARTESIAN_POINT('',(1.5495019256E-08,5.140562888788));
#5797 = VECTOR('',#5798,1.);
#5798 = DIRECTION('',(1.,0.));
#5799 = ( GEOMETRIC_REPRESENTATION_CONTEXT(2) 
PARAMETRIC_REPRESENTATION_CONTEXT() REPRESENTATION_CONTEXT('2D SPACE',''
  ) );
#5800 = ORIENTED_EDGE('',*,*,#5703,.F.);
#5801 = ADVANCED_FACE('',(#5802),#778,.F.);
#5802 = FACE_BOUND('',#5803,.F.);
#5803 = EDGE_LOOP('',(#5804,#5805,#5806,#5832));
#5804 = ORIENTED_EDGE('',*,*,#757,.F.);
#5805 = ORIENTED_EDGE('',*,*,#5472,.T.);
#5806 = ORIENTED_EDGE('',*,*,#5807,.T.);
#5807 = EDGE_CURVE('',#5445,#5758,#5808,.T.);
#5808 = SURFACE_CURVE('',#5809,(#5814,#5821),.PCURVE_S1.);
#5809 = CIRCLE('',#5810,0.594538006372);
#5810 = AXIS2_PLACEMENT_3D('',#5811,#5812,#5813);
#5811 = CARTESIAN_POINT('',(-12.93801581078,35.281315430132,
    36.729843726293));
#5812 = DIRECTION('',(0.,1.,-2.22044604925E-16));
#5813 = DIRECTION('',(-1.,0.,0.));
#5814 = PCURVE('',#778,#5815);
#5815 = DEFINITIONAL_REPRESENTATION('',(#5816),#5820);
#5816 = LINE('',#5817,#5818);
#5817 = CARTESIAN_POINT('',(0.,-2.948984979518));
#5818 = VECTOR('',#5819,1.);
#5819 = DIRECTION('',(1.,0.));
#5820 = ( GEOMETRIC_REPRESENTATION_CONTEXT(2) 
PARAMETRIC_REPRESENTATION_CONTEXT() REPRESENTATION_CONTEXT('2D SPACE',''
  ) );
#5821 = PCURVE('',#5460,#5822);
#5822 = DEFINITIONAL_REPRESENTATION('',(#5823),#5831);
#5823 = ( BOUNDED_CURVE() B_SPLINE_CURVE(2,(#5824,#5825,#5826,#5827,
#5828,#5829,#5830),.UNSPECIFIED.,.T.,.F.) B_SPLINE_CURVE_WITH_KNOTS((1,2
    ,2,2,2,1),(-2.094395102393,0.,2.094395102393,4.188790204786,
6.28318530718,8.377580409573),.UNSPECIFIED.) CURVE() 
GEOMETRIC_REPRESENTATION_ITEM() RATIONAL_B_SPLINE_CURVE((1.,0.5,1.,0.5,
1.,0.5,1.)) REPRESENTATION_ITEM('') );
#5824 = CARTESIAN_POINT('',(-3.873846250062,4.546024882415));
#5825 = CARTESIAN_POINT('',(-3.873846250062,5.575794916483));
#5826 = CARTESIAN_POINT('',(-2.982039240503,5.060909899449));
#5827 = CARTESIAN_POINT('',(-2.090232230945,4.546024882415));
#5828 = CARTESIAN_POINT('',(-2.982039240503,4.031139865382));
#5829 = CARTESIAN_POINT('',(-3.873846250062,3.516254848348));
#5830 = CARTESIAN_POINT('',(-3.873846250062,4.546024882415));
#5831 = ( GEOMETRIC_REPRESENTATION_CONTEXT(2) 
PARAMETRIC_REPRESENTATION_CONTEXT() REPRESENTATION_CONTEXT('2D SPACE',''
  ) );
#5832 = ORIENTED_EDGE('',*,*,#5757,.F.);
#5833 = ADVANCED_FACE('',(#5834),#984,.F.);
#5834 = FACE_BOUND('',#5835,.F.);
#5835 = EDGE_LOOP('',(#5836,#5837,#5860,#5888));
#5836 = ORIENTED_EDGE('',*,*,#967,.T.);
#5837 = ORIENTED_EDGE('',*,*,#5838,.T.);
#5838 = EDGE_CURVE('',#970,#5839,#5841,.T.);
#5839 = VERTEX_POINT('',#5840);
#5840 = CARTESIAN_POINT('',(-13.53255381715,35.281315430132,
    39.829934759521));
#5841 = SURFACE_CURVE('',#5842,(#5846,#5853),.PCURVE_S1.);
#5842 = LINE('',#5843,#5844);
#5843 = CARTESIAN_POINT('',(-13.53255381715,38.23030040965,
    39.829934759521));
#5844 = VECTOR('',#5845,1.);
#5845 = DIRECTION('',(0.,-1.,2.22044604925E-16));
#5846 = PCURVE('',#984,#5847);
#5847 = DEFINITIONAL_REPRESENTATION('',(#5848),#5852);
#5848 = LINE('',#5849,#5850);
#5849 = CARTESIAN_POINT('',(0.,0.));
#5850 = VECTOR('',#5851,1.);
#5851 = DIRECTION('',(0.,-1.));
#5852 = ( GEOMETRIC_REPRESENTATION_CONTEXT(2) 
PARAMETRIC_REPRESENTATION_CONTEXT() REPRESENTATION_CONTEXT('2D SPACE',''
  ) );
#5853 = PCURVE('',#1191,#5854);
#5854 = DEFINITIONAL_REPRESENTATION('',(#5855),#5859);
#5855 = LINE('',#5856,#5857);
#5856 = CARTESIAN_POINT('',(6.28318530718,0.));
#5857 = VECTOR('',#5858,1.);
#5858 = DIRECTION('',(0.,-1.));
#5859 = ( GEOMETRIC_REPRESENTATION_CONTEXT(2) 
PARAMETRIC_REPRESENTATION_CONTEXT() REPRESENTATION_CONTEXT('2D SPACE',''
  ) );
#5860 = ORIENTED_EDGE('',*,*,#5861,.T.);
#5861 = EDGE_CURVE('',#5839,#5862,#5864,.T.);
#5862 = VERTEX_POINT('',#5863);
#5863 = CARTESIAN_POINT('',(-13.53255381715,35.281315430132,
    48.921984524351));
#5864 = SURFACE_CURVE('',#5865,(#5869,#5876),.PCURVE_S1.);
#5865 = LINE('',#5866,#5867);
#5866 = CARTESIAN_POINT('',(-13.53255381715,35.281315430132,
    44.375959641936));
#5867 = VECTOR('',#5868,1.);
#5868 = DIRECTION('',(0.,2.22044604925E-16,1.));
#5869 = PCURVE('',#984,#5870);
#5870 = DEFINITIONAL_REPRESENTATION('',(#5871),#5875);
#5871 = LINE('',#5872,#5873);
#5872 = CARTESIAN_POINT('',(4.546024882415,-2.948984979518));
#5873 = VECTOR('',#5874,1.);
#5874 = DIRECTION('',(1.,0.));
#5875 = ( GEOMETRIC_REPRESENTATION_CONTEXT(2) 
PARAMETRIC_REPRESENTATION_CONTEXT() REPRESENTATION_CONTEXT('2D SPACE',''
  ) );
#5876 = PCURVE('',#5877,#5882);
#5877 = PLANE('',#5878);
#5878 = AXIS2_PLACEMENT_3D('',#5879,#5880,#5881);
#5879 = CARTESIAN_POINT('',(-9.658707567091,35.281315430132,
    44.375959641936));
#5880 = DIRECTION('',(0.,-1.,2.22044604925E-16));
#5881 = DIRECTION('',(1.,0.,0.));
#5882 = DEFINITIONAL_REPRESENTATION('',(#5883),#5887);
#5883 = LINE('',#5884,#5885);
#5884 = CARTESIAN_POINT('',(-3.873846250062,-6.567227182846E-16));
#5885 = VECTOR('',#5886,1.);
#5886 = DIRECTION('',(0.,1.));
#5887 = ( GEOMETRIC_REPRESENTATION_CONTEXT(2) 
PARAMETRIC_REPRESENTATION_CONTEXT() REPRESENTATION_CONTEXT('2D SPACE',''
  ) );
#5888 = ORIENTED_EDGE('',*,*,#5889,.F.);
#5889 = EDGE_CURVE('',#968,#5862,#5890,.T.);
#5890 = SURFACE_CURVE('',#5891,(#5895,#5902),.PCURVE_S1.);
#5891 = LINE('',#5892,#5893);
#5892 = CARTESIAN_POINT('',(-13.53255381715,38.23030040965,
    48.921984524351));
#5893 = VECTOR('',#5894,1.);
#5894 = DIRECTION('',(0.,-1.,2.22044604925E-16));
#5895 = PCURVE('',#984,#5896);
#5896 = DEFINITIONAL_REPRESENTATION('',(#5897),#5901);
#5897 = LINE('',#5898,#5899);
#5898 = CARTESIAN_POINT('',(9.092049764831,0.));
#5899 = VECTOR('',#5900,1.);
#5900 = DIRECTION('',(0.,-1.));
#5901 = ( GEOMETRIC_REPRESENTATION_CONTEXT(2) 
PARAMETRIC_REPRESENTATION_CONTEXT() REPRESENTATION_CONTEXT('2D SPACE',''
  ) );
#5902 = PCURVE('',#1016,#5903);
#5903 = DEFINITIONAL_REPRESENTATION('',(#5904),#5908);
#5904 = LINE('',#5905,#5906);
#5905 = CARTESIAN_POINT('',(0.,0.));
#5906 = VECTOR('',#5907,1.);
#5907 = DIRECTION('',(0.,-1.));
#5908 = ( GEOMETRIC_REPRESENTATION_CONTEXT(2) 
PARAMETRIC_REPRESENTATION_CONTEXT() REPRESENTATION_CONTEXT('2D SPACE',''
  ) );
#5909 = ADVANCED_FACE('',(#5910),#1191,.F.);
#5910 = FACE_BOUND('',#5911,.F.);
#5911 = EDGE_LOOP('',(#5912,#5913,#5936,#5962));
#5912 = ORIENTED_EDGE('',*,*,#1172,.F.);
#5913 = ORIENTED_EDGE('',*,*,#5914,.T.);
#5914 = EDGE_CURVE('',#1147,#5915,#5917,.T.);
#5915 = VERTEX_POINT('',#5916);
#5916 = CARTESIAN_POINT('',(-12.93801581078,35.281315430132,
    39.235396753148));
#5917 = SURFACE_CURVE('',#5918,(#5922,#5929),.PCURVE_S1.);
#5918 = LINE('',#5919,#5920);
#5919 = CARTESIAN_POINT('',(-12.93801581078,38.23030040965,
    39.235396753148));
#5920 = VECTOR('',#5921,1.);
#5921 = DIRECTION('',(0.,-1.,2.22044604925E-16));
#5922 = PCURVE('',#1191,#5923);
#5923 = DEFINITIONAL_REPRESENTATION('',(#5924),#5928);
#5924 = LINE('',#5925,#5926);
#5925 = CARTESIAN_POINT('',(4.712388980385,0.));
#5926 = VECTOR('',#5927,1.);
#5927 = DIRECTION('',(0.,-1.));
#5928 = ( GEOMETRIC_REPRESENTATION_CONTEXT(2) 
PARAMETRIC_REPRESENTATION_CONTEXT() REPRESENTATION_CONTEXT('2D SPACE',''
  ) );
#5929 = PCURVE('',#1161,#5930);
#5930 = DEFINITIONAL_REPRESENTATION('',(#5931),#5935);
#5931 = LINE('',#5932,#5933);
#5932 = CARTESIAN_POINT('',(0.,0.));
#5933 = VECTOR('',#5934,1.);
#5934 = DIRECTION('',(0.,-1.));
#5935 = ( GEOMETRIC_REPRESENTATION_CONTEXT(2) 
PARAMETRIC_REPRESENTATION_CONTEXT() REPRESENTATION_CONTEXT('2D SPACE',''
  ) );
#5936 = ORIENTED_EDGE('',*,*,#5937,.T.);
#5937 = EDGE_CURVE('',#5915,#5839,#5938,.T.);
#5938 = SURFACE_CURVE('',#5939,(#5944,#5951),.PCURVE_S1.);
#5939 = CIRCLE('',#5940,0.594538006372);
#5940 = AXIS2_PLACEMENT_3D('',#5941,#5942,#5943);
#5941 = CARTESIAN_POINT('',(-12.93801581078,35.281315430132,
    39.829934759521));
#5942 = DIRECTION('',(0.,1.,-2.22044604925E-16));
#5943 = DIRECTION('',(-1.,0.,0.));
#5944 = PCURVE('',#1191,#5945);
#5945 = DEFINITIONAL_REPRESENTATION('',(#5946),#5950);
#5946 = LINE('',#5947,#5948);
#5947 = CARTESIAN_POINT('',(0.,-2.948984979518));
#5948 = VECTOR('',#5949,1.);
#5949 = DIRECTION('',(1.,0.));
#5950 = ( GEOMETRIC_REPRESENTATION_CONTEXT(2) 
PARAMETRIC_REPRESENTATION_CONTEXT() REPRESENTATION_CONTEXT('2D SPACE',''
  ) );
#5951 = PCURVE('',#5877,#5952);
#5952 = DEFINITIONAL_REPRESENTATION('',(#5953),#5961);
#5953 = ( BOUNDED_CURVE() B_SPLINE_CURVE(2,(#5954,#5955,#5956,#5957,
#5958,#5959,#5960),.UNSPECIFIED.,.T.,.F.) B_SPLINE_CURVE_WITH_KNOTS((1,2
    ,2,2,2,1),(-2.094395102393,0.,2.094395102393,4.188790204786,
6.28318530718,8.377580409573),.UNSPECIFIED.) CURVE() 
GEOMETRIC_REPRESENTATION_ITEM() RATIONAL_B_SPLINE_CURVE((1.,0.5,1.,0.5,
1.,0.5,1.)) REPRESENTATION_ITEM('') );
#5954 = CARTESIAN_POINT('',(-3.873846250062,-4.546024882415));
#5955 = CARTESIAN_POINT('',(-3.873846250062,-3.516254848348));
#5956 = CARTESIAN_POINT('',(-2.982039240503,-4.031139865382));
#5957 = CARTESIAN_POINT('',(-2.090232230945,-4.546024882415));
#5958 = CARTESIAN_POINT('',(-2.982039240503,-5.060909899449));
#5959 = CARTESIAN_POINT('',(-3.873846250062,-5.575794916483));
#5960 = CARTESIAN_POINT('',(-3.873846250062,-4.546024882415));
#5961 = ( GEOMETRIC_REPRESENTATION_CONTEXT(2) 
PARAMETRIC_REPRESENTATION_CONTEXT() REPRESENTATION_CONTEXT('2D SPACE',''
  ) );
#5962 = ORIENTED_EDGE('',*,*,#5838,.F.);
#5963 = ADVANCED_FACE('',(#5964),#1161,.T.);
#5964 = FACE_BOUND('',#5965,.T.);
#5965 = EDGE_LOOP('',(#5966,#5967,#5968,#5991));
#5966 = ORIENTED_EDGE('',*,*,#1146,.T.);
#5967 = ORIENTED_EDGE('',*,*,#5914,.T.);
#5968 = ORIENTED_EDGE('',*,*,#5969,.T.);
#5969 = EDGE_CURVE('',#5915,#5970,#5972,.T.);
#5970 = VERTEX_POINT('',#5971);
#5971 = CARTESIAN_POINT('',(-6.379399356924,35.281315430132,
    39.235396753148));
#5972 = SURFACE_CURVE('',#5973,(#5977,#5984),.PCURVE_S1.);
#5973 = LINE('',#5974,#5975);
#5974 = CARTESIAN_POINT('',(-9.658707551596,35.281315430132,
    39.235396753148));
#5975 = VECTOR('',#5976,1.);
#5976 = DIRECTION('',(1.,0.,0.));
#5977 = PCURVE('',#1161,#5978);
#5978 = DEFINITIONAL_REPRESENTATION('',(#5979),#5983);
#5979 = LINE('',#5980,#5981);
#5980 = CARTESIAN_POINT('',(3.279308259184,-2.948984979518));
#5981 = VECTOR('',#5982,1.);
#5982 = DIRECTION('',(1.,0.));
#5983 = ( GEOMETRIC_REPRESENTATION_CONTEXT(2) 
PARAMETRIC_REPRESENTATION_CONTEXT() REPRESENTATION_CONTEXT('2D SPACE',''
  ) );
#5984 = PCURVE('',#5877,#5985);
#5985 = DEFINITIONAL_REPRESENTATION('',(#5986),#5990);
#5986 = LINE('',#5987,#5988);
#5987 = CARTESIAN_POINT('',(1.5495019256E-08,-5.140562888788));
#5988 = VECTOR('',#5989,1.);
#5989 = DIRECTION('',(1.,0.));
#5990 = ( GEOMETRIC_REPRESENTATION_CONTEXT(2) 
PARAMETRIC_REPRESENTATION_CONTEXT() REPRESENTATION_CONTEXT('2D SPACE',''
  ) );
#5991 = ORIENTED_EDGE('',*,*,#5992,.F.);
#5992 = EDGE_CURVE('',#1114,#5970,#5993,.T.);
#5993 = SURFACE_CURVE('',#5994,(#5998,#6005),.PCURVE_S1.);
#5994 = LINE('',#5995,#5996);
#5995 = CARTESIAN_POINT('',(-6.379399356924,38.23030040965,
    39.235396753148));
#5996 = VECTOR('',#5997,1.);
#5997 = DIRECTION('',(0.,-1.,2.22044604925E-16));
#5998 = PCURVE('',#1161,#5999);
#5999 = DEFINITIONAL_REPRESENTATION('',(#6000),#6004);
#6000 = LINE('',#6001,#6002);
#6001 = CARTESIAN_POINT('',(6.558616453856,0.));
#6002 = VECTOR('',#6003,1.);
#6003 = DIRECTION('',(0.,-1.));
#6004 = ( GEOMETRIC_REPRESENTATION_CONTEXT(2) 
PARAMETRIC_REPRESENTATION_CONTEXT() REPRESENTATION_CONTEXT('2D SPACE',''
  ) );
#6005 = PCURVE('',#1134,#6006);
#6006 = DEFINITIONAL_REPRESENTATION('',(#6007),#6011);
#6007 = LINE('',#6008,#6009);
#6008 = CARTESIAN_POINT('',(4.712388980385,0.));
#6009 = VECTOR('',#6010,1.);
#6010 = DIRECTION('',(0.,-1.));
#6011 = ( GEOMETRIC_REPRESENTATION_CONTEXT(2) 
PARAMETRIC_REPRESENTATION_CONTEXT() REPRESENTATION_CONTEXT('2D SPACE',''
  ) );
#6012 = ADVANCED_FACE('',(#6013),#1134,.F.);
#6013 = FACE_BOUND('',#6014,.F.);
#6014 = EDGE_LOOP('',(#6015,#6016,#6039,#6065));
#6015 = ORIENTED_EDGE('',*,*,#1113,.F.);
#6016 = ORIENTED_EDGE('',*,*,#6017,.T.);
#6017 = EDGE_CURVE('',#1088,#6018,#6020,.T.);
#6018 = VERTEX_POINT('',#6019);
#6019 = CARTESIAN_POINT('',(-5.784861318295,35.281315430132,
    39.829934759521));
#6020 = SURFACE_CURVE('',#6021,(#6025,#6032),.PCURVE_S1.);
#6021 = LINE('',#6022,#6023);
#6022 = CARTESIAN_POINT('',(-5.784861318295,38.23030040965,
    39.829934759521));
#6023 = VECTOR('',#6024,1.);
#6024 = DIRECTION('',(0.,-1.,2.22044604925E-16));
#6025 = PCURVE('',#1134,#6026);
#6026 = DEFINITIONAL_REPRESENTATION('',(#6027),#6031);
#6027 = LINE('',#6028,#6029);
#6028 = CARTESIAN_POINT('',(3.14159265359,0.));
#6029 = VECTOR('',#6030,1.);
#6030 = DIRECTION('',(0.,-1.));
#6031 = ( GEOMETRIC_REPRESENTATION_CONTEXT(2) 
PARAMETRIC_REPRESENTATION_CONTEXT() REPRESENTATION_CONTEXT('2D SPACE',''
  ) );
#6032 = PCURVE('',#1102,#6033);
#6033 = DEFINITIONAL_REPRESENTATION('',(#6034),#6038);
#6034 = LINE('',#6035,#6036);
#6035 = CARTESIAN_POINT('',(0.,0.));
#6036 = VECTOR('',#6037,1.);
#6037 = DIRECTION('',(0.,-1.));
#6038 = ( GEOMETRIC_REPRESENTATION_CONTEXT(2) 
PARAMETRIC_REPRESENTATION_CONTEXT() REPRESENTATION_CONTEXT('2D SPACE',''
  ) );
#6039 = ORIENTED_EDGE('',*,*,#6040,.T.);
#6040 = EDGE_CURVE('',#6018,#5970,#6041,.T.);
#6041 = SURFACE_CURVE('',#6042,(#6047,#6054),.PCURVE_S1.);
#6042 = CIRCLE('',#6043,0.594538006372);
#6043 = AXIS2_PLACEMENT_3D('',#6044,#6045,#6046);
#6044 = CARTESIAN_POINT('',(-6.379399356924,35.281315430132,
    39.829934759521));
#6045 = DIRECTION('',(0.,1.,-2.22044604925E-16));
#6046 = DIRECTION('',(-1.,0.,0.));
#6047 = PCURVE('',#1134,#6048);
#6048 = DEFINITIONAL_REPRESENTATION('',(#6049),#6053);
#6049 = LINE('',#6050,#6051);
#6050 = CARTESIAN_POINT('',(0.,-2.948984979518));
#6051 = VECTOR('',#6052,1.);
#6052 = DIRECTION('',(1.,0.));
#6053 = ( GEOMETRIC_REPRESENTATION_CONTEXT(2) 
PARAMETRIC_REPRESENTATION_CONTEXT() REPRESENTATION_CONTEXT('2D SPACE',''
  ) );
#6054 = PCURVE('',#5877,#6055);
#6055 = DEFINITIONAL_REPRESENTATION('',(#6056),#6064);
#6056 = ( BOUNDED_CURVE() B_SPLINE_CURVE(2,(#6057,#6058,#6059,#6060,
#6061,#6062,#6063),.UNSPECIFIED.,.T.,.F.) B_SPLINE_CURVE_WITH_KNOTS((1,2
    ,2,2,2,1),(-2.094395102393,0.,2.094395102393,4.188790204786,
6.28318530718,8.377580409573),.UNSPECIFIED.) CURVE() 
GEOMETRIC_REPRESENTATION_ITEM() RATIONAL_B_SPLINE_CURVE((1.,0.5,1.,0.5,
1.,0.5,1.)) REPRESENTATION_ITEM('') );
#6057 = CARTESIAN_POINT('',(2.684770203794,-4.546024882415));
#6058 = CARTESIAN_POINT('',(2.684770203794,-3.516254848348));
#6059 = CARTESIAN_POINT('',(3.576577213353,-4.031139865382));
#6060 = CARTESIAN_POINT('',(4.468384222911,-4.546024882415));
#6061 = CARTESIAN_POINT('',(3.576577213353,-5.060909899449));
#6062 = CARTESIAN_POINT('',(2.684770203794,-5.575794916483));
#6063 = CARTESIAN_POINT('',(2.684770203794,-4.546024882415));
#6064 = ( GEOMETRIC_REPRESENTATION_CONTEXT(2) 
PARAMETRIC_REPRESENTATION_CONTEXT() REPRESENTATION_CONTEXT('2D SPACE',''
  ) );
#6065 = ORIENTED_EDGE('',*,*,#5992,.F.);
#6066 = ADVANCED_FACE('',(#6067),#1102,.T.);
#6067 = FACE_BOUND('',#6068,.T.);
#6068 = EDGE_LOOP('',(#6069,#6070,#6071,#6094));
#6069 = ORIENTED_EDGE('',*,*,#1087,.T.);
#6070 = ORIENTED_EDGE('',*,*,#6017,.T.);
#6071 = ORIENTED_EDGE('',*,*,#6072,.T.);
#6072 = EDGE_CURVE('',#6018,#6073,#6075,.T.);
#6073 = VERTEX_POINT('',#6074);
#6074 = CARTESIAN_POINT('',(-5.784861318295,35.281315430132,
    48.921984524351));
#6075 = SURFACE_CURVE('',#6076,(#6080,#6087),.PCURVE_S1.);
#6076 = LINE('',#6077,#6078);
#6077 = CARTESIAN_POINT('',(-5.784861286039,35.281315430132,
    44.375959641936));
#6078 = VECTOR('',#6079,1.);
#6079 = DIRECTION('',(0.,2.22044604925E-16,1.));
#6080 = PCURVE('',#1102,#6081);
#6081 = DEFINITIONAL_REPRESENTATION('',(#6082),#6086);
#6082 = LINE('',#6083,#6084);
#6083 = CARTESIAN_POINT('',(4.546024882415,-2.948984979518));
#6084 = VECTOR('',#6085,1.);
#6085 = DIRECTION('',(1.,0.));
#6086 = ( GEOMETRIC_REPRESENTATION_CONTEXT(2) 
PARAMETRIC_REPRESENTATION_CONTEXT() REPRESENTATION_CONTEXT('2D SPACE',''
  ) );
#6087 = PCURVE('',#5877,#6088);
#6088 = DEFINITIONAL_REPRESENTATION('',(#6089),#6093);
#6089 = LINE('',#6090,#6091);
#6090 = CARTESIAN_POINT('',(3.873846281052,-6.567227182846E-16));
#6091 = VECTOR('',#6092,1.);
#6092 = DIRECTION('',(0.,1.));
#6093 = ( GEOMETRIC_REPRESENTATION_CONTEXT(2) 
PARAMETRIC_REPRESENTATION_CONTEXT() REPRESENTATION_CONTEXT('2D SPACE',''
  ) );
#6094 = ORIENTED_EDGE('',*,*,#6095,.F.);
#6095 = EDGE_CURVE('',#1055,#6073,#6096,.T.);
#6096 = SURFACE_CURVE('',#6097,(#6101,#6108),.PCURVE_S1.);
#6097 = LINE('',#6098,#6099);
#6098 = CARTESIAN_POINT('',(-5.784861318295,38.23030040965,
    48.921984524351));
#6099 = VECTOR('',#6100,1.);
#6100 = DIRECTION('',(0.,-1.,2.22044604925E-16));
#6101 = PCURVE('',#1102,#6102);
#6102 = DEFINITIONAL_REPRESENTATION('',(#6103),#6107);
#6103 = LINE('',#6104,#6105);
#6104 = CARTESIAN_POINT('',(9.092049764831,0.));
#6105 = VECTOR('',#6106,1.);
#6106 = DIRECTION('',(0.,-1.));
#6107 = ( GEOMETRIC_REPRESENTATION_CONTEXT(2) 
PARAMETRIC_REPRESENTATION_CONTEXT() REPRESENTATION_CONTEXT('2D SPACE',''
  ) );
#6108 = PCURVE('',#1075,#6109);
#6109 = DEFINITIONAL_REPRESENTATION('',(#6110),#6114);
#6110 = LINE('',#6111,#6112);
#6111 = CARTESIAN_POINT('',(3.14159265359,0.));
#6112 = VECTOR('',#6113,1.);
#6113 = DIRECTION('',(0.,-1.));
#6114 = ( GEOMETRIC_REPRESENTATION_CONTEXT(2) 
PARAMETRIC_REPRESENTATION_CONTEXT() REPRESENTATION_CONTEXT('2D SPACE',''
  ) );
#6115 = ADVANCED_FACE('',(#6116),#1075,.F.);
#6116 = FACE_BOUND('',#6117,.F.);
#6117 = EDGE_LOOP('',(#6118,#6119,#6142,#6168));
#6118 = ORIENTED_EDGE('',*,*,#1054,.F.);
#6119 = ORIENTED_EDGE('',*,*,#6120,.T.);
#6120 = EDGE_CURVE('',#1029,#6121,#6123,.T.);
#6121 = VERTEX_POINT('',#6122);
#6122 = CARTESIAN_POINT('',(-6.379399356924,35.281315430132,
    49.516522530724));
#6123 = SURFACE_CURVE('',#6124,(#6128,#6135),.PCURVE_S1.);
#6124 = LINE('',#6125,#6126);
#6125 = CARTESIAN_POINT('',(-6.379399356924,38.23030040965,
    49.516522530724));
#6126 = VECTOR('',#6127,1.);
#6127 = DIRECTION('',(0.,-1.,2.22044604925E-16));
#6128 = PCURVE('',#1075,#6129);
#6129 = DEFINITIONAL_REPRESENTATION('',(#6130),#6134);
#6130 = LINE('',#6131,#6132);
#6131 = CARTESIAN_POINT('',(1.570796326795,0.));
#6132 = VECTOR('',#6133,1.);
#6133 = DIRECTION('',(0.,-1.));
#6134 = ( GEOMETRIC_REPRESENTATION_CONTEXT(2) 
PARAMETRIC_REPRESENTATION_CONTEXT() REPRESENTATION_CONTEXT('2D SPACE',''
  ) );
#6135 = PCURVE('',#1043,#6136);
#6136 = DEFINITIONAL_REPRESENTATION('',(#6137),#6141);
#6137 = LINE('',#6138,#6139);
#6138 = CARTESIAN_POINT('',(6.558616453856,0.));
#6139 = VECTOR('',#6140,1.);
#6140 = DIRECTION('',(0.,-1.));
#6141 = ( GEOMETRIC_REPRESENTATION_CONTEXT(2) 
PARAMETRIC_REPRESENTATION_CONTEXT() REPRESENTATION_CONTEXT('2D SPACE',''
  ) );
#6142 = ORIENTED_EDGE('',*,*,#6143,.T.);
#6143 = EDGE_CURVE('',#6121,#6073,#6144,.T.);
#6144 = SURFACE_CURVE('',#6145,(#6150,#6157),.PCURVE_S1.);
#6145 = CIRCLE('',#6146,0.594538006372);
#6146 = AXIS2_PLACEMENT_3D('',#6147,#6148,#6149);
#6147 = CARTESIAN_POINT('',(-6.379399356924,35.281315430132,
    48.921984524351));
#6148 = DIRECTION('',(0.,1.,-2.22044604925E-16));
#6149 = DIRECTION('',(-1.,0.,0.));
#6150 = PCURVE('',#1075,#6151);
#6151 = DEFINITIONAL_REPRESENTATION('',(#6152),#6156);
#6152 = LINE('',#6153,#6154);
#6153 = CARTESIAN_POINT('',(0.,-2.948984979518));
#6154 = VECTOR('',#6155,1.);
#6155 = DIRECTION('',(1.,0.));
#6156 = ( GEOMETRIC_REPRESENTATION_CONTEXT(2) 
PARAMETRIC_REPRESENTATION_CONTEXT() REPRESENTATION_CONTEXT('2D SPACE',''
  ) );
#6157 = PCURVE('',#5877,#6158);
#6158 = DEFINITIONAL_REPRESENTATION('',(#6159),#6167);
#6159 = ( BOUNDED_CURVE() B_SPLINE_CURVE(2,(#6160,#6161,#6162,#6163,
#6164,#6165,#6166),.UNSPECIFIED.,.T.,.F.) B_SPLINE_CURVE_WITH_KNOTS((1,2
    ,2,2,2,1),(-2.094395102393,0.,2.094395102393,4.188790204786,
6.28318530718,8.377580409573),.UNSPECIFIED.) CURVE() 
GEOMETRIC_REPRESENTATION_ITEM() RATIONAL_B_SPLINE_CURVE((1.,0.5,1.,0.5,
1.,0.5,1.)) REPRESENTATION_ITEM('') );
#6160 = CARTESIAN_POINT('',(2.684770203794,4.546024882415));
#6161 = CARTESIAN_POINT('',(2.684770203794,5.575794916483));
#6162 = CARTESIAN_POINT('',(3.576577213353,5.060909899449));
#6163 = CARTESIAN_POINT('',(4.468384222911,4.546024882415));
#6164 = CARTESIAN_POINT('',(3.576577213353,4.031139865382));
#6165 = CARTESIAN_POINT('',(2.684770203794,3.516254848348));
#6166 = CARTESIAN_POINT('',(2.684770203794,4.546024882415));
#6167 = ( GEOMETRIC_REPRESENTATION_CONTEXT(2) 
PARAMETRIC_REPRESENTATION_CONTEXT() REPRESENTATION_CONTEXT('2D SPACE',''
  ) );
#6168 = ORIENTED_EDGE('',*,*,#6095,.F.);
#6169 = ADVANCED_FACE('',(#6170),#1043,.F.);
#6170 = FACE_BOUND('',#6171,.F.);
#6171 = EDGE_LOOP('',(#6172,#6173,#6196,#6217));
#6172 = ORIENTED_EDGE('',*,*,#1028,.T.);
#6173 = ORIENTED_EDGE('',*,*,#6174,.T.);
#6174 = EDGE_CURVE('',#996,#6175,#6177,.T.);
#6175 = VERTEX_POINT('',#6176);
#6176 = CARTESIAN_POINT('',(-12.93801581078,35.281315430132,
    49.516522530724));
#6177 = SURFACE_CURVE('',#6178,(#6182,#6189),.PCURVE_S1.);
#6178 = LINE('',#6179,#6180);
#6179 = CARTESIAN_POINT('',(-12.93801581078,38.23030040965,
    49.516522530724));
#6180 = VECTOR('',#6181,1.);
#6181 = DIRECTION('',(0.,-1.,2.22044604925E-16));
#6182 = PCURVE('',#1043,#6183);
#6183 = DEFINITIONAL_REPRESENTATION('',(#6184),#6188);
#6184 = LINE('',#6185,#6186);
#6185 = CARTESIAN_POINT('',(0.,0.));
#6186 = VECTOR('',#6187,1.);
#6187 = DIRECTION('',(0.,-1.));
#6188 = ( GEOMETRIC_REPRESENTATION_CONTEXT(2) 
PARAMETRIC_REPRESENTATION_CONTEXT() REPRESENTATION_CONTEXT('2D SPACE',''
  ) );
#6189 = PCURVE('',#1016,#6190);
#6190 = DEFINITIONAL_REPRESENTATION('',(#6191),#6195);
#6191 = LINE('',#6192,#6193);
#6192 = CARTESIAN_POINT('',(1.570796326795,0.));
#6193 = VECTOR('',#6194,1.);
#6194 = DIRECTION('',(0.,-1.));
#6195 = ( GEOMETRIC_REPRESENTATION_CONTEXT(2) 
PARAMETRIC_REPRESENTATION_CONTEXT() REPRESENTATION_CONTEXT('2D SPACE',''
  ) );
#6196 = ORIENTED_EDGE('',*,*,#6197,.T.);
#6197 = EDGE_CURVE('',#6175,#6121,#6198,.T.);
#6198 = SURFACE_CURVE('',#6199,(#6203,#6210),.PCURVE_S1.);
#6199 = LINE('',#6200,#6201);
#6200 = CARTESIAN_POINT('',(-9.658707551596,35.281315430132,
    49.516522530724));
#6201 = VECTOR('',#6202,1.);
#6202 = DIRECTION('',(1.,0.,0.));
#6203 = PCURVE('',#1043,#6204);
#6204 = DEFINITIONAL_REPRESENTATION('',(#6205),#6209);
#6205 = LINE('',#6206,#6207);
#6206 = CARTESIAN_POINT('',(3.279308259184,-2.948984979518));
#6207 = VECTOR('',#6208,1.);
#6208 = DIRECTION('',(1.,0.));
#6209 = ( GEOMETRIC_REPRESENTATION_CONTEXT(2) 
PARAMETRIC_REPRESENTATION_CONTEXT() REPRESENTATION_CONTEXT('2D SPACE',''
  ) );
#6210 = PCURVE('',#5877,#6211);
#6211 = DEFINITIONAL_REPRESENTATION('',(#6212),#6216);
#6212 = LINE('',#6213,#6214);
#6213 = CARTESIAN_POINT('',(1.5495019256E-08,5.140562888788));
#6214 = VECTOR('',#6215,1.);
#6215 = DIRECTION('',(1.,0.));
#6216 = ( GEOMETRIC_REPRESENTATION_CONTEXT(2) 
PARAMETRIC_REPRESENTATION_CONTEXT() REPRESENTATION_CONTEXT('2D SPACE',''
  ) );
#6217 = ORIENTED_EDGE('',*,*,#6120,.F.);
#6218 = ADVANCED_FACE('',(#6219),#1016,.F.);
#6219 = FACE_BOUND('',#6220,.F.);
#6220 = EDGE_LOOP('',(#6221,#6222,#6223,#6249));
#6221 = ORIENTED_EDGE('',*,*,#995,.F.);
#6222 = ORIENTED_EDGE('',*,*,#5889,.T.);
#6223 = ORIENTED_EDGE('',*,*,#6224,.T.);
#6224 = EDGE_CURVE('',#5862,#6175,#6225,.T.);
#6225 = SURFACE_CURVE('',#6226,(#6231,#6238),.PCURVE_S1.);
#6226 = CIRCLE('',#6227,0.594538006372);
#6227 = AXIS2_PLACEMENT_3D('',#6228,#6229,#6230);
#6228 = CARTESIAN_POINT('',(-12.93801581078,35.281315430132,
    48.921984524351));
#6229 = DIRECTION('',(0.,1.,-2.22044604925E-16));
#6230 = DIRECTION('',(-1.,0.,0.));
#6231 = PCURVE('',#1016,#6232);
#6232 = DEFINITIONAL_REPRESENTATION('',(#6233),#6237);
#6233 = LINE('',#6234,#6235);
#6234 = CARTESIAN_POINT('',(0.,-2.948984979518));
#6235 = VECTOR('',#6236,1.);
#6236 = DIRECTION('',(1.,0.));
#6237 = ( GEOMETRIC_REPRESENTATION_CONTEXT(2) 
PARAMETRIC_REPRESENTATION_CONTEXT() REPRESENTATION_CONTEXT('2D SPACE',''
  ) );
#6238 = PCURVE('',#5877,#6239);
#6239 = DEFINITIONAL_REPRESENTATION('',(#6240),#6248);
#6240 = ( BOUNDED_CURVE() B_SPLINE_CURVE(2,(#6241,#6242,#6243,#6244,
#6245,#6246,#6247),.UNSPECIFIED.,.T.,.F.) B_SPLINE_CURVE_WITH_KNOTS((1,2
    ,2,2,2,1),(-2.094395102393,0.,2.094395102393,4.188790204786,
6.28318530718,8.377580409573),.UNSPECIFIED.) CURVE() 
GEOMETRIC_REPRESENTATION_ITEM() RATIONAL_B_SPLINE_CURVE((1.,0.5,1.,0.5,
1.,0.5,1.)) REPRESENTATION_ITEM('') );
#6241 = CARTESIAN_POINT('',(-3.873846250062,4.546024882415));
#6242 = CARTESIAN_POINT('',(-3.873846250062,5.575794916483));
#6243 = CARTESIAN_POINT('',(-2.982039240503,5.060909899449));
#6244 = CARTESIAN_POINT('',(-2.090232230945,4.546024882415));
#6245 = CARTESIAN_POINT('',(-2.982039240503,4.031139865382));
#6246 = CARTESIAN_POINT('',(-3.873846250062,3.516254848348));
#6247 = CARTESIAN_POINT('',(-3.873846250062,4.546024882415));
#6248 = ( GEOMETRIC_REPRESENTATION_CONTEXT(2) 
PARAMETRIC_REPRESENTATION_CONTEXT() REPRESENTATION_CONTEXT('2D SPACE',''
  ) );
#6249 = ORIENTED_EDGE('',*,*,#6174,.F.);
#6250 = ADVANCED_FACE('',(#6251),#1222,.F.);
#6251 = FACE_BOUND('',#6252,.F.);
#6252 = EDGE_LOOP('',(#6253,#6254,#6277,#6305));
#6253 = ORIENTED_EDGE('',*,*,#1205,.T.);
#6254 = ORIENTED_EDGE('',*,*,#6255,.T.);
#6255 = EDGE_CURVE('',#1208,#6256,#6258,.T.);
#6256 = VERTEX_POINT('',#6257);
#6257 = CARTESIAN_POINT('',(-3.873846265557,35.281315430132,
    15.445653163405));
#6258 = SURFACE_CURVE('',#6259,(#6263,#6270),.PCURVE_S1.);
#6259 = LINE('',#6260,#6261);
#6260 = CARTESIAN_POINT('',(-3.873846265557,38.23030040965,
    15.445653163405));
#6261 = VECTOR('',#6262,1.);
#6262 = DIRECTION('',(0.,-1.,2.22044604925E-16));
#6263 = PCURVE('',#1222,#6264);
#6264 = DEFINITIONAL_REPRESENTATION('',(#6265),#6269);
#6265 = LINE('',#6266,#6267);
#6266 = CARTESIAN_POINT('',(0.,0.));
#6267 = VECTOR('',#6268,1.);
#6268 = DIRECTION('',(0.,-1.));
#6269 = ( GEOMETRIC_REPRESENTATION_CONTEXT(2) 
PARAMETRIC_REPRESENTATION_CONTEXT() REPRESENTATION_CONTEXT('2D SPACE',''
  ) );
#6270 = PCURVE('',#1429,#6271);
#6271 = DEFINITIONAL_REPRESENTATION('',(#6272),#6276);
#6272 = LINE('',#6273,#6274);
#6273 = CARTESIAN_POINT('',(6.28318530718,0.));
#6274 = VECTOR('',#6275,1.);
#6275 = DIRECTION('',(0.,-1.));
#6276 = ( GEOMETRIC_REPRESENTATION_CONTEXT(2) 
PARAMETRIC_REPRESENTATION_CONTEXT() REPRESENTATION_CONTEXT('2D SPACE',''
  ) );
#6277 = ORIENTED_EDGE('',*,*,#6278,.T.);
#6278 = EDGE_CURVE('',#6256,#6279,#6281,.T.);
#6279 = VERTEX_POINT('',#6280);
#6280 = CARTESIAN_POINT('',(-3.873846265557,35.281315430132,
    24.537702928235));
#6281 = SURFACE_CURVE('',#6282,(#6286,#6293),.PCURVE_S1.);
#6282 = LINE('',#6283,#6284);
#6283 = CARTESIAN_POINT('',(-3.873846265557,35.281315430132,
    19.99167804582));
#6284 = VECTOR('',#6285,1.);
#6285 = DIRECTION('',(0.,2.22044604925E-16,1.));
#6286 = PCURVE('',#1222,#6287);
#6287 = DEFINITIONAL_REPRESENTATION('',(#6288),#6292);
#6288 = LINE('',#6289,#6290);
#6289 = CARTESIAN_POINT('',(4.546024882415,-2.948984979518));
#6290 = VECTOR('',#6291,1.);
#6291 = DIRECTION('',(1.,0.));
#6292 = ( GEOMETRIC_REPRESENTATION_CONTEXT(2) 
PARAMETRIC_REPRESENTATION_CONTEXT() REPRESENTATION_CONTEXT('2D SPACE',''
  ) );
#6293 = PCURVE('',#6294,#6299);
#6294 = PLANE('',#6295);
#6295 = AXIS2_PLACEMENT_3D('',#6296,#6297,#6298);
#6296 = CARTESIAN_POINT('',(-1.549496818574E-08,35.281315430132,
    19.99167804582));
#6297 = DIRECTION('',(0.,-1.,2.22044604925E-16));
#6298 = DIRECTION('',(1.,0.,0.));
#6299 = DEFINITIONAL_REPRESENTATION('',(#6300),#6304);
#6300 = LINE('',#6301,#6302);
#6301 = CARTESIAN_POINT('',(-3.873846250062,-6.567227182846E-16));
#6302 = VECTOR('',#6303,1.);
#6303 = DIRECTION('',(0.,1.));
#6304 = ( GEOMETRIC_REPRESENTATION_CONTEXT(2) 
PARAMETRIC_REPRESENTATION_CONTEXT() REPRESENTATION_CONTEXT('2D SPACE',''
  ) );
#6305 = ORIENTED_EDGE('',*,*,#6306,.F.);
#6306 = EDGE_CURVE('',#1206,#6279,#6307,.T.);
#6307 = SURFACE_CURVE('',#6308,(#6312,#6319),.PCURVE_S1.);
#6308 = LINE('',#6309,#6310);
#6309 = CARTESIAN_POINT('',(-3.873846265557,38.23030040965,
    24.537702928235));
#6310 = VECTOR('',#6311,1.);
#6311 = DIRECTION('',(0.,-1.,2.22044604925E-16));
#6312 = PCURVE('',#1222,#6313);
#6313 = DEFINITIONAL_REPRESENTATION('',(#6314),#6318);
#6314 = LINE('',#6315,#6316);
#6315 = CARTESIAN_POINT('',(9.092049764831,0.));
#6316 = VECTOR('',#6317,1.);
#6317 = DIRECTION('',(0.,-1.));
#6318 = ( GEOMETRIC_REPRESENTATION_CONTEXT(2) 
PARAMETRIC_REPRESENTATION_CONTEXT() REPRESENTATION_CONTEXT('2D SPACE',''
  ) );
#6319 = PCURVE('',#1254,#6320);
#6320 = DEFINITIONAL_REPRESENTATION('',(#6321),#6325);
#6321 = LINE('',#6322,#6323);
#6322 = CARTESIAN_POINT('',(0.,0.));
#6323 = VECTOR('',#6324,1.);
#6324 = DIRECTION('',(0.,-1.));
#6325 = ( GEOMETRIC_REPRESENTATION_CONTEXT(2) 
PARAMETRIC_REPRESENTATION_CONTEXT() REPRESENTATION_CONTEXT('2D SPACE',''
  ) );
#6326 = ADVANCED_FACE('',(#6327),#1429,.F.);
#6327 = FACE_BOUND('',#6328,.F.);
#6328 = EDGE_LOOP('',(#6329,#6330,#6353,#6379));
#6329 = ORIENTED_EDGE('',*,*,#1410,.F.);
#6330 = ORIENTED_EDGE('',*,*,#6331,.T.);
#6331 = EDGE_CURVE('',#1385,#6332,#6334,.T.);
#6332 = VERTEX_POINT('',#6333);
#6333 = CARTESIAN_POINT('',(-3.279308259184,35.281315430132,
    14.851115157032));
#6334 = SURFACE_CURVE('',#6335,(#6339,#6346),.PCURVE_S1.);
#6335 = LINE('',#6336,#6337);
#6336 = CARTESIAN_POINT('',(-3.279308259184,38.23030040965,
    14.851115157032));
#6337 = VECTOR('',#6338,1.);
#6338 = DIRECTION('',(0.,-1.,2.22044604925E-16));
#6339 = PCURVE('',#1429,#6340);
#6340 = DEFINITIONAL_REPRESENTATION('',(#6341),#6345);
#6341 = LINE('',#6342,#6343);
#6342 = CARTESIAN_POINT('',(4.712388980385,0.));
#6343 = VECTOR('',#6344,1.);
#6344 = DIRECTION('',(0.,-1.));
#6345 = ( GEOMETRIC_REPRESENTATION_CONTEXT(2) 
PARAMETRIC_REPRESENTATION_CONTEXT() REPRESENTATION_CONTEXT('2D SPACE',''
  ) );
#6346 = PCURVE('',#1399,#6347);
#6347 = DEFINITIONAL_REPRESENTATION('',(#6348),#6352);
#6348 = LINE('',#6349,#6350);
#6349 = CARTESIAN_POINT('',(0.,0.));
#6350 = VECTOR('',#6351,1.);
#6351 = DIRECTION('',(0.,-1.));
#6352 = ( GEOMETRIC_REPRESENTATION_CONTEXT(2) 
PARAMETRIC_REPRESENTATION_CONTEXT() REPRESENTATION_CONTEXT('2D SPACE',''
  ) );
#6353 = ORIENTED_EDGE('',*,*,#6354,.T.);
#6354 = EDGE_CURVE('',#6332,#6256,#6355,.T.);
#6355 = SURFACE_CURVE('',#6356,(#6361,#6368),.PCURVE_S1.);
#6356 = CIRCLE('',#6357,0.594538006372);
#6357 = AXIS2_PLACEMENT_3D('',#6358,#6359,#6360);
#6358 = CARTESIAN_POINT('',(-3.279308259184,35.281315430132,
    15.445653163405));
#6359 = DIRECTION('',(0.,1.,-2.22044604925E-16));
#6360 = DIRECTION('',(-1.,0.,0.));
#6361 = PCURVE('',#1429,#6362);
#6362 = DEFINITIONAL_REPRESENTATION('',(#6363),#6367);
#6363 = LINE('',#6364,#6365);
#6364 = CARTESIAN_POINT('',(0.,-2.948984979518));
#6365 = VECTOR('',#6366,1.);
#6366 = DIRECTION('',(1.,0.));
#6367 = ( GEOMETRIC_REPRESENTATION_CONTEXT(2) 
PARAMETRIC_REPRESENTATION_CONTEXT() REPRESENTATION_CONTEXT('2D SPACE',''
  ) );
#6368 = PCURVE('',#6294,#6369);
#6369 = DEFINITIONAL_REPRESENTATION('',(#6370),#6378);
#6370 = ( BOUNDED_CURVE() B_SPLINE_CURVE(2,(#6371,#6372,#6373,#6374,
#6375,#6376,#6377),.UNSPECIFIED.,.T.,.F.) B_SPLINE_CURVE_WITH_KNOTS((1,2
    ,2,2,2,1),(-2.094395102393,0.,2.094395102393,4.188790204786,
6.28318530718,8.377580409573),.UNSPECIFIED.) CURVE() 
GEOMETRIC_REPRESENTATION_ITEM() RATIONAL_B_SPLINE_CURVE((1.,0.5,1.,0.5,
1.,0.5,1.)) REPRESENTATION_ITEM('') );
#6371 = CARTESIAN_POINT('',(-3.873846250062,-4.546024882415));
#6372 = CARTESIAN_POINT('',(-3.873846250062,-3.516254848348));
#6373 = CARTESIAN_POINT('',(-2.982039240503,-4.031139865382));
#6374 = CARTESIAN_POINT('',(-2.090232230945,-4.546024882415));
#6375 = CARTESIAN_POINT('',(-2.982039240503,-5.060909899449));
#6376 = CARTESIAN_POINT('',(-3.873846250062,-5.575794916483));
#6377 = CARTESIAN_POINT('',(-3.873846250062,-4.546024882415));
#6378 = ( GEOMETRIC_REPRESENTATION_CONTEXT(2) 
PARAMETRIC_REPRESENTATION_CONTEXT() REPRESENTATION_CONTEXT('2D SPACE',''
  ) );
#6379 = ORIENTED_EDGE('',*,*,#6255,.F.);
#6380 = ADVANCED_FACE('',(#6381),#1399,.T.);
#6381 = FACE_BOUND('',#6382,.T.);
#6382 = EDGE_LOOP('',(#6383,#6384,#6385,#6408));
#6383 = ORIENTED_EDGE('',*,*,#1384,.T.);
#6384 = ORIENTED_EDGE('',*,*,#6331,.T.);
#6385 = ORIENTED_EDGE('',*,*,#6386,.T.);
#6386 = EDGE_CURVE('',#6332,#6387,#6389,.T.);
#6387 = VERTEX_POINT('',#6388);
#6388 = CARTESIAN_POINT('',(3.279308194672,35.281315430132,
    14.851115157032));
#6389 = SURFACE_CURVE('',#6390,(#6394,#6401),.PCURVE_S1.);
#6390 = LINE('',#6391,#6392);
#6391 = CARTESIAN_POINT('',(5.107025913276E-14,35.281315430132,
    14.851115157032));
#6392 = VECTOR('',#6393,1.);
#6393 = DIRECTION('',(1.,0.,0.));
#6394 = PCURVE('',#1399,#6395);
#6395 = DEFINITIONAL_REPRESENTATION('',(#6396),#6400);
#6396 = LINE('',#6397,#6398);
#6397 = CARTESIAN_POINT('',(3.279308259184,-2.948984979518));
#6398 = VECTOR('',#6399,1.);
#6399 = DIRECTION('',(1.,0.));
#6400 = ( GEOMETRIC_REPRESENTATION_CONTEXT(2) 
PARAMETRIC_REPRESENTATION_CONTEXT() REPRESENTATION_CONTEXT('2D SPACE',''
  ) );
#6401 = PCURVE('',#6294,#6402);
#6402 = DEFINITIONAL_REPRESENTATION('',(#6403),#6407);
#6403 = LINE('',#6404,#6405);
#6404 = CARTESIAN_POINT('',(1.5495019256E-08,-5.140562888788));
#6405 = VECTOR('',#6406,1.);
#6406 = DIRECTION('',(1.,0.));
#6407 = ( GEOMETRIC_REPRESENTATION_CONTEXT(2) 
PARAMETRIC_REPRESENTATION_CONTEXT() REPRESENTATION_CONTEXT('2D SPACE',''
  ) );
#6408 = ORIENTED_EDGE('',*,*,#6409,.F.);
#6409 = EDGE_CURVE('',#1352,#6387,#6410,.T.);
#6410 = SURFACE_CURVE('',#6411,(#6415,#6422),.PCURVE_S1.);
#6411 = LINE('',#6412,#6413);
#6412 = CARTESIAN_POINT('',(3.279308194672,38.23030040965,
    14.851115157032));
#6413 = VECTOR('',#6414,1.);
#6414 = DIRECTION('',(0.,-1.,2.22044604925E-16));
#6415 = PCURVE('',#1399,#6416);
#6416 = DEFINITIONAL_REPRESENTATION('',(#6417),#6421);
#6417 = LINE('',#6418,#6419);
#6418 = CARTESIAN_POINT('',(6.558616453856,0.));
#6419 = VECTOR('',#6420,1.);
#6420 = DIRECTION('',(0.,-1.));
#6421 = ( GEOMETRIC_REPRESENTATION_CONTEXT(2) 
PARAMETRIC_REPRESENTATION_CONTEXT() REPRESENTATION_CONTEXT('2D SPACE',''
  ) );
#6422 = PCURVE('',#1372,#6423);
#6423 = DEFINITIONAL_REPRESENTATION('',(#6424),#6428);
#6424 = LINE('',#6425,#6426);
#6425 = CARTESIAN_POINT('',(4.712388980385,0.));
#6426 = VECTOR('',#6427,1.);
#6427 = DIRECTION('',(0.,-1.));
#6428 = ( GEOMETRIC_REPRESENTATION_CONTEXT(2) 
PARAMETRIC_REPRESENTATION_CONTEXT() REPRESENTATION_CONTEXT('2D SPACE',''
  ) );
#6429 = ADVANCED_FACE('',(#6430),#1372,.F.);
#6430 = FACE_BOUND('',#6431,.F.);
#6431 = EDGE_LOOP('',(#6432,#6433,#6456,#6482));
#6432 = ORIENTED_EDGE('',*,*,#1351,.F.);
#6433 = ORIENTED_EDGE('',*,*,#6434,.T.);
#6434 = EDGE_CURVE('',#1326,#6435,#6437,.T.);
#6435 = VERTEX_POINT('',#6436);
#6436 = CARTESIAN_POINT('',(3.8738462333,35.281315430132,15.445653163405
    ));
#6437 = SURFACE_CURVE('',#6438,(#6442,#6449),.PCURVE_S1.);
#6438 = LINE('',#6439,#6440);
#6439 = CARTESIAN_POINT('',(3.8738462333,38.23030040965,15.445653163405)
  );
#6440 = VECTOR('',#6441,1.);
#6441 = DIRECTION('',(0.,-1.,2.22044604925E-16));
#6442 = PCURVE('',#1372,#6443);
#6443 = DEFINITIONAL_REPRESENTATION('',(#6444),#6448);
#6444 = LINE('',#6445,#6446);
#6445 = CARTESIAN_POINT('',(3.14159265359,0.));
#6446 = VECTOR('',#6447,1.);
#6447 = DIRECTION('',(0.,-1.));
#6448 = ( GEOMETRIC_REPRESENTATION_CONTEXT(2) 
PARAMETRIC_REPRESENTATION_CONTEXT() REPRESENTATION_CONTEXT('2D SPACE',''
  ) );
#6449 = PCURVE('',#1340,#6450);
#6450 = DEFINITIONAL_REPRESENTATION('',(#6451),#6455);
#6451 = LINE('',#6452,#6453);
#6452 = CARTESIAN_POINT('',(0.,0.));
#6453 = VECTOR('',#6454,1.);
#6454 = DIRECTION('',(0.,-1.));
#6455 = ( GEOMETRIC_REPRESENTATION_CONTEXT(2) 
PARAMETRIC_REPRESENTATION_CONTEXT() REPRESENTATION_CONTEXT('2D SPACE',''
  ) );
#6456 = ORIENTED_EDGE('',*,*,#6457,.T.);
#6457 = EDGE_CURVE('',#6435,#6387,#6458,.T.);
#6458 = SURFACE_CURVE('',#6459,(#6464,#6471),.PCURVE_S1.);
#6459 = CIRCLE('',#6460,0.594538006372);
#6460 = AXIS2_PLACEMENT_3D('',#6461,#6462,#6463);
#6461 = CARTESIAN_POINT('',(3.279308194672,35.281315430132,
    15.445653163405));
#6462 = DIRECTION('',(0.,1.,-2.22044604925E-16));
#6463 = DIRECTION('',(-1.,0.,0.));
#6464 = PCURVE('',#1372,#6465);
#6465 = DEFINITIONAL_REPRESENTATION('',(#6466),#6470);
#6466 = LINE('',#6467,#6468);
#6467 = CARTESIAN_POINT('',(0.,-2.948984979518));
#6468 = VECTOR('',#6469,1.);
#6469 = DIRECTION('',(1.,0.));
#6470 = ( GEOMETRIC_REPRESENTATION_CONTEXT(2) 
PARAMETRIC_REPRESENTATION_CONTEXT() REPRESENTATION_CONTEXT('2D SPACE',''
  ) );
#6471 = PCURVE('',#6294,#6472);
#6472 = DEFINITIONAL_REPRESENTATION('',(#6473),#6481);
#6473 = ( BOUNDED_CURVE() B_SPLINE_CURVE(2,(#6474,#6475,#6476,#6477,
#6478,#6479,#6480),.UNSPECIFIED.,.T.,.F.) B_SPLINE_CURVE_WITH_KNOTS((1,2
    ,2,2,2,1),(-2.094395102393,0.,2.094395102393,4.188790204786,
6.28318530718,8.377580409573),.UNSPECIFIED.) CURVE() 
GEOMETRIC_REPRESENTATION_ITEM() RATIONAL_B_SPLINE_CURVE((1.,0.5,1.,0.5,
1.,0.5,1.)) REPRESENTATION_ITEM('') );
#6474 = CARTESIAN_POINT('',(2.684770203794,-4.546024882415));
#6475 = CARTESIAN_POINT('',(2.684770203794,-3.516254848348));
#6476 = CARTESIAN_POINT('',(3.576577213353,-4.031139865382));
#6477 = CARTESIAN_POINT('',(4.468384222911,-4.546024882415));
#6478 = CARTESIAN_POINT('',(3.576577213353,-5.060909899449));
#6479 = CARTESIAN_POINT('',(2.684770203794,-5.575794916483));
#6480 = CARTESIAN_POINT('',(2.684770203794,-4.546024882415));
#6481 = ( GEOMETRIC_REPRESENTATION_CONTEXT(2) 
PARAMETRIC_REPRESENTATION_CONTEXT() REPRESENTATION_CONTEXT('2D SPACE',''
  ) );
#6482 = ORIENTED_EDGE('',*,*,#6409,.F.);
#6483 = ADVANCED_FACE('',(#6484),#1340,.T.);
#6484 = FACE_BOUND('',#6485,.T.);
#6485 = EDGE_LOOP('',(#6486,#6487,#6488,#6511));
#6486 = ORIENTED_EDGE('',*,*,#1325,.T.);
#6487 = ORIENTED_EDGE('',*,*,#6434,.T.);
#6488 = ORIENTED_EDGE('',*,*,#6489,.T.);
#6489 = EDGE_CURVE('',#6435,#6490,#6492,.T.);
#6490 = VERTEX_POINT('',#6491);
#6491 = CARTESIAN_POINT('',(3.8738462333,35.281315430132,24.537702928235
    ));
#6492 = SURFACE_CURVE('',#6493,(#6497,#6504),.PCURVE_S1.);
#6493 = LINE('',#6494,#6495);
#6494 = CARTESIAN_POINT('',(3.873846265557,35.281315430132,
    19.99167804582));
#6495 = VECTOR('',#6496,1.);
#6496 = DIRECTION('',(0.,2.22044604925E-16,1.));
#6497 = PCURVE('',#1340,#6498);
#6498 = DEFINITIONAL_REPRESENTATION('',(#6499),#6503);
#6499 = LINE('',#6500,#6501);
#6500 = CARTESIAN_POINT('',(4.546024882415,-2.948984979518));
#6501 = VECTOR('',#6502,1.);
#6502 = DIRECTION('',(1.,0.));
#6503 = ( GEOMETRIC_REPRESENTATION_CONTEXT(2) 
PARAMETRIC_REPRESENTATION_CONTEXT() REPRESENTATION_CONTEXT('2D SPACE',''
  ) );
#6504 = PCURVE('',#6294,#6505);
#6505 = DEFINITIONAL_REPRESENTATION('',(#6506),#6510);
#6506 = LINE('',#6507,#6508);
#6507 = CARTESIAN_POINT('',(3.873846281052,-6.567227182846E-16));
#6508 = VECTOR('',#6509,1.);
#6509 = DIRECTION('',(0.,1.));
#6510 = ( GEOMETRIC_REPRESENTATION_CONTEXT(2) 
PARAMETRIC_REPRESENTATION_CONTEXT() REPRESENTATION_CONTEXT('2D SPACE',''
  ) );
#6511 = ORIENTED_EDGE('',*,*,#6512,.F.);
#6512 = EDGE_CURVE('',#1293,#6490,#6513,.T.);
#6513 = SURFACE_CURVE('',#6514,(#6518,#6525),.PCURVE_S1.);
#6514 = LINE('',#6515,#6516);
#6515 = CARTESIAN_POINT('',(3.8738462333,38.23030040965,24.537702928235)
  );
#6516 = VECTOR('',#6517,1.);
#6517 = DIRECTION('',(0.,-1.,2.22044604925E-16));
#6518 = PCURVE('',#1340,#6519);
#6519 = DEFINITIONAL_REPRESENTATION('',(#6520),#6524);
#6520 = LINE('',#6521,#6522);
#6521 = CARTESIAN_POINT('',(9.092049764831,0.));
#6522 = VECTOR('',#6523,1.);
#6523 = DIRECTION('',(0.,-1.));
#6524 = ( GEOMETRIC_REPRESENTATION_CONTEXT(2) 
PARAMETRIC_REPRESENTATION_CONTEXT() REPRESENTATION_CONTEXT('2D SPACE',''
  ) );
#6525 = PCURVE('',#1313,#6526);
#6526 = DEFINITIONAL_REPRESENTATION('',(#6527),#6531);
#6527 = LINE('',#6528,#6529);
#6528 = CARTESIAN_POINT('',(3.14159265359,0.));
#6529 = VECTOR('',#6530,1.);
#6530 = DIRECTION('',(0.,-1.));
#6531 = ( GEOMETRIC_REPRESENTATION_CONTEXT(2) 
PARAMETRIC_REPRESENTATION_CONTEXT() REPRESENTATION_CONTEXT('2D SPACE',''
  ) );
#6532 = ADVANCED_FACE('',(#6533),#1313,.F.);
#6533 = FACE_BOUND('',#6534,.F.);
#6534 = EDGE_LOOP('',(#6535,#6536,#6559,#6585));
#6535 = ORIENTED_EDGE('',*,*,#1292,.F.);
#6536 = ORIENTED_EDGE('',*,*,#6537,.T.);
#6537 = EDGE_CURVE('',#1267,#6538,#6540,.T.);
#6538 = VERTEX_POINT('',#6539);
#6539 = CARTESIAN_POINT('',(3.279308194672,35.281315430132,
    25.132240934608));
#6540 = SURFACE_CURVE('',#6541,(#6545,#6552),.PCURVE_S1.);
#6541 = LINE('',#6542,#6543);
#6542 = CARTESIAN_POINT('',(3.279308194672,38.23030040965,
    25.132240934608));
#6543 = VECTOR('',#6544,1.);
#6544 = DIRECTION('',(0.,-1.,2.22044604925E-16));
#6545 = PCURVE('',#1313,#6546);
#6546 = DEFINITIONAL_REPRESENTATION('',(#6547),#6551);
#6547 = LINE('',#6548,#6549);
#6548 = CARTESIAN_POINT('',(1.570796326795,0.));
#6549 = VECTOR('',#6550,1.);
#6550 = DIRECTION('',(0.,-1.));
#6551 = ( GEOMETRIC_REPRESENTATION_CONTEXT(2) 
PARAMETRIC_REPRESENTATION_CONTEXT() REPRESENTATION_CONTEXT('2D SPACE',''
  ) );
#6552 = PCURVE('',#1281,#6553);
#6553 = DEFINITIONAL_REPRESENTATION('',(#6554),#6558);
#6554 = LINE('',#6555,#6556);
#6555 = CARTESIAN_POINT('',(6.558616453856,0.));
#6556 = VECTOR('',#6557,1.);
#6557 = DIRECTION('',(0.,-1.));
#6558 = ( GEOMETRIC_REPRESENTATION_CONTEXT(2) 
PARAMETRIC_REPRESENTATION_CONTEXT() REPRESENTATION_CONTEXT('2D SPACE',''
  ) );
#6559 = ORIENTED_EDGE('',*,*,#6560,.T.);
#6560 = EDGE_CURVE('',#6538,#6490,#6561,.T.);
#6561 = SURFACE_CURVE('',#6562,(#6567,#6574),.PCURVE_S1.);
#6562 = CIRCLE('',#6563,0.594538006372);
#6563 = AXIS2_PLACEMENT_3D('',#6564,#6565,#6566);
#6564 = CARTESIAN_POINT('',(3.279308194672,35.281315430132,
    24.537702928235));
#6565 = DIRECTION('',(0.,1.,-2.22044604925E-16));
#6566 = DIRECTION('',(-1.,0.,0.));
#6567 = PCURVE('',#1313,#6568);
#6568 = DEFINITIONAL_REPRESENTATION('',(#6569),#6573);
#6569 = LINE('',#6570,#6571);
#6570 = CARTESIAN_POINT('',(0.,-2.948984979518));
#6571 = VECTOR('',#6572,1.);
#6572 = DIRECTION('',(1.,0.));
#6573 = ( GEOMETRIC_REPRESENTATION_CONTEXT(2) 
PARAMETRIC_REPRESENTATION_CONTEXT() REPRESENTATION_CONTEXT('2D SPACE',''
  ) );
#6574 = PCURVE('',#6294,#6575);
#6575 = DEFINITIONAL_REPRESENTATION('',(#6576),#6584);
#6576 = ( BOUNDED_CURVE() B_SPLINE_CURVE(2,(#6577,#6578,#6579,#6580,
#6581,#6582,#6583),.UNSPECIFIED.,.T.,.F.) B_SPLINE_CURVE_WITH_KNOTS((1,2
    ,2,2,2,1),(-2.094395102393,0.,2.094395102393,4.188790204786,
6.28318530718,8.377580409573),.UNSPECIFIED.) CURVE() 
GEOMETRIC_REPRESENTATION_ITEM() RATIONAL_B_SPLINE_CURVE((1.,0.5,1.,0.5,
1.,0.5,1.)) REPRESENTATION_ITEM('') );
#6577 = CARTESIAN_POINT('',(2.684770203794,4.546024882415));
#6578 = CARTESIAN_POINT('',(2.684770203794,5.575794916483));
#6579 = CARTESIAN_POINT('',(3.576577213353,5.060909899449));
#6580 = CARTESIAN_POINT('',(4.468384222911,4.546024882415));
#6581 = CARTESIAN_POINT('',(3.576577213353,4.031139865382));
#6582 = CARTESIAN_POINT('',(2.684770203794,3.516254848348));
#6583 = CARTESIAN_POINT('',(2.684770203794,4.546024882415));
#6584 = ( GEOMETRIC_REPRESENTATION_CONTEXT(2) 
PARAMETRIC_REPRESENTATION_CONTEXT() REPRESENTATION_CONTEXT('2D SPACE',''
  ) );
#6585 = ORIENTED_EDGE('',*,*,#6512,.F.);
#6586 = ADVANCED_FACE('',(#6587),#1281,.F.);
#6587 = FACE_BOUND('',#6588,.F.);
#6588 = EDGE_LOOP('',(#6589,#6590,#6613,#6634));
#6589 = ORIENTED_EDGE('',*,*,#1266,.T.);
#6590 = ORIENTED_EDGE('',*,*,#6591,.T.);
#6591 = EDGE_CURVE('',#1234,#6592,#6594,.T.);
#6592 = VERTEX_POINT('',#6593);
#6593 = CARTESIAN_POINT('',(-3.279308259184,35.281315430132,
    25.132240934608));
#6594 = SURFACE_CURVE('',#6595,(#6599,#6606),.PCURVE_S1.);
#6595 = LINE('',#6596,#6597);
#6596 = CARTESIAN_POINT('',(-3.279308259184,38.23030040965,
    25.132240934608));
#6597 = VECTOR('',#6598,1.);
#6598 = DIRECTION('',(0.,-1.,2.22044604925E-16));
#6599 = PCURVE('',#1281,#6600);
#6600 = DEFINITIONAL_REPRESENTATION('',(#6601),#6605);
#6601 = LINE('',#6602,#6603);
#6602 = CARTESIAN_POINT('',(0.,0.));
#6603 = VECTOR('',#6604,1.);
#6604 = DIRECTION('',(0.,-1.));
#6605 = ( GEOMETRIC_REPRESENTATION_CONTEXT(2) 
PARAMETRIC_REPRESENTATION_CONTEXT() REPRESENTATION_CONTEXT('2D SPACE',''
  ) );
#6606 = PCURVE('',#1254,#6607);
#6607 = DEFINITIONAL_REPRESENTATION('',(#6608),#6612);
#6608 = LINE('',#6609,#6610);
#6609 = CARTESIAN_POINT('',(1.570796326795,0.));
#6610 = VECTOR('',#6611,1.);
#6611 = DIRECTION('',(0.,-1.));
#6612 = ( GEOMETRIC_REPRESENTATION_CONTEXT(2) 
PARAMETRIC_REPRESENTATION_CONTEXT() REPRESENTATION_CONTEXT('2D SPACE',''
  ) );
#6613 = ORIENTED_EDGE('',*,*,#6614,.T.);
#6614 = EDGE_CURVE('',#6592,#6538,#6615,.T.);
#6615 = SURFACE_CURVE('',#6616,(#6620,#6627),.PCURVE_S1.);
#6616 = LINE('',#6617,#6618);
#6617 = CARTESIAN_POINT('',(5.107025913276E-14,35.281315430132,
    25.132240934608));
#6618 = VECTOR('',#6619,1.);
#6619 = DIRECTION('',(1.,0.,0.));
#6620 = PCURVE('',#1281,#6621);
#6621 = DEFINITIONAL_REPRESENTATION('',(#6622),#6626);
#6622 = LINE('',#6623,#6624);
#6623 = CARTESIAN_POINT('',(3.279308259184,-2.948984979518));
#6624 = VECTOR('',#6625,1.);
#6625 = DIRECTION('',(1.,0.));
#6626 = ( GEOMETRIC_REPRESENTATION_CONTEXT(2) 
PARAMETRIC_REPRESENTATION_CONTEXT() REPRESENTATION_CONTEXT('2D SPACE',''
  ) );
#6627 = PCURVE('',#6294,#6628);
#6628 = DEFINITIONAL_REPRESENTATION('',(#6629),#6633);
#6629 = LINE('',#6630,#6631);
#6630 = CARTESIAN_POINT('',(1.5495019256E-08,5.140562888788));
#6631 = VECTOR('',#6632,1.);
#6632 = DIRECTION('',(1.,0.));
#6633 = ( GEOMETRIC_REPRESENTATION_CONTEXT(2) 
PARAMETRIC_REPRESENTATION_CONTEXT() REPRESENTATION_CONTEXT('2D SPACE',''
  ) );
#6634 = ORIENTED_EDGE('',*,*,#6537,.F.);
#6635 = ADVANCED_FACE('',(#6636),#1254,.F.);
#6636 = FACE_BOUND('',#6637,.F.);
#6637 = EDGE_LOOP('',(#6638,#6639,#6640,#6666));
#6638 = ORIENTED_EDGE('',*,*,#1233,.F.);
#6639 = ORIENTED_EDGE('',*,*,#6306,.T.);
#6640 = ORIENTED_EDGE('',*,*,#6641,.T.);
#6641 = EDGE_CURVE('',#6279,#6592,#6642,.T.);
#6642 = SURFACE_CURVE('',#6643,(#6648,#6655),.PCURVE_S1.);
#6643 = CIRCLE('',#6644,0.594538006372);
#6644 = AXIS2_PLACEMENT_3D('',#6645,#6646,#6647);
#6645 = CARTESIAN_POINT('',(-3.279308259184,35.281315430132,
    24.537702928235));
#6646 = DIRECTION('',(0.,1.,-2.22044604925E-16));
#6647 = DIRECTION('',(-1.,0.,0.));
#6648 = PCURVE('',#1254,#6649);
#6649 = DEFINITIONAL_REPRESENTATION('',(#6650),#6654);
#6650 = LINE('',#6651,#6652);
#6651 = CARTESIAN_POINT('',(0.,-2.948984979518));
#6652 = VECTOR('',#6653,1.);
#6653 = DIRECTION('',(1.,0.));
#6654 = ( GEOMETRIC_REPRESENTATION_CONTEXT(2) 
PARAMETRIC_REPRESENTATION_CONTEXT() REPRESENTATION_CONTEXT('2D SPACE',''
  ) );
#6655 = PCURVE('',#6294,#6656);
#6656 = DEFINITIONAL_REPRESENTATION('',(#6657),#6665);
#6657 = ( BOUNDED_CURVE() B_SPLINE_CURVE(2,(#6658,#6659,#6660,#6661,
#6662,#6663,#6664),.UNSPECIFIED.,.T.,.F.) B_SPLINE_CURVE_WITH_KNOTS((1,2
    ,2,2,2,1),(-2.094395102393,0.,2.094395102393,4.188790204786,
6.28318530718,8.377580409573),.UNSPECIFIED.) CURVE() 
GEOMETRIC_REPRESENTATION_ITEM() RATIONAL_B_SPLINE_CURVE((1.,0.5,1.,0.5,
1.,0.5,1.)) REPRESENTATION_ITEM('') );
#6658 = CARTESIAN_POINT('',(-3.873846250062,4.546024882415));
#6659 = CARTESIAN_POINT('',(-3.873846250062,5.575794916483));
#6660 = CARTESIAN_POINT('',(-2.982039240503,5.060909899449));
#6661 = CARTESIAN_POINT('',(-2.090232230945,4.546024882415));
#6662 = CARTESIAN_POINT('',(-2.982039240503,4.031139865382));
#6663 = CARTESIAN_POINT('',(-3.873846250062,3.516254848348));
#6664 = CARTESIAN_POINT('',(-3.873846250062,4.546024882415));
#6665 = ( GEOMETRIC_REPRESENTATION_CONTEXT(2) 
PARAMETRIC_REPRESENTATION_CONTEXT() REPRESENTATION_CONTEXT('2D SPACE',''
  ) );
#6666 = ORIENTED_EDGE('',*,*,#6591,.F.);
#6667 = ADVANCED_FACE('',(#6668),#1460,.F.);
#6668 = FACE_BOUND('',#6669,.F.);
#6669 = EDGE_LOOP('',(#6670,#6671,#6694,#6722));
#6670 = ORIENTED_EDGE('',*,*,#1443,.T.);
#6671 = ORIENTED_EDGE('',*,*,#6672,.T.);
#6672 = EDGE_CURVE('',#1446,#6673,#6675,.T.);
#6673 = VERTEX_POINT('',#6674);
#6674 = CARTESIAN_POINT('',(-3.873846265557,35.281315430132,
    27.637793961463));
#6675 = SURFACE_CURVE('',#6676,(#6680,#6687),.PCURVE_S1.);
#6676 = LINE('',#6677,#6678);
#6677 = CARTESIAN_POINT('',(-3.873846265557,38.23030040965,
    27.637793961463));
#6678 = VECTOR('',#6679,1.);
#6679 = DIRECTION('',(0.,-1.,2.22044604925E-16));
#6680 = PCURVE('',#1460,#6681);
#6681 = DEFINITIONAL_REPRESENTATION('',(#6682),#6686);
#6682 = LINE('',#6683,#6684);
#6683 = CARTESIAN_POINT('',(0.,0.));
#6684 = VECTOR('',#6685,1.);
#6685 = DIRECTION('',(0.,-1.));
#6686 = ( GEOMETRIC_REPRESENTATION_CONTEXT(2) 
PARAMETRIC_REPRESENTATION_CONTEXT() REPRESENTATION_CONTEXT('2D SPACE',''
  ) );
#6687 = PCURVE('',#1667,#6688);
#6688 = DEFINITIONAL_REPRESENTATION('',(#6689),#6693);
#6689 = LINE('',#6690,#6691);
#6690 = CARTESIAN_POINT('',(6.28318530718,0.));
#6691 = VECTOR('',#6692,1.);
#6692 = DIRECTION('',(0.,-1.));
#6693 = ( GEOMETRIC_REPRESENTATION_CONTEXT(2) 
PARAMETRIC_REPRESENTATION_CONTEXT() REPRESENTATION_CONTEXT('2D SPACE',''
  ) );
#6694 = ORIENTED_EDGE('',*,*,#6695,.T.);
#6695 = EDGE_CURVE('',#6673,#6696,#6698,.T.);
#6696 = VERTEX_POINT('',#6697);
#6697 = CARTESIAN_POINT('',(-3.873846265557,35.281315430132,
    36.729843726293));
#6698 = SURFACE_CURVE('',#6699,(#6703,#6710),.PCURVE_S1.);
#6699 = LINE('',#6700,#6701);
#6700 = CARTESIAN_POINT('',(-3.873846265557,35.281315430132,
    32.183818843878));
#6701 = VECTOR('',#6702,1.);
#6702 = DIRECTION('',(0.,2.22044604925E-16,1.));
#6703 = PCURVE('',#1460,#6704);
#6704 = DEFINITIONAL_REPRESENTATION('',(#6705),#6709);
#6705 = LINE('',#6706,#6707);
#6706 = CARTESIAN_POINT('',(4.546024882415,-2.948984979518));
#6707 = VECTOR('',#6708,1.);
#6708 = DIRECTION('',(1.,0.));
#6709 = ( GEOMETRIC_REPRESENTATION_CONTEXT(2) 
PARAMETRIC_REPRESENTATION_CONTEXT() REPRESENTATION_CONTEXT('2D SPACE',''
  ) );
#6710 = PCURVE('',#6711,#6716);
#6711 = PLANE('',#6712);
#6712 = AXIS2_PLACEMENT_3D('',#6713,#6714,#6715);
#6713 = CARTESIAN_POINT('',(-1.549496818574E-08,35.281315430132,
    32.183818843878));
#6714 = DIRECTION('',(0.,-1.,2.22044604925E-16));
#6715 = DIRECTION('',(1.,0.,0.));
#6716 = DEFINITIONAL_REPRESENTATION('',(#6717),#6721);
#6717 = LINE('',#6718,#6719);
#6718 = CARTESIAN_POINT('',(-3.873846250062,-6.567227182846E-16));
#6719 = VECTOR('',#6720,1.);
#6720 = DIRECTION('',(0.,1.));
#6721 = ( GEOMETRIC_REPRESENTATION_CONTEXT(2) 
PARAMETRIC_REPRESENTATION_CONTEXT() REPRESENTATION_CONTEXT('2D SPACE',''
  ) );
#6722 = ORIENTED_EDGE('',*,*,#6723,.F.);
#6723 = EDGE_CURVE('',#1444,#6696,#6724,.T.);
#6724 = SURFACE_CURVE('',#6725,(#6729,#6736),.PCURVE_S1.);
#6725 = LINE('',#6726,#6727);
#6726 = CARTESIAN_POINT('',(-3.873846265557,38.23030040965,
    36.729843726293));
#6727 = VECTOR('',#6728,1.);
#6728 = DIRECTION('',(0.,-1.,2.22044604925E-16));
#6729 = PCURVE('',#1460,#6730);
#6730 = DEFINITIONAL_REPRESENTATION('',(#6731),#6735);
#6731 = LINE('',#6732,#6733);
#6732 = CARTESIAN_POINT('',(9.092049764831,0.));
#6733 = VECTOR('',#6734,1.);
#6734 = DIRECTION('',(0.,-1.));
#6735 = ( GEOMETRIC_REPRESENTATION_CONTEXT(2) 
PARAMETRIC_REPRESENTATION_CONTEXT() REPRESENTATION_CONTEXT('2D SPACE',''
  ) );
#6736 = PCURVE('',#1492,#6737);
#6737 = DEFINITIONAL_REPRESENTATION('',(#6738),#6742);
#6738 = LINE('',#6739,#6740);
#6739 = CARTESIAN_POINT('',(0.,0.));
#6740 = VECTOR('',#6741,1.);
#6741 = DIRECTION('',(0.,-1.));
#6742 = ( GEOMETRIC_REPRESENTATION_CONTEXT(2) 
PARAMETRIC_REPRESENTATION_CONTEXT() REPRESENTATION_CONTEXT('2D SPACE',''
  ) );
#6743 = ADVANCED_FACE('',(#6744),#1667,.F.);
#6744 = FACE_BOUND('',#6745,.F.);
#6745 = EDGE_LOOP('',(#6746,#6747,#6770,#6796));
#6746 = ORIENTED_EDGE('',*,*,#1648,.F.);
#6747 = ORIENTED_EDGE('',*,*,#6748,.T.);
#6748 = EDGE_CURVE('',#1623,#6749,#6751,.T.);
#6749 = VERTEX_POINT('',#6750);
#6750 = CARTESIAN_POINT('',(-3.279308259184,35.281315430132,
    27.04325595509));
#6751 = SURFACE_CURVE('',#6752,(#6756,#6763),.PCURVE_S1.);
#6752 = LINE('',#6753,#6754);
#6753 = CARTESIAN_POINT('',(-3.279308259184,38.23030040965,
    27.04325595509));
#6754 = VECTOR('',#6755,1.);
#6755 = DIRECTION('',(0.,-1.,2.22044604925E-16));
#6756 = PCURVE('',#1667,#6757);
#6757 = DEFINITIONAL_REPRESENTATION('',(#6758),#6762);
#6758 = LINE('',#6759,#6760);
#6759 = CARTESIAN_POINT('',(4.712388980385,0.));
#6760 = VECTOR('',#6761,1.);
#6761 = DIRECTION('',(0.,-1.));
#6762 = ( GEOMETRIC_REPRESENTATION_CONTEXT(2) 
PARAMETRIC_REPRESENTATION_CONTEXT() REPRESENTATION_CONTEXT('2D SPACE',''
  ) );
#6763 = PCURVE('',#1637,#6764);
#6764 = DEFINITIONAL_REPRESENTATION('',(#6765),#6769);
#6765 = LINE('',#6766,#6767);
#6766 = CARTESIAN_POINT('',(0.,0.));
#6767 = VECTOR('',#6768,1.);
#6768 = DIRECTION('',(0.,-1.));
#6769 = ( GEOMETRIC_REPRESENTATION_CONTEXT(2) 
PARAMETRIC_REPRESENTATION_CONTEXT() REPRESENTATION_CONTEXT('2D SPACE',''
  ) );
#6770 = ORIENTED_EDGE('',*,*,#6771,.T.);
#6771 = EDGE_CURVE('',#6749,#6673,#6772,.T.);
#6772 = SURFACE_CURVE('',#6773,(#6778,#6785),.PCURVE_S1.);
#6773 = CIRCLE('',#6774,0.594538006372);
#6774 = AXIS2_PLACEMENT_3D('',#6775,#6776,#6777);
#6775 = CARTESIAN_POINT('',(-3.279308259184,35.281315430132,
    27.637793961463));
#6776 = DIRECTION('',(0.,1.,-2.22044604925E-16));
#6777 = DIRECTION('',(-1.,0.,0.));
#6778 = PCURVE('',#1667,#6779);
#6779 = DEFINITIONAL_REPRESENTATION('',(#6780),#6784);
#6780 = LINE('',#6781,#6782);
#6781 = CARTESIAN_POINT('',(0.,-2.948984979518));
#6782 = VECTOR('',#6783,1.);
#6783 = DIRECTION('',(1.,0.));
#6784 = ( GEOMETRIC_REPRESENTATION_CONTEXT(2) 
PARAMETRIC_REPRESENTATION_CONTEXT() REPRESENTATION_CONTEXT('2D SPACE',''
  ) );
#6785 = PCURVE('',#6711,#6786);
#6786 = DEFINITIONAL_REPRESENTATION('',(#6787),#6795);
#6787 = ( BOUNDED_CURVE() B_SPLINE_CURVE(2,(#6788,#6789,#6790,#6791,
#6792,#6793,#6794),.UNSPECIFIED.,.T.,.F.) B_SPLINE_CURVE_WITH_KNOTS((1,2
    ,2,2,2,1),(-2.094395102393,0.,2.094395102393,4.188790204786,
6.28318530718,8.377580409573),.UNSPECIFIED.) CURVE() 
GEOMETRIC_REPRESENTATION_ITEM() RATIONAL_B_SPLINE_CURVE((1.,0.5,1.,0.5,
1.,0.5,1.)) REPRESENTATION_ITEM('') );
#6788 = CARTESIAN_POINT('',(-3.873846250062,-4.546024882415));
#6789 = CARTESIAN_POINT('',(-3.873846250062,-3.516254848348));
#6790 = CARTESIAN_POINT('',(-2.982039240503,-4.031139865382));
#6791 = CARTESIAN_POINT('',(-2.090232230945,-4.546024882415));
#6792 = CARTESIAN_POINT('',(-2.982039240503,-5.060909899449));
#6793 = CARTESIAN_POINT('',(-3.873846250062,-5.575794916483));
#6794 = CARTESIAN_POINT('',(-3.873846250062,-4.546024882415));
#6795 = ( GEOMETRIC_REPRESENTATION_CONTEXT(2) 
PARAMETRIC_REPRESENTATION_CONTEXT() REPRESENTATION_CONTEXT('2D SPACE',''
  ) );
#6796 = ORIENTED_EDGE('',*,*,#6672,.F.);
#6797 = ADVANCED_FACE('',(#6798),#1637,.T.);
#6798 = FACE_BOUND('',#6799,.T.);
#6799 = EDGE_LOOP('',(#6800,#6801,#6802,#6825));
#6800 = ORIENTED_EDGE('',*,*,#1622,.T.);
#6801 = ORIENTED_EDGE('',*,*,#6748,.T.);
#6802 = ORIENTED_EDGE('',*,*,#6803,.T.);
#6803 = EDGE_CURVE('',#6749,#6804,#6806,.T.);
#6804 = VERTEX_POINT('',#6805);
#6805 = CARTESIAN_POINT('',(3.279308194672,35.281315430132,
    27.04325595509));
#6806 = SURFACE_CURVE('',#6807,(#6811,#6818),.PCURVE_S1.);
#6807 = LINE('',#6808,#6809);
#6808 = CARTESIAN_POINT('',(5.107025913276E-14,35.281315430132,
    27.04325595509));
#6809 = VECTOR('',#6810,1.);
#6810 = DIRECTION('',(1.,0.,0.));
#6811 = PCURVE('',#1637,#6812);
#6812 = DEFINITIONAL_REPRESENTATION('',(#6813),#6817);
#6813 = LINE('',#6814,#6815);
#6814 = CARTESIAN_POINT('',(3.279308259184,-2.948984979518));
#6815 = VECTOR('',#6816,1.);
#6816 = DIRECTION('',(1.,0.));
#6817 = ( GEOMETRIC_REPRESENTATION_CONTEXT(2) 
PARAMETRIC_REPRESENTATION_CONTEXT() REPRESENTATION_CONTEXT('2D SPACE',''
  ) );
#6818 = PCURVE('',#6711,#6819);
#6819 = DEFINITIONAL_REPRESENTATION('',(#6820),#6824);
#6820 = LINE('',#6821,#6822);
#6821 = CARTESIAN_POINT('',(1.5495019256E-08,-5.140562888788));
#6822 = VECTOR('',#6823,1.);
#6823 = DIRECTION('',(1.,0.));
#6824 = ( GEOMETRIC_REPRESENTATION_CONTEXT(2) 
PARAMETRIC_REPRESENTATION_CONTEXT() REPRESENTATION_CONTEXT('2D SPACE',''
  ) );
#6825 = ORIENTED_EDGE('',*,*,#6826,.F.);
#6826 = EDGE_CURVE('',#1590,#6804,#6827,.T.);
#6827 = SURFACE_CURVE('',#6828,(#6832,#6839),.PCURVE_S1.);
#6828 = LINE('',#6829,#6830);
#6829 = CARTESIAN_POINT('',(3.279308194672,38.23030040965,27.04325595509
    ));
#6830 = VECTOR('',#6831,1.);
#6831 = DIRECTION('',(0.,-1.,2.22044604925E-16));
#6832 = PCURVE('',#1637,#6833);
#6833 = DEFINITIONAL_REPRESENTATION('',(#6834),#6838);
#6834 = LINE('',#6835,#6836);
#6835 = CARTESIAN_POINT('',(6.558616453856,0.));
#6836 = VECTOR('',#6837,1.);
#6837 = DIRECTION('',(0.,-1.));
#6838 = ( GEOMETRIC_REPRESENTATION_CONTEXT(2) 
PARAMETRIC_REPRESENTATION_CONTEXT() REPRESENTATION_CONTEXT('2D SPACE',''
  ) );
#6839 = PCURVE('',#1610,#6840);
#6840 = DEFINITIONAL_REPRESENTATION('',(#6841),#6845);
#6841 = LINE('',#6842,#6843);
#6842 = CARTESIAN_POINT('',(4.712388980385,0.));
#6843 = VECTOR('',#6844,1.);
#6844 = DIRECTION('',(0.,-1.));
#6845 = ( GEOMETRIC_REPRESENTATION_CONTEXT(2) 
PARAMETRIC_REPRESENTATION_CONTEXT() REPRESENTATION_CONTEXT('2D SPACE',''
  ) );
#6846 = ADVANCED_FACE('',(#6847),#1610,.F.);
#6847 = FACE_BOUND('',#6848,.F.);
#6848 = EDGE_LOOP('',(#6849,#6850,#6873,#6899));
#6849 = ORIENTED_EDGE('',*,*,#1589,.F.);
#6850 = ORIENTED_EDGE('',*,*,#6851,.T.);
#6851 = EDGE_CURVE('',#1564,#6852,#6854,.T.);
#6852 = VERTEX_POINT('',#6853);
#6853 = CARTESIAN_POINT('',(3.8738462333,35.281315430132,27.637793961463
    ));
#6854 = SURFACE_CURVE('',#6855,(#6859,#6866),.PCURVE_S1.);
#6855 = LINE('',#6856,#6857);
#6856 = CARTESIAN_POINT('',(3.8738462333,38.23030040965,27.637793961463)
  );
#6857 = VECTOR('',#6858,1.);
#6858 = DIRECTION('',(0.,-1.,2.22044604925E-16));
#6859 = PCURVE('',#1610,#6860);
#6860 = DEFINITIONAL_REPRESENTATION('',(#6861),#6865);
#6861 = LINE('',#6862,#6863);
#6862 = CARTESIAN_POINT('',(3.14159265359,0.));
#6863 = VECTOR('',#6864,1.);
#6864 = DIRECTION('',(0.,-1.));
#6865 = ( GEOMETRIC_REPRESENTATION_CONTEXT(2) 
PARAMETRIC_REPRESENTATION_CONTEXT() REPRESENTATION_CONTEXT('2D SPACE',''
  ) );
#6866 = PCURVE('',#1578,#6867);
#6867 = DEFINITIONAL_REPRESENTATION('',(#6868),#6872);
#6868 = LINE('',#6869,#6870);
#6869 = CARTESIAN_POINT('',(0.,0.));
#6870 = VECTOR('',#6871,1.);
#6871 = DIRECTION('',(0.,-1.));
#6872 = ( GEOMETRIC_REPRESENTATION_CONTEXT(2) 
PARAMETRIC_REPRESENTATION_CONTEXT() REPRESENTATION_CONTEXT('2D SPACE',''
  ) );
#6873 = ORIENTED_EDGE('',*,*,#6874,.T.);
#6874 = EDGE_CURVE('',#6852,#6804,#6875,.T.);
#6875 = SURFACE_CURVE('',#6876,(#6881,#6888),.PCURVE_S1.);
#6876 = CIRCLE('',#6877,0.594538006372);
#6877 = AXIS2_PLACEMENT_3D('',#6878,#6879,#6880);
#6878 = CARTESIAN_POINT('',(3.279308194672,35.281315430132,
    27.637793961463));
#6879 = DIRECTION('',(0.,1.,-2.22044604925E-16));
#6880 = DIRECTION('',(-1.,0.,0.));
#6881 = PCURVE('',#1610,#6882);
#6882 = DEFINITIONAL_REPRESENTATION('',(#6883),#6887);
#6883 = LINE('',#6884,#6885);
#6884 = CARTESIAN_POINT('',(0.,-2.948984979518));
#6885 = VECTOR('',#6886,1.);
#6886 = DIRECTION('',(1.,0.));
#6887 = ( GEOMETRIC_REPRESENTATION_CONTEXT(2) 
PARAMETRIC_REPRESENTATION_CONTEXT() REPRESENTATION_CONTEXT('2D SPACE',''
  ) );
#6888 = PCURVE('',#6711,#6889);
#6889 = DEFINITIONAL_REPRESENTATION('',(#6890),#6898);
#6890 = ( BOUNDED_CURVE() B_SPLINE_CURVE(2,(#6891,#6892,#6893,#6894,
#6895,#6896,#6897),.UNSPECIFIED.,.T.,.F.) B_SPLINE_CURVE_WITH_KNOTS((1,2
    ,2,2,2,1),(-2.094395102393,0.,2.094395102393,4.188790204786,
6.28318530718,8.377580409573),.UNSPECIFIED.) CURVE() 
GEOMETRIC_REPRESENTATION_ITEM() RATIONAL_B_SPLINE_CURVE((1.,0.5,1.,0.5,
1.,0.5,1.)) REPRESENTATION_ITEM('') );
#6891 = CARTESIAN_POINT('',(2.684770203794,-4.546024882415));
#6892 = CARTESIAN_POINT('',(2.684770203794,-3.516254848348));
#6893 = CARTESIAN_POINT('',(3.576577213353,-4.031139865382));
#6894 = CARTESIAN_POINT('',(4.468384222911,-4.546024882415));
#6895 = CARTESIAN_POINT('',(3.576577213353,-5.060909899449));
#6896 = CARTESIAN_POINT('',(2.684770203794,-5.575794916483));
#6897 = CARTESIAN_POINT('',(2.684770203794,-4.546024882415));
#6898 = ( GEOMETRIC_REPRESENTATION_CONTEXT(2) 
PARAMETRIC_REPRESENTATION_CONTEXT() REPRESENTATION_CONTEXT('2D SPACE',''
  ) );
#6899 = ORIENTED_EDGE('',*,*,#6826,.F.);
#6900 = ADVANCED_FACE('',(#6901),#1578,.T.);
#6901 = FACE_BOUND('',#6902,.T.);
#6902 = EDGE_LOOP('',(#6903,#6904,#6905,#6928));
#6903 = ORIENTED_EDGE('',*,*,#1563,.T.);
#6904 = ORIENTED_EDGE('',*,*,#6851,.T.);
#6905 = ORIENTED_EDGE('',*,*,#6906,.T.);
#6906 = EDGE_CURVE('',#6852,#6907,#6909,.T.);
#6907 = VERTEX_POINT('',#6908);
#6908 = CARTESIAN_POINT('',(3.8738462333,35.281315430132,36.729843726293
    ));
#6909 = SURFACE_CURVE('',#6910,(#6914,#6921),.PCURVE_S1.);
#6910 = LINE('',#6911,#6912);
#6911 = CARTESIAN_POINT('',(3.873846265557,35.281315430132,
    32.183818843878));
#6912 = VECTOR('',#6913,1.);
#6913 = DIRECTION('',(0.,2.22044604925E-16,1.));
#6914 = PCURVE('',#1578,#6915);
#6915 = DEFINITIONAL_REPRESENTATION('',(#6916),#6920);
#6916 = LINE('',#6917,#6918);
#6917 = CARTESIAN_POINT('',(4.546024882415,-2.948984979518));
#6918 = VECTOR('',#6919,1.);
#6919 = DIRECTION('',(1.,0.));
#6920 = ( GEOMETRIC_REPRESENTATION_CONTEXT(2) 
PARAMETRIC_REPRESENTATION_CONTEXT() REPRESENTATION_CONTEXT('2D SPACE',''
  ) );
#6921 = PCURVE('',#6711,#6922);
#6922 = DEFINITIONAL_REPRESENTATION('',(#6923),#6927);
#6923 = LINE('',#6924,#6925);
#6924 = CARTESIAN_POINT('',(3.873846281052,-6.567227182846E-16));
#6925 = VECTOR('',#6926,1.);
#6926 = DIRECTION('',(0.,1.));
#6927 = ( GEOMETRIC_REPRESENTATION_CONTEXT(2) 
PARAMETRIC_REPRESENTATION_CONTEXT() REPRESENTATION_CONTEXT('2D SPACE',''
  ) );
#6928 = ORIENTED_EDGE('',*,*,#6929,.F.);
#6929 = EDGE_CURVE('',#1531,#6907,#6930,.T.);
#6930 = SURFACE_CURVE('',#6931,(#6935,#6942),.PCURVE_S1.);
#6931 = LINE('',#6932,#6933);
#6932 = CARTESIAN_POINT('',(3.8738462333,38.23030040965,36.729843726293)
  );
#6933 = VECTOR('',#6934,1.);
#6934 = DIRECTION('',(0.,-1.,2.22044604925E-16));
#6935 = PCURVE('',#1578,#6936);
#6936 = DEFINITIONAL_REPRESENTATION('',(#6937),#6941);
#6937 = LINE('',#6938,#6939);
#6938 = CARTESIAN_POINT('',(9.092049764831,0.));
#6939 = VECTOR('',#6940,1.);
#6940 = DIRECTION('',(0.,-1.));
#6941 = ( GEOMETRIC_REPRESENTATION_CONTEXT(2) 
PARAMETRIC_REPRESENTATION_CONTEXT() REPRESENTATION_CONTEXT('2D SPACE',''
  ) );
#6942 = PCURVE('',#1551,#6943);
#6943 = DEFINITIONAL_REPRESENTATION('',(#6944),#6948);
#6944 = LINE('',#6945,#6946);
#6945 = CARTESIAN_POINT('',(3.14159265359,0.));
#6946 = VECTOR('',#6947,1.);
#6947 = DIRECTION('',(0.,-1.));
#6948 = ( GEOMETRIC_REPRESENTATION_CONTEXT(2) 
PARAMETRIC_REPRESENTATION_CONTEXT() REPRESENTATION_CONTEXT('2D SPACE',''
  ) );
#6949 = ADVANCED_FACE('',(#6950),#1551,.F.);
#6950 = FACE_BOUND('',#6951,.F.);
#6951 = EDGE_LOOP('',(#6952,#6953,#6976,#7002));
#6952 = ORIENTED_EDGE('',*,*,#1530,.F.);
#6953 = ORIENTED_EDGE('',*,*,#6954,.T.);
#6954 = EDGE_CURVE('',#1505,#6955,#6957,.T.);
#6955 = VERTEX_POINT('',#6956);
#6956 = CARTESIAN_POINT('',(3.279308194672,35.281315430132,
    37.324381732666));
#6957 = SURFACE_CURVE('',#6958,(#6962,#6969),.PCURVE_S1.);
#6958 = LINE('',#6959,#6960);
#6959 = CARTESIAN_POINT('',(3.279308194672,38.23030040965,
    37.324381732666));
#6960 = VECTOR('',#6961,1.);
#6961 = DIRECTION('',(0.,-1.,2.22044604925E-16));
#6962 = PCURVE('',#1551,#6963);
#6963 = DEFINITIONAL_REPRESENTATION('',(#6964),#6968);
#6964 = LINE('',#6965,#6966);
#6965 = CARTESIAN_POINT('',(1.570796326795,0.));
#6966 = VECTOR('',#6967,1.);
#6967 = DIRECTION('',(0.,-1.));
#6968 = ( GEOMETRIC_REPRESENTATION_CONTEXT(2) 
PARAMETRIC_REPRESENTATION_CONTEXT() REPRESENTATION_CONTEXT('2D SPACE',''
  ) );
#6969 = PCURVE('',#1519,#6970);
#6970 = DEFINITIONAL_REPRESENTATION('',(#6971),#6975);
#6971 = LINE('',#6972,#6973);
#6972 = CARTESIAN_POINT('',(6.558616453856,0.));
#6973 = VECTOR('',#6974,1.);
#6974 = DIRECTION('',(0.,-1.));
#6975 = ( GEOMETRIC_REPRESENTATION_CONTEXT(2) 
PARAMETRIC_REPRESENTATION_CONTEXT() REPRESENTATION_CONTEXT('2D SPACE',''
  ) );
#6976 = ORIENTED_EDGE('',*,*,#6977,.T.);
#6977 = EDGE_CURVE('',#6955,#6907,#6978,.T.);
#6978 = SURFACE_CURVE('',#6979,(#6984,#6991),.PCURVE_S1.);
#6979 = CIRCLE('',#6980,0.594538006372);
#6980 = AXIS2_PLACEMENT_3D('',#6981,#6982,#6983);
#6981 = CARTESIAN_POINT('',(3.279308194672,35.281315430132,
    36.729843726293));
#6982 = DIRECTION('',(0.,1.,-2.22044604925E-16));
#6983 = DIRECTION('',(-1.,0.,0.));
#6984 = PCURVE('',#1551,#6985);
#6985 = DEFINITIONAL_REPRESENTATION('',(#6986),#6990);
#6986 = LINE('',#6987,#6988);
#6987 = CARTESIAN_POINT('',(0.,-2.948984979518));
#6988 = VECTOR('',#6989,1.);
#6989 = DIRECTION('',(1.,0.));
#6990 = ( GEOMETRIC_REPRESENTATION_CONTEXT(2) 
PARAMETRIC_REPRESENTATION_CONTEXT() REPRESENTATION_CONTEXT('2D SPACE',''
  ) );
#6991 = PCURVE('',#6711,#6992);
#6992 = DEFINITIONAL_REPRESENTATION('',(#6993),#7001);
#6993 = ( BOUNDED_CURVE() B_SPLINE_CURVE(2,(#6994,#6995,#6996,#6997,
#6998,#6999,#7000),.UNSPECIFIED.,.T.,.F.) B_SPLINE_CURVE_WITH_KNOTS((1,2
    ,2,2,2,1),(-2.094395102393,0.,2.094395102393,4.188790204786,
6.28318530718,8.377580409573),.UNSPECIFIED.) CURVE() 
GEOMETRIC_REPRESENTATION_ITEM() RATIONAL_B_SPLINE_CURVE((1.,0.5,1.,0.5,
1.,0.5,1.)) REPRESENTATION_ITEM('') );
#6994 = CARTESIAN_POINT('',(2.684770203794,4.546024882415));
#6995 = CARTESIAN_POINT('',(2.684770203794,5.575794916483));
#6996 = CARTESIAN_POINT('',(3.576577213353,5.060909899449));
#6997 = CARTESIAN_POINT('',(4.468384222911,4.546024882415));
#6998 = CARTESIAN_POINT('',(3.576577213353,4.031139865382));
#6999 = CARTESIAN_POINT('',(2.684770203794,3.516254848348));
#7000 = CARTESIAN_POINT('',(2.684770203794,4.546024882415));
#7001 = ( GEOMETRIC_REPRESENTATION_CONTEXT(2) 
PARAMETRIC_REPRESENTATION_CONTEXT() REPRESENTATION_CONTEXT('2D SPACE',''
  ) );
#7002 = ORIENTED_EDGE('',*,*,#6929,.F.);
#7003 = ADVANCED_FACE('',(#7004),#1519,.F.);
#7004 = FACE_BOUND('',#7005,.F.);
#7005 = EDGE_LOOP('',(#7006,#7007,#7030,#7051));
#7006 = ORIENTED_EDGE('',*,*,#1504,.T.);
#7007 = ORIENTED_EDGE('',*,*,#7008,.T.);
#7008 = EDGE_CURVE('',#1472,#7009,#7011,.T.);
#7009 = VERTEX_POINT('',#7010);
#7010 = CARTESIAN_POINT('',(-3.279308259184,35.281315430132,
    37.324381732666));
#7011 = SURFACE_CURVE('',#7012,(#7016,#7023),.PCURVE_S1.);
#7012 = LINE('',#7013,#7014);
#7013 = CARTESIAN_POINT('',(-3.279308259184,38.23030040965,
    37.324381732666));
#7014 = VECTOR('',#7015,1.);
#7015 = DIRECTION('',(0.,-1.,2.22044604925E-16));
#7016 = PCURVE('',#1519,#7017);
#7017 = DEFINITIONAL_REPRESENTATION('',(#7018),#7022);
#7018 = LINE('',#7019,#7020);
#7019 = CARTESIAN_POINT('',(0.,0.));
#7020 = VECTOR('',#7021,1.);
#7021 = DIRECTION('',(0.,-1.));
#7022 = ( GEOMETRIC_REPRESENTATION_CONTEXT(2) 
PARAMETRIC_REPRESENTATION_CONTEXT() REPRESENTATION_CONTEXT('2D SPACE',''
  ) );
#7023 = PCURVE('',#1492,#7024);
#7024 = DEFINITIONAL_REPRESENTATION('',(#7025),#7029);
#7025 = LINE('',#7026,#7027);
#7026 = CARTESIAN_POINT('',(1.570796326795,0.));
#7027 = VECTOR('',#7028,1.);
#7028 = DIRECTION('',(0.,-1.));
#7029 = ( GEOMETRIC_REPRESENTATION_CONTEXT(2) 
PARAMETRIC_REPRESENTATION_CONTEXT() REPRESENTATION_CONTEXT('2D SPACE',''
  ) );
#7030 = ORIENTED_EDGE('',*,*,#7031,.T.);
#7031 = EDGE_CURVE('',#7009,#6955,#7032,.T.);
#7032 = SURFACE_CURVE('',#7033,(#7037,#7044),.PCURVE_S1.);
#7033 = LINE('',#7034,#7035);
#7034 = CARTESIAN_POINT('',(5.107025913276E-14,35.281315430132,
    37.324381732666));
#7035 = VECTOR('',#7036,1.);
#7036 = DIRECTION('',(1.,0.,0.));
#7037 = PCURVE('',#1519,#7038);
#7038 = DEFINITIONAL_REPRESENTATION('',(#7039),#7043);
#7039 = LINE('',#7040,#7041);
#7040 = CARTESIAN_POINT('',(3.279308259184,-2.948984979518));
#7041 = VECTOR('',#7042,1.);
#7042 = DIRECTION('',(1.,0.));
#7043 = ( GEOMETRIC_REPRESENTATION_CONTEXT(2) 
PARAMETRIC_REPRESENTATION_CONTEXT() REPRESENTATION_CONTEXT('2D SPACE',''
  ) );
#7044 = PCURVE('',#6711,#7045);
#7045 = DEFINITIONAL_REPRESENTATION('',(#7046),#7050);
#7046 = LINE('',#7047,#7048);
#7047 = CARTESIAN_POINT('',(1.5495019256E-08,5.140562888788));
#7048 = VECTOR('',#7049,1.);
#7049 = DIRECTION('',(1.,0.));
#7050 = ( GEOMETRIC_REPRESENTATION_CONTEXT(2) 
PARAMETRIC_REPRESENTATION_CONTEXT() REPRESENTATION_CONTEXT('2D SPACE',''
  ) );
#7051 = ORIENTED_EDGE('',*,*,#6954,.F.);
#7052 = ADVANCED_FACE('',(#7053),#1492,.F.);
#7053 = FACE_BOUND('',#7054,.F.);
#7054 = EDGE_LOOP('',(#7055,#7056,#7057,#7083));
#7055 = ORIENTED_EDGE('',*,*,#1471,.F.);
#7056 = ORIENTED_EDGE('',*,*,#6723,.T.);
#7057 = ORIENTED_EDGE('',*,*,#7058,.T.);
#7058 = EDGE_CURVE('',#6696,#7009,#7059,.T.);
#7059 = SURFACE_CURVE('',#7060,(#7065,#7072),.PCURVE_S1.);
#7060 = CIRCLE('',#7061,0.594538006372);
#7061 = AXIS2_PLACEMENT_3D('',#7062,#7063,#7064);
#7062 = CARTESIAN_POINT('',(-3.279308259184,35.281315430132,
    36.729843726293));
#7063 = DIRECTION('',(0.,1.,-2.22044604925E-16));
#7064 = DIRECTION('',(-1.,0.,0.));
#7065 = PCURVE('',#1492,#7066);
#7066 = DEFINITIONAL_REPRESENTATION('',(#7067),#7071);
#7067 = LINE('',#7068,#7069);
#7068 = CARTESIAN_POINT('',(0.,-2.948984979518));
#7069 = VECTOR('',#7070,1.);
#7070 = DIRECTION('',(1.,0.));
#7071 = ( GEOMETRIC_REPRESENTATION_CONTEXT(2) 
PARAMETRIC_REPRESENTATION_CONTEXT() REPRESENTATION_CONTEXT('2D SPACE',''
  ) );
#7072 = PCURVE('',#6711,#7073);
#7073 = DEFINITIONAL_REPRESENTATION('',(#7074),#7082);
#7074 = ( BOUNDED_CURVE() B_SPLINE_CURVE(2,(#7075,#7076,#7077,#7078,
#7079,#7080,#7081),.UNSPECIFIED.,.T.,.F.) B_SPLINE_CURVE_WITH_KNOTS((1,2
    ,2,2,2,1),(-2.094395102393,0.,2.094395102393,4.188790204786,
6.28318530718,8.377580409573),.UNSPECIFIED.) CURVE() 
GEOMETRIC_REPRESENTATION_ITEM() RATIONAL_B_SPLINE_CURVE((1.,0.5,1.,0.5,
1.,0.5,1.)) REPRESENTATION_ITEM('') );
#7075 = CARTESIAN_POINT('',(-3.873846250062,4.546024882415));
#7076 = CARTESIAN_POINT('',(-3.873846250062,5.575794916483));
#7077 = CARTESIAN_POINT('',(-2.982039240503,5.060909899449));
#7078 = CARTESIAN_POINT('',(-2.090232230945,4.546024882415));
#7079 = CARTESIAN_POINT('',(-2.982039240503,4.031139865382));
#7080 = CARTESIAN_POINT('',(-3.873846250062,3.516254848348));
#7081 = CARTESIAN_POINT('',(-3.873846250062,4.546024882415));
#7082 = ( GEOMETRIC_REPRESENTATION_CONTEXT(2) 
PARAMETRIC_REPRESENTATION_CONTEXT() REPRESENTATION_CONTEXT('2D SPACE',''
  ) );
#7083 = ORIENTED_EDGE('',*,*,#7008,.F.);
#7084 = ADVANCED_FACE('',(#7085),#1698,.F.);
#7085 = FACE_BOUND('',#7086,.F.);
#7086 = EDGE_LOOP('',(#7087,#7088,#7111,#7139));
#7087 = ORIENTED_EDGE('',*,*,#1681,.T.);
#7088 = ORIENTED_EDGE('',*,*,#7089,.T.);
#7089 = EDGE_CURVE('',#1684,#7090,#7092,.T.);
#7090 = VERTEX_POINT('',#7091);
#7091 = CARTESIAN_POINT('',(5.784861286039,35.281315430132,
    15.445653163405));
#7092 = SURFACE_CURVE('',#7093,(#7097,#7104),.PCURVE_S1.);
#7093 = LINE('',#7094,#7095);
#7094 = CARTESIAN_POINT('',(5.784861286039,38.23030040965,
    15.445653163405));
#7095 = VECTOR('',#7096,1.);
#7096 = DIRECTION('',(0.,-1.,2.22044604925E-16));
#7097 = PCURVE('',#1698,#7098);
#7098 = DEFINITIONAL_REPRESENTATION('',(#7099),#7103);
#7099 = LINE('',#7100,#7101);
#7100 = CARTESIAN_POINT('',(0.,0.));
#7101 = VECTOR('',#7102,1.);
#7102 = DIRECTION('',(0.,-1.));
#7103 = ( GEOMETRIC_REPRESENTATION_CONTEXT(2) 
PARAMETRIC_REPRESENTATION_CONTEXT() REPRESENTATION_CONTEXT('2D SPACE',''
  ) );
#7104 = PCURVE('',#1905,#7105);
#7105 = DEFINITIONAL_REPRESENTATION('',(#7106),#7110);
#7106 = LINE('',#7107,#7108);
#7107 = CARTESIAN_POINT('',(6.28318530718,0.));
#7108 = VECTOR('',#7109,1.);
#7109 = DIRECTION('',(0.,-1.));
#7110 = ( GEOMETRIC_REPRESENTATION_CONTEXT(2) 
PARAMETRIC_REPRESENTATION_CONTEXT() REPRESENTATION_CONTEXT('2D SPACE',''
  ) );
#7111 = ORIENTED_EDGE('',*,*,#7112,.T.);
#7112 = EDGE_CURVE('',#7090,#7113,#7115,.T.);
#7113 = VERTEX_POINT('',#7114);
#7114 = CARTESIAN_POINT('',(5.784861286039,35.281315430132,
    24.537702928235));
#7115 = SURFACE_CURVE('',#7116,(#7120,#7127),.PCURVE_S1.);
#7116 = LINE('',#7117,#7118);
#7117 = CARTESIAN_POINT('',(5.784861286039,35.281315430132,
    19.99167804582));
#7118 = VECTOR('',#7119,1.);
#7119 = DIRECTION('',(0.,2.22044604925E-16,1.));
#7120 = PCURVE('',#1698,#7121);
#7121 = DEFINITIONAL_REPRESENTATION('',(#7122),#7126);
#7122 = LINE('',#7123,#7124);
#7123 = CARTESIAN_POINT('',(4.546024882415,-2.948984979518));
#7124 = VECTOR('',#7125,1.);
#7125 = DIRECTION('',(1.,0.));
#7126 = ( GEOMETRIC_REPRESENTATION_CONTEXT(2) 
PARAMETRIC_REPRESENTATION_CONTEXT() REPRESENTATION_CONTEXT('2D SPACE',''
  ) );
#7127 = PCURVE('',#7128,#7133);
#7128 = PLANE('',#7129);
#7129 = AXIS2_PLACEMENT_3D('',#7130,#7131,#7132);
#7130 = CARTESIAN_POINT('',(9.658707536101,35.281315430132,
    19.99167804582));
#7131 = DIRECTION('',(0.,-1.,2.22044604925E-16));
#7132 = DIRECTION('',(1.,0.,0.));
#7133 = DEFINITIONAL_REPRESENTATION('',(#7134),#7138);
#7134 = LINE('',#7135,#7136);
#7135 = CARTESIAN_POINT('',(-3.873846250062,-6.567227182846E-16));
#7136 = VECTOR('',#7137,1.);
#7137 = DIRECTION('',(0.,1.));
#7138 = ( GEOMETRIC_REPRESENTATION_CONTEXT(2) 
PARAMETRIC_REPRESENTATION_CONTEXT() REPRESENTATION_CONTEXT('2D SPACE',''
  ) );
#7139 = ORIENTED_EDGE('',*,*,#7140,.F.);
#7140 = EDGE_CURVE('',#1682,#7113,#7141,.T.);
#7141 = SURFACE_CURVE('',#7142,(#7146,#7153),.PCURVE_S1.);
#7142 = LINE('',#7143,#7144);
#7143 = CARTESIAN_POINT('',(5.784861286039,38.23030040965,
    24.537702928235));
#7144 = VECTOR('',#7145,1.);
#7145 = DIRECTION('',(0.,-1.,2.22044604925E-16));
#7146 = PCURVE('',#1698,#7147);
#7147 = DEFINITIONAL_REPRESENTATION('',(#7148),#7152);
#7148 = LINE('',#7149,#7150);
#7149 = CARTESIAN_POINT('',(9.092049764831,0.));
#7150 = VECTOR('',#7151,1.);
#7151 = DIRECTION('',(0.,-1.));
#7152 = ( GEOMETRIC_REPRESENTATION_CONTEXT(2) 
PARAMETRIC_REPRESENTATION_CONTEXT() REPRESENTATION_CONTEXT('2D SPACE',''
  ) );
#7153 = PCURVE('',#1730,#7154);
#7154 = DEFINITIONAL_REPRESENTATION('',(#7155),#7159);
#7155 = LINE('',#7156,#7157);
#7156 = CARTESIAN_POINT('',(0.,0.));
#7157 = VECTOR('',#7158,1.);
#7158 = DIRECTION('',(0.,-1.));
#7159 = ( GEOMETRIC_REPRESENTATION_CONTEXT(2) 
PARAMETRIC_REPRESENTATION_CONTEXT() REPRESENTATION_CONTEXT('2D SPACE',''
  ) );
#7160 = ADVANCED_FACE('',(#7161),#1905,.F.);
#7161 = FACE_BOUND('',#7162,.F.);
#7162 = EDGE_LOOP('',(#7163,#7164,#7187,#7213));
#7163 = ORIENTED_EDGE('',*,*,#1886,.F.);
#7164 = ORIENTED_EDGE('',*,*,#7165,.T.);
#7165 = EDGE_CURVE('',#1861,#7166,#7168,.T.);
#7166 = VERTEX_POINT('',#7167);
#7167 = CARTESIAN_POINT('',(6.379399292411,35.281315430132,
    14.851115157032));
#7168 = SURFACE_CURVE('',#7169,(#7173,#7180),.PCURVE_S1.);
#7169 = LINE('',#7170,#7171);
#7170 = CARTESIAN_POINT('',(6.379399292411,38.23030040965,
    14.851115157032));
#7171 = VECTOR('',#7172,1.);
#7172 = DIRECTION('',(0.,-1.,2.22044604925E-16));
#7173 = PCURVE('',#1905,#7174);
#7174 = DEFINITIONAL_REPRESENTATION('',(#7175),#7179);
#7175 = LINE('',#7176,#7177);
#7176 = CARTESIAN_POINT('',(4.712388980385,0.));
#7177 = VECTOR('',#7178,1.);
#7178 = DIRECTION('',(0.,-1.));
#7179 = ( GEOMETRIC_REPRESENTATION_CONTEXT(2) 
PARAMETRIC_REPRESENTATION_CONTEXT() REPRESENTATION_CONTEXT('2D SPACE',''
  ) );
#7180 = PCURVE('',#1875,#7181);
#7181 = DEFINITIONAL_REPRESENTATION('',(#7182),#7186);
#7182 = LINE('',#7183,#7184);
#7183 = CARTESIAN_POINT('',(3.552713678801E-15,0.));
#7184 = VECTOR('',#7185,1.);
#7185 = DIRECTION('',(0.,-1.));
#7186 = ( GEOMETRIC_REPRESENTATION_CONTEXT(2) 
PARAMETRIC_REPRESENTATION_CONTEXT() REPRESENTATION_CONTEXT('2D SPACE',''
  ) );
#7187 = ORIENTED_EDGE('',*,*,#7188,.T.);
#7188 = EDGE_CURVE('',#7166,#7090,#7189,.T.);
#7189 = SURFACE_CURVE('',#7190,(#7195,#7202),.PCURVE_S1.);
#7190 = CIRCLE('',#7191,0.594538006372);
#7191 = AXIS2_PLACEMENT_3D('',#7192,#7193,#7194);
#7192 = CARTESIAN_POINT('',(6.379399292411,35.281315430132,
    15.445653163405));
#7193 = DIRECTION('',(0.,1.,-2.22044604925E-16));
#7194 = DIRECTION('',(-1.,0.,0.));
#7195 = PCURVE('',#1905,#7196);
#7196 = DEFINITIONAL_REPRESENTATION('',(#7197),#7201);
#7197 = LINE('',#7198,#7199);
#7198 = CARTESIAN_POINT('',(0.,-2.948984979518));
#7199 = VECTOR('',#7200,1.);
#7200 = DIRECTION('',(1.,0.));
#7201 = ( GEOMETRIC_REPRESENTATION_CONTEXT(2) 
PARAMETRIC_REPRESENTATION_CONTEXT() REPRESENTATION_CONTEXT('2D SPACE',''
  ) );
#7202 = PCURVE('',#7128,#7203);
#7203 = DEFINITIONAL_REPRESENTATION('',(#7204),#7212);
#7204 = ( BOUNDED_CURVE() B_SPLINE_CURVE(2,(#7205,#7206,#7207,#7208,
#7209,#7210,#7211),.UNSPECIFIED.,.T.,.F.) B_SPLINE_CURVE_WITH_KNOTS((1,2
    ,2,2,2,1),(-2.094395102393,0.,2.094395102393,4.188790204786,
6.28318530718,8.377580409573),.UNSPECIFIED.) CURVE() 
GEOMETRIC_REPRESENTATION_ITEM() RATIONAL_B_SPLINE_CURVE((1.,0.5,1.,0.5,
1.,0.5,1.)) REPRESENTATION_ITEM('') );
#7205 = CARTESIAN_POINT('',(-3.873846250062,-4.546024882415));
#7206 = CARTESIAN_POINT('',(-3.873846250062,-3.516254848348));
#7207 = CARTESIAN_POINT('',(-2.982039240503,-4.031139865382));
#7208 = CARTESIAN_POINT('',(-2.090232230945,-4.546024882415));
#7209 = CARTESIAN_POINT('',(-2.982039240503,-5.060909899449));
#7210 = CARTESIAN_POINT('',(-3.873846250062,-5.575794916483));
#7211 = CARTESIAN_POINT('',(-3.873846250062,-4.546024882415));
#7212 = ( GEOMETRIC_REPRESENTATION_CONTEXT(2) 
PARAMETRIC_REPRESENTATION_CONTEXT() REPRESENTATION_CONTEXT('2D SPACE',''
  ) );
#7213 = ORIENTED_EDGE('',*,*,#7089,.F.);
#7214 = ADVANCED_FACE('',(#7215),#1875,.T.);
#7215 = FACE_BOUND('',#7216,.T.);
#7216 = EDGE_LOOP('',(#7217,#7218,#7219,#7242));
#7217 = ORIENTED_EDGE('',*,*,#1860,.T.);
#7218 = ORIENTED_EDGE('',*,*,#7165,.T.);
#7219 = ORIENTED_EDGE('',*,*,#7220,.T.);
#7220 = EDGE_CURVE('',#7166,#7221,#7223,.T.);
#7221 = VERTEX_POINT('',#7222);
#7222 = CARTESIAN_POINT('',(12.938015746267,35.281315430132,
    14.851115157032));
#7223 = SURFACE_CURVE('',#7224,(#7228,#7235),.PCURVE_S1.);
#7224 = LINE('',#7225,#7226);
#7225 = CARTESIAN_POINT('',(9.658707551596,35.281315430132,
    14.851115157032));
#7226 = VECTOR('',#7227,1.);
#7227 = DIRECTION('',(1.,0.,0.));
#7228 = PCURVE('',#1875,#7229);
#7229 = DEFINITIONAL_REPRESENTATION('',(#7230),#7234);
#7230 = LINE('',#7231,#7232);
#7231 = CARTESIAN_POINT('',(3.279308259184,-2.948984979518));
#7232 = VECTOR('',#7233,1.);
#7233 = DIRECTION('',(1.,0.));
#7234 = ( GEOMETRIC_REPRESENTATION_CONTEXT(2) 
PARAMETRIC_REPRESENTATION_CONTEXT() REPRESENTATION_CONTEXT('2D SPACE',''
  ) );
#7235 = PCURVE('',#7128,#7236);
#7236 = DEFINITIONAL_REPRESENTATION('',(#7237),#7241);
#7237 = LINE('',#7238,#7239);
#7238 = CARTESIAN_POINT('',(1.5495019256E-08,-5.140562888788));
#7239 = VECTOR('',#7240,1.);
#7240 = DIRECTION('',(1.,0.));
#7241 = ( GEOMETRIC_REPRESENTATION_CONTEXT(2) 
PARAMETRIC_REPRESENTATION_CONTEXT() REPRESENTATION_CONTEXT('2D SPACE',''
  ) );
#7242 = ORIENTED_EDGE('',*,*,#7243,.F.);
#7243 = EDGE_CURVE('',#1828,#7221,#7244,.T.);
#7244 = SURFACE_CURVE('',#7245,(#7249,#7256),.PCURVE_S1.);
#7245 = LINE('',#7246,#7247);
#7246 = CARTESIAN_POINT('',(12.938015746267,38.23030040965,
    14.851115157032));
#7247 = VECTOR('',#7248,1.);
#7248 = DIRECTION('',(0.,-1.,2.22044604925E-16));
#7249 = PCURVE('',#1875,#7250);
#7250 = DEFINITIONAL_REPRESENTATION('',(#7251),#7255);
#7251 = LINE('',#7252,#7253);
#7252 = CARTESIAN_POINT('',(6.558616453856,0.));
#7253 = VECTOR('',#7254,1.);
#7254 = DIRECTION('',(0.,-1.));
#7255 = ( GEOMETRIC_REPRESENTATION_CONTEXT(2) 
PARAMETRIC_REPRESENTATION_CONTEXT() REPRESENTATION_CONTEXT('2D SPACE',''
  ) );
#7256 = PCURVE('',#1848,#7257);
#7257 = DEFINITIONAL_REPRESENTATION('',(#7258),#7262);
#7258 = LINE('',#7259,#7260);
#7259 = CARTESIAN_POINT('',(4.712388980385,0.));
#7260 = VECTOR('',#7261,1.);
#7261 = DIRECTION('',(0.,-1.));
#7262 = ( GEOMETRIC_REPRESENTATION_CONTEXT(2) 
PARAMETRIC_REPRESENTATION_CONTEXT() REPRESENTATION_CONTEXT('2D SPACE',''
  ) );
#7263 = ADVANCED_FACE('',(#7264),#1848,.F.);
#7264 = FACE_BOUND('',#7265,.F.);
#7265 = EDGE_LOOP('',(#7266,#7267,#7290,#7316));
#7266 = ORIENTED_EDGE('',*,*,#1827,.F.);
#7267 = ORIENTED_EDGE('',*,*,#7268,.T.);
#7268 = EDGE_CURVE('',#1802,#7269,#7271,.T.);
#7269 = VERTEX_POINT('',#7270);
#7270 = CARTESIAN_POINT('',(13.532553784896,35.281315430132,
    15.445653163405));
#7271 = SURFACE_CURVE('',#7272,(#7276,#7283),.PCURVE_S1.);
#7272 = LINE('',#7273,#7274);
#7273 = CARTESIAN_POINT('',(13.532553784896,38.23030040965,
    15.445653163405));
#7274 = VECTOR('',#7275,1.);
#7275 = DIRECTION('',(0.,-1.,2.22044604925E-16));
#7276 = PCURVE('',#1848,#7277);
#7277 = DEFINITIONAL_REPRESENTATION('',(#7278),#7282);
#7278 = LINE('',#7279,#7280);
#7279 = CARTESIAN_POINT('',(3.14159265359,0.));
#7280 = VECTOR('',#7281,1.);
#7281 = DIRECTION('',(0.,-1.));
#7282 = ( GEOMETRIC_REPRESENTATION_CONTEXT(2) 
PARAMETRIC_REPRESENTATION_CONTEXT() REPRESENTATION_CONTEXT('2D SPACE',''
  ) );
#7283 = PCURVE('',#1816,#7284);
#7284 = DEFINITIONAL_REPRESENTATION('',(#7285),#7289);
#7285 = LINE('',#7286,#7287);
#7286 = CARTESIAN_POINT('',(0.,0.));
#7287 = VECTOR('',#7288,1.);
#7288 = DIRECTION('',(0.,-1.));
#7289 = ( GEOMETRIC_REPRESENTATION_CONTEXT(2) 
PARAMETRIC_REPRESENTATION_CONTEXT() REPRESENTATION_CONTEXT('2D SPACE',''
  ) );
#7290 = ORIENTED_EDGE('',*,*,#7291,.T.);
#7291 = EDGE_CURVE('',#7269,#7221,#7292,.T.);
#7292 = SURFACE_CURVE('',#7293,(#7298,#7305),.PCURVE_S1.);
#7293 = CIRCLE('',#7294,0.594538006372);
#7294 = AXIS2_PLACEMENT_3D('',#7295,#7296,#7297);
#7295 = CARTESIAN_POINT('',(12.938015746267,35.281315430132,
    15.445653163405));
#7296 = DIRECTION('',(0.,1.,-2.22044604925E-16));
#7297 = DIRECTION('',(-1.,0.,0.));
#7298 = PCURVE('',#1848,#7299);
#7299 = DEFINITIONAL_REPRESENTATION('',(#7300),#7304);
#7300 = LINE('',#7301,#7302);
#7301 = CARTESIAN_POINT('',(0.,-2.948984979518));
#7302 = VECTOR('',#7303,1.);
#7303 = DIRECTION('',(1.,0.));
#7304 = ( GEOMETRIC_REPRESENTATION_CONTEXT(2) 
PARAMETRIC_REPRESENTATION_CONTEXT() REPRESENTATION_CONTEXT('2D SPACE',''
  ) );
#7305 = PCURVE('',#7128,#7306);
#7306 = DEFINITIONAL_REPRESENTATION('',(#7307),#7315);
#7307 = ( BOUNDED_CURVE() B_SPLINE_CURVE(2,(#7308,#7309,#7310,#7311,
#7312,#7313,#7314),.UNSPECIFIED.,.T.,.F.) B_SPLINE_CURVE_WITH_KNOTS((1,2
    ,2,2,2,1),(-2.094395102393,0.,2.094395102393,4.188790204786,
6.28318530718,8.377580409573),.UNSPECIFIED.) CURVE() 
GEOMETRIC_REPRESENTATION_ITEM() RATIONAL_B_SPLINE_CURVE((1.,0.5,1.,0.5,
1.,0.5,1.)) REPRESENTATION_ITEM('') );
#7308 = CARTESIAN_POINT('',(2.684770203794,-4.546024882415));
#7309 = CARTESIAN_POINT('',(2.684770203794,-3.516254848348));
#7310 = CARTESIAN_POINT('',(3.576577213353,-4.031139865382));
#7311 = CARTESIAN_POINT('',(4.468384222911,-4.546024882415));
#7312 = CARTESIAN_POINT('',(3.576577213353,-5.060909899449));
#7313 = CARTESIAN_POINT('',(2.684770203794,-5.575794916483));
#7314 = CARTESIAN_POINT('',(2.684770203794,-4.546024882415));
#7315 = ( GEOMETRIC_REPRESENTATION_CONTEXT(2) 
PARAMETRIC_REPRESENTATION_CONTEXT() REPRESENTATION_CONTEXT('2D SPACE',''
  ) );
#7316 = ORIENTED_EDGE('',*,*,#7243,.F.);
#7317 = ADVANCED_FACE('',(#7318),#1816,.T.);
#7318 = FACE_BOUND('',#7319,.T.);
#7319 = EDGE_LOOP('',(#7320,#7321,#7322,#7345));
#7320 = ORIENTED_EDGE('',*,*,#1801,.T.);
#7321 = ORIENTED_EDGE('',*,*,#7268,.T.);
#7322 = ORIENTED_EDGE('',*,*,#7323,.T.);
#7323 = EDGE_CURVE('',#7269,#7324,#7326,.T.);
#7324 = VERTEX_POINT('',#7325);
#7325 = CARTESIAN_POINT('',(13.532553784896,35.281315430132,
    24.537702928235));
#7326 = SURFACE_CURVE('',#7327,(#7331,#7338),.PCURVE_S1.);
#7327 = LINE('',#7328,#7329);
#7328 = CARTESIAN_POINT('',(13.532553817152,35.281315430132,
    19.99167804582));
#7329 = VECTOR('',#7330,1.);
#7330 = DIRECTION('',(0.,2.22044604925E-16,1.));
#7331 = PCURVE('',#1816,#7332);
#7332 = DEFINITIONAL_REPRESENTATION('',(#7333),#7337);
#7333 = LINE('',#7334,#7335);
#7334 = CARTESIAN_POINT('',(4.546024882415,-2.948984979518));
#7335 = VECTOR('',#7336,1.);
#7336 = DIRECTION('',(1.,0.));
#7337 = ( GEOMETRIC_REPRESENTATION_CONTEXT(2) 
PARAMETRIC_REPRESENTATION_CONTEXT() REPRESENTATION_CONTEXT('2D SPACE',''
  ) );
#7338 = PCURVE('',#7128,#7339);
#7339 = DEFINITIONAL_REPRESENTATION('',(#7340),#7344);
#7340 = LINE('',#7341,#7342);
#7341 = CARTESIAN_POINT('',(3.873846281052,-6.567227182846E-16));
#7342 = VECTOR('',#7343,1.);
#7343 = DIRECTION('',(0.,1.));
#7344 = ( GEOMETRIC_REPRESENTATION_CONTEXT(2) 
PARAMETRIC_REPRESENTATION_CONTEXT() REPRESENTATION_CONTEXT('2D SPACE',''
  ) );
#7345 = ORIENTED_EDGE('',*,*,#7346,.F.);
#7346 = EDGE_CURVE('',#1769,#7324,#7347,.T.);
#7347 = SURFACE_CURVE('',#7348,(#7352,#7359),.PCURVE_S1.);
#7348 = LINE('',#7349,#7350);
#7349 = CARTESIAN_POINT('',(13.532553784896,38.23030040965,
    24.537702928235));
#7350 = VECTOR('',#7351,1.);
#7351 = DIRECTION('',(0.,-1.,2.22044604925E-16));
#7352 = PCURVE('',#1816,#7353);
#7353 = DEFINITIONAL_REPRESENTATION('',(#7354),#7358);
#7354 = LINE('',#7355,#7356);
#7355 = CARTESIAN_POINT('',(9.092049764831,0.));
#7356 = VECTOR('',#7357,1.);
#7357 = DIRECTION('',(0.,-1.));
#7358 = ( GEOMETRIC_REPRESENTATION_CONTEXT(2) 
PARAMETRIC_REPRESENTATION_CONTEXT() REPRESENTATION_CONTEXT('2D SPACE',''
  ) );
#7359 = PCURVE('',#1789,#7360);
#7360 = DEFINITIONAL_REPRESENTATION('',(#7361),#7365);
#7361 = LINE('',#7362,#7363);
#7362 = CARTESIAN_POINT('',(3.14159265359,0.));
#7363 = VECTOR('',#7364,1.);
#7364 = DIRECTION('',(0.,-1.));
#7365 = ( GEOMETRIC_REPRESENTATION_CONTEXT(2) 
PARAMETRIC_REPRESENTATION_CONTEXT() REPRESENTATION_CONTEXT('2D SPACE',''
  ) );
#7366 = ADVANCED_FACE('',(#7367),#1789,.F.);
#7367 = FACE_BOUND('',#7368,.F.);
#7368 = EDGE_LOOP('',(#7369,#7370,#7393,#7419));
#7369 = ORIENTED_EDGE('',*,*,#1768,.F.);
#7370 = ORIENTED_EDGE('',*,*,#7371,.T.);
#7371 = EDGE_CURVE('',#1743,#7372,#7374,.T.);
#7372 = VERTEX_POINT('',#7373);
#7373 = CARTESIAN_POINT('',(12.938015746267,35.281315430132,
    25.132240934608));
#7374 = SURFACE_CURVE('',#7375,(#7379,#7386),.PCURVE_S1.);
#7375 = LINE('',#7376,#7377);
#7376 = CARTESIAN_POINT('',(12.938015746267,38.23030040965,
    25.132240934608));
#7377 = VECTOR('',#7378,1.);
#7378 = DIRECTION('',(0.,-1.,2.22044604925E-16));
#7379 = PCURVE('',#1789,#7380);
#7380 = DEFINITIONAL_REPRESENTATION('',(#7381),#7385);
#7381 = LINE('',#7382,#7383);
#7382 = CARTESIAN_POINT('',(1.570796326795,0.));
#7383 = VECTOR('',#7384,1.);
#7384 = DIRECTION('',(0.,-1.));
#7385 = ( GEOMETRIC_REPRESENTATION_CONTEXT(2) 
PARAMETRIC_REPRESENTATION_CONTEXT() REPRESENTATION_CONTEXT('2D SPACE',''
  ) );
#7386 = PCURVE('',#1757,#7387);
#7387 = DEFINITIONAL_REPRESENTATION('',(#7388),#7392);
#7388 = LINE('',#7389,#7390);
#7389 = CARTESIAN_POINT('',(6.558616453856,0.));
#7390 = VECTOR('',#7391,1.);
#7391 = DIRECTION('',(0.,-1.));
#7392 = ( GEOMETRIC_REPRESENTATION_CONTEXT(2) 
PARAMETRIC_REPRESENTATION_CONTEXT() REPRESENTATION_CONTEXT('2D SPACE',''
  ) );
#7393 = ORIENTED_EDGE('',*,*,#7394,.T.);
#7394 = EDGE_CURVE('',#7372,#7324,#7395,.T.);
#7395 = SURFACE_CURVE('',#7396,(#7401,#7408),.PCURVE_S1.);
#7396 = CIRCLE('',#7397,0.594538006372);
#7397 = AXIS2_PLACEMENT_3D('',#7398,#7399,#7400);
#7398 = CARTESIAN_POINT('',(12.938015746267,35.281315430132,
    24.537702928235));
#7399 = DIRECTION('',(0.,1.,-2.22044604925E-16));
#7400 = DIRECTION('',(-1.,0.,0.));
#7401 = PCURVE('',#1789,#7402);
#7402 = DEFINITIONAL_REPRESENTATION('',(#7403),#7407);
#7403 = LINE('',#7404,#7405);
#7404 = CARTESIAN_POINT('',(0.,-2.948984979518));
#7405 = VECTOR('',#7406,1.);
#7406 = DIRECTION('',(1.,0.));
#7407 = ( GEOMETRIC_REPRESENTATION_CONTEXT(2) 
PARAMETRIC_REPRESENTATION_CONTEXT() REPRESENTATION_CONTEXT('2D SPACE',''
  ) );
#7408 = PCURVE('',#7128,#7409);
#7409 = DEFINITIONAL_REPRESENTATION('',(#7410),#7418);
#7410 = ( BOUNDED_CURVE() B_SPLINE_CURVE(2,(#7411,#7412,#7413,#7414,
#7415,#7416,#7417),.UNSPECIFIED.,.T.,.F.) B_SPLINE_CURVE_WITH_KNOTS((1,2
    ,2,2,2,1),(-2.094395102393,0.,2.094395102393,4.188790204786,
6.28318530718,8.377580409573),.UNSPECIFIED.) CURVE() 
GEOMETRIC_REPRESENTATION_ITEM() RATIONAL_B_SPLINE_CURVE((1.,0.5,1.,0.5,
1.,0.5,1.)) REPRESENTATION_ITEM('') );
#7411 = CARTESIAN_POINT('',(2.684770203794,4.546024882415));
#7412 = CARTESIAN_POINT('',(2.684770203794,5.575794916483));
#7413 = CARTESIAN_POINT('',(3.576577213353,5.060909899449));
#7414 = CARTESIAN_POINT('',(4.468384222911,4.546024882415));
#7415 = CARTESIAN_POINT('',(3.576577213353,4.031139865382));
#7416 = CARTESIAN_POINT('',(2.684770203794,3.516254848348));
#7417 = CARTESIAN_POINT('',(2.684770203794,4.546024882415));
#7418 = ( GEOMETRIC_REPRESENTATION_CONTEXT(2) 
PARAMETRIC_REPRESENTATION_CONTEXT() REPRESENTATION_CONTEXT('2D SPACE',''
  ) );
#7419 = ORIENTED_EDGE('',*,*,#7346,.F.);
#7420 = ADVANCED_FACE('',(#7421),#1757,.F.);
#7421 = FACE_BOUND('',#7422,.F.);
#7422 = EDGE_LOOP('',(#7423,#7424,#7447,#7468));
#7423 = ORIENTED_EDGE('',*,*,#1742,.T.);
#7424 = ORIENTED_EDGE('',*,*,#7425,.T.);
#7425 = EDGE_CURVE('',#1710,#7426,#7428,.T.);
#7426 = VERTEX_POINT('',#7427);
#7427 = CARTESIAN_POINT('',(6.379399292411,35.281315430132,
    25.132240934608));
#7428 = SURFACE_CURVE('',#7429,(#7433,#7440),.PCURVE_S1.);
#7429 = LINE('',#7430,#7431);
#7430 = CARTESIAN_POINT('',(6.379399292411,38.23030040965,
    25.132240934608));
#7431 = VECTOR('',#7432,1.);
#7432 = DIRECTION('',(0.,-1.,2.22044604925E-16));
#7433 = PCURVE('',#1757,#7434);
#7434 = DEFINITIONAL_REPRESENTATION('',(#7435),#7439);
#7435 = LINE('',#7436,#7437);
#7436 = CARTESIAN_POINT('',(3.552713678801E-15,0.));
#7437 = VECTOR('',#7438,1.);
#7438 = DIRECTION('',(0.,-1.));
#7439 = ( GEOMETRIC_REPRESENTATION_CONTEXT(2) 
PARAMETRIC_REPRESENTATION_CONTEXT() REPRESENTATION_CONTEXT('2D SPACE',''
  ) );
#7440 = PCURVE('',#1730,#7441);
#7441 = DEFINITIONAL_REPRESENTATION('',(#7442),#7446);
#7442 = LINE('',#7443,#7444);
#7443 = CARTESIAN_POINT('',(1.570796326795,0.));
#7444 = VECTOR('',#7445,1.);
#7445 = DIRECTION('',(0.,-1.));
#7446 = ( GEOMETRIC_REPRESENTATION_CONTEXT(2) 
PARAMETRIC_REPRESENTATION_CONTEXT() REPRESENTATION_CONTEXT('2D SPACE',''
  ) );
#7447 = ORIENTED_EDGE('',*,*,#7448,.T.);
#7448 = EDGE_CURVE('',#7426,#7372,#7449,.T.);
#7449 = SURFACE_CURVE('',#7450,(#7454,#7461),.PCURVE_S1.);
#7450 = LINE('',#7451,#7452);
#7451 = CARTESIAN_POINT('',(9.658707551596,35.281315430132,
    25.132240934608));
#7452 = VECTOR('',#7453,1.);
#7453 = DIRECTION('',(1.,0.,0.));
#7454 = PCURVE('',#1757,#7455);
#7455 = DEFINITIONAL_REPRESENTATION('',(#7456),#7460);
#7456 = LINE('',#7457,#7458);
#7457 = CARTESIAN_POINT('',(3.279308259184,-2.948984979518));
#7458 = VECTOR('',#7459,1.);
#7459 = DIRECTION('',(1.,0.));
#7460 = ( GEOMETRIC_REPRESENTATION_CONTEXT(2) 
PARAMETRIC_REPRESENTATION_CONTEXT() REPRESENTATION_CONTEXT('2D SPACE',''
  ) );
#7461 = PCURVE('',#7128,#7462);
#7462 = DEFINITIONAL_REPRESENTATION('',(#7463),#7467);
#7463 = LINE('',#7464,#7465);
#7464 = CARTESIAN_POINT('',(1.5495019256E-08,5.140562888788));
#7465 = VECTOR('',#7466,1.);
#7466 = DIRECTION('',(1.,0.));
#7467 = ( GEOMETRIC_REPRESENTATION_CONTEXT(2) 
PARAMETRIC_REPRESENTATION_CONTEXT() REPRESENTATION_CONTEXT('2D SPACE',''
  ) );
#7468 = ORIENTED_EDGE('',*,*,#7371,.F.);
#7469 = ADVANCED_FACE('',(#7470),#1730,.F.);
#7470 = FACE_BOUND('',#7471,.F.);
#7471 = EDGE_LOOP('',(#7472,#7473,#7474,#7500));
#7472 = ORIENTED_EDGE('',*,*,#1709,.F.);
#7473 = ORIENTED_EDGE('',*,*,#7140,.T.);
#7474 = ORIENTED_EDGE('',*,*,#7475,.T.);
#7475 = EDGE_CURVE('',#7113,#7426,#7476,.T.);
#7476 = SURFACE_CURVE('',#7477,(#7482,#7489),.PCURVE_S1.);
#7477 = CIRCLE('',#7478,0.594538006372);
#7478 = AXIS2_PLACEMENT_3D('',#7479,#7480,#7481);
#7479 = CARTESIAN_POINT('',(6.379399292411,35.281315430132,
    24.537702928235));
#7480 = DIRECTION('',(0.,1.,-2.22044604925E-16));
#7481 = DIRECTION('',(-1.,0.,0.));
#7482 = PCURVE('',#1730,#7483);
#7483 = DEFINITIONAL_REPRESENTATION('',(#7484),#7488);
#7484 = LINE('',#7485,#7486);
#7485 = CARTESIAN_POINT('',(0.,-2.948984979518));
#7486 = VECTOR('',#7487,1.);
#7487 = DIRECTION('',(1.,0.));
#7488 = ( GEOMETRIC_REPRESENTATION_CONTEXT(2) 
PARAMETRIC_REPRESENTATION_CONTEXT() REPRESENTATION_CONTEXT('2D SPACE',''
  ) );
#7489 = PCURVE('',#7128,#7490);
#7490 = DEFINITIONAL_REPRESENTATION('',(#7491),#7499);
#7491 = ( BOUNDED_CURVE() B_SPLINE_CURVE(2,(#7492,#7493,#7494,#7495,
#7496,#7497,#7498),.UNSPECIFIED.,.T.,.F.) B_SPLINE_CURVE_WITH_KNOTS((1,2
    ,2,2,2,1),(-2.094395102393,0.,2.094395102393,4.188790204786,
6.28318530718,8.377580409573),.UNSPECIFIED.) CURVE() 
GEOMETRIC_REPRESENTATION_ITEM() RATIONAL_B_SPLINE_CURVE((1.,0.5,1.,0.5,
1.,0.5,1.)) REPRESENTATION_ITEM('') );
#7492 = CARTESIAN_POINT('',(-3.873846250062,4.546024882415));
#7493 = CARTESIAN_POINT('',(-3.873846250062,5.575794916483));
#7494 = CARTESIAN_POINT('',(-2.982039240503,5.060909899449));
#7495 = CARTESIAN_POINT('',(-2.090232230945,4.546024882415));
#7496 = CARTESIAN_POINT('',(-2.982039240503,4.031139865382));
#7497 = CARTESIAN_POINT('',(-3.873846250062,3.516254848348));
#7498 = CARTESIAN_POINT('',(-3.873846250062,4.546024882415));
#7499 = ( GEOMETRIC_REPRESENTATION_CONTEXT(2) 
PARAMETRIC_REPRESENTATION_CONTEXT() REPRESENTATION_CONTEXT('2D SPACE',''
  ) );
#7500 = ORIENTED_EDGE('',*,*,#7425,.F.);
#7501 = ADVANCED_FACE('',(#7502),#1936,.F.);
#7502 = FACE_BOUND('',#7503,.F.);
#7503 = EDGE_LOOP('',(#7504,#7505,#7528,#7556));
#7504 = ORIENTED_EDGE('',*,*,#1919,.T.);
#7505 = ORIENTED_EDGE('',*,*,#7506,.T.);
#7506 = EDGE_CURVE('',#1922,#7507,#7509,.T.);
#7507 = VERTEX_POINT('',#7508);
#7508 = CARTESIAN_POINT('',(5.784861286039,35.281315430132,
    27.637793961463));
#7509 = SURFACE_CURVE('',#7510,(#7514,#7521),.PCURVE_S1.);
#7510 = LINE('',#7511,#7512);
#7511 = CARTESIAN_POINT('',(5.784861286039,38.23030040965,
    27.637793961463));
#7512 = VECTOR('',#7513,1.);
#7513 = DIRECTION('',(0.,-1.,2.22044604925E-16));
#7514 = PCURVE('',#1936,#7515);
#7515 = DEFINITIONAL_REPRESENTATION('',(#7516),#7520);
#7516 = LINE('',#7517,#7518);
#7517 = CARTESIAN_POINT('',(0.,0.));
#7518 = VECTOR('',#7519,1.);
#7519 = DIRECTION('',(0.,-1.));
#7520 = ( GEOMETRIC_REPRESENTATION_CONTEXT(2) 
PARAMETRIC_REPRESENTATION_CONTEXT() REPRESENTATION_CONTEXT('2D SPACE',''
  ) );
#7521 = PCURVE('',#2143,#7522);
#7522 = DEFINITIONAL_REPRESENTATION('',(#7523),#7527);
#7523 = LINE('',#7524,#7525);
#7524 = CARTESIAN_POINT('',(6.28318530718,0.));
#7525 = VECTOR('',#7526,1.);
#7526 = DIRECTION('',(0.,-1.));
#7527 = ( GEOMETRIC_REPRESENTATION_CONTEXT(2) 
PARAMETRIC_REPRESENTATION_CONTEXT() REPRESENTATION_CONTEXT('2D SPACE',''
  ) );
#7528 = ORIENTED_EDGE('',*,*,#7529,.T.);
#7529 = EDGE_CURVE('',#7507,#7530,#7532,.T.);
#7530 = VERTEX_POINT('',#7531);
#7531 = CARTESIAN_POINT('',(5.784861286039,35.281315430132,
    36.729843726293));
#7532 = SURFACE_CURVE('',#7533,(#7537,#7544),.PCURVE_S1.);
#7533 = LINE('',#7534,#7535);
#7534 = CARTESIAN_POINT('',(5.784861286039,35.281315430132,
    32.183818843878));
#7535 = VECTOR('',#7536,1.);
#7536 = DIRECTION('',(0.,2.22044604925E-16,1.));
#7537 = PCURVE('',#1936,#7538);
#7538 = DEFINITIONAL_REPRESENTATION('',(#7539),#7543);
#7539 = LINE('',#7540,#7541);
#7540 = CARTESIAN_POINT('',(4.546024882415,-2.948984979518));
#7541 = VECTOR('',#7542,1.);
#7542 = DIRECTION('',(1.,0.));
#7543 = ( GEOMETRIC_REPRESENTATION_CONTEXT(2) 
PARAMETRIC_REPRESENTATION_CONTEXT() REPRESENTATION_CONTEXT('2D SPACE',''
  ) );
#7544 = PCURVE('',#7545,#7550);
#7545 = PLANE('',#7546);
#7546 = AXIS2_PLACEMENT_3D('',#7547,#7548,#7549);
#7547 = CARTESIAN_POINT('',(9.658707536101,35.281315430132,
    32.183818843878));
#7548 = DIRECTION('',(0.,-1.,2.22044604925E-16));
#7549 = DIRECTION('',(1.,0.,0.));
#7550 = DEFINITIONAL_REPRESENTATION('',(#7551),#7555);
#7551 = LINE('',#7552,#7553);
#7552 = CARTESIAN_POINT('',(-3.873846250062,-6.567227182846E-16));
#7553 = VECTOR('',#7554,1.);
#7554 = DIRECTION('',(0.,1.));
#7555 = ( GEOMETRIC_REPRESENTATION_CONTEXT(2) 
PARAMETRIC_REPRESENTATION_CONTEXT() REPRESENTATION_CONTEXT('2D SPACE',''
  ) );
#7556 = ORIENTED_EDGE('',*,*,#7557,.F.);
#7557 = EDGE_CURVE('',#1920,#7530,#7558,.T.);
#7558 = SURFACE_CURVE('',#7559,(#7563,#7570),.PCURVE_S1.);
#7559 = LINE('',#7560,#7561);
#7560 = CARTESIAN_POINT('',(5.784861286039,38.23030040965,
    36.729843726293));
#7561 = VECTOR('',#7562,1.);
#7562 = DIRECTION('',(0.,-1.,2.22044604925E-16));
#7563 = PCURVE('',#1936,#7564);
#7564 = DEFINITIONAL_REPRESENTATION('',(#7565),#7569);
#7565 = LINE('',#7566,#7567);
#7566 = CARTESIAN_POINT('',(9.092049764831,0.));
#7567 = VECTOR('',#7568,1.);
#7568 = DIRECTION('',(0.,-1.));
#7569 = ( GEOMETRIC_REPRESENTATION_CONTEXT(2) 
PARAMETRIC_REPRESENTATION_CONTEXT() REPRESENTATION_CONTEXT('2D SPACE',''
  ) );
#7570 = PCURVE('',#1968,#7571);
#7571 = DEFINITIONAL_REPRESENTATION('',(#7572),#7576);
#7572 = LINE('',#7573,#7574);
#7573 = CARTESIAN_POINT('',(0.,0.));
#7574 = VECTOR('',#7575,1.);
#7575 = DIRECTION('',(0.,-1.));
#7576 = ( GEOMETRIC_REPRESENTATION_CONTEXT(2) 
PARAMETRIC_REPRESENTATION_CONTEXT() REPRESENTATION_CONTEXT('2D SPACE',''
  ) );
#7577 = ADVANCED_FACE('',(#7578),#2143,.F.);
#7578 = FACE_BOUND('',#7579,.F.);
#7579 = EDGE_LOOP('',(#7580,#7581,#7604,#7630));
#7580 = ORIENTED_EDGE('',*,*,#2124,.F.);
#7581 = ORIENTED_EDGE('',*,*,#7582,.T.);
#7582 = EDGE_CURVE('',#2099,#7583,#7585,.T.);
#7583 = VERTEX_POINT('',#7584);
#7584 = CARTESIAN_POINT('',(6.379399292411,35.281315430132,
    27.04325595509));
#7585 = SURFACE_CURVE('',#7586,(#7590,#7597),.PCURVE_S1.);
#7586 = LINE('',#7587,#7588);
#7587 = CARTESIAN_POINT('',(6.379399292411,38.23030040965,27.04325595509
    ));
#7588 = VECTOR('',#7589,1.);
#7589 = DIRECTION('',(0.,-1.,2.22044604925E-16));
#7590 = PCURVE('',#2143,#7591);
#7591 = DEFINITIONAL_REPRESENTATION('',(#7592),#7596);
#7592 = LINE('',#7593,#7594);
#7593 = CARTESIAN_POINT('',(4.712388980385,0.));
#7594 = VECTOR('',#7595,1.);
#7595 = DIRECTION('',(0.,-1.));
#7596 = ( GEOMETRIC_REPRESENTATION_CONTEXT(2) 
PARAMETRIC_REPRESENTATION_CONTEXT() REPRESENTATION_CONTEXT('2D SPACE',''
  ) );
#7597 = PCURVE('',#2113,#7598);
#7598 = DEFINITIONAL_REPRESENTATION('',(#7599),#7603);
#7599 = LINE('',#7600,#7601);
#7600 = CARTESIAN_POINT('',(3.552713678801E-15,0.));
#7601 = VECTOR('',#7602,1.);
#7602 = DIRECTION('',(0.,-1.));
#7603 = ( GEOMETRIC_REPRESENTATION_CONTEXT(2) 
PARAMETRIC_REPRESENTATION_CONTEXT() REPRESENTATION_CONTEXT('2D SPACE',''
  ) );
#7604 = ORIENTED_EDGE('',*,*,#7605,.T.);
#7605 = EDGE_CURVE('',#7583,#7507,#7606,.T.);
#7606 = SURFACE_CURVE('',#7607,(#7612,#7619),.PCURVE_S1.);
#7607 = CIRCLE('',#7608,0.594538006372);
#7608 = AXIS2_PLACEMENT_3D('',#7609,#7610,#7611);
#7609 = CARTESIAN_POINT('',(6.379399292411,35.281315430132,
    27.637793961463));
#7610 = DIRECTION('',(0.,1.,-2.22044604925E-16));
#7611 = DIRECTION('',(-1.,0.,0.));
#7612 = PCURVE('',#2143,#7613);
#7613 = DEFINITIONAL_REPRESENTATION('',(#7614),#7618);
#7614 = LINE('',#7615,#7616);
#7615 = CARTESIAN_POINT('',(0.,-2.948984979518));
#7616 = VECTOR('',#7617,1.);
#7617 = DIRECTION('',(1.,0.));
#7618 = ( GEOMETRIC_REPRESENTATION_CONTEXT(2) 
PARAMETRIC_REPRESENTATION_CONTEXT() REPRESENTATION_CONTEXT('2D SPACE',''
  ) );
#7619 = PCURVE('',#7545,#7620);
#7620 = DEFINITIONAL_REPRESENTATION('',(#7621),#7629);
#7621 = ( BOUNDED_CURVE() B_SPLINE_CURVE(2,(#7622,#7623,#7624,#7625,
#7626,#7627,#7628),.UNSPECIFIED.,.T.,.F.) B_SPLINE_CURVE_WITH_KNOTS((1,2
    ,2,2,2,1),(-2.094395102393,0.,2.094395102393,4.188790204786,
6.28318530718,8.377580409573),.UNSPECIFIED.) CURVE() 
GEOMETRIC_REPRESENTATION_ITEM() RATIONAL_B_SPLINE_CURVE((1.,0.5,1.,0.5,
1.,0.5,1.)) REPRESENTATION_ITEM('') );
#7622 = CARTESIAN_POINT('',(-3.873846250062,-4.546024882415));
#7623 = CARTESIAN_POINT('',(-3.873846250062,-3.516254848348));
#7624 = CARTESIAN_POINT('',(-2.982039240503,-4.031139865382));
#7625 = CARTESIAN_POINT('',(-2.090232230945,-4.546024882415));
#7626 = CARTESIAN_POINT('',(-2.982039240503,-5.060909899449));
#7627 = CARTESIAN_POINT('',(-3.873846250062,-5.575794916483));
#7628 = CARTESIAN_POINT('',(-3.873846250062,-4.546024882415));
#7629 = ( GEOMETRIC_REPRESENTATION_CONTEXT(2) 
PARAMETRIC_REPRESENTATION_CONTEXT() REPRESENTATION_CONTEXT('2D SPACE',''
  ) );
#7630 = ORIENTED_EDGE('',*,*,#7506,.F.);
#7631 = ADVANCED_FACE('',(#7632),#2113,.T.);
#7632 = FACE_BOUND('',#7633,.T.);
#7633 = EDGE_LOOP('',(#7634,#7635,#7636,#7659));
#7634 = ORIENTED_EDGE('',*,*,#2098,.T.);
#7635 = ORIENTED_EDGE('',*,*,#7582,.T.);
#7636 = ORIENTED_EDGE('',*,*,#7637,.T.);
#7637 = EDGE_CURVE('',#7583,#7638,#7640,.T.);
#7638 = VERTEX_POINT('',#7639);
#7639 = CARTESIAN_POINT('',(12.938015746267,35.281315430132,
    27.04325595509));
#7640 = SURFACE_CURVE('',#7641,(#7645,#7652),.PCURVE_S1.);
#7641 = LINE('',#7642,#7643);
#7642 = CARTESIAN_POINT('',(9.658707551596,35.281315430132,
    27.04325595509));
#7643 = VECTOR('',#7644,1.);
#7644 = DIRECTION('',(1.,0.,0.));
#7645 = PCURVE('',#2113,#7646);
#7646 = DEFINITIONAL_REPRESENTATION('',(#7647),#7651);
#7647 = LINE('',#7648,#7649);
#7648 = CARTESIAN_POINT('',(3.279308259184,-2.948984979518));
#7649 = VECTOR('',#7650,1.);
#7650 = DIRECTION('',(1.,0.));
#7651 = ( GEOMETRIC_REPRESENTATION_CONTEXT(2) 
PARAMETRIC_REPRESENTATION_CONTEXT() REPRESENTATION_CONTEXT('2D SPACE',''
  ) );
#7652 = PCURVE('',#7545,#7653);
#7653 = DEFINITIONAL_REPRESENTATION('',(#7654),#7658);
#7654 = LINE('',#7655,#7656);
#7655 = CARTESIAN_POINT('',(1.5495019256E-08,-5.140562888788));
#7656 = VECTOR('',#7657,1.);
#7657 = DIRECTION('',(1.,0.));
#7658 = ( GEOMETRIC_REPRESENTATION_CONTEXT(2) 
PARAMETRIC_REPRESENTATION_CONTEXT() REPRESENTATION_CONTEXT('2D SPACE',''
  ) );
#7659 = ORIENTED_EDGE('',*,*,#7660,.F.);
#7660 = EDGE_CURVE('',#2066,#7638,#7661,.T.);
#7661 = SURFACE_CURVE('',#7662,(#7666,#7673),.PCURVE_S1.);
#7662 = LINE('',#7663,#7664);
#7663 = CARTESIAN_POINT('',(12.938015746267,38.23030040965,
    27.04325595509));
#7664 = VECTOR('',#7665,1.);
#7665 = DIRECTION('',(0.,-1.,2.22044604925E-16));
#7666 = PCURVE('',#2113,#7667);
#7667 = DEFINITIONAL_REPRESENTATION('',(#7668),#7672);
#7668 = LINE('',#7669,#7670);
#7669 = CARTESIAN_POINT('',(6.558616453856,0.));
#7670 = VECTOR('',#7671,1.);
#7671 = DIRECTION('',(0.,-1.));
#7672 = ( GEOMETRIC_REPRESENTATION_CONTEXT(2) 
PARAMETRIC_REPRESENTATION_CONTEXT() REPRESENTATION_CONTEXT('2D SPACE',''
  ) );
#7673 = PCURVE('',#2086,#7674);
#7674 = DEFINITIONAL_REPRESENTATION('',(#7675),#7679);
#7675 = LINE('',#7676,#7677);
#7676 = CARTESIAN_POINT('',(4.712388980385,0.));
#7677 = VECTOR('',#7678,1.);
#7678 = DIRECTION('',(0.,-1.));
#7679 = ( GEOMETRIC_REPRESENTATION_CONTEXT(2) 
PARAMETRIC_REPRESENTATION_CONTEXT() REPRESENTATION_CONTEXT('2D SPACE',''
  ) );
#7680 = ADVANCED_FACE('',(#7681),#2086,.F.);
#7681 = FACE_BOUND('',#7682,.F.);
#7682 = EDGE_LOOP('',(#7683,#7684,#7707,#7733));
#7683 = ORIENTED_EDGE('',*,*,#2065,.F.);
#7684 = ORIENTED_EDGE('',*,*,#7685,.T.);
#7685 = EDGE_CURVE('',#2040,#7686,#7688,.T.);
#7686 = VERTEX_POINT('',#7687);
#7687 = CARTESIAN_POINT('',(13.532553784896,35.281315430132,
    27.637793961463));
#7688 = SURFACE_CURVE('',#7689,(#7693,#7700),.PCURVE_S1.);
#7689 = LINE('',#7690,#7691);
#7690 = CARTESIAN_POINT('',(13.532553784896,38.23030040965,
    27.637793961463));
#7691 = VECTOR('',#7692,1.);
#7692 = DIRECTION('',(0.,-1.,2.22044604925E-16));
#7693 = PCURVE('',#2086,#7694);
#7694 = DEFINITIONAL_REPRESENTATION('',(#7695),#7699);
#7695 = LINE('',#7696,#7697);
#7696 = CARTESIAN_POINT('',(3.14159265359,0.));
#7697 = VECTOR('',#7698,1.);
#7698 = DIRECTION('',(0.,-1.));
#7699 = ( GEOMETRIC_REPRESENTATION_CONTEXT(2) 
PARAMETRIC_REPRESENTATION_CONTEXT() REPRESENTATION_CONTEXT('2D SPACE',''
  ) );
#7700 = PCURVE('',#2054,#7701);
#7701 = DEFINITIONAL_REPRESENTATION('',(#7702),#7706);
#7702 = LINE('',#7703,#7704);
#7703 = CARTESIAN_POINT('',(0.,0.));
#7704 = VECTOR('',#7705,1.);
#7705 = DIRECTION('',(0.,-1.));
#7706 = ( GEOMETRIC_REPRESENTATION_CONTEXT(2) 
PARAMETRIC_REPRESENTATION_CONTEXT() REPRESENTATION_CONTEXT('2D SPACE',''
  ) );
#7707 = ORIENTED_EDGE('',*,*,#7708,.T.);
#7708 = EDGE_CURVE('',#7686,#7638,#7709,.T.);
#7709 = SURFACE_CURVE('',#7710,(#7715,#7722),.PCURVE_S1.);
#7710 = CIRCLE('',#7711,0.594538006372);
#7711 = AXIS2_PLACEMENT_3D('',#7712,#7713,#7714);
#7712 = CARTESIAN_POINT('',(12.938015746267,35.281315430132,
    27.637793961463));
#7713 = DIRECTION('',(0.,1.,-2.22044604925E-16));
#7714 = DIRECTION('',(-1.,0.,0.));
#7715 = PCURVE('',#2086,#7716);
#7716 = DEFINITIONAL_REPRESENTATION('',(#7717),#7721);
#7717 = LINE('',#7718,#7719);
#7718 = CARTESIAN_POINT('',(0.,-2.948984979518));
#7719 = VECTOR('',#7720,1.);
#7720 = DIRECTION('',(1.,0.));
#7721 = ( GEOMETRIC_REPRESENTATION_CONTEXT(2) 
PARAMETRIC_REPRESENTATION_CONTEXT() REPRESENTATION_CONTEXT('2D SPACE',''
  ) );
#7722 = PCURVE('',#7545,#7723);
#7723 = DEFINITIONAL_REPRESENTATION('',(#7724),#7732);
#7724 = ( BOUNDED_CURVE() B_SPLINE_CURVE(2,(#7725,#7726,#7727,#7728,
#7729,#7730,#7731),.UNSPECIFIED.,.T.,.F.) B_SPLINE_CURVE_WITH_KNOTS((1,2
    ,2,2,2,1),(-2.094395102393,0.,2.094395102393,4.188790204786,
6.28318530718,8.377580409573),.UNSPECIFIED.) CURVE() 
GEOMETRIC_REPRESENTATION_ITEM() RATIONAL_B_SPLINE_CURVE((1.,0.5,1.,0.5,
1.,0.5,1.)) REPRESENTATION_ITEM('') );
#7725 = CARTESIAN_POINT('',(2.684770203794,-4.546024882415));
#7726 = CARTESIAN_POINT('',(2.684770203794,-3.516254848348));
#7727 = CARTESIAN_POINT('',(3.576577213353,-4.031139865382));
#7728 = CARTESIAN_POINT('',(4.468384222911,-4.546024882415));
#7729 = CARTESIAN_POINT('',(3.576577213353,-5.060909899449));
#7730 = CARTESIAN_POINT('',(2.684770203794,-5.575794916483));
#7731 = CARTESIAN_POINT('',(2.684770203794,-4.546024882415));
#7732 = ( GEOMETRIC_REPRESENTATION_CONTEXT(2) 
PARAMETRIC_REPRESENTATION_CONTEXT() REPRESENTATION_CONTEXT('2D SPACE',''
  ) );
#7733 = ORIENTED_EDGE('',*,*,#7660,.F.);
#7734 = ADVANCED_FACE('',(#7735),#2054,.T.);
#7735 = FACE_BOUND('',#7736,.T.);
#7736 = EDGE_LOOP('',(#7737,#7738,#7739,#7762));
#7737 = ORIENTED_EDGE('',*,*,#2039,.T.);
#7738 = ORIENTED_EDGE('',*,*,#7685,.T.);
#7739 = ORIENTED_EDGE('',*,*,#7740,.T.);
#7740 = EDGE_CURVE('',#7686,#7741,#7743,.T.);
#7741 = VERTEX_POINT('',#7742);
#7742 = CARTESIAN_POINT('',(13.532553784896,35.281315430132,
    36.729843726293));
#7743 = SURFACE_CURVE('',#7744,(#7748,#7755),.PCURVE_S1.);
#7744 = LINE('',#7745,#7746);
#7745 = CARTESIAN_POINT('',(13.532553817152,35.281315430132,
    32.183818843878));
#7746 = VECTOR('',#7747,1.);
#7747 = DIRECTION('',(0.,2.22044604925E-16,1.));
#7748 = PCURVE('',#2054,#7749);
#7749 = DEFINITIONAL_REPRESENTATION('',(#7750),#7754);
#7750 = LINE('',#7751,#7752);
#7751 = CARTESIAN_POINT('',(4.546024882415,-2.948984979518));
#7752 = VECTOR('',#7753,1.);
#7753 = DIRECTION('',(1.,0.));
#7754 = ( GEOMETRIC_REPRESENTATION_CONTEXT(2) 
PARAMETRIC_REPRESENTATION_CONTEXT() REPRESENTATION_CONTEXT('2D SPACE',''
  ) );
#7755 = PCURVE('',#7545,#7756);
#7756 = DEFINITIONAL_REPRESENTATION('',(#7757),#7761);
#7757 = LINE('',#7758,#7759);
#7758 = CARTESIAN_POINT('',(3.873846281052,-6.567227182846E-16));
#7759 = VECTOR('',#7760,1.);
#7760 = DIRECTION('',(0.,1.));
#7761 = ( GEOMETRIC_REPRESENTATION_CONTEXT(2) 
PARAMETRIC_REPRESENTATION_CONTEXT() REPRESENTATION_CONTEXT('2D SPACE',''
  ) );
#7762 = ORIENTED_EDGE('',*,*,#7763,.F.);
#7763 = EDGE_CURVE('',#2007,#7741,#7764,.T.);
#7764 = SURFACE_CURVE('',#7765,(#7769,#7776),.PCURVE_S1.);
#7765 = LINE('',#7766,#7767);
#7766 = CARTESIAN_POINT('',(13.532553784896,38.23030040965,
    36.729843726293));
#7767 = VECTOR('',#7768,1.);
#7768 = DIRECTION('',(0.,-1.,2.22044604925E-16));
#7769 = PCURVE('',#2054,#7770);
#7770 = DEFINITIONAL_REPRESENTATION('',(#7771),#7775);
#7771 = LINE('',#7772,#7773);
#7772 = CARTESIAN_POINT('',(9.092049764831,0.));
#7773 = VECTOR('',#7774,1.);
#7774 = DIRECTION('',(0.,-1.));
#7775 = ( GEOMETRIC_REPRESENTATION_CONTEXT(2) 
PARAMETRIC_REPRESENTATION_CONTEXT() REPRESENTATION_CONTEXT('2D SPACE',''
  ) );
#7776 = PCURVE('',#2027,#7777);
#7777 = DEFINITIONAL_REPRESENTATION('',(#7778),#7782);
#7778 = LINE('',#7779,#7780);
#7779 = CARTESIAN_POINT('',(3.14159265359,0.));
#7780 = VECTOR('',#7781,1.);
#7781 = DIRECTION('',(0.,-1.));
#7782 = ( GEOMETRIC_REPRESENTATION_CONTEXT(2) 
PARAMETRIC_REPRESENTATION_CONTEXT() REPRESENTATION_CONTEXT('2D SPACE',''
  ) );
#7783 = ADVANCED_FACE('',(#7784),#2027,.F.);
#7784 = FACE_BOUND('',#7785,.F.);
#7785 = EDGE_LOOP('',(#7786,#7787,#7810,#7836));
#7786 = ORIENTED_EDGE('',*,*,#2006,.F.);
#7787 = ORIENTED_EDGE('',*,*,#7788,.T.);
#7788 = EDGE_CURVE('',#1981,#7789,#7791,.T.);
#7789 = VERTEX_POINT('',#7790);
#7790 = CARTESIAN_POINT('',(12.938015746267,35.281315430132,
    37.324381732666));
#7791 = SURFACE_CURVE('',#7792,(#7796,#7803),.PCURVE_S1.);
#7792 = LINE('',#7793,#7794);
#7793 = CARTESIAN_POINT('',(12.938015746267,38.23030040965,
    37.324381732666));
#7794 = VECTOR('',#7795,1.);
#7795 = DIRECTION('',(0.,-1.,2.22044604925E-16));
#7796 = PCURVE('',#2027,#7797);
#7797 = DEFINITIONAL_REPRESENTATION('',(#7798),#7802);
#7798 = LINE('',#7799,#7800);
#7799 = CARTESIAN_POINT('',(1.570796326795,0.));
#7800 = VECTOR('',#7801,1.);
#7801 = DIRECTION('',(0.,-1.));
#7802 = ( GEOMETRIC_REPRESENTATION_CONTEXT(2) 
PARAMETRIC_REPRESENTATION_CONTEXT() REPRESENTATION_CONTEXT('2D SPACE',''
  ) );
#7803 = PCURVE('',#1995,#7804);
#7804 = DEFINITIONAL_REPRESENTATION('',(#7805),#7809);
#7805 = LINE('',#7806,#7807);
#7806 = CARTESIAN_POINT('',(6.558616453856,0.));
#7807 = VECTOR('',#7808,1.);
#7808 = DIRECTION('',(0.,-1.));
#7809 = ( GEOMETRIC_REPRESENTATION_CONTEXT(2) 
PARAMETRIC_REPRESENTATION_CONTEXT() REPRESENTATION_CONTEXT('2D SPACE',''
  ) );
#7810 = ORIENTED_EDGE('',*,*,#7811,.T.);
#7811 = EDGE_CURVE('',#7789,#7741,#7812,.T.);
#7812 = SURFACE_CURVE('',#7813,(#7818,#7825),.PCURVE_S1.);
#7813 = CIRCLE('',#7814,0.594538006372);
#7814 = AXIS2_PLACEMENT_3D('',#7815,#7816,#7817);
#7815 = CARTESIAN_POINT('',(12.938015746267,35.281315430132,
    36.729843726293));
#7816 = DIRECTION('',(0.,1.,-2.22044604925E-16));
#7817 = DIRECTION('',(-1.,0.,0.));
#7818 = PCURVE('',#2027,#7819);
#7819 = DEFINITIONAL_REPRESENTATION('',(#7820),#7824);
#7820 = LINE('',#7821,#7822);
#7821 = CARTESIAN_POINT('',(0.,-2.948984979518));
#7822 = VECTOR('',#7823,1.);
#7823 = DIRECTION('',(1.,0.));
#7824 = ( GEOMETRIC_REPRESENTATION_CONTEXT(2) 
PARAMETRIC_REPRESENTATION_CONTEXT() REPRESENTATION_CONTEXT('2D SPACE',''
  ) );
#7825 = PCURVE('',#7545,#7826);
#7826 = DEFINITIONAL_REPRESENTATION('',(#7827),#7835);
#7827 = ( BOUNDED_CURVE() B_SPLINE_CURVE(2,(#7828,#7829,#7830,#7831,
#7832,#7833,#7834),.UNSPECIFIED.,.T.,.F.) B_SPLINE_CURVE_WITH_KNOTS((1,2
    ,2,2,2,1),(-2.094395102393,0.,2.094395102393,4.188790204786,
6.28318530718,8.377580409573),.UNSPECIFIED.) CURVE() 
GEOMETRIC_REPRESENTATION_ITEM() RATIONAL_B_SPLINE_CURVE((1.,0.5,1.,0.5,
1.,0.5,1.)) REPRESENTATION_ITEM('') );
#7828 = CARTESIAN_POINT('',(2.684770203794,4.546024882415));
#7829 = CARTESIAN_POINT('',(2.684770203794,5.575794916483));
#7830 = CARTESIAN_POINT('',(3.576577213353,5.060909899449));
#7831 = CARTESIAN_POINT('',(4.468384222911,4.546024882415));
#7832 = CARTESIAN_POINT('',(3.576577213353,4.031139865382));
#7833 = CARTESIAN_POINT('',(2.684770203794,3.516254848348));
#7834 = CARTESIAN_POINT('',(2.684770203794,4.546024882415));
#7835 = ( GEOMETRIC_REPRESENTATION_CONTEXT(2) 
PARAMETRIC_REPRESENTATION_CONTEXT() REPRESENTATION_CONTEXT('2D SPACE',''
  ) );
#7836 = ORIENTED_EDGE('',*,*,#7763,.F.);
#7837 = ADVANCED_FACE('',(#7838),#1995,.F.);
#7838 = FACE_BOUND('',#7839,.F.);
#7839 = EDGE_LOOP('',(#7840,#7841,#7864,#7885));
#7840 = ORIENTED_EDGE('',*,*,#1980,.T.);
#7841 = ORIENTED_EDGE('',*,*,#7842,.T.);
#7842 = EDGE_CURVE('',#1948,#7843,#7845,.T.);
#7843 = VERTEX_POINT('',#7844);
#7844 = CARTESIAN_POINT('',(6.379399292411,35.281315430132,
    37.324381732666));
#7845 = SURFACE_CURVE('',#7846,(#7850,#7857),.PCURVE_S1.);
#7846 = LINE('',#7847,#7848);
#7847 = CARTESIAN_POINT('',(6.379399292411,38.23030040965,
    37.324381732666));
#7848 = VECTOR('',#7849,1.);
#7849 = DIRECTION('',(0.,-1.,2.22044604925E-16));
#7850 = PCURVE('',#1995,#7851);
#7851 = DEFINITIONAL_REPRESENTATION('',(#7852),#7856);
#7852 = LINE('',#7853,#7854);
#7853 = CARTESIAN_POINT('',(3.552713678801E-15,0.));
#7854 = VECTOR('',#7855,1.);
#7855 = DIRECTION('',(0.,-1.));
#7856 = ( GEOMETRIC_REPRESENTATION_CONTEXT(2) 
PARAMETRIC_REPRESENTATION_CONTEXT() REPRESENTATION_CONTEXT('2D SPACE',''
  ) );
#7857 = PCURVE('',#1968,#7858);
#7858 = DEFINITIONAL_REPRESENTATION('',(#7859),#7863);
#7859 = LINE('',#7860,#7861);
#7860 = CARTESIAN_POINT('',(1.570796326795,0.));
#7861 = VECTOR('',#7862,1.);
#7862 = DIRECTION('',(0.,-1.));
#7863 = ( GEOMETRIC_REPRESENTATION_CONTEXT(2) 
PARAMETRIC_REPRESENTATION_CONTEXT() REPRESENTATION_CONTEXT('2D SPACE',''
  ) );
#7864 = ORIENTED_EDGE('',*,*,#7865,.T.);
#7865 = EDGE_CURVE('',#7843,#7789,#7866,.T.);
#7866 = SURFACE_CURVE('',#7867,(#7871,#7878),.PCURVE_S1.);
#7867 = LINE('',#7868,#7869);
#7868 = CARTESIAN_POINT('',(9.658707551596,35.281315430132,
    37.324381732666));
#7869 = VECTOR('',#7870,1.);
#7870 = DIRECTION('',(1.,0.,0.));
#7871 = PCURVE('',#1995,#7872);
#7872 = DEFINITIONAL_REPRESENTATION('',(#7873),#7877);
#7873 = LINE('',#7874,#7875);
#7874 = CARTESIAN_POINT('',(3.279308259184,-2.948984979518));
#7875 = VECTOR('',#7876,1.);
#7876 = DIRECTION('',(1.,0.));
#7877 = ( GEOMETRIC_REPRESENTATION_CONTEXT(2) 
PARAMETRIC_REPRESENTATION_CONTEXT() REPRESENTATION_CONTEXT('2D SPACE',''
  ) );
#7878 = PCURVE('',#7545,#7879);
#7879 = DEFINITIONAL_REPRESENTATION('',(#7880),#7884);
#7880 = LINE('',#7881,#7882);
#7881 = CARTESIAN_POINT('',(1.5495019256E-08,5.140562888788));
#7882 = VECTOR('',#7883,1.);
#7883 = DIRECTION('',(1.,0.));
#7884 = ( GEOMETRIC_REPRESENTATION_CONTEXT(2) 
PARAMETRIC_REPRESENTATION_CONTEXT() REPRESENTATION_CONTEXT('2D SPACE',''
  ) );
#7885 = ORIENTED_EDGE('',*,*,#7788,.F.);
#7886 = ADVANCED_FACE('',(#7887),#1968,.F.);
#7887 = FACE_BOUND('',#7888,.F.);
#7888 = EDGE_LOOP('',(#7889,#7890,#7891,#7917));
#7889 = ORIENTED_EDGE('',*,*,#1947,.F.);
#7890 = ORIENTED_EDGE('',*,*,#7557,.T.);
#7891 = ORIENTED_EDGE('',*,*,#7892,.T.);
#7892 = EDGE_CURVE('',#7530,#7843,#7893,.T.);
#7893 = SURFACE_CURVE('',#7894,(#7899,#7906),.PCURVE_S1.);
#7894 = CIRCLE('',#7895,0.594538006372);
#7895 = AXIS2_PLACEMENT_3D('',#7896,#7897,#7898);
#7896 = CARTESIAN_POINT('',(6.379399292411,35.281315430132,
    36.729843726293));
#7897 = DIRECTION('',(0.,1.,-2.22044604925E-16));
#7898 = DIRECTION('',(-1.,0.,0.));
#7899 = PCURVE('',#1968,#7900);
#7900 = DEFINITIONAL_REPRESENTATION('',(#7901),#7905);
#7901 = LINE('',#7902,#7903);
#7902 = CARTESIAN_POINT('',(0.,-2.948984979518));
#7903 = VECTOR('',#7904,1.);
#7904 = DIRECTION('',(1.,0.));
#7905 = ( GEOMETRIC_REPRESENTATION_CONTEXT(2) 
PARAMETRIC_REPRESENTATION_CONTEXT() REPRESENTATION_CONTEXT('2D SPACE',''
  ) );
#7906 = PCURVE('',#7545,#7907);
#7907 = DEFINITIONAL_REPRESENTATION('',(#7908),#7916);
#7908 = ( BOUNDED_CURVE() B_SPLINE_CURVE(2,(#7909,#7910,#7911,#7912,
#7913,#7914,#7915),.UNSPECIFIED.,.T.,.F.) B_SPLINE_CURVE_WITH_KNOTS((1,2
    ,2,2,2,1),(-2.094395102393,0.,2.094395102393,4.188790204786,
6.28318530718,8.377580409573),.UNSPECIFIED.) CURVE() 
GEOMETRIC_REPRESENTATION_ITEM() RATIONAL_B_SPLINE_CURVE((1.,0.5,1.,0.5,
1.,0.5,1.)) REPRESENTATION_ITEM('') );
#7909 = CARTESIAN_POINT('',(-3.873846250062,4.546024882415));
#7910 = CARTESIAN_POINT('',(-3.873846250062,5.575794916483));
#7911 = CARTESIAN_POINT('',(-2.982039240503,5.060909899449));
#7912 = CARTESIAN_POINT('',(-2.090232230945,4.546024882415));
#7913 = CARTESIAN_POINT('',(-2.982039240503,4.031139865382));
#7914 = CARTESIAN_POINT('',(-3.873846250062,3.516254848348));
#7915 = CARTESIAN_POINT('',(-3.873846250062,4.546024882415));
#7916 = ( GEOMETRIC_REPRESENTATION_CONTEXT(2) 
PARAMETRIC_REPRESENTATION_CONTEXT() REPRESENTATION_CONTEXT('2D SPACE',''
  ) );
#7917 = ORIENTED_EDGE('',*,*,#7842,.F.);
#7918 = ADVANCED_FACE('',(#7919),#2174,.F.);
#7919 = FACE_BOUND('',#7920,.F.);
#7920 = EDGE_LOOP('',(#7921,#7922,#7945,#7973));
#7921 = ORIENTED_EDGE('',*,*,#2157,.T.);
#7922 = ORIENTED_EDGE('',*,*,#7923,.T.);
#7923 = EDGE_CURVE('',#2160,#7924,#7926,.T.);
#7924 = VERTEX_POINT('',#7925);
#7925 = CARTESIAN_POINT('',(-3.873846265557,35.281315430132,
    39.829934759521));
#7926 = SURFACE_CURVE('',#7927,(#7931,#7938),.PCURVE_S1.);
#7927 = LINE('',#7928,#7929);
#7928 = CARTESIAN_POINT('',(-3.873846265557,38.23030040965,
    39.829934759521));
#7929 = VECTOR('',#7930,1.);
#7930 = DIRECTION('',(0.,-1.,2.22044604925E-16));
#7931 = PCURVE('',#2174,#7932);
#7932 = DEFINITIONAL_REPRESENTATION('',(#7933),#7937);
#7933 = LINE('',#7934,#7935);
#7934 = CARTESIAN_POINT('',(0.,0.));
#7935 = VECTOR('',#7936,1.);
#7936 = DIRECTION('',(0.,-1.));
#7937 = ( GEOMETRIC_REPRESENTATION_CONTEXT(2) 
PARAMETRIC_REPRESENTATION_CONTEXT() REPRESENTATION_CONTEXT('2D SPACE',''
  ) );
#7938 = PCURVE('',#2381,#7939);
#7939 = DEFINITIONAL_REPRESENTATION('',(#7940),#7944);
#7940 = LINE('',#7941,#7942);
#7941 = CARTESIAN_POINT('',(6.28318530718,0.));
#7942 = VECTOR('',#7943,1.);
#7943 = DIRECTION('',(0.,-1.));
#7944 = ( GEOMETRIC_REPRESENTATION_CONTEXT(2) 
PARAMETRIC_REPRESENTATION_CONTEXT() REPRESENTATION_CONTEXT('2D SPACE',''
  ) );
#7945 = ORIENTED_EDGE('',*,*,#7946,.T.);
#7946 = EDGE_CURVE('',#7924,#7947,#7949,.T.);
#7947 = VERTEX_POINT('',#7948);
#7948 = CARTESIAN_POINT('',(-3.873846265557,35.281315430132,
    48.921984524351));
#7949 = SURFACE_CURVE('',#7950,(#7954,#7961),.PCURVE_S1.);
#7950 = LINE('',#7951,#7952);
#7951 = CARTESIAN_POINT('',(-3.873846265557,35.281315430132,
    44.375959641936));
#7952 = VECTOR('',#7953,1.);
#7953 = DIRECTION('',(0.,2.22044604925E-16,1.));
#7954 = PCURVE('',#2174,#7955);
#7955 = DEFINITIONAL_REPRESENTATION('',(#7956),#7960);
#7956 = LINE('',#7957,#7958);
#7957 = CARTESIAN_POINT('',(4.546024882415,-2.948984979518));
#7958 = VECTOR('',#7959,1.);
#7959 = DIRECTION('',(1.,0.));
#7960 = ( GEOMETRIC_REPRESENTATION_CONTEXT(2) 
PARAMETRIC_REPRESENTATION_CONTEXT() REPRESENTATION_CONTEXT('2D SPACE',''
  ) );
#7961 = PCURVE('',#7962,#7967);
#7962 = PLANE('',#7963);
#7963 = AXIS2_PLACEMENT_3D('',#7964,#7965,#7966);
#7964 = CARTESIAN_POINT('',(-1.549496818574E-08,35.281315430132,
    44.375959641936));
#7965 = DIRECTION('',(0.,-1.,2.22044604925E-16));
#7966 = DIRECTION('',(1.,0.,0.));
#7967 = DEFINITIONAL_REPRESENTATION('',(#7968),#7972);
#7968 = LINE('',#7969,#7970);
#7969 = CARTESIAN_POINT('',(-3.873846250062,-6.567227182846E-16));
#7970 = VECTOR('',#7971,1.);
#7971 = DIRECTION('',(0.,1.));
#7972 = ( GEOMETRIC_REPRESENTATION_CONTEXT(2) 
PARAMETRIC_REPRESENTATION_CONTEXT() REPRESENTATION_CONTEXT('2D SPACE',''
  ) );
#7973 = ORIENTED_EDGE('',*,*,#7974,.F.);
#7974 = EDGE_CURVE('',#2158,#7947,#7975,.T.);
#7975 = SURFACE_CURVE('',#7976,(#7980,#7987),.PCURVE_S1.);
#7976 = LINE('',#7977,#7978);
#7977 = CARTESIAN_POINT('',(-3.873846265557,38.23030040965,
    48.921984524351));
#7978 = VECTOR('',#7979,1.);
#7979 = DIRECTION('',(0.,-1.,2.22044604925E-16));
#7980 = PCURVE('',#2174,#7981);
#7981 = DEFINITIONAL_REPRESENTATION('',(#7982),#7986);
#7982 = LINE('',#7983,#7984);
#7983 = CARTESIAN_POINT('',(9.092049764831,0.));
#7984 = VECTOR('',#7985,1.);
#7985 = DIRECTION('',(0.,-1.));
#7986 = ( GEOMETRIC_REPRESENTATION_CONTEXT(2) 
PARAMETRIC_REPRESENTATION_CONTEXT() REPRESENTATION_CONTEXT('2D SPACE',''
  ) );
#7987 = PCURVE('',#2206,#7988);
#7988 = DEFINITIONAL_REPRESENTATION('',(#7989),#7993);
#7989 = LINE('',#7990,#7991);
#7990 = CARTESIAN_POINT('',(0.,0.));
#7991 = VECTOR('',#7992,1.);
#7992 = DIRECTION('',(0.,-1.));
#7993 = ( GEOMETRIC_REPRESENTATION_CONTEXT(2) 
PARAMETRIC_REPRESENTATION_CONTEXT() REPRESENTATION_CONTEXT('2D SPACE',''
  ) );
#7994 = ADVANCED_FACE('',(#7995),#2381,.F.);
#7995 = FACE_BOUND('',#7996,.F.);
#7996 = EDGE_LOOP('',(#7997,#7998,#8021,#8047));
#7997 = ORIENTED_EDGE('',*,*,#2362,.F.);
#7998 = ORIENTED_EDGE('',*,*,#7999,.T.);
#7999 = EDGE_CURVE('',#2337,#8000,#8002,.T.);
#8000 = VERTEX_POINT('',#8001);
#8001 = CARTESIAN_POINT('',(-3.279308259184,35.281315430132,
    39.235396753148));
#8002 = SURFACE_CURVE('',#8003,(#8007,#8014),.PCURVE_S1.);
#8003 = LINE('',#8004,#8005);
#8004 = CARTESIAN_POINT('',(-3.279308259184,38.23030040965,
    39.235396753148));
#8005 = VECTOR('',#8006,1.);
#8006 = DIRECTION('',(0.,-1.,2.22044604925E-16));
#8007 = PCURVE('',#2381,#8008);
#8008 = DEFINITIONAL_REPRESENTATION('',(#8009),#8013);
#8009 = LINE('',#8010,#8011);
#8010 = CARTESIAN_POINT('',(4.712388980385,0.));
#8011 = VECTOR('',#8012,1.);
#8012 = DIRECTION('',(0.,-1.));
#8013 = ( GEOMETRIC_REPRESENTATION_CONTEXT(2) 
PARAMETRIC_REPRESENTATION_CONTEXT() REPRESENTATION_CONTEXT('2D SPACE',''
  ) );
#8014 = PCURVE('',#2351,#8015);
#8015 = DEFINITIONAL_REPRESENTATION('',(#8016),#8020);
#8016 = LINE('',#8017,#8018);
#8017 = CARTESIAN_POINT('',(0.,0.));
#8018 = VECTOR('',#8019,1.);
#8019 = DIRECTION('',(0.,-1.));
#8020 = ( GEOMETRIC_REPRESENTATION_CONTEXT(2) 
PARAMETRIC_REPRESENTATION_CONTEXT() REPRESENTATION_CONTEXT('2D SPACE',''
  ) );
#8021 = ORIENTED_EDGE('',*,*,#8022,.T.);
#8022 = EDGE_CURVE('',#8000,#7924,#8023,.T.);
#8023 = SURFACE_CURVE('',#8024,(#8029,#8036),.PCURVE_S1.);
#8024 = CIRCLE('',#8025,0.594538006372);
#8025 = AXIS2_PLACEMENT_3D('',#8026,#8027,#8028);
#8026 = CARTESIAN_POINT('',(-3.279308259184,35.281315430132,
    39.829934759521));
#8027 = DIRECTION('',(0.,1.,-2.22044604925E-16));
#8028 = DIRECTION('',(-1.,0.,0.));
#8029 = PCURVE('',#2381,#8030);
#8030 = DEFINITIONAL_REPRESENTATION('',(#8031),#8035);
#8031 = LINE('',#8032,#8033);
#8032 = CARTESIAN_POINT('',(0.,-2.948984979518));
#8033 = VECTOR('',#8034,1.);
#8034 = DIRECTION('',(1.,0.));
#8035 = ( GEOMETRIC_REPRESENTATION_CONTEXT(2) 
PARAMETRIC_REPRESENTATION_CONTEXT() REPRESENTATION_CONTEXT('2D SPACE',''
  ) );
#8036 = PCURVE('',#7962,#8037);
#8037 = DEFINITIONAL_REPRESENTATION('',(#8038),#8046);
#8038 = ( BOUNDED_CURVE() B_SPLINE_CURVE(2,(#8039,#8040,#8041,#8042,
#8043,#8044,#8045),.UNSPECIFIED.,.T.,.F.) B_SPLINE_CURVE_WITH_KNOTS((1,2
    ,2,2,2,1),(-2.094395102393,0.,2.094395102393,4.188790204786,
6.28318530718,8.377580409573),.UNSPECIFIED.) CURVE() 
GEOMETRIC_REPRESENTATION_ITEM() RATIONAL_B_SPLINE_CURVE((1.,0.5,1.,0.5,
1.,0.5,1.)) REPRESENTATION_ITEM('') );
#8039 = CARTESIAN_POINT('',(-3.873846250062,-4.546024882415));
#8040 = CARTESIAN_POINT('',(-3.873846250062,-3.516254848348));
#8041 = CARTESIAN_POINT('',(-2.982039240503,-4.031139865382));
#8042 = CARTESIAN_POINT('',(-2.090232230945,-4.546024882415));
#8043 = CARTESIAN_POINT('',(-2.982039240503,-5.060909899449));
#8044 = CARTESIAN_POINT('',(-3.873846250062,-5.575794916483));
#8045 = CARTESIAN_POINT('',(-3.873846250062,-4.546024882415));
#8046 = ( GEOMETRIC_REPRESENTATION_CONTEXT(2) 
PARAMETRIC_REPRESENTATION_CONTEXT() REPRESENTATION_CONTEXT('2D SPACE',''
  ) );
#8047 = ORIENTED_EDGE('',*,*,#7923,.F.);
#8048 = ADVANCED_FACE('',(#8049),#2351,.T.);
#8049 = FACE_BOUND('',#8050,.T.);
#8050 = EDGE_LOOP('',(#8051,#8052,#8053,#8076));
#8051 = ORIENTED_EDGE('',*,*,#2336,.T.);
#8052 = ORIENTED_EDGE('',*,*,#7999,.T.);
#8053 = ORIENTED_EDGE('',*,*,#8054,.T.);
#8054 = EDGE_CURVE('',#8000,#8055,#8057,.T.);
#8055 = VERTEX_POINT('',#8056);
#8056 = CARTESIAN_POINT('',(3.279308194672,35.281315430132,
    39.235396753148));
#8057 = SURFACE_CURVE('',#8058,(#8062,#8069),.PCURVE_S1.);
#8058 = LINE('',#8059,#8060);
#8059 = CARTESIAN_POINT('',(5.107025913276E-14,35.281315430132,
    39.235396753148));
#8060 = VECTOR('',#8061,1.);
#8061 = DIRECTION('',(1.,0.,0.));
#8062 = PCURVE('',#2351,#8063);
#8063 = DEFINITIONAL_REPRESENTATION('',(#8064),#8068);
#8064 = LINE('',#8065,#8066);
#8065 = CARTESIAN_POINT('',(3.279308259184,-2.948984979518));
#8066 = VECTOR('',#8067,1.);
#8067 = DIRECTION('',(1.,0.));
#8068 = ( GEOMETRIC_REPRESENTATION_CONTEXT(2) 
PARAMETRIC_REPRESENTATION_CONTEXT() REPRESENTATION_CONTEXT('2D SPACE',''
  ) );
#8069 = PCURVE('',#7962,#8070);
#8070 = DEFINITIONAL_REPRESENTATION('',(#8071),#8075);
#8071 = LINE('',#8072,#8073);
#8072 = CARTESIAN_POINT('',(1.5495019256E-08,-5.140562888788));
#8073 = VECTOR('',#8074,1.);
#8074 = DIRECTION('',(1.,0.));
#8075 = ( GEOMETRIC_REPRESENTATION_CONTEXT(2) 
PARAMETRIC_REPRESENTATION_CONTEXT() REPRESENTATION_CONTEXT('2D SPACE',''
  ) );
#8076 = ORIENTED_EDGE('',*,*,#8077,.F.);
#8077 = EDGE_CURVE('',#2304,#8055,#8078,.T.);
#8078 = SURFACE_CURVE('',#8079,(#8083,#8090),.PCURVE_S1.);
#8079 = LINE('',#8080,#8081);
#8080 = CARTESIAN_POINT('',(3.279308194672,38.23030040965,
    39.235396753148));
#8081 = VECTOR('',#8082,1.);
#8082 = DIRECTION('',(0.,-1.,2.22044604925E-16));
#8083 = PCURVE('',#2351,#8084);
#8084 = DEFINITIONAL_REPRESENTATION('',(#8085),#8089);
#8085 = LINE('',#8086,#8087);
#8086 = CARTESIAN_POINT('',(6.558616453856,0.));
#8087 = VECTOR('',#8088,1.);
#8088 = DIRECTION('',(0.,-1.));
#8089 = ( GEOMETRIC_REPRESENTATION_CONTEXT(2) 
PARAMETRIC_REPRESENTATION_CONTEXT() REPRESENTATION_CONTEXT('2D SPACE',''
  ) );
#8090 = PCURVE('',#2324,#8091);
#8091 = DEFINITIONAL_REPRESENTATION('',(#8092),#8096);
#8092 = LINE('',#8093,#8094);
#8093 = CARTESIAN_POINT('',(4.712388980385,0.));
#8094 = VECTOR('',#8095,1.);
#8095 = DIRECTION('',(0.,-1.));
#8096 = ( GEOMETRIC_REPRESENTATION_CONTEXT(2) 
PARAMETRIC_REPRESENTATION_CONTEXT() REPRESENTATION_CONTEXT('2D SPACE',''
  ) );
#8097 = ADVANCED_FACE('',(#8098),#2324,.F.);
#8098 = FACE_BOUND('',#8099,.F.);
#8099 = EDGE_LOOP('',(#8100,#8101,#8124,#8150));
#8100 = ORIENTED_EDGE('',*,*,#2303,.F.);
#8101 = ORIENTED_EDGE('',*,*,#8102,.T.);
#8102 = EDGE_CURVE('',#2278,#8103,#8105,.T.);
#8103 = VERTEX_POINT('',#8104);
#8104 = CARTESIAN_POINT('',(3.8738462333,35.281315430132,39.829934759521
    ));
#8105 = SURFACE_CURVE('',#8106,(#8110,#8117),.PCURVE_S1.);
#8106 = LINE('',#8107,#8108);
#8107 = CARTESIAN_POINT('',(3.8738462333,38.23030040965,39.829934759521)
  );
#8108 = VECTOR('',#8109,1.);
#8109 = DIRECTION('',(0.,-1.,2.22044604925E-16));
#8110 = PCURVE('',#2324,#8111);
#8111 = DEFINITIONAL_REPRESENTATION('',(#8112),#8116);
#8112 = LINE('',#8113,#8114);
#8113 = CARTESIAN_POINT('',(3.14159265359,0.));
#8114 = VECTOR('',#8115,1.);
#8115 = DIRECTION('',(0.,-1.));
#8116 = ( GEOMETRIC_REPRESENTATION_CONTEXT(2) 
PARAMETRIC_REPRESENTATION_CONTEXT() REPRESENTATION_CONTEXT('2D SPACE',''
  ) );
#8117 = PCURVE('',#2292,#8118);
#8118 = DEFINITIONAL_REPRESENTATION('',(#8119),#8123);
#8119 = LINE('',#8120,#8121);
#8120 = CARTESIAN_POINT('',(0.,0.));
#8121 = VECTOR('',#8122,1.);
#8122 = DIRECTION('',(0.,-1.));
#8123 = ( GEOMETRIC_REPRESENTATION_CONTEXT(2) 
PARAMETRIC_REPRESENTATION_CONTEXT() REPRESENTATION_CONTEXT('2D SPACE',''
  ) );
#8124 = ORIENTED_EDGE('',*,*,#8125,.T.);
#8125 = EDGE_CURVE('',#8103,#8055,#8126,.T.);
#8126 = SURFACE_CURVE('',#8127,(#8132,#8139),.PCURVE_S1.);
#8127 = CIRCLE('',#8128,0.594538006372);
#8128 = AXIS2_PLACEMENT_3D('',#8129,#8130,#8131);
#8129 = CARTESIAN_POINT('',(3.279308194672,35.281315430132,
    39.829934759521));
#8130 = DIRECTION('',(0.,1.,-2.22044604925E-16));
#8131 = DIRECTION('',(-1.,0.,0.));
#8132 = PCURVE('',#2324,#8133);
#8133 = DEFINITIONAL_REPRESENTATION('',(#8134),#8138);
#8134 = LINE('',#8135,#8136);
#8135 = CARTESIAN_POINT('',(0.,-2.948984979518));
#8136 = VECTOR('',#8137,1.);
#8137 = DIRECTION('',(1.,0.));
#8138 = ( GEOMETRIC_REPRESENTATION_CONTEXT(2) 
PARAMETRIC_REPRESENTATION_CONTEXT() REPRESENTATION_CONTEXT('2D SPACE',''
  ) );
#8139 = PCURVE('',#7962,#8140);
#8140 = DEFINITIONAL_REPRESENTATION('',(#8141),#8149);
#8141 = ( BOUNDED_CURVE() B_SPLINE_CURVE(2,(#8142,#8143,#8144,#8145,
#8146,#8147,#8148),.UNSPECIFIED.,.T.,.F.) B_SPLINE_CURVE_WITH_KNOTS((1,2
    ,2,2,2,1),(-2.094395102393,0.,2.094395102393,4.188790204786,
6.28318530718,8.377580409573),.UNSPECIFIED.) CURVE() 
GEOMETRIC_REPRESENTATION_ITEM() RATIONAL_B_SPLINE_CURVE((1.,0.5,1.,0.5,
1.,0.5,1.)) REPRESENTATION_ITEM('') );
#8142 = CARTESIAN_POINT('',(2.684770203794,-4.546024882415));
#8143 = CARTESIAN_POINT('',(2.684770203794,-3.516254848348));
#8144 = CARTESIAN_POINT('',(3.576577213353,-4.031139865382));
#8145 = CARTESIAN_POINT('',(4.468384222911,-4.546024882415));
#8146 = CARTESIAN_POINT('',(3.576577213353,-5.060909899449));
#8147 = CARTESIAN_POINT('',(2.684770203794,-5.575794916483));
#8148 = CARTESIAN_POINT('',(2.684770203794,-4.546024882415));
#8149 = ( GEOMETRIC_REPRESENTATION_CONTEXT(2) 
PARAMETRIC_REPRESENTATION_CONTEXT() REPRESENTATION_CONTEXT('2D SPACE',''
  ) );
#8150 = ORIENTED_EDGE('',*,*,#8077,.F.);
#8151 = ADVANCED_FACE('',(#8152),#2292,.T.);
#8152 = FACE_BOUND('',#8153,.T.);
#8153 = EDGE_LOOP('',(#8154,#8155,#8156,#8179));
#8154 = ORIENTED_EDGE('',*,*,#2277,.T.);
#8155 = ORIENTED_EDGE('',*,*,#8102,.T.);
#8156 = ORIENTED_EDGE('',*,*,#8157,.T.);
#8157 = EDGE_CURVE('',#8103,#8158,#8160,.T.);
#8158 = VERTEX_POINT('',#8159);
#8159 = CARTESIAN_POINT('',(3.8738462333,35.281315430132,48.921984524351
    ));
#8160 = SURFACE_CURVE('',#8161,(#8165,#8172),.PCURVE_S1.);
#8161 = LINE('',#8162,#8163);
#8162 = CARTESIAN_POINT('',(3.873846265557,35.281315430132,
    44.375959641936));
#8163 = VECTOR('',#8164,1.);
#8164 = DIRECTION('',(0.,2.22044604925E-16,1.));
#8165 = PCURVE('',#2292,#8166);
#8166 = DEFINITIONAL_REPRESENTATION('',(#8167),#8171);
#8167 = LINE('',#8168,#8169);
#8168 = CARTESIAN_POINT('',(4.546024882415,-2.948984979518));
#8169 = VECTOR('',#8170,1.);
#8170 = DIRECTION('',(1.,0.));
#8171 = ( GEOMETRIC_REPRESENTATION_CONTEXT(2) 
PARAMETRIC_REPRESENTATION_CONTEXT() REPRESENTATION_CONTEXT('2D SPACE',''
  ) );
#8172 = PCURVE('',#7962,#8173);
#8173 = DEFINITIONAL_REPRESENTATION('',(#8174),#8178);
#8174 = LINE('',#8175,#8176);
#8175 = CARTESIAN_POINT('',(3.873846281052,-6.567227182846E-16));
#8176 = VECTOR('',#8177,1.);
#8177 = DIRECTION('',(0.,1.));
#8178 = ( GEOMETRIC_REPRESENTATION_CONTEXT(2) 
PARAMETRIC_REPRESENTATION_CONTEXT() REPRESENTATION_CONTEXT('2D SPACE',''
  ) );
#8179 = ORIENTED_EDGE('',*,*,#8180,.F.);
#8180 = EDGE_CURVE('',#2245,#8158,#8181,.T.);
#8181 = SURFACE_CURVE('',#8182,(#8186,#8193),.PCURVE_S1.);
#8182 = LINE('',#8183,#8184);
#8183 = CARTESIAN_POINT('',(3.8738462333,38.23030040965,48.921984524351)
  );
#8184 = VECTOR('',#8185,1.);
#8185 = DIRECTION('',(0.,-1.,2.22044604925E-16));
#8186 = PCURVE('',#2292,#8187);
#8187 = DEFINITIONAL_REPRESENTATION('',(#8188),#8192);
#8188 = LINE('',#8189,#8190);
#8189 = CARTESIAN_POINT('',(9.092049764831,0.));
#8190 = VECTOR('',#8191,1.);
#8191 = DIRECTION('',(0.,-1.));
#8192 = ( GEOMETRIC_REPRESENTATION_CONTEXT(2) 
PARAMETRIC_REPRESENTATION_CONTEXT() REPRESENTATION_CONTEXT('2D SPACE',''
  ) );
#8193 = PCURVE('',#2265,#8194);
#8194 = DEFINITIONAL_REPRESENTATION('',(#8195),#8199);
#8195 = LINE('',#8196,#8197);
#8196 = CARTESIAN_POINT('',(3.14159265359,0.));
#8197 = VECTOR('',#8198,1.);
#8198 = DIRECTION('',(0.,-1.));
#8199 = ( GEOMETRIC_REPRESENTATION_CONTEXT(2) 
PARAMETRIC_REPRESENTATION_CONTEXT() REPRESENTATION_CONTEXT('2D SPACE',''
  ) );
#8200 = ADVANCED_FACE('',(#8201),#2265,.F.);
#8201 = FACE_BOUND('',#8202,.F.);
#8202 = EDGE_LOOP('',(#8203,#8204,#8227,#8253));
#8203 = ORIENTED_EDGE('',*,*,#2244,.F.);
#8204 = ORIENTED_EDGE('',*,*,#8205,.T.);
#8205 = EDGE_CURVE('',#2219,#8206,#8208,.T.);
#8206 = VERTEX_POINT('',#8207);
#8207 = CARTESIAN_POINT('',(3.279308194672,35.281315430132,
    49.516522530724));
#8208 = SURFACE_CURVE('',#8209,(#8213,#8220),.PCURVE_S1.);
#8209 = LINE('',#8210,#8211);
#8210 = CARTESIAN_POINT('',(3.279308194672,38.23030040965,
    49.516522530724));
#8211 = VECTOR('',#8212,1.);
#8212 = DIRECTION('',(0.,-1.,2.22044604925E-16));
#8213 = PCURVE('',#2265,#8214);
#8214 = DEFINITIONAL_REPRESENTATION('',(#8215),#8219);
#8215 = LINE('',#8216,#8217);
#8216 = CARTESIAN_POINT('',(1.570796326795,0.));
#8217 = VECTOR('',#8218,1.);
#8218 = DIRECTION('',(0.,-1.));
#8219 = ( GEOMETRIC_REPRESENTATION_CONTEXT(2) 
PARAMETRIC_REPRESENTATION_CONTEXT() REPRESENTATION_CONTEXT('2D SPACE',''
  ) );
#8220 = PCURVE('',#2233,#8221);
#8221 = DEFINITIONAL_REPRESENTATION('',(#8222),#8226);
#8222 = LINE('',#8223,#8224);
#8223 = CARTESIAN_POINT('',(6.558616453856,0.));
#8224 = VECTOR('',#8225,1.);
#8225 = DIRECTION('',(0.,-1.));
#8226 = ( GEOMETRIC_REPRESENTATION_CONTEXT(2) 
PARAMETRIC_REPRESENTATION_CONTEXT() REPRESENTATION_CONTEXT('2D SPACE',''
  ) );
#8227 = ORIENTED_EDGE('',*,*,#8228,.T.);
#8228 = EDGE_CURVE('',#8206,#8158,#8229,.T.);
#8229 = SURFACE_CURVE('',#8230,(#8235,#8242),.PCURVE_S1.);
#8230 = CIRCLE('',#8231,0.594538006372);
#8231 = AXIS2_PLACEMENT_3D('',#8232,#8233,#8234);
#8232 = CARTESIAN_POINT('',(3.279308194672,35.281315430132,
    48.921984524351));
#8233 = DIRECTION('',(0.,1.,-2.22044604925E-16));
#8234 = DIRECTION('',(-1.,0.,0.));
#8235 = PCURVE('',#2265,#8236);
#8236 = DEFINITIONAL_REPRESENTATION('',(#8237),#8241);
#8237 = LINE('',#8238,#8239);
#8238 = CARTESIAN_POINT('',(0.,-2.948984979518));
#8239 = VECTOR('',#8240,1.);
#8240 = DIRECTION('',(1.,0.));
#8241 = ( GEOMETRIC_REPRESENTATION_CONTEXT(2) 
PARAMETRIC_REPRESENTATION_CONTEXT() REPRESENTATION_CONTEXT('2D SPACE',''
  ) );
#8242 = PCURVE('',#7962,#8243);
#8243 = DEFINITIONAL_REPRESENTATION('',(#8244),#8252);
#8244 = ( BOUNDED_CURVE() B_SPLINE_CURVE(2,(#8245,#8246,#8247,#8248,
#8249,#8250,#8251),.UNSPECIFIED.,.T.,.F.) B_SPLINE_CURVE_WITH_KNOTS((1,2
    ,2,2,2,1),(-2.094395102393,0.,2.094395102393,4.188790204786,
6.28318530718,8.377580409573),.UNSPECIFIED.) CURVE() 
GEOMETRIC_REPRESENTATION_ITEM() RATIONAL_B_SPLINE_CURVE((1.,0.5,1.,0.5,
1.,0.5,1.)) REPRESENTATION_ITEM('') );
#8245 = CARTESIAN_POINT('',(2.684770203794,4.546024882415));
#8246 = CARTESIAN_POINT('',(2.684770203794,5.575794916483));
#8247 = CARTESIAN_POINT('',(3.576577213353,5.060909899449));
#8248 = CARTESIAN_POINT('',(4.468384222911,4.546024882415));
#8249 = CARTESIAN_POINT('',(3.576577213353,4.031139865382));
#8250 = CARTESIAN_POINT('',(2.684770203794,3.516254848348));
#8251 = CARTESIAN_POINT('',(2.684770203794,4.546024882415));
#8252 = ( GEOMETRIC_REPRESENTATION_CONTEXT(2) 
PARAMETRIC_REPRESENTATION_CONTEXT() REPRESENTATION_CONTEXT('2D SPACE',''
  ) );
#8253 = ORIENTED_EDGE('',*,*,#8180,.F.);
#8254 = ADVANCED_FACE('',(#8255),#2233,.F.);
#8255 = FACE_BOUND('',#8256,.F.);
#8256 = EDGE_LOOP('',(#8257,#8258,#8281,#8302));
#8257 = ORIENTED_EDGE('',*,*,#2218,.T.);
#8258 = ORIENTED_EDGE('',*,*,#8259,.T.);
#8259 = EDGE_CURVE('',#2186,#8260,#8262,.T.);
#8260 = VERTEX_POINT('',#8261);
#8261 = CARTESIAN_POINT('',(-3.279308259184,35.281315430132,
    49.516522530724));
#8262 = SURFACE_CURVE('',#8263,(#8267,#8274),.PCURVE_S1.);
#8263 = LINE('',#8264,#8265);
#8264 = CARTESIAN_POINT('',(-3.279308259184,38.23030040965,
    49.516522530724));
#8265 = VECTOR('',#8266,1.);
#8266 = DIRECTION('',(0.,-1.,2.22044604925E-16));
#8267 = PCURVE('',#2233,#8268);
#8268 = DEFINITIONAL_REPRESENTATION('',(#8269),#8273);
#8269 = LINE('',#8270,#8271);
#8270 = CARTESIAN_POINT('',(0.,0.));
#8271 = VECTOR('',#8272,1.);
#8272 = DIRECTION('',(0.,-1.));
#8273 = ( GEOMETRIC_REPRESENTATION_CONTEXT(2) 
PARAMETRIC_REPRESENTATION_CONTEXT() REPRESENTATION_CONTEXT('2D SPACE',''
  ) );
#8274 = PCURVE('',#2206,#8275);
#8275 = DEFINITIONAL_REPRESENTATION('',(#8276),#8280);
#8276 = LINE('',#8277,#8278);
#8277 = CARTESIAN_POINT('',(1.570796326795,0.));
#8278 = VECTOR('',#8279,1.);
#8279 = DIRECTION('',(0.,-1.));
#8280 = ( GEOMETRIC_REPRESENTATION_CONTEXT(2) 
PARAMETRIC_REPRESENTATION_CONTEXT() REPRESENTATION_CONTEXT('2D SPACE',''
  ) );
#8281 = ORIENTED_EDGE('',*,*,#8282,.T.);
#8282 = EDGE_CURVE('',#8260,#8206,#8283,.T.);
#8283 = SURFACE_CURVE('',#8284,(#8288,#8295),.PCURVE_S1.);
#8284 = LINE('',#8285,#8286);
#8285 = CARTESIAN_POINT('',(5.107025913276E-14,35.281315430132,
    49.516522530724));
#8286 = VECTOR('',#8287,1.);
#8287 = DIRECTION('',(1.,0.,0.));
#8288 = PCURVE('',#2233,#8289);
#8289 = DEFINITIONAL_REPRESENTATION('',(#8290),#8294);
#8290 = LINE('',#8291,#8292);
#8291 = CARTESIAN_POINT('',(3.279308259184,-2.948984979518));
#8292 = VECTOR('',#8293,1.);
#8293 = DIRECTION('',(1.,0.));
#8294 = ( GEOMETRIC_REPRESENTATION_CONTEXT(2) 
PARAMETRIC_REPRESENTATION_CONTEXT() REPRESENTATION_CONTEXT('2D SPACE',''
  ) );
#8295 = PCURVE('',#7962,#8296);
#8296 = DEFINITIONAL_REPRESENTATION('',(#8297),#8301);
#8297 = LINE('',#8298,#8299);
#8298 = CARTESIAN_POINT('',(1.5495019256E-08,5.140562888788));
#8299 = VECTOR('',#8300,1.);
#8300 = DIRECTION('',(1.,0.));
#8301 = ( GEOMETRIC_REPRESENTATION_CONTEXT(2) 
PARAMETRIC_REPRESENTATION_CONTEXT() REPRESENTATION_CONTEXT('2D SPACE',''
  ) );
#8302 = ORIENTED_EDGE('',*,*,#8205,.F.);
#8303 = ADVANCED_FACE('',(#8304),#2206,.F.);
#8304 = FACE_BOUND('',#8305,.F.);
#8305 = EDGE_LOOP('',(#8306,#8307,#8308,#8334));
#8306 = ORIENTED_EDGE('',*,*,#2185,.F.);
#8307 = ORIENTED_EDGE('',*,*,#7974,.T.);
#8308 = ORIENTED_EDGE('',*,*,#8309,.T.);
#8309 = EDGE_CURVE('',#7947,#8260,#8310,.T.);
#8310 = SURFACE_CURVE('',#8311,(#8316,#8323),.PCURVE_S1.);
#8311 = CIRCLE('',#8312,0.594538006372);
#8312 = AXIS2_PLACEMENT_3D('',#8313,#8314,#8315);
#8313 = CARTESIAN_POINT('',(-3.279308259184,35.281315430132,
    48.921984524351));
#8314 = DIRECTION('',(0.,1.,-2.22044604925E-16));
#8315 = DIRECTION('',(-1.,0.,0.));
#8316 = PCURVE('',#2206,#8317);
#8317 = DEFINITIONAL_REPRESENTATION('',(#8318),#8322);
#8318 = LINE('',#8319,#8320);
#8319 = CARTESIAN_POINT('',(0.,-2.948984979518));
#8320 = VECTOR('',#8321,1.);
#8321 = DIRECTION('',(1.,0.));
#8322 = ( GEOMETRIC_REPRESENTATION_CONTEXT(2) 
PARAMETRIC_REPRESENTATION_CONTEXT() REPRESENTATION_CONTEXT('2D SPACE',''
  ) );
#8323 = PCURVE('',#7962,#8324);
#8324 = DEFINITIONAL_REPRESENTATION('',(#8325),#8333);
#8325 = ( BOUNDED_CURVE() B_SPLINE_CURVE(2,(#8326,#8327,#8328,#8329,
#8330,#8331,#8332),.UNSPECIFIED.,.T.,.F.) B_SPLINE_CURVE_WITH_KNOTS((1,2
    ,2,2,2,1),(-2.094395102393,0.,2.094395102393,4.188790204786,
6.28318530718,8.377580409573),.UNSPECIFIED.) CURVE() 
GEOMETRIC_REPRESENTATION_ITEM() RATIONAL_B_SPLINE_CURVE((1.,0.5,1.,0.5,
1.,0.5,1.)) REPRESENTATION_ITEM('') );
#8326 = CARTESIAN_POINT('',(-3.873846250062,4.546024882415));
#8327 = CARTESIAN_POINT('',(-3.873846250062,5.575794916483));
#8328 = CARTESIAN_POINT('',(-2.982039240503,5.060909899449));
#8329 = CARTESIAN_POINT('',(-2.090232230945,4.546024882415));
#8330 = CARTESIAN_POINT('',(-2.982039240503,4.031139865382));
#8331 = CARTESIAN_POINT('',(-3.873846250062,3.516254848348));
#8332 = CARTESIAN_POINT('',(-3.873846250062,4.546024882415));
#8333 = ( GEOMETRIC_REPRESENTATION_CONTEXT(2) 
PARAMETRIC_REPRESENTATION_CONTEXT() REPRESENTATION_CONTEXT('2D SPACE',''
  ) );
#8334 = ORIENTED_EDGE('',*,*,#8259,.F.);
#8335 = ADVANCED_FACE('',(#8336),#2412,.F.);
#8336 = FACE_BOUND('',#8337,.F.);
#8337 = EDGE_LOOP('',(#8338,#8339,#8362,#8390));
#8338 = ORIENTED_EDGE('',*,*,#2395,.T.);
#8339 = ORIENTED_EDGE('',*,*,#8340,.T.);
#8340 = EDGE_CURVE('',#2398,#8341,#8343,.T.);
#8341 = VERTEX_POINT('',#8342);
#8342 = CARTESIAN_POINT('',(5.784861286039,35.281315430132,
    39.829934759521));
#8343 = SURFACE_CURVE('',#8344,(#8348,#8355),.PCURVE_S1.);
#8344 = LINE('',#8345,#8346);
#8345 = CARTESIAN_POINT('',(5.784861286039,38.23030040965,
    39.829934759521));
#8346 = VECTOR('',#8347,1.);
#8347 = DIRECTION('',(0.,-1.,2.22044604925E-16));
#8348 = PCURVE('',#2412,#8349);
#8349 = DEFINITIONAL_REPRESENTATION('',(#8350),#8354);
#8350 = LINE('',#8351,#8352);
#8351 = CARTESIAN_POINT('',(0.,0.));
#8352 = VECTOR('',#8353,1.);
#8353 = DIRECTION('',(0.,-1.));
#8354 = ( GEOMETRIC_REPRESENTATION_CONTEXT(2) 
PARAMETRIC_REPRESENTATION_CONTEXT() REPRESENTATION_CONTEXT('2D SPACE',''
  ) );
#8355 = PCURVE('',#2619,#8356);
#8356 = DEFINITIONAL_REPRESENTATION('',(#8357),#8361);
#8357 = LINE('',#8358,#8359);
#8358 = CARTESIAN_POINT('',(6.28318530718,0.));
#8359 = VECTOR('',#8360,1.);
#8360 = DIRECTION('',(0.,-1.));
#8361 = ( GEOMETRIC_REPRESENTATION_CONTEXT(2) 
PARAMETRIC_REPRESENTATION_CONTEXT() REPRESENTATION_CONTEXT('2D SPACE',''
  ) );
#8362 = ORIENTED_EDGE('',*,*,#8363,.T.);
#8363 = EDGE_CURVE('',#8341,#8364,#8366,.T.);
#8364 = VERTEX_POINT('',#8365);
#8365 = CARTESIAN_POINT('',(5.784861286039,35.281315430132,
    48.921984524351));
#8366 = SURFACE_CURVE('',#8367,(#8371,#8378),.PCURVE_S1.);
#8367 = LINE('',#8368,#8369);
#8368 = CARTESIAN_POINT('',(5.784861286039,35.281315430132,
    44.375959641936));
#8369 = VECTOR('',#8370,1.);
#8370 = DIRECTION('',(0.,2.22044604925E-16,1.));
#8371 = PCURVE('',#2412,#8372);
#8372 = DEFINITIONAL_REPRESENTATION('',(#8373),#8377);
#8373 = LINE('',#8374,#8375);
#8374 = CARTESIAN_POINT('',(4.546024882415,-2.948984979518));
#8375 = VECTOR('',#8376,1.);
#8376 = DIRECTION('',(1.,0.));
#8377 = ( GEOMETRIC_REPRESENTATION_CONTEXT(2) 
PARAMETRIC_REPRESENTATION_CONTEXT() REPRESENTATION_CONTEXT('2D SPACE',''
  ) );
#8378 = PCURVE('',#8379,#8384);
#8379 = PLANE('',#8380);
#8380 = AXIS2_PLACEMENT_3D('',#8381,#8382,#8383);
#8381 = CARTESIAN_POINT('',(9.658707536101,35.281315430132,
    44.375959641936));
#8382 = DIRECTION('',(0.,-1.,2.22044604925E-16));
#8383 = DIRECTION('',(1.,0.,0.));
#8384 = DEFINITIONAL_REPRESENTATION('',(#8385),#8389);
#8385 = LINE('',#8386,#8387);
#8386 = CARTESIAN_POINT('',(-3.873846250062,-6.567227182846E-16));
#8387 = VECTOR('',#8388,1.);
#8388 = DIRECTION('',(0.,1.));
#8389 = ( GEOMETRIC_REPRESENTATION_CONTEXT(2) 
PARAMETRIC_REPRESENTATION_CONTEXT() REPRESENTATION_CONTEXT('2D SPACE',''
  ) );
#8390 = ORIENTED_EDGE('',*,*,#8391,.F.);
#8391 = EDGE_CURVE('',#2396,#8364,#8392,.T.);
#8392 = SURFACE_CURVE('',#8393,(#8397,#8404),.PCURVE_S1.);
#8393 = LINE('',#8394,#8395);
#8394 = CARTESIAN_POINT('',(5.784861286039,38.23030040965,
    48.921984524351));
#8395 = VECTOR('',#8396,1.);
#8396 = DIRECTION('',(0.,-1.,2.22044604925E-16));
#8397 = PCURVE('',#2412,#8398);
#8398 = DEFINITIONAL_REPRESENTATION('',(#8399),#8403);
#8399 = LINE('',#8400,#8401);
#8400 = CARTESIAN_POINT('',(9.092049764831,0.));
#8401 = VECTOR('',#8402,1.);
#8402 = DIRECTION('',(0.,-1.));
#8403 = ( GEOMETRIC_REPRESENTATION_CONTEXT(2) 
PARAMETRIC_REPRESENTATION_CONTEXT() REPRESENTATION_CONTEXT('2D SPACE',''
  ) );
#8404 = PCURVE('',#2444,#8405);
#8405 = DEFINITIONAL_REPRESENTATION('',(#8406),#8410);
#8406 = LINE('',#8407,#8408);
#8407 = CARTESIAN_POINT('',(0.,0.));
#8408 = VECTOR('',#8409,1.);
#8409 = DIRECTION('',(0.,-1.));
#8410 = ( GEOMETRIC_REPRESENTATION_CONTEXT(2) 
PARAMETRIC_REPRESENTATION_CONTEXT() REPRESENTATION_CONTEXT('2D SPACE',''
  ) );
#8411 = ADVANCED_FACE('',(#8412),#2619,.F.);
#8412 = FACE_BOUND('',#8413,.F.);
#8413 = EDGE_LOOP('',(#8414,#8415,#8438,#8464));
#8414 = ORIENTED_EDGE('',*,*,#2600,.F.);
#8415 = ORIENTED_EDGE('',*,*,#8416,.T.);
#8416 = EDGE_CURVE('',#2575,#8417,#8419,.T.);
#8417 = VERTEX_POINT('',#8418);
#8418 = CARTESIAN_POINT('',(6.379399292411,35.281315430132,
    39.235396753148));
#8419 = SURFACE_CURVE('',#8420,(#8424,#8431),.PCURVE_S1.);
#8420 = LINE('',#8421,#8422);
#8421 = CARTESIAN_POINT('',(6.379399292411,38.23030040965,
    39.235396753148));
#8422 = VECTOR('',#8423,1.);
#8423 = DIRECTION('',(0.,-1.,2.22044604925E-16));
#8424 = PCURVE('',#2619,#8425);
#8425 = DEFINITIONAL_REPRESENTATION('',(#8426),#8430);
#8426 = LINE('',#8427,#8428);
#8427 = CARTESIAN_POINT('',(4.712388980385,0.));
#8428 = VECTOR('',#8429,1.);
#8429 = DIRECTION('',(0.,-1.));
#8430 = ( GEOMETRIC_REPRESENTATION_CONTEXT(2) 
PARAMETRIC_REPRESENTATION_CONTEXT() REPRESENTATION_CONTEXT('2D SPACE',''
  ) );
#8431 = PCURVE('',#2589,#8432);
#8432 = DEFINITIONAL_REPRESENTATION('',(#8433),#8437);
#8433 = LINE('',#8434,#8435);
#8434 = CARTESIAN_POINT('',(3.552713678801E-15,0.));
#8435 = VECTOR('',#8436,1.);
#8436 = DIRECTION('',(0.,-1.));
#8437 = ( GEOMETRIC_REPRESENTATION_CONTEXT(2) 
PARAMETRIC_REPRESENTATION_CONTEXT() REPRESENTATION_CONTEXT('2D SPACE',''
  ) );
#8438 = ORIENTED_EDGE('',*,*,#8439,.T.);
#8439 = EDGE_CURVE('',#8417,#8341,#8440,.T.);
#8440 = SURFACE_CURVE('',#8441,(#8446,#8453),.PCURVE_S1.);
#8441 = CIRCLE('',#8442,0.594538006372);
#8442 = AXIS2_PLACEMENT_3D('',#8443,#8444,#8445);
#8443 = CARTESIAN_POINT('',(6.379399292411,35.281315430132,
    39.829934759521));
#8444 = DIRECTION('',(0.,1.,-2.22044604925E-16));
#8445 = DIRECTION('',(-1.,0.,0.));
#8446 = PCURVE('',#2619,#8447);
#8447 = DEFINITIONAL_REPRESENTATION('',(#8448),#8452);
#8448 = LINE('',#8449,#8450);
#8449 = CARTESIAN_POINT('',(0.,-2.948984979518));
#8450 = VECTOR('',#8451,1.);
#8451 = DIRECTION('',(1.,0.));
#8452 = ( GEOMETRIC_REPRESENTATION_CONTEXT(2) 
PARAMETRIC_REPRESENTATION_CONTEXT() REPRESENTATION_CONTEXT('2D SPACE',''
  ) );
#8453 = PCURVE('',#8379,#8454);
#8454 = DEFINITIONAL_REPRESENTATION('',(#8455),#8463);
#8455 = ( BOUNDED_CURVE() B_SPLINE_CURVE(2,(#8456,#8457,#8458,#8459,
#8460,#8461,#8462),.UNSPECIFIED.,.T.,.F.) B_SPLINE_CURVE_WITH_KNOTS((1,2
    ,2,2,2,1),(-2.094395102393,0.,2.094395102393,4.188790204786,
6.28318530718,8.377580409573),.UNSPECIFIED.) CURVE() 
GEOMETRIC_REPRESENTATION_ITEM() RATIONAL_B_SPLINE_CURVE((1.,0.5,1.,0.5,
1.,0.5,1.)) REPRESENTATION_ITEM('') );
#8456 = CARTESIAN_POINT('',(-3.873846250062,-4.546024882415));
#8457 = CARTESIAN_POINT('',(-3.873846250062,-3.516254848348));
#8458 = CARTESIAN_POINT('',(-2.982039240503,-4.031139865382));
#8459 = CARTESIAN_POINT('',(-2.090232230945,-4.546024882415));
#8460 = CARTESIAN_POINT('',(-2.982039240503,-5.060909899449));
#8461 = CARTESIAN_POINT('',(-3.873846250062,-5.575794916483));
#8462 = CARTESIAN_POINT('',(-3.873846250062,-4.546024882415));
#8463 = ( GEOMETRIC_REPRESENTATION_CONTEXT(2) 
PARAMETRIC_REPRESENTATION_CONTEXT() REPRESENTATION_CONTEXT('2D SPACE',''
  ) );
#8464 = ORIENTED_EDGE('',*,*,#8340,.F.);
#8465 = ADVANCED_FACE('',(#8466),#2589,.T.);
#8466 = FACE_BOUND('',#8467,.T.);
#8467 = EDGE_LOOP('',(#8468,#8469,#8470,#8493));
#8468 = ORIENTED_EDGE('',*,*,#2574,.T.);
#8469 = ORIENTED_EDGE('',*,*,#8416,.T.);
#8470 = ORIENTED_EDGE('',*,*,#8471,.T.);
#8471 = EDGE_CURVE('',#8417,#8472,#8474,.T.);
#8472 = VERTEX_POINT('',#8473);
#8473 = CARTESIAN_POINT('',(12.938015746267,35.281315430132,
    39.235396753148));
#8474 = SURFACE_CURVE('',#8475,(#8479,#8486),.PCURVE_S1.);
#8475 = LINE('',#8476,#8477);
#8476 = CARTESIAN_POINT('',(9.658707551596,35.281315430132,
    39.235396753148));
#8477 = VECTOR('',#8478,1.);
#8478 = DIRECTION('',(1.,0.,0.));
#8479 = PCURVE('',#2589,#8480);
#8480 = DEFINITIONAL_REPRESENTATION('',(#8481),#8485);
#8481 = LINE('',#8482,#8483);
#8482 = CARTESIAN_POINT('',(3.279308259184,-2.948984979518));
#8483 = VECTOR('',#8484,1.);
#8484 = DIRECTION('',(1.,0.));
#8485 = ( GEOMETRIC_REPRESENTATION_CONTEXT(2) 
PARAMETRIC_REPRESENTATION_CONTEXT() REPRESENTATION_CONTEXT('2D SPACE',''
  ) );
#8486 = PCURVE('',#8379,#8487);
#8487 = DEFINITIONAL_REPRESENTATION('',(#8488),#8492);
#8488 = LINE('',#8489,#8490);
#8489 = CARTESIAN_POINT('',(1.5495019256E-08,-5.140562888788));
#8490 = VECTOR('',#8491,1.);
#8491 = DIRECTION('',(1.,0.));
#8492 = ( GEOMETRIC_REPRESENTATION_CONTEXT(2) 
PARAMETRIC_REPRESENTATION_CONTEXT() REPRESENTATION_CONTEXT('2D SPACE',''
  ) );
#8493 = ORIENTED_EDGE('',*,*,#8494,.F.);
#8494 = EDGE_CURVE('',#2542,#8472,#8495,.T.);
#8495 = SURFACE_CURVE('',#8496,(#8500,#8507),.PCURVE_S1.);
#8496 = LINE('',#8497,#8498);
#8497 = CARTESIAN_POINT('',(12.938015746267,38.23030040965,
    39.235396753148));
#8498 = VECTOR('',#8499,1.);
#8499 = DIRECTION('',(0.,-1.,2.22044604925E-16));
#8500 = PCURVE('',#2589,#8501);
#8501 = DEFINITIONAL_REPRESENTATION('',(#8502),#8506);
#8502 = LINE('',#8503,#8504);
#8503 = CARTESIAN_POINT('',(6.558616453856,0.));
#8504 = VECTOR('',#8505,1.);
#8505 = DIRECTION('',(0.,-1.));
#8506 = ( GEOMETRIC_REPRESENTATION_CONTEXT(2) 
PARAMETRIC_REPRESENTATION_CONTEXT() REPRESENTATION_CONTEXT('2D SPACE',''
  ) );
#8507 = PCURVE('',#2562,#8508);
#8508 = DEFINITIONAL_REPRESENTATION('',(#8509),#8513);
#8509 = LINE('',#8510,#8511);
#8510 = CARTESIAN_POINT('',(4.712388980385,0.));
#8511 = VECTOR('',#8512,1.);
#8512 = DIRECTION('',(0.,-1.));
#8513 = ( GEOMETRIC_REPRESENTATION_CONTEXT(2) 
PARAMETRIC_REPRESENTATION_CONTEXT() REPRESENTATION_CONTEXT('2D SPACE',''
  ) );
#8514 = ADVANCED_FACE('',(#8515),#2562,.F.);
#8515 = FACE_BOUND('',#8516,.F.);
#8516 = EDGE_LOOP('',(#8517,#8518,#8541,#8567));
#8517 = ORIENTED_EDGE('',*,*,#2541,.F.);
#8518 = ORIENTED_EDGE('',*,*,#8519,.T.);
#8519 = EDGE_CURVE('',#2516,#8520,#8522,.T.);
#8520 = VERTEX_POINT('',#8521);
#8521 = CARTESIAN_POINT('',(13.532553784896,35.281315430132,
    39.829934759521));
#8522 = SURFACE_CURVE('',#8523,(#8527,#8534),.PCURVE_S1.);
#8523 = LINE('',#8524,#8525);
#8524 = CARTESIAN_POINT('',(13.532553784896,38.23030040965,
    39.829934759521));
#8525 = VECTOR('',#8526,1.);
#8526 = DIRECTION('',(0.,-1.,2.22044604925E-16));
#8527 = PCURVE('',#2562,#8528);
#8528 = DEFINITIONAL_REPRESENTATION('',(#8529),#8533);
#8529 = LINE('',#8530,#8531);
#8530 = CARTESIAN_POINT('',(3.14159265359,0.));
#8531 = VECTOR('',#8532,1.);
#8532 = DIRECTION('',(0.,-1.));
#8533 = ( GEOMETRIC_REPRESENTATION_CONTEXT(2) 
PARAMETRIC_REPRESENTATION_CONTEXT() REPRESENTATION_CONTEXT('2D SPACE',''
  ) );
#8534 = PCURVE('',#2530,#8535);
#8535 = DEFINITIONAL_REPRESENTATION('',(#8536),#8540);
#8536 = LINE('',#8537,#8538);
#8537 = CARTESIAN_POINT('',(0.,0.));
#8538 = VECTOR('',#8539,1.);
#8539 = DIRECTION('',(0.,-1.));
#8540 = ( GEOMETRIC_REPRESENTATION_CONTEXT(2) 
PARAMETRIC_REPRESENTATION_CONTEXT() REPRESENTATION_CONTEXT('2D SPACE',''
  ) );
#8541 = ORIENTED_EDGE('',*,*,#8542,.T.);
#8542 = EDGE_CURVE('',#8520,#8472,#8543,.T.);
#8543 = SURFACE_CURVE('',#8544,(#8549,#8556),.PCURVE_S1.);
#8544 = CIRCLE('',#8545,0.594538006372);
#8545 = AXIS2_PLACEMENT_3D('',#8546,#8547,#8548);
#8546 = CARTESIAN_POINT('',(12.938015746267,35.281315430132,
    39.829934759521));
#8547 = DIRECTION('',(0.,1.,-2.22044604925E-16));
#8548 = DIRECTION('',(-1.,0.,0.));
#8549 = PCURVE('',#2562,#8550);
#8550 = DEFINITIONAL_REPRESENTATION('',(#8551),#8555);
#8551 = LINE('',#8552,#8553);
#8552 = CARTESIAN_POINT('',(0.,-2.948984979518));
#8553 = VECTOR('',#8554,1.);
#8554 = DIRECTION('',(1.,0.));
#8555 = ( GEOMETRIC_REPRESENTATION_CONTEXT(2) 
PARAMETRIC_REPRESENTATION_CONTEXT() REPRESENTATION_CONTEXT('2D SPACE',''
  ) );
#8556 = PCURVE('',#8379,#8557);
#8557 = DEFINITIONAL_REPRESENTATION('',(#8558),#8566);
#8558 = ( BOUNDED_CURVE() B_SPLINE_CURVE(2,(#8559,#8560,#8561,#8562,
#8563,#8564,#8565),.UNSPECIFIED.,.T.,.F.) B_SPLINE_CURVE_WITH_KNOTS((1,2
    ,2,2,2,1),(-2.094395102393,0.,2.094395102393,4.188790204786,
6.28318530718,8.377580409573),.UNSPECIFIED.) CURVE() 
GEOMETRIC_REPRESENTATION_ITEM() RATIONAL_B_SPLINE_CURVE((1.,0.5,1.,0.5,
1.,0.5,1.)) REPRESENTATION_ITEM('') );
#8559 = CARTESIAN_POINT('',(2.684770203794,-4.546024882415));
#8560 = CARTESIAN_POINT('',(2.684770203794,-3.516254848348));
#8561 = CARTESIAN_POINT('',(3.576577213353,-4.031139865382));
#8562 = CARTESIAN_POINT('',(4.468384222911,-4.546024882415));
#8563 = CARTESIAN_POINT('',(3.576577213353,-5.060909899449));
#8564 = CARTESIAN_POINT('',(2.684770203794,-5.575794916483));
#8565 = CARTESIAN_POINT('',(2.684770203794,-4.546024882415));
#8566 = ( GEOMETRIC_REPRESENTATION_CONTEXT(2) 
PARAMETRIC_REPRESENTATION_CONTEXT() REPRESENTATION_CONTEXT('2D SPACE',''
  ) );
#8567 = ORIENTED_EDGE('',*,*,#8494,.F.);
#8568 = ADVANCED_FACE('',(#8569),#2530,.T.);
#8569 = FACE_BOUND('',#8570,.T.);
#8570 = EDGE_LOOP('',(#8571,#8572,#8573,#8596));
#8571 = ORIENTED_EDGE('',*,*,#2515,.T.);
#8572 = ORIENTED_EDGE('',*,*,#8519,.T.);
#8573 = ORIENTED_EDGE('',*,*,#8574,.T.);
#8574 = EDGE_CURVE('',#8520,#8575,#8577,.T.);
#8575 = VERTEX_POINT('',#8576);
#8576 = CARTESIAN_POINT('',(13.532553784896,35.281315430132,
    48.921984524351));
#8577 = SURFACE_CURVE('',#8578,(#8582,#8589),.PCURVE_S1.);
#8578 = LINE('',#8579,#8580);
#8579 = CARTESIAN_POINT('',(13.532553817152,35.281315430132,
    44.375959641936));
#8580 = VECTOR('',#8581,1.);
#8581 = DIRECTION('',(0.,2.22044604925E-16,1.));
#8582 = PCURVE('',#2530,#8583);
#8583 = DEFINITIONAL_REPRESENTATION('',(#8584),#8588);
#8584 = LINE('',#8585,#8586);
#8585 = CARTESIAN_POINT('',(4.546024882415,-2.948984979518));
#8586 = VECTOR('',#8587,1.);
#8587 = DIRECTION('',(1.,0.));
#8588 = ( GEOMETRIC_REPRESENTATION_CONTEXT(2) 
PARAMETRIC_REPRESENTATION_CONTEXT() REPRESENTATION_CONTEXT('2D SPACE',''
  ) );
#8589 = PCURVE('',#8379,#8590);
#8590 = DEFINITIONAL_REPRESENTATION('',(#8591),#8595);
#8591 = LINE('',#8592,#8593);
#8592 = CARTESIAN_POINT('',(3.873846281052,-6.567227182846E-16));
#8593 = VECTOR('',#8594,1.);
#8594 = DIRECTION('',(0.,1.));
#8595 = ( GEOMETRIC_REPRESENTATION_CONTEXT(2) 
PARAMETRIC_REPRESENTATION_CONTEXT() REPRESENTATION_CONTEXT('2D SPACE',''
  ) );
#8596 = ORIENTED_EDGE('',*,*,#8597,.F.);
#8597 = EDGE_CURVE('',#2483,#8575,#8598,.T.);
#8598 = SURFACE_CURVE('',#8599,(#8603,#8610),.PCURVE_S1.);
#8599 = LINE('',#8600,#8601);
#8600 = CARTESIAN_POINT('',(13.532553784896,38.23030040965,
    48.921984524351));
#8601 = VECTOR('',#8602,1.);
#8602 = DIRECTION('',(0.,-1.,2.22044604925E-16));
#8603 = PCURVE('',#2530,#8604);
#8604 = DEFINITIONAL_REPRESENTATION('',(#8605),#8609);
#8605 = LINE('',#8606,#8607);
#8606 = CARTESIAN_POINT('',(9.092049764831,0.));
#8607 = VECTOR('',#8608,1.);
#8608 = DIRECTION('',(0.,-1.));
#8609 = ( GEOMETRIC_REPRESENTATION_CONTEXT(2) 
PARAMETRIC_REPRESENTATION_CONTEXT() REPRESENTATION_CONTEXT('2D SPACE',''
  ) );
#8610 = PCURVE('',#2503,#8611);
#8611 = DEFINITIONAL_REPRESENTATION('',(#8612),#8616);
#8612 = LINE('',#8613,#8614);
#8613 = CARTESIAN_POINT('',(3.14159265359,0.));
#8614 = VECTOR('',#8615,1.);
#8615 = DIRECTION('',(0.,-1.));
#8616 = ( GEOMETRIC_REPRESENTATION_CONTEXT(2) 
PARAMETRIC_REPRESENTATION_CONTEXT() REPRESENTATION_CONTEXT('2D SPACE',''
  ) );
#8617 = ADVANCED_FACE('',(#8618),#2503,.F.);
#8618 = FACE_BOUND('',#8619,.F.);
#8619 = EDGE_LOOP('',(#8620,#8621,#8644,#8670));
#8620 = ORIENTED_EDGE('',*,*,#2482,.F.);
#8621 = ORIENTED_EDGE('',*,*,#8622,.T.);
#8622 = EDGE_CURVE('',#2457,#8623,#8625,.T.);
#8623 = VERTEX_POINT('',#8624);
#8624 = CARTESIAN_POINT('',(12.938015746267,35.281315430132,
    49.516522530724));
#8625 = SURFACE_CURVE('',#8626,(#8630,#8637),.PCURVE_S1.);
#8626 = LINE('',#8627,#8628);
#8627 = CARTESIAN_POINT('',(12.938015746267,38.23030040965,
    49.516522530724));
#8628 = VECTOR('',#8629,1.);
#8629 = DIRECTION('',(0.,-1.,2.22044604925E-16));
#8630 = PCURVE('',#2503,#8631);
#8631 = DEFINITIONAL_REPRESENTATION('',(#8632),#8636);
#8632 = LINE('',#8633,#8634);
#8633 = CARTESIAN_POINT('',(1.570796326795,0.));
#8634 = VECTOR('',#8635,1.);
#8635 = DIRECTION('',(0.,-1.));
#8636 = ( GEOMETRIC_REPRESENTATION_CONTEXT(2) 
PARAMETRIC_REPRESENTATION_CONTEXT() REPRESENTATION_CONTEXT('2D SPACE',''
  ) );
#8637 = PCURVE('',#2471,#8638);
#8638 = DEFINITIONAL_REPRESENTATION('',(#8639),#8643);
#8639 = LINE('',#8640,#8641);
#8640 = CARTESIAN_POINT('',(6.558616453856,0.));
#8641 = VECTOR('',#8642,1.);
#8642 = DIRECTION('',(0.,-1.));
#8643 = ( GEOMETRIC_REPRESENTATION_CONTEXT(2) 
PARAMETRIC_REPRESENTATION_CONTEXT() REPRESENTATION_CONTEXT('2D SPACE',''
  ) );
#8644 = ORIENTED_EDGE('',*,*,#8645,.T.);
#8645 = EDGE_CURVE('',#8623,#8575,#8646,.T.);
#8646 = SURFACE_CURVE('',#8647,(#8652,#8659),.PCURVE_S1.);
#8647 = CIRCLE('',#8648,0.594538006372);
#8648 = AXIS2_PLACEMENT_3D('',#8649,#8650,#8651);
#8649 = CARTESIAN_POINT('',(12.938015746267,35.281315430132,
    48.921984524351));
#8650 = DIRECTION('',(0.,1.,-2.22044604925E-16));
#8651 = DIRECTION('',(-1.,0.,0.));
#8652 = PCURVE('',#2503,#8653);
#8653 = DEFINITIONAL_REPRESENTATION('',(#8654),#8658);
#8654 = LINE('',#8655,#8656);
#8655 = CARTESIAN_POINT('',(0.,-2.948984979518));
#8656 = VECTOR('',#8657,1.);
#8657 = DIRECTION('',(1.,0.));
#8658 = ( GEOMETRIC_REPRESENTATION_CONTEXT(2) 
PARAMETRIC_REPRESENTATION_CONTEXT() REPRESENTATION_CONTEXT('2D SPACE',''
  ) );
#8659 = PCURVE('',#8379,#8660);
#8660 = DEFINITIONAL_REPRESENTATION('',(#8661),#8669);
#8661 = ( BOUNDED_CURVE() B_SPLINE_CURVE(2,(#8662,#8663,#8664,#8665,
#8666,#8667,#8668),.UNSPECIFIED.,.T.,.F.) B_SPLINE_CURVE_WITH_KNOTS((1,2
    ,2,2,2,1),(-2.094395102393,0.,2.094395102393,4.188790204786,
6.28318530718,8.377580409573),.UNSPECIFIED.) CURVE() 
GEOMETRIC_REPRESENTATION_ITEM() RATIONAL_B_SPLINE_CURVE((1.,0.5,1.,0.5,
1.,0.5,1.)) REPRESENTATION_ITEM('') );
#8662 = CARTESIAN_POINT('',(2.684770203794,4.546024882415));
#8663 = CARTESIAN_POINT('',(2.684770203794,5.575794916483));
#8664 = CARTESIAN_POINT('',(3.576577213353,5.060909899449));
#8665 = CARTESIAN_POINT('',(4.468384222911,4.546024882415));
#8666 = CARTESIAN_POINT('',(3.576577213353,4.031139865382));
#8667 = CARTESIAN_POINT('',(2.684770203794,3.516254848348));
#8668 = CARTESIAN_POINT('',(2.684770203794,4.546024882415));
#8669 = ( GEOMETRIC_REPRESENTATION_CONTEXT(2) 
PARAMETRIC_REPRESENTATION_CONTEXT() REPRESENTATION_CONTEXT('2D SPACE',''
  ) );
#8670 = ORIENTED_EDGE('',*,*,#8597,.F.);
#8671 = ADVANCED_FACE('',(#8672),#2471,.F.);
#8672 = FACE_BOUND('',#8673,.F.);
#8673 = EDGE_LOOP('',(#8674,#8675,#8698,#8719));
#8674 = ORIENTED_EDGE('',*,*,#2456,.T.);
#8675 = ORIENTED_EDGE('',*,*,#8676,.T.);
#8676 = EDGE_CURVE('',#2424,#8677,#8679,.T.);
#8677 = VERTEX_POINT('',#8678);
#8678 = CARTESIAN_POINT('',(6.379399292411,35.281315430132,
    49.516522530724));
#8679 = SURFACE_CURVE('',#8680,(#8684,#8691),.PCURVE_S1.);
#8680 = LINE('',#8681,#8682);
#8681 = CARTESIAN_POINT('',(6.379399292411,38.23030040965,
    49.516522530724));
#8682 = VECTOR('',#8683,1.);
#8683 = DIRECTION('',(0.,-1.,2.22044604925E-16));
#8684 = PCURVE('',#2471,#8685);
#8685 = DEFINITIONAL_REPRESENTATION('',(#8686),#8690);
#8686 = LINE('',#8687,#8688);
#8687 = CARTESIAN_POINT('',(3.552713678801E-15,0.));
#8688 = VECTOR('',#8689,1.);
#8689 = DIRECTION('',(0.,-1.));
#8690 = ( GEOMETRIC_REPRESENTATION_CONTEXT(2) 
PARAMETRIC_REPRESENTATION_CONTEXT() REPRESENTATION_CONTEXT('2D SPACE',''
  ) );
#8691 = PCURVE('',#2444,#8692);
#8692 = DEFINITIONAL_REPRESENTATION('',(#8693),#8697);
#8693 = LINE('',#8694,#8695);
#8694 = CARTESIAN_POINT('',(1.570796326795,0.));
#8695 = VECTOR('',#8696,1.);
#8696 = DIRECTION('',(0.,-1.));
#8697 = ( GEOMETRIC_REPRESENTATION_CONTEXT(2) 
PARAMETRIC_REPRESENTATION_CONTEXT() REPRESENTATION_CONTEXT('2D SPACE',''
  ) );
#8698 = ORIENTED_EDGE('',*,*,#8699,.T.);
#8699 = EDGE_CURVE('',#8677,#8623,#8700,.T.);
#8700 = SURFACE_CURVE('',#8701,(#8705,#8712),.PCURVE_S1.);
#8701 = LINE('',#8702,#8703);
#8702 = CARTESIAN_POINT('',(9.658707551596,35.281315430132,
    49.516522530724));
#8703 = VECTOR('',#8704,1.);
#8704 = DIRECTION('',(1.,0.,0.));
#8705 = PCURVE('',#2471,#8706);
#8706 = DEFINITIONAL_REPRESENTATION('',(#8707),#8711);
#8707 = LINE('',#8708,#8709);
#8708 = CARTESIAN_POINT('',(3.279308259184,-2.948984979518));
#8709 = VECTOR('',#8710,1.);
#8710 = DIRECTION('',(1.,0.));
#8711 = ( GEOMETRIC_REPRESENTATION_CONTEXT(2) 
PARAMETRIC_REPRESENTATION_CONTEXT() REPRESENTATION_CONTEXT('2D SPACE',''
  ) );
#8712 = PCURVE('',#8379,#8713);
#8713 = DEFINITIONAL_REPRESENTATION('',(#8714),#8718);
#8714 = LINE('',#8715,#8716);
#8715 = CARTESIAN_POINT('',(1.5495019256E-08,5.140562888788));
#8716 = VECTOR('',#8717,1.);
#8717 = DIRECTION('',(1.,0.));
#8718 = ( GEOMETRIC_REPRESENTATION_CONTEXT(2) 
PARAMETRIC_REPRESENTATION_CONTEXT() REPRESENTATION_CONTEXT('2D SPACE',''
  ) );
#8719 = ORIENTED_EDGE('',*,*,#8622,.F.);
#8720 = ADVANCED_FACE('',(#8721),#2444,.F.);
#8721 = FACE_BOUND('',#8722,.F.);
#8722 = EDGE_LOOP('',(#8723,#8724,#8725,#8751));
#8723 = ORIENTED_EDGE('',*,*,#2423,.F.);
#8724 = ORIENTED_EDGE('',*,*,#8391,.T.);
#8725 = ORIENTED_EDGE('',*,*,#8726,.T.);
#8726 = EDGE_CURVE('',#8364,#8677,#8727,.T.);
#8727 = SURFACE_CURVE('',#8728,(#8733,#8740),.PCURVE_S1.);
#8728 = CIRCLE('',#8729,0.594538006372);
#8729 = AXIS2_PLACEMENT_3D('',#8730,#8731,#8732);
#8730 = CARTESIAN_POINT('',(6.379399292411,35.281315430132,
    48.921984524351));
#8731 = DIRECTION('',(0.,1.,-2.22044604925E-16));
#8732 = DIRECTION('',(-1.,0.,0.));
#8733 = PCURVE('',#2444,#8734);
#8734 = DEFINITIONAL_REPRESENTATION('',(#8735),#8739);
#8735 = LINE('',#8736,#8737);
#8736 = CARTESIAN_POINT('',(0.,-2.948984979518));
#8737 = VECTOR('',#8738,1.);
#8738 = DIRECTION('',(1.,0.));
#8739 = ( GEOMETRIC_REPRESENTATION_CONTEXT(2) 
PARAMETRIC_REPRESENTATION_CONTEXT() REPRESENTATION_CONTEXT('2D SPACE',''
  ) );
#8740 = PCURVE('',#8379,#8741);
#8741 = DEFINITIONAL_REPRESENTATION('',(#8742),#8750);
#8742 = ( BOUNDED_CURVE() B_SPLINE_CURVE(2,(#8743,#8744,#8745,#8746,
#8747,#8748,#8749),.UNSPECIFIED.,.T.,.F.) B_SPLINE_CURVE_WITH_KNOTS((1,2
    ,2,2,2,1),(-2.094395102393,0.,2.094395102393,4.188790204786,
6.28318530718,8.377580409573),.UNSPECIFIED.) CURVE() 
GEOMETRIC_REPRESENTATION_ITEM() RATIONAL_B_SPLINE_CURVE((1.,0.5,1.,0.5,
1.,0.5,1.)) REPRESENTATION_ITEM('') );
#8743 = CARTESIAN_POINT('',(-3.873846250062,4.546024882415));
#8744 = CARTESIAN_POINT('',(-3.873846250062,5.575794916483));
#8745 = CARTESIAN_POINT('',(-2.982039240503,5.060909899449));
#8746 = CARTESIAN_POINT('',(-2.090232230945,4.546024882415));
#8747 = CARTESIAN_POINT('',(-2.982039240503,4.031139865382));
#8748 = CARTESIAN_POINT('',(-3.873846250062,3.516254848348));
#8749 = CARTESIAN_POINT('',(-3.873846250062,4.546024882415));
#8750 = ( GEOMETRIC_REPRESENTATION_CONTEXT(2) 
PARAMETRIC_REPRESENTATION_CONTEXT() REPRESENTATION_CONTEXT('2D SPACE',''
  ) );
#8751 = ORIENTED_EDGE('',*,*,#8676,.F.);
#8752 = ADVANCED_FACE('',(#8753),#2650,.F.);
#8753 = FACE_BOUND('',#8754,.F.);
#8754 = EDGE_LOOP('',(#8755,#8756,#8779,#8807));
#8755 = ORIENTED_EDGE('',*,*,#2633,.T.);
#8756 = ORIENTED_EDGE('',*,*,#8757,.T.);
#8757 = EDGE_CURVE('',#2636,#8758,#8760,.T.);
#8758 = VERTEX_POINT('',#8759);
#8759 = CARTESIAN_POINT('',(-13.53255381715,35.281315430132,
    52.022075557578));
#8760 = SURFACE_CURVE('',#8761,(#8765,#8772),.PCURVE_S1.);
#8761 = LINE('',#8762,#8763);
#8762 = CARTESIAN_POINT('',(-13.53255381715,38.23030040965,
    52.022075557579));
#8763 = VECTOR('',#8764,1.);
#8764 = DIRECTION('',(0.,-1.,2.22044604925E-16));
#8765 = PCURVE('',#2650,#8766);
#8766 = DEFINITIONAL_REPRESENTATION('',(#8767),#8771);
#8767 = LINE('',#8768,#8769);
#8768 = CARTESIAN_POINT('',(0.,0.));
#8769 = VECTOR('',#8770,1.);
#8770 = DIRECTION('',(0.,-1.));
#8771 = ( GEOMETRIC_REPRESENTATION_CONTEXT(2) 
PARAMETRIC_REPRESENTATION_CONTEXT() REPRESENTATION_CONTEXT('2D SPACE',''
  ) );
#8772 = PCURVE('',#2857,#8773);
#8773 = DEFINITIONAL_REPRESENTATION('',(#8774),#8778);
#8774 = LINE('',#8775,#8776);
#8775 = CARTESIAN_POINT('',(6.28318530718,0.));
#8776 = VECTOR('',#8777,1.);
#8777 = DIRECTION('',(0.,-1.));
#8778 = ( GEOMETRIC_REPRESENTATION_CONTEXT(2) 
PARAMETRIC_REPRESENTATION_CONTEXT() REPRESENTATION_CONTEXT('2D SPACE',''
  ) );
#8779 = ORIENTED_EDGE('',*,*,#8780,.T.);
#8780 = EDGE_CURVE('',#8758,#8781,#8783,.T.);
#8781 = VERTEX_POINT('',#8782);
#8782 = CARTESIAN_POINT('',(-13.53255381715,35.281315430132,
    61.114125322409));
#8783 = SURFACE_CURVE('',#8784,(#8788,#8795),.PCURVE_S1.);
#8784 = LINE('',#8785,#8786);
#8785 = CARTESIAN_POINT('',(-13.53255381715,35.281315430132,
    56.568100439994));
#8786 = VECTOR('',#8787,1.);
#8787 = DIRECTION('',(0.,2.22044604925E-16,1.));
#8788 = PCURVE('',#2650,#8789);
#8789 = DEFINITIONAL_REPRESENTATION('',(#8790),#8794);
#8790 = LINE('',#8791,#8792);
#8791 = CARTESIAN_POINT('',(4.546024882415,-2.948984979518));
#8792 = VECTOR('',#8793,1.);
#8793 = DIRECTION('',(1.,0.));
#8794 = ( GEOMETRIC_REPRESENTATION_CONTEXT(2) 
PARAMETRIC_REPRESENTATION_CONTEXT() REPRESENTATION_CONTEXT('2D SPACE',''
  ) );
#8795 = PCURVE('',#8796,#8801);
#8796 = PLANE('',#8797);
#8797 = AXIS2_PLACEMENT_3D('',#8798,#8799,#8800);
#8798 = CARTESIAN_POINT('',(-9.658707567091,35.281315430132,
    56.568100439994));
#8799 = DIRECTION('',(0.,-1.,2.22044604925E-16));
#8800 = DIRECTION('',(1.,0.,0.));
#8801 = DEFINITIONAL_REPRESENTATION('',(#8802),#8806);
#8802 = LINE('',#8803,#8804);
#8803 = CARTESIAN_POINT('',(-3.873846250062,-6.567227182846E-16));
#8804 = VECTOR('',#8805,1.);
#8805 = DIRECTION('',(0.,1.));
#8806 = ( GEOMETRIC_REPRESENTATION_CONTEXT(2) 
PARAMETRIC_REPRESENTATION_CONTEXT() REPRESENTATION_CONTEXT('2D SPACE',''
  ) );
#8807 = ORIENTED_EDGE('',*,*,#8808,.F.);
#8808 = EDGE_CURVE('',#2634,#8781,#8809,.T.);
#8809 = SURFACE_CURVE('',#8810,(#8814,#8821),.PCURVE_S1.);
#8810 = LINE('',#8811,#8812);
#8811 = CARTESIAN_POINT('',(-13.53255381715,38.23030040965,
    61.114125322409));
#8812 = VECTOR('',#8813,1.);
#8813 = DIRECTION('',(0.,-1.,2.22044604925E-16));
#8814 = PCURVE('',#2650,#8815);
#8815 = DEFINITIONAL_REPRESENTATION('',(#8816),#8820);
#8816 = LINE('',#8817,#8818);
#8817 = CARTESIAN_POINT('',(9.092049764831,0.));
#8818 = VECTOR('',#8819,1.);
#8819 = DIRECTION('',(0.,-1.));
#8820 = ( GEOMETRIC_REPRESENTATION_CONTEXT(2) 
PARAMETRIC_REPRESENTATION_CONTEXT() REPRESENTATION_CONTEXT('2D SPACE',''
  ) );
#8821 = PCURVE('',#2682,#8822);
#8822 = DEFINITIONAL_REPRESENTATION('',(#8823),#8827);
#8823 = LINE('',#8824,#8825);
#8824 = CARTESIAN_POINT('',(0.,0.));
#8825 = VECTOR('',#8826,1.);
#8826 = DIRECTION('',(0.,-1.));
#8827 = ( GEOMETRIC_REPRESENTATION_CONTEXT(2) 
PARAMETRIC_REPRESENTATION_CONTEXT() REPRESENTATION_CONTEXT('2D SPACE',''
  ) );
#8828 = ADVANCED_FACE('',(#8829),#2857,.F.);
#8829 = FACE_BOUND('',#8830,.F.);
#8830 = EDGE_LOOP('',(#8831,#8832,#8855,#8881));
#8831 = ORIENTED_EDGE('',*,*,#2838,.F.);
#8832 = ORIENTED_EDGE('',*,*,#8833,.T.);
#8833 = EDGE_CURVE('',#2813,#8834,#8836,.T.);
#8834 = VERTEX_POINT('',#8835);
#8835 = CARTESIAN_POINT('',(-12.93801581078,35.281315430132,
    51.427537551206));
#8836 = SURFACE_CURVE('',#8837,(#8841,#8848),.PCURVE_S1.);
#8837 = LINE('',#8838,#8839);
#8838 = CARTESIAN_POINT('',(-12.93801581078,38.23030040965,
    51.427537551206));
#8839 = VECTOR('',#8840,1.);
#8840 = DIRECTION('',(0.,-1.,2.22044604925E-16));
#8841 = PCURVE('',#2857,#8842);
#8842 = DEFINITIONAL_REPRESENTATION('',(#8843),#8847);
#8843 = LINE('',#8844,#8845);
#8844 = CARTESIAN_POINT('',(4.712388980385,0.));
#8845 = VECTOR('',#8846,1.);
#8846 = DIRECTION('',(0.,-1.));
#8847 = ( GEOMETRIC_REPRESENTATION_CONTEXT(2) 
PARAMETRIC_REPRESENTATION_CONTEXT() REPRESENTATION_CONTEXT('2D SPACE',''
  ) );
#8848 = PCURVE('',#2827,#8849);
#8849 = DEFINITIONAL_REPRESENTATION('',(#8850),#8854);
#8850 = LINE('',#8851,#8852);
#8851 = CARTESIAN_POINT('',(0.,0.));
#8852 = VECTOR('',#8853,1.);
#8853 = DIRECTION('',(0.,-1.));
#8854 = ( GEOMETRIC_REPRESENTATION_CONTEXT(2) 
PARAMETRIC_REPRESENTATION_CONTEXT() REPRESENTATION_CONTEXT('2D SPACE',''
  ) );
#8855 = ORIENTED_EDGE('',*,*,#8856,.T.);
#8856 = EDGE_CURVE('',#8834,#8758,#8857,.T.);
#8857 = SURFACE_CURVE('',#8858,(#8863,#8870),.PCURVE_S1.);
#8858 = CIRCLE('',#8859,0.594538006372);
#8859 = AXIS2_PLACEMENT_3D('',#8860,#8861,#8862);
#8860 = CARTESIAN_POINT('',(-12.93801581078,35.281315430132,
    52.022075557578));
#8861 = DIRECTION('',(0.,1.,-2.22044604925E-16));
#8862 = DIRECTION('',(-1.,0.,0.));
#8863 = PCURVE('',#2857,#8864);
#8864 = DEFINITIONAL_REPRESENTATION('',(#8865),#8869);
#8865 = LINE('',#8866,#8867);
#8866 = CARTESIAN_POINT('',(0.,-2.948984979518));
#8867 = VECTOR('',#8868,1.);
#8868 = DIRECTION('',(1.,0.));
#8869 = ( GEOMETRIC_REPRESENTATION_CONTEXT(2) 
PARAMETRIC_REPRESENTATION_CONTEXT() REPRESENTATION_CONTEXT('2D SPACE',''
  ) );
#8870 = PCURVE('',#8796,#8871);
#8871 = DEFINITIONAL_REPRESENTATION('',(#8872),#8880);
#8872 = ( BOUNDED_CURVE() B_SPLINE_CURVE(2,(#8873,#8874,#8875,#8876,
#8877,#8878,#8879),.UNSPECIFIED.,.T.,.F.) B_SPLINE_CURVE_WITH_KNOTS((1,2
    ,2,2,2,1),(-2.094395102393,0.,2.094395102393,4.188790204786,
6.28318530718,8.377580409573),.UNSPECIFIED.) CURVE() 
GEOMETRIC_REPRESENTATION_ITEM() RATIONAL_B_SPLINE_CURVE((1.,0.5,1.,0.5,
1.,0.5,1.)) REPRESENTATION_ITEM('') );
#8873 = CARTESIAN_POINT('',(-3.873846250062,-4.546024882415));
#8874 = CARTESIAN_POINT('',(-3.873846250062,-3.516254848348));
#8875 = CARTESIAN_POINT('',(-2.982039240503,-4.031139865382));
#8876 = CARTESIAN_POINT('',(-2.090232230945,-4.546024882415));
#8877 = CARTESIAN_POINT('',(-2.982039240503,-5.060909899449));
#8878 = CARTESIAN_POINT('',(-3.873846250062,-5.575794916483));
#8879 = CARTESIAN_POINT('',(-3.873846250062,-4.546024882415));
#8880 = ( GEOMETRIC_REPRESENTATION_CONTEXT(2) 
PARAMETRIC_REPRESENTATION_CONTEXT() REPRESENTATION_CONTEXT('2D SPACE',''
  ) );
#8881 = ORIENTED_EDGE('',*,*,#8757,.F.);
#8882 = ADVANCED_FACE('',(#8883),#2827,.T.);
#8883 = FACE_BOUND('',#8884,.T.);
#8884 = EDGE_LOOP('',(#8885,#8886,#8887,#8910));
#8885 = ORIENTED_EDGE('',*,*,#2812,.T.);
#8886 = ORIENTED_EDGE('',*,*,#8833,.T.);
#8887 = ORIENTED_EDGE('',*,*,#8888,.T.);
#8888 = EDGE_CURVE('',#8834,#8889,#8891,.T.);
#8889 = VERTEX_POINT('',#8890);
#8890 = CARTESIAN_POINT('',(-6.379399356924,35.281315430132,
    51.427537551206));
#8891 = SURFACE_CURVE('',#8892,(#8896,#8903),.PCURVE_S1.);
#8892 = LINE('',#8893,#8894);
#8893 = CARTESIAN_POINT('',(-9.658707551596,35.281315430132,
    51.427537551206));
#8894 = VECTOR('',#8895,1.);
#8895 = DIRECTION('',(1.,0.,0.));
#8896 = PCURVE('',#2827,#8897);
#8897 = DEFINITIONAL_REPRESENTATION('',(#8898),#8902);
#8898 = LINE('',#8899,#8900);
#8899 = CARTESIAN_POINT('',(3.279308259184,-2.948984979518));
#8900 = VECTOR('',#8901,1.);
#8901 = DIRECTION('',(1.,0.));
#8902 = ( GEOMETRIC_REPRESENTATION_CONTEXT(2) 
PARAMETRIC_REPRESENTATION_CONTEXT() REPRESENTATION_CONTEXT('2D SPACE',''
  ) );
#8903 = PCURVE('',#8796,#8904);
#8904 = DEFINITIONAL_REPRESENTATION('',(#8905),#8909);
#8905 = LINE('',#8906,#8907);
#8906 = CARTESIAN_POINT('',(1.5495019256E-08,-5.140562888788));
#8907 = VECTOR('',#8908,1.);
#8908 = DIRECTION('',(1.,0.));
#8909 = ( GEOMETRIC_REPRESENTATION_CONTEXT(2) 
PARAMETRIC_REPRESENTATION_CONTEXT() REPRESENTATION_CONTEXT('2D SPACE',''
  ) );
#8910 = ORIENTED_EDGE('',*,*,#8911,.F.);
#8911 = EDGE_CURVE('',#2780,#8889,#8912,.T.);
#8912 = SURFACE_CURVE('',#8913,(#8917,#8924),.PCURVE_S1.);
#8913 = LINE('',#8914,#8915);
#8914 = CARTESIAN_POINT('',(-6.379399356924,38.23030040965,
    51.427537551206));
#8915 = VECTOR('',#8916,1.);
#8916 = DIRECTION('',(0.,-1.,2.22044604925E-16));
#8917 = PCURVE('',#2827,#8918);
#8918 = DEFINITIONAL_REPRESENTATION('',(#8919),#8923);
#8919 = LINE('',#8920,#8921);
#8920 = CARTESIAN_POINT('',(6.558616453856,0.));
#8921 = VECTOR('',#8922,1.);
#8922 = DIRECTION('',(0.,-1.));
#8923 = ( GEOMETRIC_REPRESENTATION_CONTEXT(2) 
PARAMETRIC_REPRESENTATION_CONTEXT() REPRESENTATION_CONTEXT('2D SPACE',''
  ) );
#8924 = PCURVE('',#2800,#8925);
#8925 = DEFINITIONAL_REPRESENTATION('',(#8926),#8930);
#8926 = LINE('',#8927,#8928);
#8927 = CARTESIAN_POINT('',(4.712388980385,0.));
#8928 = VECTOR('',#8929,1.);
#8929 = DIRECTION('',(0.,-1.));
#8930 = ( GEOMETRIC_REPRESENTATION_CONTEXT(2) 
PARAMETRIC_REPRESENTATION_CONTEXT() REPRESENTATION_CONTEXT('2D SPACE',''
  ) );
#8931 = ADVANCED_FACE('',(#8932),#2800,.F.);
#8932 = FACE_BOUND('',#8933,.F.);
#8933 = EDGE_LOOP('',(#8934,#8935,#8958,#8984));
#8934 = ORIENTED_EDGE('',*,*,#2779,.F.);
#8935 = ORIENTED_EDGE('',*,*,#8936,.T.);
#8936 = EDGE_CURVE('',#2754,#8937,#8939,.T.);
#8937 = VERTEX_POINT('',#8938);
#8938 = CARTESIAN_POINT('',(-5.784861318295,35.281315430132,
    52.022075557578));
#8939 = SURFACE_CURVE('',#8940,(#8944,#8951),.PCURVE_S1.);
#8940 = LINE('',#8941,#8942);
#8941 = CARTESIAN_POINT('',(-5.784861318295,38.23030040965,
    52.022075557579));
#8942 = VECTOR('',#8943,1.);
#8943 = DIRECTION('',(0.,-1.,2.22044604925E-16));
#8944 = PCURVE('',#2800,#8945);
#8945 = DEFINITIONAL_REPRESENTATION('',(#8946),#8950);
#8946 = LINE('',#8947,#8948);
#8947 = CARTESIAN_POINT('',(3.14159265359,0.));
#8948 = VECTOR('',#8949,1.);
#8949 = DIRECTION('',(0.,-1.));
#8950 = ( GEOMETRIC_REPRESENTATION_CONTEXT(2) 
PARAMETRIC_REPRESENTATION_CONTEXT() REPRESENTATION_CONTEXT('2D SPACE',''
  ) );
#8951 = PCURVE('',#2768,#8952);
#8952 = DEFINITIONAL_REPRESENTATION('',(#8953),#8957);
#8953 = LINE('',#8954,#8955);
#8954 = CARTESIAN_POINT('',(0.,0.));
#8955 = VECTOR('',#8956,1.);
#8956 = DIRECTION('',(0.,-1.));
#8957 = ( GEOMETRIC_REPRESENTATION_CONTEXT(2) 
PARAMETRIC_REPRESENTATION_CONTEXT() REPRESENTATION_CONTEXT('2D SPACE',''
  ) );
#8958 = ORIENTED_EDGE('',*,*,#8959,.T.);
#8959 = EDGE_CURVE('',#8937,#8889,#8960,.T.);
#8960 = SURFACE_CURVE('',#8961,(#8966,#8973),.PCURVE_S1.);
#8961 = CIRCLE('',#8962,0.594538006372);
#8962 = AXIS2_PLACEMENT_3D('',#8963,#8964,#8965);
#8963 = CARTESIAN_POINT('',(-6.379399356924,35.281315430132,
    52.022075557578));
#8964 = DIRECTION('',(0.,1.,-2.22044604925E-16));
#8965 = DIRECTION('',(-1.,0.,0.));
#8966 = PCURVE('',#2800,#8967);
#8967 = DEFINITIONAL_REPRESENTATION('',(#8968),#8972);
#8968 = LINE('',#8969,#8970);
#8969 = CARTESIAN_POINT('',(0.,-2.948984979518));
#8970 = VECTOR('',#8971,1.);
#8971 = DIRECTION('',(1.,0.));
#8972 = ( GEOMETRIC_REPRESENTATION_CONTEXT(2) 
PARAMETRIC_REPRESENTATION_CONTEXT() REPRESENTATION_CONTEXT('2D SPACE',''
  ) );
#8973 = PCURVE('',#8796,#8974);
#8974 = DEFINITIONAL_REPRESENTATION('',(#8975),#8983);
#8975 = ( BOUNDED_CURVE() B_SPLINE_CURVE(2,(#8976,#8977,#8978,#8979,
#8980,#8981,#8982),.UNSPECIFIED.,.T.,.F.) B_SPLINE_CURVE_WITH_KNOTS((1,2
    ,2,2,2,1),(-2.094395102393,0.,2.094395102393,4.188790204786,
6.28318530718,8.377580409573),.UNSPECIFIED.) CURVE() 
GEOMETRIC_REPRESENTATION_ITEM() RATIONAL_B_SPLINE_CURVE((1.,0.5,1.,0.5,
1.,0.5,1.)) REPRESENTATION_ITEM('') );
#8976 = CARTESIAN_POINT('',(2.684770203794,-4.546024882415));
#8977 = CARTESIAN_POINT('',(2.684770203794,-3.516254848348));
#8978 = CARTESIAN_POINT('',(3.576577213353,-4.031139865382));
#8979 = CARTESIAN_POINT('',(4.468384222911,-4.546024882415));
#8980 = CARTESIAN_POINT('',(3.576577213353,-5.060909899449));
#8981 = CARTESIAN_POINT('',(2.684770203794,-5.575794916483));
#8982 = CARTESIAN_POINT('',(2.684770203794,-4.546024882415));
#8983 = ( GEOMETRIC_REPRESENTATION_CONTEXT(2) 
PARAMETRIC_REPRESENTATION_CONTEXT() REPRESENTATION_CONTEXT('2D SPACE',''
  ) );
#8984 = ORIENTED_EDGE('',*,*,#8911,.F.);
#8985 = ADVANCED_FACE('',(#8986),#2768,.T.);
#8986 = FACE_BOUND('',#8987,.T.);
#8987 = EDGE_LOOP('',(#8988,#8989,#8990,#9013));
#8988 = ORIENTED_EDGE('',*,*,#2753,.T.);
#8989 = ORIENTED_EDGE('',*,*,#8936,.T.);
#8990 = ORIENTED_EDGE('',*,*,#8991,.T.);
#8991 = EDGE_CURVE('',#8937,#8992,#8994,.T.);
#8992 = VERTEX_POINT('',#8993);
#8993 = CARTESIAN_POINT('',(-5.784861318295,35.281315430132,
    61.114125322409));
#8994 = SURFACE_CURVE('',#8995,(#8999,#9006),.PCURVE_S1.);
#8995 = LINE('',#8996,#8997);
#8996 = CARTESIAN_POINT('',(-5.784861286039,35.281315430132,
    56.568100439994));
#8997 = VECTOR('',#8998,1.);
#8998 = DIRECTION('',(0.,2.22044604925E-16,1.));
#8999 = PCURVE('',#2768,#9000);
#9000 = DEFINITIONAL_REPRESENTATION('',(#9001),#9005);
#9001 = LINE('',#9002,#9003);
#9002 = CARTESIAN_POINT('',(4.546024882415,-2.948984979518));
#9003 = VECTOR('',#9004,1.);
#9004 = DIRECTION('',(1.,0.));
#9005 = ( GEOMETRIC_REPRESENTATION_CONTEXT(2) 
PARAMETRIC_REPRESENTATION_CONTEXT() REPRESENTATION_CONTEXT('2D SPACE',''
  ) );
#9006 = PCURVE('',#8796,#9007);
#9007 = DEFINITIONAL_REPRESENTATION('',(#9008),#9012);
#9008 = LINE('',#9009,#9010);
#9009 = CARTESIAN_POINT('',(3.873846281052,-6.567227182846E-16));
#9010 = VECTOR('',#9011,1.);
#9011 = DIRECTION('',(0.,1.));
#9012 = ( GEOMETRIC_REPRESENTATION_CONTEXT(2) 
PARAMETRIC_REPRESENTATION_CONTEXT() REPRESENTATION_CONTEXT('2D SPACE',''
  ) );
#9013 = ORIENTED_EDGE('',*,*,#9014,.F.);
#9014 = EDGE_CURVE('',#2721,#8992,#9015,.T.);
#9015 = SURFACE_CURVE('',#9016,(#9020,#9027),.PCURVE_S1.);
#9016 = LINE('',#9017,#9018);
#9017 = CARTESIAN_POINT('',(-5.784861318295,38.23030040965,
    61.114125322409));
#9018 = VECTOR('',#9019,1.);
#9019 = DIRECTION('',(0.,-1.,2.22044604925E-16));
#9020 = PCURVE('',#2768,#9021);
#9021 = DEFINITIONAL_REPRESENTATION('',(#9022),#9026);
#9022 = LINE('',#9023,#9024);
#9023 = CARTESIAN_POINT('',(9.092049764831,0.));
#9024 = VECTOR('',#9025,1.);
#9025 = DIRECTION('',(0.,-1.));
#9026 = ( GEOMETRIC_REPRESENTATION_CONTEXT(2) 
PARAMETRIC_REPRESENTATION_CONTEXT() REPRESENTATION_CONTEXT('2D SPACE',''
  ) );
#9027 = PCURVE('',#2741,#9028);
#9028 = DEFINITIONAL_REPRESENTATION('',(#9029),#9033);
#9029 = LINE('',#9030,#9031);
#9030 = CARTESIAN_POINT('',(3.14159265359,0.));
#9031 = VECTOR('',#9032,1.);
#9032 = DIRECTION('',(0.,-1.));
#9033 = ( GEOMETRIC_REPRESENTATION_CONTEXT(2) 
PARAMETRIC_REPRESENTATION_CONTEXT() REPRESENTATION_CONTEXT('2D SPACE',''
  ) );
#9034 = ADVANCED_FACE('',(#9035),#2741,.F.);
#9035 = FACE_BOUND('',#9036,.F.);
#9036 = EDGE_LOOP('',(#9037,#9038,#9061,#9087));
#9037 = ORIENTED_EDGE('',*,*,#2720,.F.);
#9038 = ORIENTED_EDGE('',*,*,#9039,.T.);
#9039 = EDGE_CURVE('',#2695,#9040,#9042,.T.);
#9040 = VERTEX_POINT('',#9041);
#9041 = CARTESIAN_POINT('',(-6.379399356924,35.281315430132,
    61.708663328782));
#9042 = SURFACE_CURVE('',#9043,(#9047,#9054),.PCURVE_S1.);
#9043 = LINE('',#9044,#9045);
#9044 = CARTESIAN_POINT('',(-6.379399356924,38.23030040965,
    61.708663328782));
#9045 = VECTOR('',#9046,1.);
#9046 = DIRECTION('',(0.,-1.,2.22044604925E-16));
#9047 = PCURVE('',#2741,#9048);
#9048 = DEFINITIONAL_REPRESENTATION('',(#9049),#9053);
#9049 = LINE('',#9050,#9051);
#9050 = CARTESIAN_POINT('',(1.570796326795,0.));
#9051 = VECTOR('',#9052,1.);
#9052 = DIRECTION('',(0.,-1.));
#9053 = ( GEOMETRIC_REPRESENTATION_CONTEXT(2) 
PARAMETRIC_REPRESENTATION_CONTEXT() REPRESENTATION_CONTEXT('2D SPACE',''
  ) );
#9054 = PCURVE('',#2709,#9055);
#9055 = DEFINITIONAL_REPRESENTATION('',(#9056),#9060);
#9056 = LINE('',#9057,#9058);
#9057 = CARTESIAN_POINT('',(6.558616453856,0.));
#9058 = VECTOR('',#9059,1.);
#9059 = DIRECTION('',(0.,-1.));
#9060 = ( GEOMETRIC_REPRESENTATION_CONTEXT(2) 
PARAMETRIC_REPRESENTATION_CONTEXT() REPRESENTATION_CONTEXT('2D SPACE',''
  ) );
#9061 = ORIENTED_EDGE('',*,*,#9062,.T.);
#9062 = EDGE_CURVE('',#9040,#8992,#9063,.T.);
#9063 = SURFACE_CURVE('',#9064,(#9069,#9076),.PCURVE_S1.);
#9064 = CIRCLE('',#9065,0.594538006372);
#9065 = AXIS2_PLACEMENT_3D('',#9066,#9067,#9068);
#9066 = CARTESIAN_POINT('',(-6.379399356924,35.281315430132,
    61.114125322409));
#9067 = DIRECTION('',(0.,1.,-2.22044604925E-16));
#9068 = DIRECTION('',(-1.,0.,0.));
#9069 = PCURVE('',#2741,#9070);
#9070 = DEFINITIONAL_REPRESENTATION('',(#9071),#9075);
#9071 = LINE('',#9072,#9073);
#9072 = CARTESIAN_POINT('',(0.,-2.948984979518));
#9073 = VECTOR('',#9074,1.);
#9074 = DIRECTION('',(1.,0.));
#9075 = ( GEOMETRIC_REPRESENTATION_CONTEXT(2) 
PARAMETRIC_REPRESENTATION_CONTEXT() REPRESENTATION_CONTEXT('2D SPACE',''
  ) );
#9076 = PCURVE('',#8796,#9077);
#9077 = DEFINITIONAL_REPRESENTATION('',(#9078),#9086);
#9078 = ( BOUNDED_CURVE() B_SPLINE_CURVE(2,(#9079,#9080,#9081,#9082,
#9083,#9084,#9085),.UNSPECIFIED.,.T.,.F.) B_SPLINE_CURVE_WITH_KNOTS((1,2
    ,2,2,2,1),(-2.094395102393,0.,2.094395102393,4.188790204786,
6.28318530718,8.377580409573),.UNSPECIFIED.) CURVE() 
GEOMETRIC_REPRESENTATION_ITEM() RATIONAL_B_SPLINE_CURVE((1.,0.5,1.,0.5,
1.,0.5,1.)) REPRESENTATION_ITEM('') );
#9079 = CARTESIAN_POINT('',(2.684770203794,4.546024882415));
#9080 = CARTESIAN_POINT('',(2.684770203794,5.575794916483));
#9081 = CARTESIAN_POINT('',(3.576577213353,5.060909899449));
#9082 = CARTESIAN_POINT('',(4.468384222911,4.546024882415));
#9083 = CARTESIAN_POINT('',(3.576577213353,4.031139865382));
#9084 = CARTESIAN_POINT('',(2.684770203794,3.516254848348));
#9085 = CARTESIAN_POINT('',(2.684770203794,4.546024882415));
#9086 = ( GEOMETRIC_REPRESENTATION_CONTEXT(2) 
PARAMETRIC_REPRESENTATION_CONTEXT() REPRESENTATION_CONTEXT('2D SPACE',''
  ) );
#9087 = ORIENTED_EDGE('',*,*,#9014,.F.);
#9088 = ADVANCED_FACE('',(#9089),#2709,.F.);
#9089 = FACE_BOUND('',#9090,.F.);
#9090 = EDGE_LOOP('',(#9091,#9092,#9115,#9136));
#9091 = ORIENTED_EDGE('',*,*,#2694,.T.);
#9092 = ORIENTED_EDGE('',*,*,#9093,.T.);
#9093 = EDGE_CURVE('',#2662,#9094,#9096,.T.);
#9094 = VERTEX_POINT('',#9095);
#9095 = CARTESIAN_POINT('',(-12.93801581078,35.281315430132,
    61.708663328782));
#9096 = SURFACE_CURVE('',#9097,(#9101,#9108),.PCURVE_S1.);
#9097 = LINE('',#9098,#9099);
#9098 = CARTESIAN_POINT('',(-12.93801581078,38.23030040965,
    61.708663328782));
#9099 = VECTOR('',#9100,1.);
#9100 = DIRECTION('',(0.,-1.,2.22044604925E-16));
#9101 = PCURVE('',#2709,#9102);
#9102 = DEFINITIONAL_REPRESENTATION('',(#9103),#9107);
#9103 = LINE('',#9104,#9105);
#9104 = CARTESIAN_POINT('',(0.,0.));
#9105 = VECTOR('',#9106,1.);
#9106 = DIRECTION('',(0.,-1.));
#9107 = ( GEOMETRIC_REPRESENTATION_CONTEXT(2) 
PARAMETRIC_REPRESENTATION_CONTEXT() REPRESENTATION_CONTEXT('2D SPACE',''
  ) );
#9108 = PCURVE('',#2682,#9109);
#9109 = DEFINITIONAL_REPRESENTATION('',(#9110),#9114);
#9110 = LINE('',#9111,#9112);
#9111 = CARTESIAN_POINT('',(1.570796326795,0.));
#9112 = VECTOR('',#9113,1.);
#9113 = DIRECTION('',(0.,-1.));
#9114 = ( GEOMETRIC_REPRESENTATION_CONTEXT(2) 
PARAMETRIC_REPRESENTATION_CONTEXT() REPRESENTATION_CONTEXT('2D SPACE',''
  ) );
#9115 = ORIENTED_EDGE('',*,*,#9116,.T.);
#9116 = EDGE_CURVE('',#9094,#9040,#9117,.T.);
#9117 = SURFACE_CURVE('',#9118,(#9122,#9129),.PCURVE_S1.);
#9118 = LINE('',#9119,#9120);
#9119 = CARTESIAN_POINT('',(-9.658707551596,35.281315430132,
    61.708663328782));
#9120 = VECTOR('',#9121,1.);
#9121 = DIRECTION('',(1.,0.,0.));
#9122 = PCURVE('',#2709,#9123);
#9123 = DEFINITIONAL_REPRESENTATION('',(#9124),#9128);
#9124 = LINE('',#9125,#9126);
#9125 = CARTESIAN_POINT('',(3.279308259184,-2.948984979518));
#9126 = VECTOR('',#9127,1.);
#9127 = DIRECTION('',(1.,0.));
#9128 = ( GEOMETRIC_REPRESENTATION_CONTEXT(2) 
PARAMETRIC_REPRESENTATION_CONTEXT() REPRESENTATION_CONTEXT('2D SPACE',''
  ) );
#9129 = PCURVE('',#8796,#9130);
#9130 = DEFINITIONAL_REPRESENTATION('',(#9131),#9135);
#9131 = LINE('',#9132,#9133);
#9132 = CARTESIAN_POINT('',(1.5495019256E-08,5.140562888788));
#9133 = VECTOR('',#9134,1.);
#9134 = DIRECTION('',(1.,0.));
#9135 = ( GEOMETRIC_REPRESENTATION_CONTEXT(2) 
PARAMETRIC_REPRESENTATION_CONTEXT() REPRESENTATION_CONTEXT('2D SPACE',''
  ) );
#9136 = ORIENTED_EDGE('',*,*,#9039,.F.);
#9137 = ADVANCED_FACE('',(#9138),#2682,.F.);
#9138 = FACE_BOUND('',#9139,.F.);
#9139 = EDGE_LOOP('',(#9140,#9141,#9142,#9168));
#9140 = ORIENTED_EDGE('',*,*,#2661,.F.);
#9141 = ORIENTED_EDGE('',*,*,#8808,.T.);
#9142 = ORIENTED_EDGE('',*,*,#9143,.T.);
#9143 = EDGE_CURVE('',#8781,#9094,#9144,.T.);
#9144 = SURFACE_CURVE('',#9145,(#9150,#9157),.PCURVE_S1.);
#9145 = CIRCLE('',#9146,0.594538006372);
#9146 = AXIS2_PLACEMENT_3D('',#9147,#9148,#9149);
#9147 = CARTESIAN_POINT('',(-12.93801581078,35.281315430132,
    61.114125322409));
#9148 = DIRECTION('',(0.,1.,-2.22044604925E-16));
#9149 = DIRECTION('',(-1.,0.,0.));
#9150 = PCURVE('',#2682,#9151);
#9151 = DEFINITIONAL_REPRESENTATION('',(#9152),#9156);
#9152 = LINE('',#9153,#9154);
#9153 = CARTESIAN_POINT('',(0.,-2.948984979518));
#9154 = VECTOR('',#9155,1.);
#9155 = DIRECTION('',(1.,0.));
#9156 = ( GEOMETRIC_REPRESENTATION_CONTEXT(2) 
PARAMETRIC_REPRESENTATION_CONTEXT() REPRESENTATION_CONTEXT('2D SPACE',''
  ) );
#9157 = PCURVE('',#8796,#9158);
#9158 = DEFINITIONAL_REPRESENTATION('',(#9159),#9167);
#9159 = ( BOUNDED_CURVE() B_SPLINE_CURVE(2,(#9160,#9161,#9162,#9163,
#9164,#9165,#9166),.UNSPECIFIED.,.T.,.F.) B_SPLINE_CURVE_WITH_KNOTS((1,2
    ,2,2,2,1),(-2.094395102393,0.,2.094395102393,4.188790204786,
6.28318530718,8.377580409573),.UNSPECIFIED.) CURVE() 
GEOMETRIC_REPRESENTATION_ITEM() RATIONAL_B_SPLINE_CURVE((1.,0.5,1.,0.5,
1.,0.5,1.)) REPRESENTATION_ITEM('') );
#9160 = CARTESIAN_POINT('',(-3.873846250062,4.546024882415));
#9161 = CARTESIAN_POINT('',(-3.873846250062,5.575794916483));
#9162 = CARTESIAN_POINT('',(-2.982039240503,5.060909899449));
#9163 = CARTESIAN_POINT('',(-2.090232230945,4.546024882415));
#9164 = CARTESIAN_POINT('',(-2.982039240503,4.031139865382));
#9165 = CARTESIAN_POINT('',(-3.873846250062,3.516254848348));
#9166 = CARTESIAN_POINT('',(-3.873846250062,4.546024882415));
#9167 = ( GEOMETRIC_REPRESENTATION_CONTEXT(2) 
PARAMETRIC_REPRESENTATION_CONTEXT() REPRESENTATION_CONTEXT('2D SPACE',''
  ) );
#9168 = ORIENTED_EDGE('',*,*,#9093,.F.);
#9169 = ADVANCED_FACE('',(#9170),#2888,.F.);
#9170 = FACE_BOUND('',#9171,.F.);
#9171 = EDGE_LOOP('',(#9172,#9173,#9196,#9224));
#9172 = ORIENTED_EDGE('',*,*,#2871,.T.);
#9173 = ORIENTED_EDGE('',*,*,#9174,.T.);
#9174 = EDGE_CURVE('',#2874,#9175,#9177,.T.);
#9175 = VERTEX_POINT('',#9176);
#9176 = CARTESIAN_POINT('',(-13.53255381715,35.281315430132,
    64.214216355636));
#9177 = SURFACE_CURVE('',#9178,(#9182,#9189),.PCURVE_S1.);
#9178 = LINE('',#9179,#9180);
#9179 = CARTESIAN_POINT('',(-13.53255381715,38.23030040965,
    64.214216355636));
#9180 = VECTOR('',#9181,1.);
#9181 = DIRECTION('',(0.,-1.,2.22044604925E-16));
#9182 = PCURVE('',#2888,#9183);
#9183 = DEFINITIONAL_REPRESENTATION('',(#9184),#9188);
#9184 = LINE('',#9185,#9186);
#9185 = CARTESIAN_POINT('',(0.,0.));
#9186 = VECTOR('',#9187,1.);
#9187 = DIRECTION('',(0.,-1.));
#9188 = ( GEOMETRIC_REPRESENTATION_CONTEXT(2) 
PARAMETRIC_REPRESENTATION_CONTEXT() REPRESENTATION_CONTEXT('2D SPACE',''
  ) );
#9189 = PCURVE('',#3095,#9190);
#9190 = DEFINITIONAL_REPRESENTATION('',(#9191),#9195);
#9191 = LINE('',#9192,#9193);
#9192 = CARTESIAN_POINT('',(6.28318530718,0.));
#9193 = VECTOR('',#9194,1.);
#9194 = DIRECTION('',(0.,-1.));
#9195 = ( GEOMETRIC_REPRESENTATION_CONTEXT(2) 
PARAMETRIC_REPRESENTATION_CONTEXT() REPRESENTATION_CONTEXT('2D SPACE',''
  ) );
#9196 = ORIENTED_EDGE('',*,*,#9197,.T.);
#9197 = EDGE_CURVE('',#9175,#9198,#9200,.T.);
#9198 = VERTEX_POINT('',#9199);
#9199 = CARTESIAN_POINT('',(-13.53255381715,35.281315430132,
    73.306266120467));
#9200 = SURFACE_CURVE('',#9201,(#9205,#9212),.PCURVE_S1.);
#9201 = LINE('',#9202,#9203);
#9202 = CARTESIAN_POINT('',(-13.53255381715,35.281315430132,
    68.760241238052));
#9203 = VECTOR('',#9204,1.);
#9204 = DIRECTION('',(0.,2.22044604925E-16,1.));
#9205 = PCURVE('',#2888,#9206);
#9206 = DEFINITIONAL_REPRESENTATION('',(#9207),#9211);
#9207 = LINE('',#9208,#9209);
#9208 = CARTESIAN_POINT('',(4.546024882415,-2.948984979518));
#9209 = VECTOR('',#9210,1.);
#9210 = DIRECTION('',(1.,0.));
#9211 = ( GEOMETRIC_REPRESENTATION_CONTEXT(2) 
PARAMETRIC_REPRESENTATION_CONTEXT() REPRESENTATION_CONTEXT('2D SPACE',''
  ) );
#9212 = PCURVE('',#9213,#9218);
#9213 = PLANE('',#9214);
#9214 = AXIS2_PLACEMENT_3D('',#9215,#9216,#9217);
#9215 = CARTESIAN_POINT('',(-9.658707567091,35.281315430132,
    68.760241238052));
#9216 = DIRECTION('',(0.,-1.,2.22044604925E-16));
#9217 = DIRECTION('',(1.,0.,0.));
#9218 = DEFINITIONAL_REPRESENTATION('',(#9219),#9223);
#9219 = LINE('',#9220,#9221);
#9220 = CARTESIAN_POINT('',(-3.873846250062,-6.567227182846E-16));
#9221 = VECTOR('',#9222,1.);
#9222 = DIRECTION('',(0.,1.));
#9223 = ( GEOMETRIC_REPRESENTATION_CONTEXT(2) 
PARAMETRIC_REPRESENTATION_CONTEXT() REPRESENTATION_CONTEXT('2D SPACE',''
  ) );
#9224 = ORIENTED_EDGE('',*,*,#9225,.F.);
#9225 = EDGE_CURVE('',#2872,#9198,#9226,.T.);
#9226 = SURFACE_CURVE('',#9227,(#9231,#9238),.PCURVE_S1.);
#9227 = LINE('',#9228,#9229);
#9228 = CARTESIAN_POINT('',(-13.53255381715,38.23030040965,
    73.306266120467));
#9229 = VECTOR('',#9230,1.);
#9230 = DIRECTION('',(0.,-1.,2.22044604925E-16));
#9231 = PCURVE('',#2888,#9232);
#9232 = DEFINITIONAL_REPRESENTATION('',(#9233),#9237);
#9233 = LINE('',#9234,#9235);
#9234 = CARTESIAN_POINT('',(9.092049764831,0.));
#9235 = VECTOR('',#9236,1.);
#9236 = DIRECTION('',(0.,-1.));
#9237 = ( GEOMETRIC_REPRESENTATION_CONTEXT(2) 
PARAMETRIC_REPRESENTATION_CONTEXT() REPRESENTATION_CONTEXT('2D SPACE',''
  ) );
#9238 = PCURVE('',#2920,#9239);
#9239 = DEFINITIONAL_REPRESENTATION('',(#9240),#9244);
#9240 = LINE('',#9241,#9242);
#9241 = CARTESIAN_POINT('',(0.,0.));
#9242 = VECTOR('',#9243,1.);
#9243 = DIRECTION('',(0.,-1.));
#9244 = ( GEOMETRIC_REPRESENTATION_CONTEXT(2) 
PARAMETRIC_REPRESENTATION_CONTEXT() REPRESENTATION_CONTEXT('2D SPACE',''
  ) );
#9245 = ADVANCED_FACE('',(#9246),#3095,.F.);
#9246 = FACE_BOUND('',#9247,.F.);
#9247 = EDGE_LOOP('',(#9248,#9249,#9272,#9298));
#9248 = ORIENTED_EDGE('',*,*,#3076,.F.);
#9249 = ORIENTED_EDGE('',*,*,#9250,.T.);
#9250 = EDGE_CURVE('',#3051,#9251,#9253,.T.);
#9251 = VERTEX_POINT('',#9252);
#9252 = CARTESIAN_POINT('',(-12.93801581078,35.281315430132,
    63.619678349264));
#9253 = SURFACE_CURVE('',#9254,(#9258,#9265),.PCURVE_S1.);
#9254 = LINE('',#9255,#9256);
#9255 = CARTESIAN_POINT('',(-12.93801581078,38.23030040965,
    63.619678349264));
#9256 = VECTOR('',#9257,1.);
#9257 = DIRECTION('',(0.,-1.,2.22044604925E-16));
#9258 = PCURVE('',#3095,#9259);
#9259 = DEFINITIONAL_REPRESENTATION('',(#9260),#9264);
#9260 = LINE('',#9261,#9262);
#9261 = CARTESIAN_POINT('',(4.712388980385,0.));
#9262 = VECTOR('',#9263,1.);
#9263 = DIRECTION('',(0.,-1.));
#9264 = ( GEOMETRIC_REPRESENTATION_CONTEXT(2) 
PARAMETRIC_REPRESENTATION_CONTEXT() REPRESENTATION_CONTEXT('2D SPACE',''
  ) );
#9265 = PCURVE('',#3065,#9266);
#9266 = DEFINITIONAL_REPRESENTATION('',(#9267),#9271);
#9267 = LINE('',#9268,#9269);
#9268 = CARTESIAN_POINT('',(0.,0.));
#9269 = VECTOR('',#9270,1.);
#9270 = DIRECTION('',(0.,-1.));
#9271 = ( GEOMETRIC_REPRESENTATION_CONTEXT(2) 
PARAMETRIC_REPRESENTATION_CONTEXT() REPRESENTATION_CONTEXT('2D SPACE',''
  ) );
#9272 = ORIENTED_EDGE('',*,*,#9273,.T.);
#9273 = EDGE_CURVE('',#9251,#9175,#9274,.T.);
#9274 = SURFACE_CURVE('',#9275,(#9280,#9287),.PCURVE_S1.);
#9275 = CIRCLE('',#9276,0.594538006372);
#9276 = AXIS2_PLACEMENT_3D('',#9277,#9278,#9279);
#9277 = CARTESIAN_POINT('',(-12.93801581078,35.281315430132,
    64.214216355636));
#9278 = DIRECTION('',(0.,1.,-2.22044604925E-16));
#9279 = DIRECTION('',(-1.,0.,0.));
#9280 = PCURVE('',#3095,#9281);
#9281 = DEFINITIONAL_REPRESENTATION('',(#9282),#9286);
#9282 = LINE('',#9283,#9284);
#9283 = CARTESIAN_POINT('',(0.,-2.948984979518));
#9284 = VECTOR('',#9285,1.);
#9285 = DIRECTION('',(1.,0.));
#9286 = ( GEOMETRIC_REPRESENTATION_CONTEXT(2) 
PARAMETRIC_REPRESENTATION_CONTEXT() REPRESENTATION_CONTEXT('2D SPACE',''
  ) );
#9287 = PCURVE('',#9213,#9288);
#9288 = DEFINITIONAL_REPRESENTATION('',(#9289),#9297);
#9289 = ( BOUNDED_CURVE() B_SPLINE_CURVE(2,(#9290,#9291,#9292,#9293,
#9294,#9295,#9296),.UNSPECIFIED.,.T.,.F.) B_SPLINE_CURVE_WITH_KNOTS((1,2
    ,2,2,2,1),(-2.094395102393,0.,2.094395102393,4.188790204786,
6.28318530718,8.377580409573),.UNSPECIFIED.) CURVE() 
GEOMETRIC_REPRESENTATION_ITEM() RATIONAL_B_SPLINE_CURVE((1.,0.5,1.,0.5,
1.,0.5,1.)) REPRESENTATION_ITEM('') );
#9290 = CARTESIAN_POINT('',(-3.873846250062,-4.546024882415));
#9291 = CARTESIAN_POINT('',(-3.873846250062,-3.516254848348));
#9292 = CARTESIAN_POINT('',(-2.982039240503,-4.031139865382));
#9293 = CARTESIAN_POINT('',(-2.090232230945,-4.546024882415));
#9294 = CARTESIAN_POINT('',(-2.982039240503,-5.060909899449));
#9295 = CARTESIAN_POINT('',(-3.873846250062,-5.575794916483));
#9296 = CARTESIAN_POINT('',(-3.873846250062,-4.546024882415));
#9297 = ( GEOMETRIC_REPRESENTATION_CONTEXT(2) 
PARAMETRIC_REPRESENTATION_CONTEXT() REPRESENTATION_CONTEXT('2D SPACE',''
  ) );
#9298 = ORIENTED_EDGE('',*,*,#9174,.F.);
#9299 = ADVANCED_FACE('',(#9300),#3065,.T.);
#9300 = FACE_BOUND('',#9301,.T.);
#9301 = EDGE_LOOP('',(#9302,#9303,#9304,#9327));
#9302 = ORIENTED_EDGE('',*,*,#3050,.T.);
#9303 = ORIENTED_EDGE('',*,*,#9250,.T.);
#9304 = ORIENTED_EDGE('',*,*,#9305,.T.);
#9305 = EDGE_CURVE('',#9251,#9306,#9308,.T.);
#9306 = VERTEX_POINT('',#9307);
#9307 = CARTESIAN_POINT('',(-6.379399356924,35.281315430132,
    63.619678349264));
#9308 = SURFACE_CURVE('',#9309,(#9313,#9320),.PCURVE_S1.);
#9309 = LINE('',#9310,#9311);
#9310 = CARTESIAN_POINT('',(-9.658707551596,35.281315430132,
    63.619678349264));
#9311 = VECTOR('',#9312,1.);
#9312 = DIRECTION('',(1.,0.,0.));
#9313 = PCURVE('',#3065,#9314);
#9314 = DEFINITIONAL_REPRESENTATION('',(#9315),#9319);
#9315 = LINE('',#9316,#9317);
#9316 = CARTESIAN_POINT('',(3.279308259184,-2.948984979518));
#9317 = VECTOR('',#9318,1.);
#9318 = DIRECTION('',(1.,0.));
#9319 = ( GEOMETRIC_REPRESENTATION_CONTEXT(2) 
PARAMETRIC_REPRESENTATION_CONTEXT() REPRESENTATION_CONTEXT('2D SPACE',''
  ) );
#9320 = PCURVE('',#9213,#9321);
#9321 = DEFINITIONAL_REPRESENTATION('',(#9322),#9326);
#9322 = LINE('',#9323,#9324);
#9323 = CARTESIAN_POINT('',(1.5495019256E-08,-5.140562888788));
#9324 = VECTOR('',#9325,1.);
#9325 = DIRECTION('',(1.,0.));
#9326 = ( GEOMETRIC_REPRESENTATION_CONTEXT(2) 
PARAMETRIC_REPRESENTATION_CONTEXT() REPRESENTATION_CONTEXT('2D SPACE',''
  ) );
#9327 = ORIENTED_EDGE('',*,*,#9328,.F.);
#9328 = EDGE_CURVE('',#3018,#9306,#9329,.T.);
#9329 = SURFACE_CURVE('',#9330,(#9334,#9341),.PCURVE_S1.);
#9330 = LINE('',#9331,#9332);
#9331 = CARTESIAN_POINT('',(-6.379399356924,38.23030040965,
    63.619678349264));
#9332 = VECTOR('',#9333,1.);
#9333 = DIRECTION('',(0.,-1.,2.22044604925E-16));
#9334 = PCURVE('',#3065,#9335);
#9335 = DEFINITIONAL_REPRESENTATION('',(#9336),#9340);
#9336 = LINE('',#9337,#9338);
#9337 = CARTESIAN_POINT('',(6.558616453856,0.));
#9338 = VECTOR('',#9339,1.);
#9339 = DIRECTION('',(0.,-1.));
#9340 = ( GEOMETRIC_REPRESENTATION_CONTEXT(2) 
PARAMETRIC_REPRESENTATION_CONTEXT() REPRESENTATION_CONTEXT('2D SPACE',''
  ) );
#9341 = PCURVE('',#3038,#9342);
#9342 = DEFINITIONAL_REPRESENTATION('',(#9343),#9347);
#9343 = LINE('',#9344,#9345);
#9344 = CARTESIAN_POINT('',(4.712388980385,0.));
#9345 = VECTOR('',#9346,1.);
#9346 = DIRECTION('',(0.,-1.));
#9347 = ( GEOMETRIC_REPRESENTATION_CONTEXT(2) 
PARAMETRIC_REPRESENTATION_CONTEXT() REPRESENTATION_CONTEXT('2D SPACE',''
  ) );
#9348 = ADVANCED_FACE('',(#9349),#3038,.F.);
#9349 = FACE_BOUND('',#9350,.F.);
#9350 = EDGE_LOOP('',(#9351,#9352,#9375,#9401));
#9351 = ORIENTED_EDGE('',*,*,#3017,.F.);
#9352 = ORIENTED_EDGE('',*,*,#9353,.T.);
#9353 = EDGE_CURVE('',#2992,#9354,#9356,.T.);
#9354 = VERTEX_POINT('',#9355);
#9355 = CARTESIAN_POINT('',(-5.784861318295,35.281315430132,
    64.214216355636));
#9356 = SURFACE_CURVE('',#9357,(#9361,#9368),.PCURVE_S1.);
#9357 = LINE('',#9358,#9359);
#9358 = CARTESIAN_POINT('',(-5.784861318295,38.23030040965,
    64.214216355636));
#9359 = VECTOR('',#9360,1.);
#9360 = DIRECTION('',(0.,-1.,2.22044604925E-16));
#9361 = PCURVE('',#3038,#9362);
#9362 = DEFINITIONAL_REPRESENTATION('',(#9363),#9367);
#9363 = LINE('',#9364,#9365);
#9364 = CARTESIAN_POINT('',(3.14159265359,0.));
#9365 = VECTOR('',#9366,1.);
#9366 = DIRECTION('',(0.,-1.));
#9367 = ( GEOMETRIC_REPRESENTATION_CONTEXT(2) 
PARAMETRIC_REPRESENTATION_CONTEXT() REPRESENTATION_CONTEXT('2D SPACE',''
  ) );
#9368 = PCURVE('',#3006,#9369);
#9369 = DEFINITIONAL_REPRESENTATION('',(#9370),#9374);
#9370 = LINE('',#9371,#9372);
#9371 = CARTESIAN_POINT('',(0.,0.));
#9372 = VECTOR('',#9373,1.);
#9373 = DIRECTION('',(0.,-1.));
#9374 = ( GEOMETRIC_REPRESENTATION_CONTEXT(2) 
PARAMETRIC_REPRESENTATION_CONTEXT() REPRESENTATION_CONTEXT('2D SPACE',''
  ) );
#9375 = ORIENTED_EDGE('',*,*,#9376,.T.);
#9376 = EDGE_CURVE('',#9354,#9306,#9377,.T.);
#9377 = SURFACE_CURVE('',#9378,(#9383,#9390),.PCURVE_S1.);
#9378 = CIRCLE('',#9379,0.594538006372);
#9379 = AXIS2_PLACEMENT_3D('',#9380,#9381,#9382);
#9380 = CARTESIAN_POINT('',(-6.379399356924,35.281315430132,
    64.214216355636));
#9381 = DIRECTION('',(0.,1.,-2.22044604925E-16));
#9382 = DIRECTION('',(-1.,0.,0.));
#9383 = PCURVE('',#3038,#9384);
#9384 = DEFINITIONAL_REPRESENTATION('',(#9385),#9389);
#9385 = LINE('',#9386,#9387);
#9386 = CARTESIAN_POINT('',(0.,-2.948984979518));
#9387 = VECTOR('',#9388,1.);
#9388 = DIRECTION('',(1.,0.));
#9389 = ( GEOMETRIC_REPRESENTATION_CONTEXT(2) 
PARAMETRIC_REPRESENTATION_CONTEXT() REPRESENTATION_CONTEXT('2D SPACE',''
  ) );
#9390 = PCURVE('',#9213,#9391);
#9391 = DEFINITIONAL_REPRESENTATION('',(#9392),#9400);
#9392 = ( BOUNDED_CURVE() B_SPLINE_CURVE(2,(#9393,#9394,#9395,#9396,
#9397,#9398,#9399),.UNSPECIFIED.,.T.,.F.) B_SPLINE_CURVE_WITH_KNOTS((1,2
    ,2,2,2,1),(-2.094395102393,0.,2.094395102393,4.188790204786,
6.28318530718,8.377580409573),.UNSPECIFIED.) CURVE() 
GEOMETRIC_REPRESENTATION_ITEM() RATIONAL_B_SPLINE_CURVE((1.,0.5,1.,0.5,
1.,0.5,1.)) REPRESENTATION_ITEM('') );
#9393 = CARTESIAN_POINT('',(2.684770203794,-4.546024882415));
#9394 = CARTESIAN_POINT('',(2.684770203794,-3.516254848348));
#9395 = CARTESIAN_POINT('',(3.576577213353,-4.031139865382));
#9396 = CARTESIAN_POINT('',(4.468384222911,-4.546024882415));
#9397 = CARTESIAN_POINT('',(3.576577213353,-5.060909899449));
#9398 = CARTESIAN_POINT('',(2.684770203794,-5.575794916483));
#9399 = CARTESIAN_POINT('',(2.684770203794,-4.546024882415));
#9400 = ( GEOMETRIC_REPRESENTATION_CONTEXT(2) 
PARAMETRIC_REPRESENTATION_CONTEXT() REPRESENTATION_CONTEXT('2D SPACE',''
  ) );
#9401 = ORIENTED_EDGE('',*,*,#9328,.F.);
#9402 = ADVANCED_FACE('',(#9403),#3006,.T.);
#9403 = FACE_BOUND('',#9404,.T.);
#9404 = EDGE_LOOP('',(#9405,#9406,#9407,#9430));
#9405 = ORIENTED_EDGE('',*,*,#2991,.T.);
#9406 = ORIENTED_EDGE('',*,*,#9353,.T.);
#9407 = ORIENTED_EDGE('',*,*,#9408,.T.);
#9408 = EDGE_CURVE('',#9354,#9409,#9411,.T.);
#9409 = VERTEX_POINT('',#9410);
#9410 = CARTESIAN_POINT('',(-5.784861318295,35.281315430132,
    73.306266120467));
#9411 = SURFACE_CURVE('',#9412,(#9416,#9423),.PCURVE_S1.);
#9412 = LINE('',#9413,#9414);
#9413 = CARTESIAN_POINT('',(-5.784861286039,35.281315430132,
    68.760241238052));
#9414 = VECTOR('',#9415,1.);
#9415 = DIRECTION('',(0.,2.22044604925E-16,1.));
#9416 = PCURVE('',#3006,#9417);
#9417 = DEFINITIONAL_REPRESENTATION('',(#9418),#9422);
#9418 = LINE('',#9419,#9420);
#9419 = CARTESIAN_POINT('',(4.546024882415,-2.948984979518));
#9420 = VECTOR('',#9421,1.);
#9421 = DIRECTION('',(1.,0.));
#9422 = ( GEOMETRIC_REPRESENTATION_CONTEXT(2) 
PARAMETRIC_REPRESENTATION_CONTEXT() REPRESENTATION_CONTEXT('2D SPACE',''
  ) );
#9423 = PCURVE('',#9213,#9424);
#9424 = DEFINITIONAL_REPRESENTATION('',(#9425),#9429);
#9425 = LINE('',#9426,#9427);
#9426 = CARTESIAN_POINT('',(3.873846281052,-6.567227182846E-16));
#9427 = VECTOR('',#9428,1.);
#9428 = DIRECTION('',(0.,1.));
#9429 = ( GEOMETRIC_REPRESENTATION_CONTEXT(2) 
PARAMETRIC_REPRESENTATION_CONTEXT() REPRESENTATION_CONTEXT('2D SPACE',''
  ) );
#9430 = ORIENTED_EDGE('',*,*,#9431,.F.);
#9431 = EDGE_CURVE('',#2959,#9409,#9432,.T.);
#9432 = SURFACE_CURVE('',#9433,(#9437,#9444),.PCURVE_S1.);
#9433 = LINE('',#9434,#9435);
#9434 = CARTESIAN_POINT('',(-5.784861318295,38.23030040965,
    73.306266120467));
#9435 = VECTOR('',#9436,1.);
#9436 = DIRECTION('',(0.,-1.,2.22044604925E-16));
#9437 = PCURVE('',#3006,#9438);
#9438 = DEFINITIONAL_REPRESENTATION('',(#9439),#9443);
#9439 = LINE('',#9440,#9441);
#9440 = CARTESIAN_POINT('',(9.092049764831,0.));
#9441 = VECTOR('',#9442,1.);
#9442 = DIRECTION('',(0.,-1.));
#9443 = ( GEOMETRIC_REPRESENTATION_CONTEXT(2) 
PARAMETRIC_REPRESENTATION_CONTEXT() REPRESENTATION_CONTEXT('2D SPACE',''
  ) );
#9444 = PCURVE('',#2979,#9445);
#9445 = DEFINITIONAL_REPRESENTATION('',(#9446),#9450);
#9446 = LINE('',#9447,#9448);
#9447 = CARTESIAN_POINT('',(3.14159265359,0.));
#9448 = VECTOR('',#9449,1.);
#9449 = DIRECTION('',(0.,-1.));
#9450 = ( GEOMETRIC_REPRESENTATION_CONTEXT(2) 
PARAMETRIC_REPRESENTATION_CONTEXT() REPRESENTATION_CONTEXT('2D SPACE',''
  ) );
#9451 = ADVANCED_FACE('',(#9452),#2979,.F.);
#9452 = FACE_BOUND('',#9453,.F.);
#9453 = EDGE_LOOP('',(#9454,#9455,#9478,#9504));
#9454 = ORIENTED_EDGE('',*,*,#2958,.F.);
#9455 = ORIENTED_EDGE('',*,*,#9456,.T.);
#9456 = EDGE_CURVE('',#2933,#9457,#9459,.T.);
#9457 = VERTEX_POINT('',#9458);
#9458 = CARTESIAN_POINT('',(-6.379399356924,35.281315430132,
    73.90080412684));
#9459 = SURFACE_CURVE('',#9460,(#9464,#9471),.PCURVE_S1.);
#9460 = LINE('',#9461,#9462);
#9461 = CARTESIAN_POINT('',(-6.379399356924,38.23030040965,
    73.90080412684));
#9462 = VECTOR('',#9463,1.);
#9463 = DIRECTION('',(0.,-1.,2.22044604925E-16));
#9464 = PCURVE('',#2979,#9465);
#9465 = DEFINITIONAL_REPRESENTATION('',(#9466),#9470);
#9466 = LINE('',#9467,#9468);
#9467 = CARTESIAN_POINT('',(1.570796326795,0.));
#9468 = VECTOR('',#9469,1.);
#9469 = DIRECTION('',(0.,-1.));
#9470 = ( GEOMETRIC_REPRESENTATION_CONTEXT(2) 
PARAMETRIC_REPRESENTATION_CONTEXT() REPRESENTATION_CONTEXT('2D SPACE',''
  ) );
#9471 = PCURVE('',#2947,#9472);
#9472 = DEFINITIONAL_REPRESENTATION('',(#9473),#9477);
#9473 = LINE('',#9474,#9475);
#9474 = CARTESIAN_POINT('',(6.558616453856,0.));
#9475 = VECTOR('',#9476,1.);
#9476 = DIRECTION('',(0.,-1.));
#9477 = ( GEOMETRIC_REPRESENTATION_CONTEXT(2) 
PARAMETRIC_REPRESENTATION_CONTEXT() REPRESENTATION_CONTEXT('2D SPACE',''
  ) );
#9478 = ORIENTED_EDGE('',*,*,#9479,.T.);
#9479 = EDGE_CURVE('',#9457,#9409,#9480,.T.);
#9480 = SURFACE_CURVE('',#9481,(#9486,#9493),.PCURVE_S1.);
#9481 = CIRCLE('',#9482,0.594538006372);
#9482 = AXIS2_PLACEMENT_3D('',#9483,#9484,#9485);
#9483 = CARTESIAN_POINT('',(-6.379399356924,35.281315430132,
    73.306266120467));
#9484 = DIRECTION('',(0.,1.,-2.22044604925E-16));
#9485 = DIRECTION('',(-1.,0.,0.));
#9486 = PCURVE('',#2979,#9487);
#9487 = DEFINITIONAL_REPRESENTATION('',(#9488),#9492);
#9488 = LINE('',#9489,#9490);
#9489 = CARTESIAN_POINT('',(0.,-2.948984979518));
#9490 = VECTOR('',#9491,1.);
#9491 = DIRECTION('',(1.,0.));
#9492 = ( GEOMETRIC_REPRESENTATION_CONTEXT(2) 
PARAMETRIC_REPRESENTATION_CONTEXT() REPRESENTATION_CONTEXT('2D SPACE',''
  ) );
#9493 = PCURVE('',#9213,#9494);
#9494 = DEFINITIONAL_REPRESENTATION('',(#9495),#9503);
#9495 = ( BOUNDED_CURVE() B_SPLINE_CURVE(2,(#9496,#9497,#9498,#9499,
#9500,#9501,#9502),.UNSPECIFIED.,.T.,.F.) B_SPLINE_CURVE_WITH_KNOTS((1,2
    ,2,2,2,1),(-2.094395102393,0.,2.094395102393,4.188790204786,
6.28318530718,8.377580409573),.UNSPECIFIED.) CURVE() 
GEOMETRIC_REPRESENTATION_ITEM() RATIONAL_B_SPLINE_CURVE((1.,0.5,1.,0.5,
1.,0.5,1.)) REPRESENTATION_ITEM('') );
#9496 = CARTESIAN_POINT('',(2.684770203794,4.546024882415));
#9497 = CARTESIAN_POINT('',(2.684770203794,5.575794916483));
#9498 = CARTESIAN_POINT('',(3.576577213353,5.060909899449));
#9499 = CARTESIAN_POINT('',(4.468384222911,4.546024882415));
#9500 = CARTESIAN_POINT('',(3.576577213353,4.031139865382));
#9501 = CARTESIAN_POINT('',(2.684770203794,3.516254848348));
#9502 = CARTESIAN_POINT('',(2.684770203794,4.546024882415));
#9503 = ( GEOMETRIC_REPRESENTATION_CONTEXT(2) 
PARAMETRIC_REPRESENTATION_CONTEXT() REPRESENTATION_CONTEXT('2D SPACE',''
  ) );
#9504 = ORIENTED_EDGE('',*,*,#9431,.F.);
#9505 = ADVANCED_FACE('',(#9506),#2947,.F.);
#9506 = FACE_BOUND('',#9507,.F.);
#9507 = EDGE_LOOP('',(#9508,#9509,#9532,#9553));
#9508 = ORIENTED_EDGE('',*,*,#2932,.T.);
#9509 = ORIENTED_EDGE('',*,*,#9510,.T.);
#9510 = EDGE_CURVE('',#2900,#9511,#9513,.T.);
#9511 = VERTEX_POINT('',#9512);
#9512 = CARTESIAN_POINT('',(-12.93801581078,35.281315430132,
    73.90080412684));
#9513 = SURFACE_CURVE('',#9514,(#9518,#9525),.PCURVE_S1.);
#9514 = LINE('',#9515,#9516);
#9515 = CARTESIAN_POINT('',(-12.93801581078,38.23030040965,
    73.90080412684));
#9516 = VECTOR('',#9517,1.);
#9517 = DIRECTION('',(0.,-1.,2.22044604925E-16));
#9518 = PCURVE('',#2947,#9519);
#9519 = DEFINITIONAL_REPRESENTATION('',(#9520),#9524);
#9520 = LINE('',#9521,#9522);
#9521 = CARTESIAN_POINT('',(0.,0.));
#9522 = VECTOR('',#9523,1.);
#9523 = DIRECTION('',(0.,-1.));
#9524 = ( GEOMETRIC_REPRESENTATION_CONTEXT(2) 
PARAMETRIC_REPRESENTATION_CONTEXT() REPRESENTATION_CONTEXT('2D SPACE',''
  ) );
#9525 = PCURVE('',#2920,#9526);
#9526 = DEFINITIONAL_REPRESENTATION('',(#9527),#9531);
#9527 = LINE('',#9528,#9529);
#9528 = CARTESIAN_POINT('',(1.570796326795,0.));
#9529 = VECTOR('',#9530,1.);
#9530 = DIRECTION('',(0.,-1.));
#9531 = ( GEOMETRIC_REPRESENTATION_CONTEXT(2) 
PARAMETRIC_REPRESENTATION_CONTEXT() REPRESENTATION_CONTEXT('2D SPACE',''
  ) );
#9532 = ORIENTED_EDGE('',*,*,#9533,.T.);
#9533 = EDGE_CURVE('',#9511,#9457,#9534,.T.);
#9534 = SURFACE_CURVE('',#9535,(#9539,#9546),.PCURVE_S1.);
#9535 = LINE('',#9536,#9537);
#9536 = CARTESIAN_POINT('',(-9.658707551596,35.281315430132,
    73.90080412684));
#9537 = VECTOR('',#9538,1.);
#9538 = DIRECTION('',(1.,0.,0.));
#9539 = PCURVE('',#2947,#9540);
#9540 = DEFINITIONAL_REPRESENTATION('',(#9541),#9545);
#9541 = LINE('',#9542,#9543);
#9542 = CARTESIAN_POINT('',(3.279308259184,-2.948984979518));
#9543 = VECTOR('',#9544,1.);
#9544 = DIRECTION('',(1.,0.));
#9545 = ( GEOMETRIC_REPRESENTATION_CONTEXT(2) 
PARAMETRIC_REPRESENTATION_CONTEXT() REPRESENTATION_CONTEXT('2D SPACE',''
  ) );
#9546 = PCURVE('',#9213,#9547);
#9547 = DEFINITIONAL_REPRESENTATION('',(#9548),#9552);
#9548 = LINE('',#9549,#9550);
#9549 = CARTESIAN_POINT('',(1.5495019256E-08,5.140562888788));
#9550 = VECTOR('',#9551,1.);
#9551 = DIRECTION('',(1.,0.));
#9552 = ( GEOMETRIC_REPRESENTATION_CONTEXT(2) 
PARAMETRIC_REPRESENTATION_CONTEXT() REPRESENTATION_CONTEXT('2D SPACE',''
  ) );
#9553 = ORIENTED_EDGE('',*,*,#9456,.F.);
#9554 = ADVANCED_FACE('',(#9555),#2920,.F.);
#9555 = FACE_BOUND('',#9556,.F.);
#9556 = EDGE_LOOP('',(#9557,#9558,#9559,#9585));
#9557 = ORIENTED_EDGE('',*,*,#2899,.F.);
#9558 = ORIENTED_EDGE('',*,*,#9225,.T.);
#9559 = ORIENTED_EDGE('',*,*,#9560,.T.);
#9560 = EDGE_CURVE('',#9198,#9511,#9561,.T.);
#9561 = SURFACE_CURVE('',#9562,(#9567,#9574),.PCURVE_S1.);
#9562 = CIRCLE('',#9563,0.594538006372);
#9563 = AXIS2_PLACEMENT_3D('',#9564,#9565,#9566);
#9564 = CARTESIAN_POINT('',(-12.93801581078,35.281315430132,
    73.306266120467));
#9565 = DIRECTION('',(0.,1.,-2.22044604925E-16));
#9566 = DIRECTION('',(-1.,0.,0.));
#9567 = PCURVE('',#2920,#9568);
#9568 = DEFINITIONAL_REPRESENTATION('',(#9569),#9573);
#9569 = LINE('',#9570,#9571);
#9570 = CARTESIAN_POINT('',(0.,-2.948984979518));
#9571 = VECTOR('',#9572,1.);
#9572 = DIRECTION('',(1.,0.));
#9573 = ( GEOMETRIC_REPRESENTATION_CONTEXT(2) 
PARAMETRIC_REPRESENTATION_CONTEXT() REPRESENTATION_CONTEXT('2D SPACE',''
  ) );
#9574 = PCURVE('',#9213,#9575);
#9575 = DEFINITIONAL_REPRESENTATION('',(#9576),#9584);
#9576 = ( BOUNDED_CURVE() B_SPLINE_CURVE(2,(#9577,#9578,#9579,#9580,
#9581,#9582,#9583),.UNSPECIFIED.,.T.,.F.) B_SPLINE_CURVE_WITH_KNOTS((1,2
    ,2,2,2,1),(-2.094395102393,0.,2.094395102393,4.188790204786,
6.28318530718,8.377580409573),.UNSPECIFIED.) CURVE() 
GEOMETRIC_REPRESENTATION_ITEM() RATIONAL_B_SPLINE_CURVE((1.,0.5,1.,0.5,
1.,0.5,1.)) REPRESENTATION_ITEM('') );
#9577 = CARTESIAN_POINT('',(-3.873846250062,4.546024882415));
#9578 = CARTESIAN_POINT('',(-3.873846250062,5.575794916483));
#9579 = CARTESIAN_POINT('',(-2.982039240503,5.060909899449));
#9580 = CARTESIAN_POINT('',(-2.090232230945,4.546024882415));
#9581 = CARTESIAN_POINT('',(-2.982039240503,4.031139865382));
#9582 = CARTESIAN_POINT('',(-3.873846250062,3.516254848348));
#9583 = CARTESIAN_POINT('',(-3.873846250062,4.546024882415));
#9584 = ( GEOMETRIC_REPRESENTATION_CONTEXT(2) 
PARAMETRIC_REPRESENTATION_CONTEXT() REPRESENTATION_CONTEXT('2D SPACE',''
  ) );
#9585 = ORIENTED_EDGE('',*,*,#9510,.F.);
#9586 = ADVANCED_FACE('',(#9587),#3126,.F.);
#9587 = FACE_BOUND('',#9588,.F.);
#9588 = EDGE_LOOP('',(#9589,#9590,#9613,#9641));
#9589 = ORIENTED_EDGE('',*,*,#3109,.T.);
#9590 = ORIENTED_EDGE('',*,*,#9591,.T.);
#9591 = EDGE_CURVE('',#3112,#9592,#9594,.T.);
#9592 = VERTEX_POINT('',#9593);
#9593 = CARTESIAN_POINT('',(-13.53255381715,35.281315430132,
    76.406357153694));
#9594 = SURFACE_CURVE('',#9595,(#9599,#9606),.PCURVE_S1.);
#9595 = LINE('',#9596,#9597);
#9596 = CARTESIAN_POINT('',(-13.53255381715,38.23030040965,
    76.406357153694));
#9597 = VECTOR('',#9598,1.);
#9598 = DIRECTION('',(0.,-1.,2.22044604925E-16));
#9599 = PCURVE('',#3126,#9600);
#9600 = DEFINITIONAL_REPRESENTATION('',(#9601),#9605);
#9601 = LINE('',#9602,#9603);
#9602 = CARTESIAN_POINT('',(0.,0.));
#9603 = VECTOR('',#9604,1.);
#9604 = DIRECTION('',(0.,-1.));
#9605 = ( GEOMETRIC_REPRESENTATION_CONTEXT(2) 
PARAMETRIC_REPRESENTATION_CONTEXT() REPRESENTATION_CONTEXT('2D SPACE',''
  ) );
#9606 = PCURVE('',#3333,#9607);
#9607 = DEFINITIONAL_REPRESENTATION('',(#9608),#9612);
#9608 = LINE('',#9609,#9610);
#9609 = CARTESIAN_POINT('',(6.28318530718,0.));
#9610 = VECTOR('',#9611,1.);
#9611 = DIRECTION('',(0.,-1.));
#9612 = ( GEOMETRIC_REPRESENTATION_CONTEXT(2) 
PARAMETRIC_REPRESENTATION_CONTEXT() REPRESENTATION_CONTEXT('2D SPACE',''
  ) );
#9613 = ORIENTED_EDGE('',*,*,#9614,.T.);
#9614 = EDGE_CURVE('',#9592,#9615,#9617,.T.);
#9615 = VERTEX_POINT('',#9616);
#9616 = CARTESIAN_POINT('',(-13.53255381715,35.281315430132,
    85.498406918525));
#9617 = SURFACE_CURVE('',#9618,(#9622,#9629),.PCURVE_S1.);
#9618 = LINE('',#9619,#9620);
#9619 = CARTESIAN_POINT('',(-13.53255381715,35.281315430132,
    80.95238203611));
#9620 = VECTOR('',#9621,1.);
#9621 = DIRECTION('',(0.,2.22044604925E-16,1.));
#9622 = PCURVE('',#3126,#9623);
#9623 = DEFINITIONAL_REPRESENTATION('',(#9624),#9628);
#9624 = LINE('',#9625,#9626);
#9625 = CARTESIAN_POINT('',(4.546024882415,-2.948984979518));
#9626 = VECTOR('',#9627,1.);
#9627 = DIRECTION('',(1.,0.));
#9628 = ( GEOMETRIC_REPRESENTATION_CONTEXT(2) 
PARAMETRIC_REPRESENTATION_CONTEXT() REPRESENTATION_CONTEXT('2D SPACE',''
  ) );
#9629 = PCURVE('',#9630,#9635);
#9630 = PLANE('',#9631);
#9631 = AXIS2_PLACEMENT_3D('',#9632,#9633,#9634);
#9632 = CARTESIAN_POINT('',(-9.658707567091,35.281315430132,
    80.95238203611));
#9633 = DIRECTION('',(0.,-1.,2.22044604925E-16));
#9634 = DIRECTION('',(1.,0.,0.));
#9635 = DEFINITIONAL_REPRESENTATION('',(#9636),#9640);
#9636 = LINE('',#9637,#9638);
#9637 = CARTESIAN_POINT('',(-3.873846250062,-6.567227182846E-16));
#9638 = VECTOR('',#9639,1.);
#9639 = DIRECTION('',(0.,1.));
#9640 = ( GEOMETRIC_REPRESENTATION_CONTEXT(2) 
PARAMETRIC_REPRESENTATION_CONTEXT() REPRESENTATION_CONTEXT('2D SPACE',''
  ) );
#9641 = ORIENTED_EDGE('',*,*,#9642,.F.);
#9642 = EDGE_CURVE('',#3110,#9615,#9643,.T.);
#9643 = SURFACE_CURVE('',#9644,(#9648,#9655),.PCURVE_S1.);
#9644 = LINE('',#9645,#9646);
#9645 = CARTESIAN_POINT('',(-13.53255381715,38.23030040965,
    85.498406918525));
#9646 = VECTOR('',#9647,1.);
#9647 = DIRECTION('',(0.,-1.,2.22044604925E-16));
#9648 = PCURVE('',#3126,#9649);
#9649 = DEFINITIONAL_REPRESENTATION('',(#9650),#9654);
#9650 = LINE('',#9651,#9652);
#9651 = CARTESIAN_POINT('',(9.092049764831,0.));
#9652 = VECTOR('',#9653,1.);
#9653 = DIRECTION('',(0.,-1.));
#9654 = ( GEOMETRIC_REPRESENTATION_CONTEXT(2) 
PARAMETRIC_REPRESENTATION_CONTEXT() REPRESENTATION_CONTEXT('2D SPACE',''
  ) );
#9655 = PCURVE('',#3158,#9656);
#9656 = DEFINITIONAL_REPRESENTATION('',(#9657),#9661);
#9657 = LINE('',#9658,#9659);
#9658 = CARTESIAN_POINT('',(0.,0.));
#9659 = VECTOR('',#9660,1.);
#9660 = DIRECTION('',(0.,-1.));
#9661 = ( GEOMETRIC_REPRESENTATION_CONTEXT(2) 
PARAMETRIC_REPRESENTATION_CONTEXT() REPRESENTATION_CONTEXT('2D SPACE',''
  ) );
#9662 = ADVANCED_FACE('',(#9663),#3333,.F.);
#9663 = FACE_BOUND('',#9664,.F.);
#9664 = EDGE_LOOP('',(#9665,#9666,#9689,#9715));
#9665 = ORIENTED_EDGE('',*,*,#3314,.F.);
#9666 = ORIENTED_EDGE('',*,*,#9667,.T.);
#9667 = EDGE_CURVE('',#3289,#9668,#9670,.T.);
#9668 = VERTEX_POINT('',#9669);
#9669 = CARTESIAN_POINT('',(-12.93801581078,35.281315430132,
    75.811819147322));
#9670 = SURFACE_CURVE('',#9671,(#9675,#9682),.PCURVE_S1.);
#9671 = LINE('',#9672,#9673);
#9672 = CARTESIAN_POINT('',(-12.93801581078,38.23030040965,
    75.811819147322));
#9673 = VECTOR('',#9674,1.);
#9674 = DIRECTION('',(0.,-1.,2.22044604925E-16));
#9675 = PCURVE('',#3333,#9676);
#9676 = DEFINITIONAL_REPRESENTATION('',(#9677),#9681);
#9677 = LINE('',#9678,#9679);
#9678 = CARTESIAN_POINT('',(4.712388980385,0.));
#9679 = VECTOR('',#9680,1.);
#9680 = DIRECTION('',(0.,-1.));
#9681 = ( GEOMETRIC_REPRESENTATION_CONTEXT(2) 
PARAMETRIC_REPRESENTATION_CONTEXT() REPRESENTATION_CONTEXT('2D SPACE',''
  ) );
#9682 = PCURVE('',#3303,#9683);
#9683 = DEFINITIONAL_REPRESENTATION('',(#9684),#9688);
#9684 = LINE('',#9685,#9686);
#9685 = CARTESIAN_POINT('',(0.,0.));
#9686 = VECTOR('',#9687,1.);
#9687 = DIRECTION('',(0.,-1.));
#9688 = ( GEOMETRIC_REPRESENTATION_CONTEXT(2) 
PARAMETRIC_REPRESENTATION_CONTEXT() REPRESENTATION_CONTEXT('2D SPACE',''
  ) );
#9689 = ORIENTED_EDGE('',*,*,#9690,.T.);
#9690 = EDGE_CURVE('',#9668,#9592,#9691,.T.);
#9691 = SURFACE_CURVE('',#9692,(#9697,#9704),.PCURVE_S1.);
#9692 = CIRCLE('',#9693,0.594538006372);
#9693 = AXIS2_PLACEMENT_3D('',#9694,#9695,#9696);
#9694 = CARTESIAN_POINT('',(-12.93801581078,35.281315430132,
    76.406357153694));
#9695 = DIRECTION('',(0.,1.,-2.22044604925E-16));
#9696 = DIRECTION('',(-1.,0.,0.));
#9697 = PCURVE('',#3333,#9698);
#9698 = DEFINITIONAL_REPRESENTATION('',(#9699),#9703);
#9699 = LINE('',#9700,#9701);
#9700 = CARTESIAN_POINT('',(0.,-2.948984979518));
#9701 = VECTOR('',#9702,1.);
#9702 = DIRECTION('',(1.,0.));
#9703 = ( GEOMETRIC_REPRESENTATION_CONTEXT(2) 
PARAMETRIC_REPRESENTATION_CONTEXT() REPRESENTATION_CONTEXT('2D SPACE',''
  ) );
#9704 = PCURVE('',#9630,#9705);
#9705 = DEFINITIONAL_REPRESENTATION('',(#9706),#9714);
#9706 = ( BOUNDED_CURVE() B_SPLINE_CURVE(2,(#9707,#9708,#9709,#9710,
#9711,#9712,#9713),.UNSPECIFIED.,.T.,.F.) B_SPLINE_CURVE_WITH_KNOTS((1,2
    ,2,2,2,1),(-2.094395102393,0.,2.094395102393,4.188790204786,
6.28318530718,8.377580409573),.UNSPECIFIED.) CURVE() 
GEOMETRIC_REPRESENTATION_ITEM() RATIONAL_B_SPLINE_CURVE((1.,0.5,1.,0.5,
1.,0.5,1.)) REPRESENTATION_ITEM('') );
#9707 = CARTESIAN_POINT('',(-3.873846250062,-4.546024882415));
#9708 = CARTESIAN_POINT('',(-3.873846250062,-3.516254848348));
#9709 = CARTESIAN_POINT('',(-2.982039240503,-4.031139865382));
#9710 = CARTESIAN_POINT('',(-2.090232230945,-4.546024882415));
#9711 = CARTESIAN_POINT('',(-2.982039240503,-5.060909899449));
#9712 = CARTESIAN_POINT('',(-3.873846250062,-5.575794916483));
#9713 = CARTESIAN_POINT('',(-3.873846250062,-4.546024882415));
#9714 = ( GEOMETRIC_REPRESENTATION_CONTEXT(2) 
PARAMETRIC_REPRESENTATION_CONTEXT() REPRESENTATION_CONTEXT('2D SPACE',''
  ) );
#9715 = ORIENTED_EDGE('',*,*,#9591,.F.);
#9716 = ADVANCED_FACE('',(#9717),#3303,.T.);
#9717 = FACE_BOUND('',#9718,.T.);
#9718 = EDGE_LOOP('',(#9719,#9720,#9721,#9744));
#9719 = ORIENTED_EDGE('',*,*,#3288,.T.);
#9720 = ORIENTED_EDGE('',*,*,#9667,.T.);
#9721 = ORIENTED_EDGE('',*,*,#9722,.T.);
#9722 = EDGE_CURVE('',#9668,#9723,#9725,.T.);
#9723 = VERTEX_POINT('',#9724);
#9724 = CARTESIAN_POINT('',(-6.379399356924,35.281315430132,
    75.811819147322));
#9725 = SURFACE_CURVE('',#9726,(#9730,#9737),.PCURVE_S1.);
#9726 = LINE('',#9727,#9728);
#9727 = CARTESIAN_POINT('',(-9.658707551596,35.281315430132,
    75.811819147322));
#9728 = VECTOR('',#9729,1.);
#9729 = DIRECTION('',(1.,0.,0.));
#9730 = PCURVE('',#3303,#9731);
#9731 = DEFINITIONAL_REPRESENTATION('',(#9732),#9736);
#9732 = LINE('',#9733,#9734);
#9733 = CARTESIAN_POINT('',(3.279308259184,-2.948984979518));
#9734 = VECTOR('',#9735,1.);
#9735 = DIRECTION('',(1.,0.));
#9736 = ( GEOMETRIC_REPRESENTATION_CONTEXT(2) 
PARAMETRIC_REPRESENTATION_CONTEXT() REPRESENTATION_CONTEXT('2D SPACE',''
  ) );
#9737 = PCURVE('',#9630,#9738);
#9738 = DEFINITIONAL_REPRESENTATION('',(#9739),#9743);
#9739 = LINE('',#9740,#9741);
#9740 = CARTESIAN_POINT('',(1.5495019256E-08,-5.140562888788));
#9741 = VECTOR('',#9742,1.);
#9742 = DIRECTION('',(1.,0.));
#9743 = ( GEOMETRIC_REPRESENTATION_CONTEXT(2) 
PARAMETRIC_REPRESENTATION_CONTEXT() REPRESENTATION_CONTEXT('2D SPACE',''
  ) );
#9744 = ORIENTED_EDGE('',*,*,#9745,.F.);
#9745 = EDGE_CURVE('',#3256,#9723,#9746,.T.);
#9746 = SURFACE_CURVE('',#9747,(#9751,#9758),.PCURVE_S1.);
#9747 = LINE('',#9748,#9749);
#9748 = CARTESIAN_POINT('',(-6.379399356924,38.23030040965,
    75.811819147322));
#9749 = VECTOR('',#9750,1.);
#9750 = DIRECTION('',(0.,-1.,2.22044604925E-16));
#9751 = PCURVE('',#3303,#9752);
#9752 = DEFINITIONAL_REPRESENTATION('',(#9753),#9757);
#9753 = LINE('',#9754,#9755);
#9754 = CARTESIAN_POINT('',(6.558616453856,0.));
#9755 = VECTOR('',#9756,1.);
#9756 = DIRECTION('',(0.,-1.));
#9757 = ( GEOMETRIC_REPRESENTATION_CONTEXT(2) 
PARAMETRIC_REPRESENTATION_CONTEXT() REPRESENTATION_CONTEXT('2D SPACE',''
  ) );
#9758 = PCURVE('',#3276,#9759);
#9759 = DEFINITIONAL_REPRESENTATION('',(#9760),#9764);
#9760 = LINE('',#9761,#9762);
#9761 = CARTESIAN_POINT('',(4.712388980385,0.));
#9762 = VECTOR('',#9763,1.);
#9763 = DIRECTION('',(0.,-1.));
#9764 = ( GEOMETRIC_REPRESENTATION_CONTEXT(2) 
PARAMETRIC_REPRESENTATION_CONTEXT() REPRESENTATION_CONTEXT('2D SPACE',''
  ) );
#9765 = ADVANCED_FACE('',(#9766),#3276,.F.);
#9766 = FACE_BOUND('',#9767,.F.);
#9767 = EDGE_LOOP('',(#9768,#9769,#9792,#9818));
#9768 = ORIENTED_EDGE('',*,*,#3255,.F.);
#9769 = ORIENTED_EDGE('',*,*,#9770,.T.);
#9770 = EDGE_CURVE('',#3230,#9771,#9773,.T.);
#9771 = VERTEX_POINT('',#9772);
#9772 = CARTESIAN_POINT('',(-5.784861318295,35.281315430132,
    76.406357153694));
#9773 = SURFACE_CURVE('',#9774,(#9778,#9785),.PCURVE_S1.);
#9774 = LINE('',#9775,#9776);
#9775 = CARTESIAN_POINT('',(-5.784861318295,38.23030040965,
    76.406357153694));
#9776 = VECTOR('',#9777,1.);
#9777 = DIRECTION('',(0.,-1.,2.22044604925E-16));
#9778 = PCURVE('',#3276,#9779);
#9779 = DEFINITIONAL_REPRESENTATION('',(#9780),#9784);
#9780 = LINE('',#9781,#9782);
#9781 = CARTESIAN_POINT('',(3.14159265359,0.));
#9782 = VECTOR('',#9783,1.);
#9783 = DIRECTION('',(0.,-1.));
#9784 = ( GEOMETRIC_REPRESENTATION_CONTEXT(2) 
PARAMETRIC_REPRESENTATION_CONTEXT() REPRESENTATION_CONTEXT('2D SPACE',''
  ) );
#9785 = PCURVE('',#3244,#9786);
#9786 = DEFINITIONAL_REPRESENTATION('',(#9787),#9791);
#9787 = LINE('',#9788,#9789);
#9788 = CARTESIAN_POINT('',(0.,0.));
#9789 = VECTOR('',#9790,1.);
#9790 = DIRECTION('',(0.,-1.));
#9791 = ( GEOMETRIC_REPRESENTATION_CONTEXT(2) 
PARAMETRIC_REPRESENTATION_CONTEXT() REPRESENTATION_CONTEXT('2D SPACE',''
  ) );
#9792 = ORIENTED_EDGE('',*,*,#9793,.T.);
#9793 = EDGE_CURVE('',#9771,#9723,#9794,.T.);
#9794 = SURFACE_CURVE('',#9795,(#9800,#9807),.PCURVE_S1.);
#9795 = CIRCLE('',#9796,0.594538006372);
#9796 = AXIS2_PLACEMENT_3D('',#9797,#9798,#9799);
#9797 = CARTESIAN_POINT('',(-6.379399356924,35.281315430132,
    76.406357153694));
#9798 = DIRECTION('',(0.,1.,-2.22044604925E-16));
#9799 = DIRECTION('',(-1.,0.,0.));
#9800 = PCURVE('',#3276,#9801);
#9801 = DEFINITIONAL_REPRESENTATION('',(#9802),#9806);
#9802 = LINE('',#9803,#9804);
#9803 = CARTESIAN_POINT('',(0.,-2.948984979518));
#9804 = VECTOR('',#9805,1.);
#9805 = DIRECTION('',(1.,0.));
#9806 = ( GEOMETRIC_REPRESENTATION_CONTEXT(2) 
PARAMETRIC_REPRESENTATION_CONTEXT() REPRESENTATION_CONTEXT('2D SPACE',''
  ) );
#9807 = PCURVE('',#9630,#9808);
#9808 = DEFINITIONAL_REPRESENTATION('',(#9809),#9817);
#9809 = ( BOUNDED_CURVE() B_SPLINE_CURVE(2,(#9810,#9811,#9812,#9813,
#9814,#9815,#9816),.UNSPECIFIED.,.T.,.F.) B_SPLINE_CURVE_WITH_KNOTS((1,2
    ,2,2,2,1),(-2.094395102393,0.,2.094395102393,4.188790204786,
6.28318530718,8.377580409573),.UNSPECIFIED.) CURVE() 
GEOMETRIC_REPRESENTATION_ITEM() RATIONAL_B_SPLINE_CURVE((1.,0.5,1.,0.5,
1.,0.5,1.)) REPRESENTATION_ITEM('') );
#9810 = CARTESIAN_POINT('',(2.684770203794,-4.546024882415));
#9811 = CARTESIAN_POINT('',(2.684770203794,-3.516254848348));
#9812 = CARTESIAN_POINT('',(3.576577213353,-4.031139865382));
#9813 = CARTESIAN_POINT('',(4.468384222911,-4.546024882415));
#9814 = CARTESIAN_POINT('',(3.576577213353,-5.060909899449));
#9815 = CARTESIAN_POINT('',(2.684770203794,-5.575794916483));
#9816 = CARTESIAN_POINT('',(2.684770203794,-4.546024882415));
#9817 = ( GEOMETRIC_REPRESENTATION_CONTEXT(2) 
PARAMETRIC_REPRESENTATION_CONTEXT() REPRESENTATION_CONTEXT('2D SPACE',''
  ) );
#9818 = ORIENTED_EDGE('',*,*,#9745,.F.);
#9819 = ADVANCED_FACE('',(#9820),#3244,.T.);
#9820 = FACE_BOUND('',#9821,.T.);
#9821 = EDGE_LOOP('',(#9822,#9823,#9824,#9847));
#9822 = ORIENTED_EDGE('',*,*,#3229,.T.);
#9823 = ORIENTED_EDGE('',*,*,#9770,.T.);
#9824 = ORIENTED_EDGE('',*,*,#9825,.T.);
#9825 = EDGE_CURVE('',#9771,#9826,#9828,.T.);
#9826 = VERTEX_POINT('',#9827);
#9827 = CARTESIAN_POINT('',(-5.784861318295,35.281315430132,
    85.498406918525));
#9828 = SURFACE_CURVE('',#9829,(#9833,#9840),.PCURVE_S1.);
#9829 = LINE('',#9830,#9831);
#9830 = CARTESIAN_POINT('',(-5.784861286039,35.281315430132,
    80.95238203611));
#9831 = VECTOR('',#9832,1.);
#9832 = DIRECTION('',(0.,2.22044604925E-16,1.));
#9833 = PCURVE('',#3244,#9834);
#9834 = DEFINITIONAL_REPRESENTATION('',(#9835),#9839);
#9835 = LINE('',#9836,#9837);
#9836 = CARTESIAN_POINT('',(4.546024882415,-2.948984979518));
#9837 = VECTOR('',#9838,1.);
#9838 = DIRECTION('',(1.,0.));
#9839 = ( GEOMETRIC_REPRESENTATION_CONTEXT(2) 
PARAMETRIC_REPRESENTATION_CONTEXT() REPRESENTATION_CONTEXT('2D SPACE',''
  ) );
#9840 = PCURVE('',#9630,#9841);
#9841 = DEFINITIONAL_REPRESENTATION('',(#9842),#9846);
#9842 = LINE('',#9843,#9844);
#9843 = CARTESIAN_POINT('',(3.873846281052,-6.567227182846E-16));
#9844 = VECTOR('',#9845,1.);
#9845 = DIRECTION('',(0.,1.));
#9846 = ( GEOMETRIC_REPRESENTATION_CONTEXT(2) 
PARAMETRIC_REPRESENTATION_CONTEXT() REPRESENTATION_CONTEXT('2D SPACE',''
  ) );
#9847 = ORIENTED_EDGE('',*,*,#9848,.F.);
#9848 = EDGE_CURVE('',#3197,#9826,#9849,.T.);
#9849 = SURFACE_CURVE('',#9850,(#9854,#9861),.PCURVE_S1.);
#9850 = LINE('',#9851,#9852);
#9851 = CARTESIAN_POINT('',(-5.784861318295,38.23030040965,
    85.498406918525));
#9852 = VECTOR('',#9853,1.);
#9853 = DIRECTION('',(0.,-1.,2.22044604925E-16));
#9854 = PCURVE('',#3244,#9855);
#9855 = DEFINITIONAL_REPRESENTATION('',(#9856),#9860);
#9856 = LINE('',#9857,#9858);
#9857 = CARTESIAN_POINT('',(9.092049764831,0.));
#9858 = VECTOR('',#9859,1.);
#9859 = DIRECTION('',(0.,-1.));
#9860 = ( GEOMETRIC_REPRESENTATION_CONTEXT(2) 
PARAMETRIC_REPRESENTATION_CONTEXT() REPRESENTATION_CONTEXT('2D SPACE',''
  ) );
#9861 = PCURVE('',#3217,#9862);
#9862 = DEFINITIONAL_REPRESENTATION('',(#9863),#9867);
#9863 = LINE('',#9864,#9865);
#9864 = CARTESIAN_POINT('',(3.14159265359,0.));
#9865 = VECTOR('',#9866,1.);
#9866 = DIRECTION('',(0.,-1.));
#9867 = ( GEOMETRIC_REPRESENTATION_CONTEXT(2) 
PARAMETRIC_REPRESENTATION_CONTEXT() REPRESENTATION_CONTEXT('2D SPACE',''
  ) );
#9868 = ADVANCED_FACE('',(#9869),#3217,.F.);
#9869 = FACE_BOUND('',#9870,.F.);
#9870 = EDGE_LOOP('',(#9871,#9872,#9895,#9921));
#9871 = ORIENTED_EDGE('',*,*,#3196,.F.);
#9872 = ORIENTED_EDGE('',*,*,#9873,.T.);
#9873 = EDGE_CURVE('',#3171,#9874,#9876,.T.);
#9874 = VERTEX_POINT('',#9875);
#9875 = CARTESIAN_POINT('',(-6.379399356924,35.281315430132,
    86.092944924898));
#9876 = SURFACE_CURVE('',#9877,(#9881,#9888),.PCURVE_S1.);
#9877 = LINE('',#9878,#9879);
#9878 = CARTESIAN_POINT('',(-6.379399356924,38.23030040965,
    86.092944924898));
#9879 = VECTOR('',#9880,1.);
#9880 = DIRECTION('',(0.,-1.,2.22044604925E-16));
#9881 = PCURVE('',#3217,#9882);
#9882 = DEFINITIONAL_REPRESENTATION('',(#9883),#9887);
#9883 = LINE('',#9884,#9885);
#9884 = CARTESIAN_POINT('',(1.570796326795,0.));
#9885 = VECTOR('',#9886,1.);
#9886 = DIRECTION('',(0.,-1.));
#9887 = ( GEOMETRIC_REPRESENTATION_CONTEXT(2) 
PARAMETRIC_REPRESENTATION_CONTEXT() REPRESENTATION_CONTEXT('2D SPACE',''
  ) );
#9888 = PCURVE('',#3185,#9889);
#9889 = DEFINITIONAL_REPRESENTATION('',(#9890),#9894);
#9890 = LINE('',#9891,#9892);
#9891 = CARTESIAN_POINT('',(6.558616453856,0.));
#9892 = VECTOR('',#9893,1.);
#9893 = DIRECTION('',(0.,-1.));
#9894 = ( GEOMETRIC_REPRESENTATION_CONTEXT(2) 
PARAMETRIC_REPRESENTATION_CONTEXT() REPRESENTATION_CONTEXT('2D SPACE',''
  ) );
#9895 = ORIENTED_EDGE('',*,*,#9896,.T.);
#9896 = EDGE_CURVE('',#9874,#9826,#9897,.T.);
#9897 = SURFACE_CURVE('',#9898,(#9903,#9910),.PCURVE_S1.);
#9898 = CIRCLE('',#9899,0.594538006372);
#9899 = AXIS2_PLACEMENT_3D('',#9900,#9901,#9902);
#9900 = CARTESIAN_POINT('',(-6.379399356924,35.281315430132,
    85.498406918525));
#9901 = DIRECTION('',(0.,1.,-2.22044604925E-16));
#9902 = DIRECTION('',(-1.,0.,0.));
#9903 = PCURVE('',#3217,#9904);
#9904 = DEFINITIONAL_REPRESENTATION('',(#9905),#9909);
#9905 = LINE('',#9906,#9907);
#9906 = CARTESIAN_POINT('',(0.,-2.948984979518));
#9907 = VECTOR('',#9908,1.);
#9908 = DIRECTION('',(1.,0.));
#9909 = ( GEOMETRIC_REPRESENTATION_CONTEXT(2) 
PARAMETRIC_REPRESENTATION_CONTEXT() REPRESENTATION_CONTEXT('2D SPACE',''
  ) );
#9910 = PCURVE('',#9630,#9911);
#9911 = DEFINITIONAL_REPRESENTATION('',(#9912),#9920);
#9912 = ( BOUNDED_CURVE() B_SPLINE_CURVE(2,(#9913,#9914,#9915,#9916,
#9917,#9918,#9919),.UNSPECIFIED.,.T.,.F.) B_SPLINE_CURVE_WITH_KNOTS((1,2
    ,2,2,2,1),(-2.094395102393,0.,2.094395102393,4.188790204786,
6.28318530718,8.377580409573),.UNSPECIFIED.) CURVE() 
GEOMETRIC_REPRESENTATION_ITEM() RATIONAL_B_SPLINE_CURVE((1.,0.5,1.,0.5,
1.,0.5,1.)) REPRESENTATION_ITEM('') );
#9913 = CARTESIAN_POINT('',(2.684770203794,4.546024882415));
#9914 = CARTESIAN_POINT('',(2.684770203794,5.575794916483));
#9915 = CARTESIAN_POINT('',(3.576577213353,5.060909899449));
#9916 = CARTESIAN_POINT('',(4.468384222911,4.546024882415));
#9917 = CARTESIAN_POINT('',(3.576577213353,4.031139865382));
#9918 = CARTESIAN_POINT('',(2.684770203794,3.516254848348));
#9919 = CARTESIAN_POINT('',(2.684770203794,4.546024882415));
#9920 = ( GEOMETRIC_REPRESENTATION_CONTEXT(2) 
PARAMETRIC_REPRESENTATION_CONTEXT() REPRESENTATION_CONTEXT('2D SPACE',''
  ) );
#9921 = ORIENTED_EDGE('',*,*,#9848,.F.);
#9922 = ADVANCED_FACE('',(#9923),#3185,.F.);
#9923 = FACE_BOUND('',#9924,.F.);
#9924 = EDGE_LOOP('',(#9925,#9926,#9949,#9970));
#9925 = ORIENTED_EDGE('',*,*,#3170,.T.);
#9926 = ORIENTED_EDGE('',*,*,#9927,.T.);
#9927 = EDGE_CURVE('',#3138,#9928,#9930,.T.);
#9928 = VERTEX_POINT('',#9929);
#9929 = CARTESIAN_POINT('',(-12.93801581078,35.281315430132,
    86.092944924898));
#9930 = SURFACE_CURVE('',#9931,(#9935,#9942),.PCURVE_S1.);
#9931 = LINE('',#9932,#9933);
#9932 = CARTESIAN_POINT('',(-12.93801581078,38.23030040965,
    86.092944924898));
#9933 = VECTOR('',#9934,1.);
#9934 = DIRECTION('',(0.,-1.,2.22044604925E-16));
#9935 = PCURVE('',#3185,#9936);
#9936 = DEFINITIONAL_REPRESENTATION('',(#9937),#9941);
#9937 = LINE('',#9938,#9939);
#9938 = CARTESIAN_POINT('',(0.,0.));
#9939 = VECTOR('',#9940,1.);
#9940 = DIRECTION('',(0.,-1.));
#9941 = ( GEOMETRIC_REPRESENTATION_CONTEXT(2) 
PARAMETRIC_REPRESENTATION_CONTEXT() REPRESENTATION_CONTEXT('2D SPACE',''
  ) );
#9942 = PCURVE('',#3158,#9943);
#9943 = DEFINITIONAL_REPRESENTATION('',(#9944),#9948);
#9944 = LINE('',#9945,#9946);
#9945 = CARTESIAN_POINT('',(1.570796326795,0.));
#9946 = VECTOR('',#9947,1.);
#9947 = DIRECTION('',(0.,-1.));
#9948 = ( GEOMETRIC_REPRESENTATION_CONTEXT(2) 
PARAMETRIC_REPRESENTATION_CONTEXT() REPRESENTATION_CONTEXT('2D SPACE',''
  ) );
#9949 = ORIENTED_EDGE('',*,*,#9950,.T.);
#9950 = EDGE_CURVE('',#9928,#9874,#9951,.T.);
#9951 = SURFACE_CURVE('',#9952,(#9956,#9963),.PCURVE_S1.);
#9952 = LINE('',#9953,#9954);
#9953 = CARTESIAN_POINT('',(-9.658707551596,35.281315430132,
    86.092944924898));
#9954 = VECTOR('',#9955,1.);
#9955 = DIRECTION('',(1.,0.,0.));
#9956 = PCURVE('',#3185,#9957);
#9957 = DEFINITIONAL_REPRESENTATION('',(#9958),#9962);
#9958 = LINE('',#9959,#9960);
#9959 = CARTESIAN_POINT('',(3.279308259184,-2.948984979518));
#9960 = VECTOR('',#9961,1.);
#9961 = DIRECTION('',(1.,0.));
#9962 = ( GEOMETRIC_REPRESENTATION_CONTEXT(2) 
PARAMETRIC_REPRESENTATION_CONTEXT() REPRESENTATION_CONTEXT('2D SPACE',''
  ) );
#9963 = PCURVE('',#9630,#9964);
#9964 = DEFINITIONAL_REPRESENTATION('',(#9965),#9969);
#9965 = LINE('',#9966,#9967);
#9966 = CARTESIAN_POINT('',(1.5495019256E-08,5.140562888788));
#9967 = VECTOR('',#9968,1.);
#9968 = DIRECTION('',(1.,0.));
#9969 = ( GEOMETRIC_REPRESENTATION_CONTEXT(2) 
PARAMETRIC_REPRESENTATION_CONTEXT() REPRESENTATION_CONTEXT('2D SPACE',''
  ) );
#9970 = ORIENTED_EDGE('',*,*,#9873,.F.);
#9971 = ADVANCED_FACE('',(#9972),#3158,.F.);
#9972 = FACE_BOUND('',#9973,.F.);
#9973 = EDGE_LOOP('',(#9974,#9975,#9976,#10002));
#9974 = ORIENTED_EDGE('',*,*,#3137,.F.);
#9975 = ORIENTED_EDGE('',*,*,#9642,.T.);
#9976 = ORIENTED_EDGE('',*,*,#9977,.T.);
#9977 = EDGE_CURVE('',#9615,#9928,#9978,.T.);
#9978 = SURFACE_CURVE('',#9979,(#9984,#9991),.PCURVE_S1.);
#9979 = CIRCLE('',#9980,0.594538006372);
#9980 = AXIS2_PLACEMENT_3D('',#9981,#9982,#9983);
#9981 = CARTESIAN_POINT('',(-12.93801581078,35.281315430132,
    85.498406918525));
#9982 = DIRECTION('',(0.,1.,-2.22044604925E-16));
#9983 = DIRECTION('',(-1.,0.,0.));
#9984 = PCURVE('',#3158,#9985);
#9985 = DEFINITIONAL_REPRESENTATION('',(#9986),#9990);
#9986 = LINE('',#9987,#9988);
#9987 = CARTESIAN_POINT('',(0.,-2.948984979518));
#9988 = VECTOR('',#9989,1.);
#9989 = DIRECTION('',(1.,0.));
#9990 = ( GEOMETRIC_REPRESENTATION_CONTEXT(2) 
PARAMETRIC_REPRESENTATION_CONTEXT() REPRESENTATION_CONTEXT('2D SPACE',''
  ) );
#9991 = PCURVE('',#9630,#9992);
#9992 = DEFINITIONAL_REPRESENTATION('',(#9993),#10001);
#9993 = ( BOUNDED_CURVE() B_SPLINE_CURVE(2,(#9994,#9995,#9996,#9997,
#9998,#9999,#10000),.UNSPECIFIED.,.T.,.F.) B_SPLINE_CURVE_WITH_KNOTS((1,
    2,2,2,2,1),(-2.094395102393,0.,2.094395102393,4.188790204786,
6.28318530718,8.377580409573),.UNSPECIFIED.) CURVE() 
GEOMETRIC_REPRESENTATION_ITEM() RATIONAL_B_SPLINE_CURVE((1.,0.5,1.,0.5,
1.,0.5,1.)) REPRESENTATION_ITEM('') );
#9994 = CARTESIAN_POINT('',(-3.873846250062,4.546024882415));
#9995 = CARTESIAN_POINT('',(-3.873846250062,5.575794916483));
#9996 = CARTESIAN_POINT('',(-2.982039240503,5.060909899449));
#9997 = CARTESIAN_POINT('',(-2.090232230945,4.546024882415));
#9998 = CARTESIAN_POINT('',(-2.982039240503,4.031139865382));
#9999 = CARTESIAN_POINT('',(-3.873846250062,3.516254848348));
#10000 = CARTESIAN_POINT('',(-3.873846250062,4.546024882415));
#10001 = ( GEOMETRIC_REPRESENTATION_CONTEXT(2) 
PARAMETRIC_REPRESENTATION_CONTEXT() REPRESENTATION_CONTEXT('2D SPACE',''
  ) );
#10002 = ORIENTED_EDGE('',*,*,#9927,.F.);
#10003 = ADVANCED_FACE('',(#10004),#3364,.F.);
#10004 = FACE_BOUND('',#10005,.F.);
#10005 = EDGE_LOOP('',(#10006,#10007,#10030,#10058));
#10006 = ORIENTED_EDGE('',*,*,#3347,.T.);
#10007 = ORIENTED_EDGE('',*,*,#10008,.T.);
#10008 = EDGE_CURVE('',#3350,#10009,#10011,.T.);
#10009 = VERTEX_POINT('',#10010);
#10010 = CARTESIAN_POINT('',(-3.873846265557,35.281315430132,
    52.022075557578));
#10011 = SURFACE_CURVE('',#10012,(#10016,#10023),.PCURVE_S1.);
#10012 = LINE('',#10013,#10014);
#10013 = CARTESIAN_POINT('',(-3.873846265557,38.23030040965,
    52.022075557579));
#10014 = VECTOR('',#10015,1.);
#10015 = DIRECTION('',(0.,-1.,2.22044604925E-16));
#10016 = PCURVE('',#3364,#10017);
#10017 = DEFINITIONAL_REPRESENTATION('',(#10018),#10022);
#10018 = LINE('',#10019,#10020);
#10019 = CARTESIAN_POINT('',(0.,0.));
#10020 = VECTOR('',#10021,1.);
#10021 = DIRECTION('',(0.,-1.));
#10022 = ( GEOMETRIC_REPRESENTATION_CONTEXT(2) 
PARAMETRIC_REPRESENTATION_CONTEXT() REPRESENTATION_CONTEXT('2D SPACE',''
  ) );
#10023 = PCURVE('',#3571,#10024);
#10024 = DEFINITIONAL_REPRESENTATION('',(#10025),#10029);
#10025 = LINE('',#10026,#10027);
#10026 = CARTESIAN_POINT('',(6.28318530718,0.));
#10027 = VECTOR('',#10028,1.);
#10028 = DIRECTION('',(0.,-1.));
#10029 = ( GEOMETRIC_REPRESENTATION_CONTEXT(2) 
PARAMETRIC_REPRESENTATION_CONTEXT() REPRESENTATION_CONTEXT('2D SPACE',''
  ) );
#10030 = ORIENTED_EDGE('',*,*,#10031,.T.);
#10031 = EDGE_CURVE('',#10009,#10032,#10034,.T.);
#10032 = VERTEX_POINT('',#10033);
#10033 = CARTESIAN_POINT('',(-3.873846265557,35.281315430132,
    61.114125322409));
#10034 = SURFACE_CURVE('',#10035,(#10039,#10046),.PCURVE_S1.);
#10035 = LINE('',#10036,#10037);
#10036 = CARTESIAN_POINT('',(-3.873846265557,35.281315430132,
    56.568100439994));
#10037 = VECTOR('',#10038,1.);
#10038 = DIRECTION('',(0.,2.22044604925E-16,1.));
#10039 = PCURVE('',#3364,#10040);
#10040 = DEFINITIONAL_REPRESENTATION('',(#10041),#10045);
#10041 = LINE('',#10042,#10043);
#10042 = CARTESIAN_POINT('',(4.546024882415,-2.948984979518));
#10043 = VECTOR('',#10044,1.);
#10044 = DIRECTION('',(1.,0.));
#10045 = ( GEOMETRIC_REPRESENTATION_CONTEXT(2) 
PARAMETRIC_REPRESENTATION_CONTEXT() REPRESENTATION_CONTEXT('2D SPACE',''
  ) );
#10046 = PCURVE('',#10047,#10052);
#10047 = PLANE('',#10048);
#10048 = AXIS2_PLACEMENT_3D('',#10049,#10050,#10051);
#10049 = CARTESIAN_POINT('',(-1.549496818574E-08,35.281315430132,
    56.568100439994));
#10050 = DIRECTION('',(0.,-1.,2.22044604925E-16));
#10051 = DIRECTION('',(1.,0.,0.));
#10052 = DEFINITIONAL_REPRESENTATION('',(#10053),#10057);
#10053 = LINE('',#10054,#10055);
#10054 = CARTESIAN_POINT('',(-3.873846250062,-6.567227182846E-16));
#10055 = VECTOR('',#10056,1.);
#10056 = DIRECTION('',(0.,1.));
#10057 = ( GEOMETRIC_REPRESENTATION_CONTEXT(2) 
PARAMETRIC_REPRESENTATION_CONTEXT() REPRESENTATION_CONTEXT('2D SPACE',''
  ) );
#10058 = ORIENTED_EDGE('',*,*,#10059,.F.);
#10059 = EDGE_CURVE('',#3348,#10032,#10060,.T.);
#10060 = SURFACE_CURVE('',#10061,(#10065,#10072),.PCURVE_S1.);
#10061 = LINE('',#10062,#10063);
#10062 = CARTESIAN_POINT('',(-3.873846265557,38.23030040965,
    61.114125322409));
#10063 = VECTOR('',#10064,1.);
#10064 = DIRECTION('',(0.,-1.,2.22044604925E-16));
#10065 = PCURVE('',#3364,#10066);
#10066 = DEFINITIONAL_REPRESENTATION('',(#10067),#10071);
#10067 = LINE('',#10068,#10069);
#10068 = CARTESIAN_POINT('',(9.092049764831,0.));
#10069 = VECTOR('',#10070,1.);
#10070 = DIRECTION('',(0.,-1.));
#10071 = ( GEOMETRIC_REPRESENTATION_CONTEXT(2) 
PARAMETRIC_REPRESENTATION_CONTEXT() REPRESENTATION_CONTEXT('2D SPACE',''
  ) );
#10072 = PCURVE('',#3396,#10073);
#10073 = DEFINITIONAL_REPRESENTATION('',(#10074),#10078);
#10074 = LINE('',#10075,#10076);
#10075 = CARTESIAN_POINT('',(0.,0.));
#10076 = VECTOR('',#10077,1.);
#10077 = DIRECTION('',(0.,-1.));
#10078 = ( GEOMETRIC_REPRESENTATION_CONTEXT(2) 
PARAMETRIC_REPRESENTATION_CONTEXT() REPRESENTATION_CONTEXT('2D SPACE',''
  ) );
#10079 = ADVANCED_FACE('',(#10080),#3571,.F.);
#10080 = FACE_BOUND('',#10081,.F.);
#10081 = EDGE_LOOP('',(#10082,#10083,#10106,#10132));
#10082 = ORIENTED_EDGE('',*,*,#3552,.F.);
#10083 = ORIENTED_EDGE('',*,*,#10084,.T.);
#10084 = EDGE_CURVE('',#3527,#10085,#10087,.T.);
#10085 = VERTEX_POINT('',#10086);
#10086 = CARTESIAN_POINT('',(-3.279308259184,35.281315430132,
    51.427537551206));
#10087 = SURFACE_CURVE('',#10088,(#10092,#10099),.PCURVE_S1.);
#10088 = LINE('',#10089,#10090);
#10089 = CARTESIAN_POINT('',(-3.279308259184,38.23030040965,
    51.427537551206));
#10090 = VECTOR('',#10091,1.);
#10091 = DIRECTION('',(0.,-1.,2.22044604925E-16));
#10092 = PCURVE('',#3571,#10093);
#10093 = DEFINITIONAL_REPRESENTATION('',(#10094),#10098);
#10094 = LINE('',#10095,#10096);
#10095 = CARTESIAN_POINT('',(4.712388980385,0.));
#10096 = VECTOR('',#10097,1.);
#10097 = DIRECTION('',(0.,-1.));
#10098 = ( GEOMETRIC_REPRESENTATION_CONTEXT(2) 
PARAMETRIC_REPRESENTATION_CONTEXT() REPRESENTATION_CONTEXT('2D SPACE',''
  ) );
#10099 = PCURVE('',#3541,#10100);
#10100 = DEFINITIONAL_REPRESENTATION('',(#10101),#10105);
#10101 = LINE('',#10102,#10103);
#10102 = CARTESIAN_POINT('',(0.,0.));
#10103 = VECTOR('',#10104,1.);
#10104 = DIRECTION('',(0.,-1.));
#10105 = ( GEOMETRIC_REPRESENTATION_CONTEXT(2) 
PARAMETRIC_REPRESENTATION_CONTEXT() REPRESENTATION_CONTEXT('2D SPACE',''
  ) );
#10106 = ORIENTED_EDGE('',*,*,#10107,.T.);
#10107 = EDGE_CURVE('',#10085,#10009,#10108,.T.);
#10108 = SURFACE_CURVE('',#10109,(#10114,#10121),.PCURVE_S1.);
#10109 = CIRCLE('',#10110,0.594538006372);
#10110 = AXIS2_PLACEMENT_3D('',#10111,#10112,#10113);
#10111 = CARTESIAN_POINT('',(-3.279308259184,35.281315430132,
    52.022075557578));
#10112 = DIRECTION('',(0.,1.,-2.22044604925E-16));
#10113 = DIRECTION('',(-1.,0.,0.));
#10114 = PCURVE('',#3571,#10115);
#10115 = DEFINITIONAL_REPRESENTATION('',(#10116),#10120);
#10116 = LINE('',#10117,#10118);
#10117 = CARTESIAN_POINT('',(0.,-2.948984979518));
#10118 = VECTOR('',#10119,1.);
#10119 = DIRECTION('',(1.,0.));
#10120 = ( GEOMETRIC_REPRESENTATION_CONTEXT(2) 
PARAMETRIC_REPRESENTATION_CONTEXT() REPRESENTATION_CONTEXT('2D SPACE',''
  ) );
#10121 = PCURVE('',#10047,#10122);
#10122 = DEFINITIONAL_REPRESENTATION('',(#10123),#10131);
#10123 = ( BOUNDED_CURVE() B_SPLINE_CURVE(2,(#10124,#10125,#10126,#10127
    ,#10128,#10129,#10130),.UNSPECIFIED.,.T.,.F.) 
B_SPLINE_CURVE_WITH_KNOTS((1,2,2,2,2,1),(-2.094395102393,0.,
    2.094395102393,4.188790204786,6.28318530718,8.377580409573),
.UNSPECIFIED.) CURVE() GEOMETRIC_REPRESENTATION_ITEM() 
RATIONAL_B_SPLINE_CURVE((1.,0.5,1.,0.5,1.,0.5,1.)) REPRESENTATION_ITEM(
  '') );
#10124 = CARTESIAN_POINT('',(-3.873846250062,-4.546024882415));
#10125 = CARTESIAN_POINT('',(-3.873846250062,-3.516254848348));
#10126 = CARTESIAN_POINT('',(-2.982039240503,-4.031139865382));
#10127 = CARTESIAN_POINT('',(-2.090232230945,-4.546024882415));
#10128 = CARTESIAN_POINT('',(-2.982039240503,-5.060909899449));
#10129 = CARTESIAN_POINT('',(-3.873846250062,-5.575794916483));
#10130 = CARTESIAN_POINT('',(-3.873846250062,-4.546024882415));
#10131 = ( GEOMETRIC_REPRESENTATION_CONTEXT(2) 
PARAMETRIC_REPRESENTATION_CONTEXT() REPRESENTATION_CONTEXT('2D SPACE',''
  ) );
#10132 = ORIENTED_EDGE('',*,*,#10008,.F.);
#10133 = ADVANCED_FACE('',(#10134),#3541,.T.);
#10134 = FACE_BOUND('',#10135,.T.);
#10135 = EDGE_LOOP('',(#10136,#10137,#10138,#10161));
#10136 = ORIENTED_EDGE('',*,*,#3526,.T.);
#10137 = ORIENTED_EDGE('',*,*,#10084,.T.);
#10138 = ORIENTED_EDGE('',*,*,#10139,.T.);
#10139 = EDGE_CURVE('',#10085,#10140,#10142,.T.);
#10140 = VERTEX_POINT('',#10141);
#10141 = CARTESIAN_POINT('',(3.279308194672,35.281315430132,
    51.427537551206));
#10142 = SURFACE_CURVE('',#10143,(#10147,#10154),.PCURVE_S1.);
#10143 = LINE('',#10144,#10145);
#10144 = CARTESIAN_POINT('',(5.107025913276E-14,35.281315430132,
    51.427537551206));
#10145 = VECTOR('',#10146,1.);
#10146 = DIRECTION('',(1.,0.,0.));
#10147 = PCURVE('',#3541,#10148);
#10148 = DEFINITIONAL_REPRESENTATION('',(#10149),#10153);
#10149 = LINE('',#10150,#10151);
#10150 = CARTESIAN_POINT('',(3.279308259184,-2.948984979518));
#10151 = VECTOR('',#10152,1.);
#10152 = DIRECTION('',(1.,0.));
#10153 = ( GEOMETRIC_REPRESENTATION_CONTEXT(2) 
PARAMETRIC_REPRESENTATION_CONTEXT() REPRESENTATION_CONTEXT('2D SPACE',''
  ) );
#10154 = PCURVE('',#10047,#10155);
#10155 = DEFINITIONAL_REPRESENTATION('',(#10156),#10160);
#10156 = LINE('',#10157,#10158);
#10157 = CARTESIAN_POINT('',(1.5495019256E-08,-5.140562888788));
#10158 = VECTOR('',#10159,1.);
#10159 = DIRECTION('',(1.,0.));
#10160 = ( GEOMETRIC_REPRESENTATION_CONTEXT(2) 
PARAMETRIC_REPRESENTATION_CONTEXT() REPRESENTATION_CONTEXT('2D SPACE',''
  ) );
#10161 = ORIENTED_EDGE('',*,*,#10162,.F.);
#10162 = EDGE_CURVE('',#3494,#10140,#10163,.T.);
#10163 = SURFACE_CURVE('',#10164,(#10168,#10175),.PCURVE_S1.);
#10164 = LINE('',#10165,#10166);
#10165 = CARTESIAN_POINT('',(3.279308194672,38.23030040965,
    51.427537551206));
#10166 = VECTOR('',#10167,1.);
#10167 = DIRECTION('',(0.,-1.,2.22044604925E-16));
#10168 = PCURVE('',#3541,#10169);
#10169 = DEFINITIONAL_REPRESENTATION('',(#10170),#10174);
#10170 = LINE('',#10171,#10172);
#10171 = CARTESIAN_POINT('',(6.558616453856,0.));
#10172 = VECTOR('',#10173,1.);
#10173 = DIRECTION('',(0.,-1.));
#10174 = ( GEOMETRIC_REPRESENTATION_CONTEXT(2) 
PARAMETRIC_REPRESENTATION_CONTEXT() REPRESENTATION_CONTEXT('2D SPACE',''
  ) );
#10175 = PCURVE('',#3514,#10176);
#10176 = DEFINITIONAL_REPRESENTATION('',(#10177),#10181);
#10177 = LINE('',#10178,#10179);
#10178 = CARTESIAN_POINT('',(4.712388980385,0.));
#10179 = VECTOR('',#10180,1.);
#10180 = DIRECTION('',(0.,-1.));
#10181 = ( GEOMETRIC_REPRESENTATION_CONTEXT(2) 
PARAMETRIC_REPRESENTATION_CONTEXT() REPRESENTATION_CONTEXT('2D SPACE',''
  ) );
#10182 = ADVANCED_FACE('',(#10183),#3514,.F.);
#10183 = FACE_BOUND('',#10184,.F.);
#10184 = EDGE_LOOP('',(#10185,#10186,#10209,#10235));
#10185 = ORIENTED_EDGE('',*,*,#3493,.F.);
#10186 = ORIENTED_EDGE('',*,*,#10187,.T.);
#10187 = EDGE_CURVE('',#3468,#10188,#10190,.T.);
#10188 = VERTEX_POINT('',#10189);
#10189 = CARTESIAN_POINT('',(3.8738462333,35.281315430132,
    52.022075557578));
#10190 = SURFACE_CURVE('',#10191,(#10195,#10202),.PCURVE_S1.);
#10191 = LINE('',#10192,#10193);
#10192 = CARTESIAN_POINT('',(3.8738462333,38.23030040965,52.022075557579
    ));
#10193 = VECTOR('',#10194,1.);
#10194 = DIRECTION('',(0.,-1.,2.22044604925E-16));
#10195 = PCURVE('',#3514,#10196);
#10196 = DEFINITIONAL_REPRESENTATION('',(#10197),#10201);
#10197 = LINE('',#10198,#10199);
#10198 = CARTESIAN_POINT('',(3.14159265359,0.));
#10199 = VECTOR('',#10200,1.);
#10200 = DIRECTION('',(0.,-1.));
#10201 = ( GEOMETRIC_REPRESENTATION_CONTEXT(2) 
PARAMETRIC_REPRESENTATION_CONTEXT() REPRESENTATION_CONTEXT('2D SPACE',''
  ) );
#10202 = PCURVE('',#3482,#10203);
#10203 = DEFINITIONAL_REPRESENTATION('',(#10204),#10208);
#10204 = LINE('',#10205,#10206);
#10205 = CARTESIAN_POINT('',(0.,0.));
#10206 = VECTOR('',#10207,1.);
#10207 = DIRECTION('',(0.,-1.));
#10208 = ( GEOMETRIC_REPRESENTATION_CONTEXT(2) 
PARAMETRIC_REPRESENTATION_CONTEXT() REPRESENTATION_CONTEXT('2D SPACE',''
  ) );
#10209 = ORIENTED_EDGE('',*,*,#10210,.T.);
#10210 = EDGE_CURVE('',#10188,#10140,#10211,.T.);
#10211 = SURFACE_CURVE('',#10212,(#10217,#10224),.PCURVE_S1.);
#10212 = CIRCLE('',#10213,0.594538006372);
#10213 = AXIS2_PLACEMENT_3D('',#10214,#10215,#10216);
#10214 = CARTESIAN_POINT('',(3.279308194672,35.281315430132,
    52.022075557578));
#10215 = DIRECTION('',(0.,1.,-2.22044604925E-16));
#10216 = DIRECTION('',(-1.,0.,0.));
#10217 = PCURVE('',#3514,#10218);
#10218 = DEFINITIONAL_REPRESENTATION('',(#10219),#10223);
#10219 = LINE('',#10220,#10221);
#10220 = CARTESIAN_POINT('',(0.,-2.948984979518));
#10221 = VECTOR('',#10222,1.);
#10222 = DIRECTION('',(1.,0.));
#10223 = ( GEOMETRIC_REPRESENTATION_CONTEXT(2) 
PARAMETRIC_REPRESENTATION_CONTEXT() REPRESENTATION_CONTEXT('2D SPACE',''
  ) );
#10224 = PCURVE('',#10047,#10225);
#10225 = DEFINITIONAL_REPRESENTATION('',(#10226),#10234);
#10226 = ( BOUNDED_CURVE() B_SPLINE_CURVE(2,(#10227,#10228,#10229,#10230
    ,#10231,#10232,#10233),.UNSPECIFIED.,.T.,.F.) 
B_SPLINE_CURVE_WITH_KNOTS((1,2,2,2,2,1),(-2.094395102393,0.,
    2.094395102393,4.188790204786,6.28318530718,8.377580409573),
.UNSPECIFIED.) CURVE() GEOMETRIC_REPRESENTATION_ITEM() 
RATIONAL_B_SPLINE_CURVE((1.,0.5,1.,0.5,1.,0.5,1.)) REPRESENTATION_ITEM(
  '') );
#10227 = CARTESIAN_POINT('',(2.684770203794,-4.546024882415));
#10228 = CARTESIAN_POINT('',(2.684770203794,-3.516254848348));
#10229 = CARTESIAN_POINT('',(3.576577213353,-4.031139865382));
#10230 = CARTESIAN_POINT('',(4.468384222911,-4.546024882415));
#10231 = CARTESIAN_POINT('',(3.576577213353,-5.060909899449));
#10232 = CARTESIAN_POINT('',(2.684770203794,-5.575794916483));
#10233 = CARTESIAN_POINT('',(2.684770203794,-4.546024882415));
#10234 = ( GEOMETRIC_REPRESENTATION_CONTEXT(2) 
PARAMETRIC_REPRESENTATION_CONTEXT() REPRESENTATION_CONTEXT('2D SPACE',''
  ) );
#10235 = ORIENTED_EDGE('',*,*,#10162,.F.);
#10236 = ADVANCED_FACE('',(#10237),#3482,.T.);
#10237 = FACE_BOUND('',#10238,.T.);
#10238 = EDGE_LOOP('',(#10239,#10240,#10241,#10264));
#10239 = ORIENTED_EDGE('',*,*,#3467,.T.);
#10240 = ORIENTED_EDGE('',*,*,#10187,.T.);
#10241 = ORIENTED_EDGE('',*,*,#10242,.T.);
#10242 = EDGE_CURVE('',#10188,#10243,#10245,.T.);
#10243 = VERTEX_POINT('',#10244);
#10244 = CARTESIAN_POINT('',(3.8738462333,35.281315430132,
    61.114125322409));
#10245 = SURFACE_CURVE('',#10246,(#10250,#10257),.PCURVE_S1.);
#10246 = LINE('',#10247,#10248);
#10247 = CARTESIAN_POINT('',(3.873846265557,35.281315430132,
    56.568100439994));
#10248 = VECTOR('',#10249,1.);
#10249 = DIRECTION('',(0.,2.22044604925E-16,1.));
#10250 = PCURVE('',#3482,#10251);
#10251 = DEFINITIONAL_REPRESENTATION('',(#10252),#10256);
#10252 = LINE('',#10253,#10254);
#10253 = CARTESIAN_POINT('',(4.546024882415,-2.948984979518));
#10254 = VECTOR('',#10255,1.);
#10255 = DIRECTION('',(1.,0.));
#10256 = ( GEOMETRIC_REPRESENTATION_CONTEXT(2) 
PARAMETRIC_REPRESENTATION_CONTEXT() REPRESENTATION_CONTEXT('2D SPACE',''
  ) );
#10257 = PCURVE('',#10047,#10258);
#10258 = DEFINITIONAL_REPRESENTATION('',(#10259),#10263);
#10259 = LINE('',#10260,#10261);
#10260 = CARTESIAN_POINT('',(3.873846281052,-6.567227182846E-16));
#10261 = VECTOR('',#10262,1.);
#10262 = DIRECTION('',(0.,1.));
#10263 = ( GEOMETRIC_REPRESENTATION_CONTEXT(2) 
PARAMETRIC_REPRESENTATION_CONTEXT() REPRESENTATION_CONTEXT('2D SPACE',''
  ) );
#10264 = ORIENTED_EDGE('',*,*,#10265,.F.);
#10265 = EDGE_CURVE('',#3435,#10243,#10266,.T.);
#10266 = SURFACE_CURVE('',#10267,(#10271,#10278),.PCURVE_S1.);
#10267 = LINE('',#10268,#10269);
#10268 = CARTESIAN_POINT('',(3.8738462333,38.23030040965,61.114125322409
    ));
#10269 = VECTOR('',#10270,1.);
#10270 = DIRECTION('',(0.,-1.,2.22044604925E-16));
#10271 = PCURVE('',#3482,#10272);
#10272 = DEFINITIONAL_REPRESENTATION('',(#10273),#10277);
#10273 = LINE('',#10274,#10275);
#10274 = CARTESIAN_POINT('',(9.092049764831,0.));
#10275 = VECTOR('',#10276,1.);
#10276 = DIRECTION('',(0.,-1.));
#10277 = ( GEOMETRIC_REPRESENTATION_CONTEXT(2) 
PARAMETRIC_REPRESENTATION_CONTEXT() REPRESENTATION_CONTEXT('2D SPACE',''
  ) );
#10278 = PCURVE('',#3455,#10279);
#10279 = DEFINITIONAL_REPRESENTATION('',(#10280),#10284);
#10280 = LINE('',#10281,#10282);
#10281 = CARTESIAN_POINT('',(3.14159265359,0.));
#10282 = VECTOR('',#10283,1.);
#10283 = DIRECTION('',(0.,-1.));
#10284 = ( GEOMETRIC_REPRESENTATION_CONTEXT(2) 
PARAMETRIC_REPRESENTATION_CONTEXT() REPRESENTATION_CONTEXT('2D SPACE',''
  ) );
#10285 = ADVANCED_FACE('',(#10286),#3455,.F.);
#10286 = FACE_BOUND('',#10287,.F.);
#10287 = EDGE_LOOP('',(#10288,#10289,#10312,#10338));
#10288 = ORIENTED_EDGE('',*,*,#3434,.F.);
#10289 = ORIENTED_EDGE('',*,*,#10290,.T.);
#10290 = EDGE_CURVE('',#3409,#10291,#10293,.T.);
#10291 = VERTEX_POINT('',#10292);
#10292 = CARTESIAN_POINT('',(3.279308194672,35.281315430132,
    61.708663328782));
#10293 = SURFACE_CURVE('',#10294,(#10298,#10305),.PCURVE_S1.);
#10294 = LINE('',#10295,#10296);
#10295 = CARTESIAN_POINT('',(3.279308194672,38.23030040965,
    61.708663328782));
#10296 = VECTOR('',#10297,1.);
#10297 = DIRECTION('',(0.,-1.,2.22044604925E-16));
#10298 = PCURVE('',#3455,#10299);
#10299 = DEFINITIONAL_REPRESENTATION('',(#10300),#10304);
#10300 = LINE('',#10301,#10302);
#10301 = CARTESIAN_POINT('',(1.570796326795,0.));
#10302 = VECTOR('',#10303,1.);
#10303 = DIRECTION('',(0.,-1.));
#10304 = ( GEOMETRIC_REPRESENTATION_CONTEXT(2) 
PARAMETRIC_REPRESENTATION_CONTEXT() REPRESENTATION_CONTEXT('2D SPACE',''
  ) );
#10305 = PCURVE('',#3423,#10306);
#10306 = DEFINITIONAL_REPRESENTATION('',(#10307),#10311);
#10307 = LINE('',#10308,#10309);
#10308 = CARTESIAN_POINT('',(6.558616453856,0.));
#10309 = VECTOR('',#10310,1.);
#10310 = DIRECTION('',(0.,-1.));
#10311 = ( GEOMETRIC_REPRESENTATION_CONTEXT(2) 
PARAMETRIC_REPRESENTATION_CONTEXT() REPRESENTATION_CONTEXT('2D SPACE',''
  ) );
#10312 = ORIENTED_EDGE('',*,*,#10313,.T.);
#10313 = EDGE_CURVE('',#10291,#10243,#10314,.T.);
#10314 = SURFACE_CURVE('',#10315,(#10320,#10327),.PCURVE_S1.);
#10315 = CIRCLE('',#10316,0.594538006372);
#10316 = AXIS2_PLACEMENT_3D('',#10317,#10318,#10319);
#10317 = CARTESIAN_POINT('',(3.279308194672,35.281315430132,
    61.114125322409));
#10318 = DIRECTION('',(0.,1.,-2.22044604925E-16));
#10319 = DIRECTION('',(-1.,0.,0.));
#10320 = PCURVE('',#3455,#10321);
#10321 = DEFINITIONAL_REPRESENTATION('',(#10322),#10326);
#10322 = LINE('',#10323,#10324);
#10323 = CARTESIAN_POINT('',(0.,-2.948984979518));
#10324 = VECTOR('',#10325,1.);
#10325 = DIRECTION('',(1.,0.));
#10326 = ( GEOMETRIC_REPRESENTATION_CONTEXT(2) 
PARAMETRIC_REPRESENTATION_CONTEXT() REPRESENTATION_CONTEXT('2D SPACE',''
  ) );
#10327 = PCURVE('',#10047,#10328);
#10328 = DEFINITIONAL_REPRESENTATION('',(#10329),#10337);
#10329 = ( BOUNDED_CURVE() B_SPLINE_CURVE(2,(#10330,#10331,#10332,#10333
    ,#10334,#10335,#10336),.UNSPECIFIED.,.T.,.F.) 
B_SPLINE_CURVE_WITH_KNOTS((1,2,2,2,2,1),(-2.094395102393,0.,
    2.094395102393,4.188790204786,6.28318530718,8.377580409573),
.UNSPECIFIED.) CURVE() GEOMETRIC_REPRESENTATION_ITEM() 
RATIONAL_B_SPLINE_CURVE((1.,0.5,1.,0.5,1.,0.5,1.)) REPRESENTATION_ITEM(
  '') );
#10330 = CARTESIAN_POINT('',(2.684770203794,4.546024882415));
#10331 = CARTESIAN_POINT('',(2.684770203794,5.575794916483));
#10332 = CARTESIAN_POINT('',(3.576577213353,5.060909899449));
#10333 = CARTESIAN_POINT('',(4.468384222911,4.546024882415));
#10334 = CARTESIAN_POINT('',(3.576577213353,4.031139865382));
#10335 = CARTESIAN_POINT('',(2.684770203794,3.516254848348));
#10336 = CARTESIAN_POINT('',(2.684770203794,4.546024882415));
#10337 = ( GEOMETRIC_REPRESENTATION_CONTEXT(2) 
PARAMETRIC_REPRESENTATION_CONTEXT() REPRESENTATION_CONTEXT('2D SPACE',''
  ) );
#10338 = ORIENTED_EDGE('',*,*,#10265,.F.);
#10339 = ADVANCED_FACE('',(#10340),#3423,.F.);
#10340 = FACE_BOUND('',#10341,.F.);
#10341 = EDGE_LOOP('',(#10342,#10343,#10366,#10387));
#10342 = ORIENTED_EDGE('',*,*,#3408,.T.);
#10343 = ORIENTED_EDGE('',*,*,#10344,.T.);
#10344 = EDGE_CURVE('',#3376,#10345,#10347,.T.);
#10345 = VERTEX_POINT('',#10346);
#10346 = CARTESIAN_POINT('',(-3.279308259184,35.281315430132,
    61.708663328782));
#10347 = SURFACE_CURVE('',#10348,(#10352,#10359),.PCURVE_S1.);
#10348 = LINE('',#10349,#10350);
#10349 = CARTESIAN_POINT('',(-3.279308259184,38.23030040965,
    61.708663328782));
#10350 = VECTOR('',#10351,1.);
#10351 = DIRECTION('',(0.,-1.,2.22044604925E-16));
#10352 = PCURVE('',#3423,#10353);
#10353 = DEFINITIONAL_REPRESENTATION('',(#10354),#10358);
#10354 = LINE('',#10355,#10356);
#10355 = CARTESIAN_POINT('',(0.,0.));
#10356 = VECTOR('',#10357,1.);
#10357 = DIRECTION('',(0.,-1.));
#10358 = ( GEOMETRIC_REPRESENTATION_CONTEXT(2) 
PARAMETRIC_REPRESENTATION_CONTEXT() REPRESENTATION_CONTEXT('2D SPACE',''
  ) );
#10359 = PCURVE('',#3396,#10360);
#10360 = DEFINITIONAL_REPRESENTATION('',(#10361),#10365);
#10361 = LINE('',#10362,#10363);
#10362 = CARTESIAN_POINT('',(1.570796326795,0.));
#10363 = VECTOR('',#10364,1.);
#10364 = DIRECTION('',(0.,-1.));
#10365 = ( GEOMETRIC_REPRESENTATION_CONTEXT(2) 
PARAMETRIC_REPRESENTATION_CONTEXT() REPRESENTATION_CONTEXT('2D SPACE',''
  ) );
#10366 = ORIENTED_EDGE('',*,*,#10367,.T.);
#10367 = EDGE_CURVE('',#10345,#10291,#10368,.T.);
#10368 = SURFACE_CURVE('',#10369,(#10373,#10380),.PCURVE_S1.);
#10369 = LINE('',#10370,#10371);
#10370 = CARTESIAN_POINT('',(5.107025913276E-14,35.281315430132,
    61.708663328782));
#10371 = VECTOR('',#10372,1.);
#10372 = DIRECTION('',(1.,0.,0.));
#10373 = PCURVE('',#3423,#10374);
#10374 = DEFINITIONAL_REPRESENTATION('',(#10375),#10379);
#10375 = LINE('',#10376,#10377);
#10376 = CARTESIAN_POINT('',(3.279308259184,-2.948984979518));
#10377 = VECTOR('',#10378,1.);
#10378 = DIRECTION('',(1.,0.));
#10379 = ( GEOMETRIC_REPRESENTATION_CONTEXT(2) 
PARAMETRIC_REPRESENTATION_CONTEXT() REPRESENTATION_CONTEXT('2D SPACE',''
  ) );
#10380 = PCURVE('',#10047,#10381);
#10381 = DEFINITIONAL_REPRESENTATION('',(#10382),#10386);
#10382 = LINE('',#10383,#10384);
#10383 = CARTESIAN_POINT('',(1.5495019256E-08,5.140562888788));
#10384 = VECTOR('',#10385,1.);
#10385 = DIRECTION('',(1.,0.));
#10386 = ( GEOMETRIC_REPRESENTATION_CONTEXT(2) 
PARAMETRIC_REPRESENTATION_CONTEXT() REPRESENTATION_CONTEXT('2D SPACE',''
  ) );
#10387 = ORIENTED_EDGE('',*,*,#10290,.F.);
#10388 = ADVANCED_FACE('',(#10389),#3396,.F.);
#10389 = FACE_BOUND('',#10390,.F.);
#10390 = EDGE_LOOP('',(#10391,#10392,#10393,#10419));
#10391 = ORIENTED_EDGE('',*,*,#3375,.F.);
#10392 = ORIENTED_EDGE('',*,*,#10059,.T.);
#10393 = ORIENTED_EDGE('',*,*,#10394,.T.);
#10394 = EDGE_CURVE('',#10032,#10345,#10395,.T.);
#10395 = SURFACE_CURVE('',#10396,(#10401,#10408),.PCURVE_S1.);
#10396 = CIRCLE('',#10397,0.594538006372);
#10397 = AXIS2_PLACEMENT_3D('',#10398,#10399,#10400);
#10398 = CARTESIAN_POINT('',(-3.279308259184,35.281315430132,
    61.114125322409));
#10399 = DIRECTION('',(0.,1.,-2.22044604925E-16));
#10400 = DIRECTION('',(-1.,0.,0.));
#10401 = PCURVE('',#3396,#10402);
#10402 = DEFINITIONAL_REPRESENTATION('',(#10403),#10407);
#10403 = LINE('',#10404,#10405);
#10404 = CARTESIAN_POINT('',(0.,-2.948984979518));
#10405 = VECTOR('',#10406,1.);
#10406 = DIRECTION('',(1.,0.));
#10407 = ( GEOMETRIC_REPRESENTATION_CONTEXT(2) 
PARAMETRIC_REPRESENTATION_CONTEXT() REPRESENTATION_CONTEXT('2D SPACE',''
  ) );
#10408 = PCURVE('',#10047,#10409);
#10409 = DEFINITIONAL_REPRESENTATION('',(#10410),#10418);
#10410 = ( BOUNDED_CURVE() B_SPLINE_CURVE(2,(#10411,#10412,#10413,#10414
    ,#10415,#10416,#10417),.UNSPECIFIED.,.T.,.F.) 
B_SPLINE_CURVE_WITH_KNOTS((1,2,2,2,2,1),(-2.094395102393,0.,
    2.094395102393,4.188790204786,6.28318530718,8.377580409573),
.UNSPECIFIED.) CURVE() GEOMETRIC_REPRESENTATION_ITEM() 
RATIONAL_B_SPLINE_CURVE((1.,0.5,1.,0.5,1.,0.5,1.)) REPRESENTATION_ITEM(
  '') );
#10411 = CARTESIAN_POINT('',(-3.873846250062,4.546024882415));
#10412 = CARTESIAN_POINT('',(-3.873846250062,5.575794916483));
#10413 = CARTESIAN_POINT('',(-2.982039240503,5.060909899449));
#10414 = CARTESIAN_POINT('',(-2.090232230945,4.546024882415));
#10415 = CARTESIAN_POINT('',(-2.982039240503,4.031139865382));
#10416 = CARTESIAN_POINT('',(-3.873846250062,3.516254848348));
#10417 = CARTESIAN_POINT('',(-3.873846250062,4.546024882415));
#10418 = ( GEOMETRIC_REPRESENTATION_CONTEXT(2) 
PARAMETRIC_REPRESENTATION_CONTEXT() REPRESENTATION_CONTEXT('2D SPACE',''
  ) );
#10419 = ORIENTED_EDGE('',*,*,#10344,.F.);
#10420 = ADVANCED_FACE('',(#10421),#3602,.F.);
#10421 = FACE_BOUND('',#10422,.F.);
#10422 = EDGE_LOOP('',(#10423,#10424,#10447,#10475));
#10423 = ORIENTED_EDGE('',*,*,#3585,.T.);
#10424 = ORIENTED_EDGE('',*,*,#10425,.T.);
#10425 = EDGE_CURVE('',#3588,#10426,#10428,.T.);
#10426 = VERTEX_POINT('',#10427);
#10427 = CARTESIAN_POINT('',(5.784861286039,35.281315430132,
    52.022075557578));
#10428 = SURFACE_CURVE('',#10429,(#10433,#10440),.PCURVE_S1.);
#10429 = LINE('',#10430,#10431);
#10430 = CARTESIAN_POINT('',(5.784861286039,38.23030040965,
    52.022075557579));
#10431 = VECTOR('',#10432,1.);
#10432 = DIRECTION('',(0.,-1.,2.22044604925E-16));
#10433 = PCURVE('',#3602,#10434);
#10434 = DEFINITIONAL_REPRESENTATION('',(#10435),#10439);
#10435 = LINE('',#10436,#10437);
#10436 = CARTESIAN_POINT('',(0.,0.));
#10437 = VECTOR('',#10438,1.);
#10438 = DIRECTION('',(0.,-1.));
#10439 = ( GEOMETRIC_REPRESENTATION_CONTEXT(2) 
PARAMETRIC_REPRESENTATION_CONTEXT() REPRESENTATION_CONTEXT('2D SPACE',''
  ) );
#10440 = PCURVE('',#3809,#10441);
#10441 = DEFINITIONAL_REPRESENTATION('',(#10442),#10446);
#10442 = LINE('',#10443,#10444);
#10443 = CARTESIAN_POINT('',(6.28318530718,0.));
#10444 = VECTOR('',#10445,1.);
#10445 = DIRECTION('',(0.,-1.));
#10446 = ( GEOMETRIC_REPRESENTATION_CONTEXT(2) 
PARAMETRIC_REPRESENTATION_CONTEXT() REPRESENTATION_CONTEXT('2D SPACE',''
  ) );
#10447 = ORIENTED_EDGE('',*,*,#10448,.T.);
#10448 = EDGE_CURVE('',#10426,#10449,#10451,.T.);
#10449 = VERTEX_POINT('',#10450);
#10450 = CARTESIAN_POINT('',(5.784861286039,35.281315430132,
    61.114125322409));
#10451 = SURFACE_CURVE('',#10452,(#10456,#10463),.PCURVE_S1.);
#10452 = LINE('',#10453,#10454);
#10453 = CARTESIAN_POINT('',(5.784861286039,35.281315430132,
    56.568100439994));
#10454 = VECTOR('',#10455,1.);
#10455 = DIRECTION('',(0.,2.22044604925E-16,1.));
#10456 = PCURVE('',#3602,#10457);
#10457 = DEFINITIONAL_REPRESENTATION('',(#10458),#10462);
#10458 = LINE('',#10459,#10460);
#10459 = CARTESIAN_POINT('',(4.546024882415,-2.948984979518));
#10460 = VECTOR('',#10461,1.);
#10461 = DIRECTION('',(1.,0.));
#10462 = ( GEOMETRIC_REPRESENTATION_CONTEXT(2) 
PARAMETRIC_REPRESENTATION_CONTEXT() REPRESENTATION_CONTEXT('2D SPACE',''
  ) );
#10463 = PCURVE('',#10464,#10469);
#10464 = PLANE('',#10465);
#10465 = AXIS2_PLACEMENT_3D('',#10466,#10467,#10468);
#10466 = CARTESIAN_POINT('',(9.658707536101,35.281315430132,
    56.568100439994));
#10467 = DIRECTION('',(0.,-1.,2.22044604925E-16));
#10468 = DIRECTION('',(1.,0.,0.));
#10469 = DEFINITIONAL_REPRESENTATION('',(#10470),#10474);
#10470 = LINE('',#10471,#10472);
#10471 = CARTESIAN_POINT('',(-3.873846250062,-6.567227182846E-16));
#10472 = VECTOR('',#10473,1.);
#10473 = DIRECTION('',(0.,1.));
#10474 = ( GEOMETRIC_REPRESENTATION_CONTEXT(2) 
PARAMETRIC_REPRESENTATION_CONTEXT() REPRESENTATION_CONTEXT('2D SPACE',''
  ) );
#10475 = ORIENTED_EDGE('',*,*,#10476,.F.);
#10476 = EDGE_CURVE('',#3586,#10449,#10477,.T.);
#10477 = SURFACE_CURVE('',#10478,(#10482,#10489),.PCURVE_S1.);
#10478 = LINE('',#10479,#10480);
#10479 = CARTESIAN_POINT('',(5.784861286039,38.23030040965,
    61.114125322409));
#10480 = VECTOR('',#10481,1.);
#10481 = DIRECTION('',(0.,-1.,2.22044604925E-16));
#10482 = PCURVE('',#3602,#10483);
#10483 = DEFINITIONAL_REPRESENTATION('',(#10484),#10488);
#10484 = LINE('',#10485,#10486);
#10485 = CARTESIAN_POINT('',(9.092049764831,0.));
#10486 = VECTOR('',#10487,1.);
#10487 = DIRECTION('',(0.,-1.));
#10488 = ( GEOMETRIC_REPRESENTATION_CONTEXT(2) 
PARAMETRIC_REPRESENTATION_CONTEXT() REPRESENTATION_CONTEXT('2D SPACE',''
  ) );
#10489 = PCURVE('',#3634,#10490);
#10490 = DEFINITIONAL_REPRESENTATION('',(#10491),#10495);
#10491 = LINE('',#10492,#10493);
#10492 = CARTESIAN_POINT('',(0.,0.));
#10493 = VECTOR('',#10494,1.);
#10494 = DIRECTION('',(0.,-1.));
#10495 = ( GEOMETRIC_REPRESENTATION_CONTEXT(2) 
PARAMETRIC_REPRESENTATION_CONTEXT() REPRESENTATION_CONTEXT('2D SPACE',''
  ) );
#10496 = ADVANCED_FACE('',(#10497),#3809,.F.);
#10497 = FACE_BOUND('',#10498,.F.);
#10498 = EDGE_LOOP('',(#10499,#10500,#10523,#10549));
#10499 = ORIENTED_EDGE('',*,*,#3790,.F.);
#10500 = ORIENTED_EDGE('',*,*,#10501,.T.);
#10501 = EDGE_CURVE('',#3765,#10502,#10504,.T.);
#10502 = VERTEX_POINT('',#10503);
#10503 = CARTESIAN_POINT('',(6.379399292411,35.281315430132,
    51.427537551206));
#10504 = SURFACE_CURVE('',#10505,(#10509,#10516),.PCURVE_S1.);
#10505 = LINE('',#10506,#10507);
#10506 = CARTESIAN_POINT('',(6.379399292411,38.23030040965,
    51.427537551206));
#10507 = VECTOR('',#10508,1.);
#10508 = DIRECTION('',(0.,-1.,2.22044604925E-16));
#10509 = PCURVE('',#3809,#10510);
#10510 = DEFINITIONAL_REPRESENTATION('',(#10511),#10515);
#10511 = LINE('',#10512,#10513);
#10512 = CARTESIAN_POINT('',(4.712388980385,0.));
#10513 = VECTOR('',#10514,1.);
#10514 = DIRECTION('',(0.,-1.));
#10515 = ( GEOMETRIC_REPRESENTATION_CONTEXT(2) 
PARAMETRIC_REPRESENTATION_CONTEXT() REPRESENTATION_CONTEXT('2D SPACE',''
  ) );
#10516 = PCURVE('',#3779,#10517);
#10517 = DEFINITIONAL_REPRESENTATION('',(#10518),#10522);
#10518 = LINE('',#10519,#10520);
#10519 = CARTESIAN_POINT('',(3.552713678801E-15,0.));
#10520 = VECTOR('',#10521,1.);
#10521 = DIRECTION('',(0.,-1.));
#10522 = ( GEOMETRIC_REPRESENTATION_CONTEXT(2) 
PARAMETRIC_REPRESENTATION_CONTEXT() REPRESENTATION_CONTEXT('2D SPACE',''
  ) );
#10523 = ORIENTED_EDGE('',*,*,#10524,.T.);
#10524 = EDGE_CURVE('',#10502,#10426,#10525,.T.);
#10525 = SURFACE_CURVE('',#10526,(#10531,#10538),.PCURVE_S1.);
#10526 = CIRCLE('',#10527,0.594538006372);
#10527 = AXIS2_PLACEMENT_3D('',#10528,#10529,#10530);
#10528 = CARTESIAN_POINT('',(6.379399292411,35.281315430132,
    52.022075557578));
#10529 = DIRECTION('',(0.,1.,-2.22044604925E-16));
#10530 = DIRECTION('',(-1.,0.,0.));
#10531 = PCURVE('',#3809,#10532);
#10532 = DEFINITIONAL_REPRESENTATION('',(#10533),#10537);
#10533 = LINE('',#10534,#10535);
#10534 = CARTESIAN_POINT('',(0.,-2.948984979518));
#10535 = VECTOR('',#10536,1.);
#10536 = DIRECTION('',(1.,0.));
#10537 = ( GEOMETRIC_REPRESENTATION_CONTEXT(2) 
PARAMETRIC_REPRESENTATION_CONTEXT() REPRESENTATION_CONTEXT('2D SPACE',''
  ) );
#10538 = PCURVE('',#10464,#10539);
#10539 = DEFINITIONAL_REPRESENTATION('',(#10540),#10548);
#10540 = ( BOUNDED_CURVE() B_SPLINE_CURVE(2,(#10541,#10542,#10543,#10544
    ,#10545,#10546,#10547),.UNSPECIFIED.,.T.,.F.) 
B_SPLINE_CURVE_WITH_KNOTS((1,2,2,2,2,1),(-2.094395102393,0.,
    2.094395102393,4.188790204786,6.28318530718,8.377580409573),
.UNSPECIFIED.) CURVE() GEOMETRIC_REPRESENTATION_ITEM() 
RATIONAL_B_SPLINE_CURVE((1.,0.5,1.,0.5,1.,0.5,1.)) REPRESENTATION_ITEM(
  '') );
#10541 = CARTESIAN_POINT('',(-3.873846250062,-4.546024882415));
#10542 = CARTESIAN_POINT('',(-3.873846250062,-3.516254848348));
#10543 = CARTESIAN_POINT('',(-2.982039240503,-4.031139865382));
#10544 = CARTESIAN_POINT('',(-2.090232230945,-4.546024882415));
#10545 = CARTESIAN_POINT('',(-2.982039240503,-5.060909899449));
#10546 = CARTESIAN_POINT('',(-3.873846250062,-5.575794916483));
#10547 = CARTESIAN_POINT('',(-3.873846250062,-4.546024882415));
#10548 = ( GEOMETRIC_REPRESENTATION_CONTEXT(2) 
PARAMETRIC_REPRESENTATION_CONTEXT() REPRESENTATION_CONTEXT('2D SPACE',''
  ) );
#10549 = ORIENTED_EDGE('',*,*,#10425,.F.);
#10550 = ADVANCED_FACE('',(#10551),#3779,.T.);
#10551 = FACE_BOUND('',#10552,.T.);
#10552 = EDGE_LOOP('',(#10553,#10554,#10555,#10578));
#10553 = ORIENTED_EDGE('',*,*,#3764,.T.);
#10554 = ORIENTED_EDGE('',*,*,#10501,.T.);
#10555 = ORIENTED_EDGE('',*,*,#10556,.T.);
#10556 = EDGE_CURVE('',#10502,#10557,#10559,.T.);
#10557 = VERTEX_POINT('',#10558);
#10558 = CARTESIAN_POINT('',(12.938015746267,35.281315430132,
    51.427537551206));
#10559 = SURFACE_CURVE('',#10560,(#10564,#10571),.PCURVE_S1.);
#10560 = LINE('',#10561,#10562);
#10561 = CARTESIAN_POINT('',(9.658707551596,35.281315430132,
    51.427537551206));
#10562 = VECTOR('',#10563,1.);
#10563 = DIRECTION('',(1.,0.,0.));
#10564 = PCURVE('',#3779,#10565);
#10565 = DEFINITIONAL_REPRESENTATION('',(#10566),#10570);
#10566 = LINE('',#10567,#10568);
#10567 = CARTESIAN_POINT('',(3.279308259184,-2.948984979518));
#10568 = VECTOR('',#10569,1.);
#10569 = DIRECTION('',(1.,0.));
#10570 = ( GEOMETRIC_REPRESENTATION_CONTEXT(2) 
PARAMETRIC_REPRESENTATION_CONTEXT() REPRESENTATION_CONTEXT('2D SPACE',''
  ) );
#10571 = PCURVE('',#10464,#10572);
#10572 = DEFINITIONAL_REPRESENTATION('',(#10573),#10577);
#10573 = LINE('',#10574,#10575);
#10574 = CARTESIAN_POINT('',(1.5495019256E-08,-5.140562888788));
#10575 = VECTOR('',#10576,1.);
#10576 = DIRECTION('',(1.,0.));
#10577 = ( GEOMETRIC_REPRESENTATION_CONTEXT(2) 
PARAMETRIC_REPRESENTATION_CONTEXT() REPRESENTATION_CONTEXT('2D SPACE',''
  ) );
#10578 = ORIENTED_EDGE('',*,*,#10579,.F.);
#10579 = EDGE_CURVE('',#3732,#10557,#10580,.T.);
#10580 = SURFACE_CURVE('',#10581,(#10585,#10592),.PCURVE_S1.);
#10581 = LINE('',#10582,#10583);
#10582 = CARTESIAN_POINT('',(12.938015746267,38.23030040965,
    51.427537551206));
#10583 = VECTOR('',#10584,1.);
#10584 = DIRECTION('',(0.,-1.,2.22044604925E-16));
#10585 = PCURVE('',#3779,#10586);
#10586 = DEFINITIONAL_REPRESENTATION('',(#10587),#10591);
#10587 = LINE('',#10588,#10589);
#10588 = CARTESIAN_POINT('',(6.558616453856,0.));
#10589 = VECTOR('',#10590,1.);
#10590 = DIRECTION('',(0.,-1.));
#10591 = ( GEOMETRIC_REPRESENTATION_CONTEXT(2) 
PARAMETRIC_REPRESENTATION_CONTEXT() REPRESENTATION_CONTEXT('2D SPACE',''
  ) );
#10592 = PCURVE('',#3752,#10593);
#10593 = DEFINITIONAL_REPRESENTATION('',(#10594),#10598);
#10594 = LINE('',#10595,#10596);
#10595 = CARTESIAN_POINT('',(4.712388980385,0.));
#10596 = VECTOR('',#10597,1.);
#10597 = DIRECTION('',(0.,-1.));
#10598 = ( GEOMETRIC_REPRESENTATION_CONTEXT(2) 
PARAMETRIC_REPRESENTATION_CONTEXT() REPRESENTATION_CONTEXT('2D SPACE',''
  ) );
#10599 = ADVANCED_FACE('',(#10600),#3752,.F.);
#10600 = FACE_BOUND('',#10601,.F.);
#10601 = EDGE_LOOP('',(#10602,#10603,#10626,#10652));
#10602 = ORIENTED_EDGE('',*,*,#3731,.F.);
#10603 = ORIENTED_EDGE('',*,*,#10604,.T.);
#10604 = EDGE_CURVE('',#3706,#10605,#10607,.T.);
#10605 = VERTEX_POINT('',#10606);
#10606 = CARTESIAN_POINT('',(13.532553784896,35.281315430132,
    52.022075557578));
#10607 = SURFACE_CURVE('',#10608,(#10612,#10619),.PCURVE_S1.);
#10608 = LINE('',#10609,#10610);
#10609 = CARTESIAN_POINT('',(13.532553784896,38.23030040965,
    52.022075557579));
#10610 = VECTOR('',#10611,1.);
#10611 = DIRECTION('',(0.,-1.,2.22044604925E-16));
#10612 = PCURVE('',#3752,#10613);
#10613 = DEFINITIONAL_REPRESENTATION('',(#10614),#10618);
#10614 = LINE('',#10615,#10616);
#10615 = CARTESIAN_POINT('',(3.14159265359,0.));
#10616 = VECTOR('',#10617,1.);
#10617 = DIRECTION('',(0.,-1.));
#10618 = ( GEOMETRIC_REPRESENTATION_CONTEXT(2) 
PARAMETRIC_REPRESENTATION_CONTEXT() REPRESENTATION_CONTEXT('2D SPACE',''
  ) );
#10619 = PCURVE('',#3720,#10620);
#10620 = DEFINITIONAL_REPRESENTATION('',(#10621),#10625);
#10621 = LINE('',#10622,#10623);
#10622 = CARTESIAN_POINT('',(0.,0.));
#10623 = VECTOR('',#10624,1.);
#10624 = DIRECTION('',(0.,-1.));
#10625 = ( GEOMETRIC_REPRESENTATION_CONTEXT(2) 
PARAMETRIC_REPRESENTATION_CONTEXT() REPRESENTATION_CONTEXT('2D SPACE',''
  ) );
#10626 = ORIENTED_EDGE('',*,*,#10627,.T.);
#10627 = EDGE_CURVE('',#10605,#10557,#10628,.T.);
#10628 = SURFACE_CURVE('',#10629,(#10634,#10641),.PCURVE_S1.);
#10629 = CIRCLE('',#10630,0.594538006372);
#10630 = AXIS2_PLACEMENT_3D('',#10631,#10632,#10633);
#10631 = CARTESIAN_POINT('',(12.938015746267,35.281315430132,
    52.022075557578));
#10632 = DIRECTION('',(0.,1.,-2.22044604925E-16));
#10633 = DIRECTION('',(-1.,0.,0.));
#10634 = PCURVE('',#3752,#10635);
#10635 = DEFINITIONAL_REPRESENTATION('',(#10636),#10640);
#10636 = LINE('',#10637,#10638);
#10637 = CARTESIAN_POINT('',(0.,-2.948984979518));
#10638 = VECTOR('',#10639,1.);
#10639 = DIRECTION('',(1.,0.));
#10640 = ( GEOMETRIC_REPRESENTATION_CONTEXT(2) 
PARAMETRIC_REPRESENTATION_CONTEXT() REPRESENTATION_CONTEXT('2D SPACE',''
  ) );
#10641 = PCURVE('',#10464,#10642);
#10642 = DEFINITIONAL_REPRESENTATION('',(#10643),#10651);
#10643 = ( BOUNDED_CURVE() B_SPLINE_CURVE(2,(#10644,#10645,#10646,#10647
    ,#10648,#10649,#10650),.UNSPECIFIED.,.T.,.F.) 
B_SPLINE_CURVE_WITH_KNOTS((1,2,2,2,2,1),(-2.094395102393,0.,
    2.094395102393,4.188790204786,6.28318530718,8.377580409573),
.UNSPECIFIED.) CURVE() GEOMETRIC_REPRESENTATION_ITEM() 
RATIONAL_B_SPLINE_CURVE((1.,0.5,1.,0.5,1.,0.5,1.)) REPRESENTATION_ITEM(
  '') );
#10644 = CARTESIAN_POINT('',(2.684770203794,-4.546024882415));
#10645 = CARTESIAN_POINT('',(2.684770203794,-3.516254848348));
#10646 = CARTESIAN_POINT('',(3.576577213353,-4.031139865382));
#10647 = CARTESIAN_POINT('',(4.468384222911,-4.546024882415));
#10648 = CARTESIAN_POINT('',(3.576577213353,-5.060909899449));
#10649 = CARTESIAN_POINT('',(2.684770203794,-5.575794916483));
#10650 = CARTESIAN_POINT('',(2.684770203794,-4.546024882415));
#10651 = ( GEOMETRIC_REPRESENTATION_CONTEXT(2) 
PARAMETRIC_REPRESENTATION_CONTEXT() REPRESENTATION_CONTEXT('2D SPACE',''
  ) );
#10652 = ORIENTED_EDGE('',*,*,#10579,.F.);
#10653 = ADVANCED_FACE('',(#10654),#3720,.T.);
#10654 = FACE_BOUND('',#10655,.T.);
#10655 = EDGE_LOOP('',(#10656,#10657,#10658,#10681));
#10656 = ORIENTED_EDGE('',*,*,#3705,.T.);
#10657 = ORIENTED_EDGE('',*,*,#10604,.T.);
#10658 = ORIENTED_EDGE('',*,*,#10659,.T.);
#10659 = EDGE_CURVE('',#10605,#10660,#10662,.T.);
#10660 = VERTEX_POINT('',#10661);
#10661 = CARTESIAN_POINT('',(13.532553784896,35.281315430132,
    61.114125322409));
#10662 = SURFACE_CURVE('',#10663,(#10667,#10674),.PCURVE_S1.);
#10663 = LINE('',#10664,#10665);
#10664 = CARTESIAN_POINT('',(13.532553817152,35.281315430132,
    56.568100439994));
#10665 = VECTOR('',#10666,1.);
#10666 = DIRECTION('',(0.,2.22044604925E-16,1.));
#10667 = PCURVE('',#3720,#10668);
#10668 = DEFINITIONAL_REPRESENTATION('',(#10669),#10673);
#10669 = LINE('',#10670,#10671);
#10670 = CARTESIAN_POINT('',(4.546024882415,-2.948984979518));
#10671 = VECTOR('',#10672,1.);
#10672 = DIRECTION('',(1.,0.));
#10673 = ( GEOMETRIC_REPRESENTATION_CONTEXT(2) 
PARAMETRIC_REPRESENTATION_CONTEXT() REPRESENTATION_CONTEXT('2D SPACE',''
  ) );
#10674 = PCURVE('',#10464,#10675);
#10675 = DEFINITIONAL_REPRESENTATION('',(#10676),#10680);
#10676 = LINE('',#10677,#10678);
#10677 = CARTESIAN_POINT('',(3.873846281052,-6.567227182846E-16));
#10678 = VECTOR('',#10679,1.);
#10679 = DIRECTION('',(0.,1.));
#10680 = ( GEOMETRIC_REPRESENTATION_CONTEXT(2) 
PARAMETRIC_REPRESENTATION_CONTEXT() REPRESENTATION_CONTEXT('2D SPACE',''
  ) );
#10681 = ORIENTED_EDGE('',*,*,#10682,.F.);
#10682 = EDGE_CURVE('',#3673,#10660,#10683,.T.);
#10683 = SURFACE_CURVE('',#10684,(#10688,#10695),.PCURVE_S1.);
#10684 = LINE('',#10685,#10686);
#10685 = CARTESIAN_POINT('',(13.532553784896,38.23030040965,
    61.114125322409));
#10686 = VECTOR('',#10687,1.);
#10687 = DIRECTION('',(0.,-1.,2.22044604925E-16));
#10688 = PCURVE('',#3720,#10689);
#10689 = DEFINITIONAL_REPRESENTATION('',(#10690),#10694);
#10690 = LINE('',#10691,#10692);
#10691 = CARTESIAN_POINT('',(9.092049764831,0.));
#10692 = VECTOR('',#10693,1.);
#10693 = DIRECTION('',(0.,-1.));
#10694 = ( GEOMETRIC_REPRESENTATION_CONTEXT(2) 
PARAMETRIC_REPRESENTATION_CONTEXT() REPRESENTATION_CONTEXT('2D SPACE',''
  ) );
#10695 = PCURVE('',#3693,#10696);
#10696 = DEFINITIONAL_REPRESENTATION('',(#10697),#10701);
#10697 = LINE('',#10698,#10699);
#10698 = CARTESIAN_POINT('',(3.14159265359,0.));
#10699 = VECTOR('',#10700,1.);
#10700 = DIRECTION('',(0.,-1.));
#10701 = ( GEOMETRIC_REPRESENTATION_CONTEXT(2) 
PARAMETRIC_REPRESENTATION_CONTEXT() REPRESENTATION_CONTEXT('2D SPACE',''
  ) );
#10702 = ADVANCED_FACE('',(#10703),#3693,.F.);
#10703 = FACE_BOUND('',#10704,.F.);
#10704 = EDGE_LOOP('',(#10705,#10706,#10729,#10755));
#10705 = ORIENTED_EDGE('',*,*,#3672,.F.);
#10706 = ORIENTED_EDGE('',*,*,#10707,.T.);
#10707 = EDGE_CURVE('',#3647,#10708,#10710,.T.);
#10708 = VERTEX_POINT('',#10709);
#10709 = CARTESIAN_POINT('',(12.938015746267,35.281315430132,
    61.708663328782));
#10710 = SURFACE_CURVE('',#10711,(#10715,#10722),.PCURVE_S1.);
#10711 = LINE('',#10712,#10713);
#10712 = CARTESIAN_POINT('',(12.938015746267,38.23030040965,
    61.708663328782));
#10713 = VECTOR('',#10714,1.);
#10714 = DIRECTION('',(0.,-1.,2.22044604925E-16));
#10715 = PCURVE('',#3693,#10716);
#10716 = DEFINITIONAL_REPRESENTATION('',(#10717),#10721);
#10717 = LINE('',#10718,#10719);
#10718 = CARTESIAN_POINT('',(1.570796326795,0.));
#10719 = VECTOR('',#10720,1.);
#10720 = DIRECTION('',(0.,-1.));
#10721 = ( GEOMETRIC_REPRESENTATION_CONTEXT(2) 
PARAMETRIC_REPRESENTATION_CONTEXT() REPRESENTATION_CONTEXT('2D SPACE',''
  ) );
#10722 = PCURVE('',#3661,#10723);
#10723 = DEFINITIONAL_REPRESENTATION('',(#10724),#10728);
#10724 = LINE('',#10725,#10726);
#10725 = CARTESIAN_POINT('',(6.558616453856,0.));
#10726 = VECTOR('',#10727,1.);
#10727 = DIRECTION('',(0.,-1.));
#10728 = ( GEOMETRIC_REPRESENTATION_CONTEXT(2) 
PARAMETRIC_REPRESENTATION_CONTEXT() REPRESENTATION_CONTEXT('2D SPACE',''
  ) );
#10729 = ORIENTED_EDGE('',*,*,#10730,.T.);
#10730 = EDGE_CURVE('',#10708,#10660,#10731,.T.);
#10731 = SURFACE_CURVE('',#10732,(#10737,#10744),.PCURVE_S1.);
#10732 = CIRCLE('',#10733,0.594538006372);
#10733 = AXIS2_PLACEMENT_3D('',#10734,#10735,#10736);
#10734 = CARTESIAN_POINT('',(12.938015746267,35.281315430132,
    61.114125322409));
#10735 = DIRECTION('',(0.,1.,-2.22044604925E-16));
#10736 = DIRECTION('',(-1.,0.,0.));
#10737 = PCURVE('',#3693,#10738);
#10738 = DEFINITIONAL_REPRESENTATION('',(#10739),#10743);
#10739 = LINE('',#10740,#10741);
#10740 = CARTESIAN_POINT('',(0.,-2.948984979518));
#10741 = VECTOR('',#10742,1.);
#10742 = DIRECTION('',(1.,0.));
#10743 = ( GEOMETRIC_REPRESENTATION_CONTEXT(2) 
PARAMETRIC_REPRESENTATION_CONTEXT() REPRESENTATION_CONTEXT('2D SPACE',''
  ) );
#10744 = PCURVE('',#10464,#10745);
#10745 = DEFINITIONAL_REPRESENTATION('',(#10746),#10754);
#10746 = ( BOUNDED_CURVE() B_SPLINE_CURVE(2,(#10747,#10748,#10749,#10750
    ,#10751,#10752,#10753),.UNSPECIFIED.,.T.,.F.) 
B_SPLINE_CURVE_WITH_KNOTS((1,2,2,2,2,1),(-2.094395102393,0.,
    2.094395102393,4.188790204786,6.28318530718,8.377580409573),
.UNSPECIFIED.) CURVE() GEOMETRIC_REPRESENTATION_ITEM() 
RATIONAL_B_SPLINE_CURVE((1.,0.5,1.,0.5,1.,0.5,1.)) REPRESENTATION_ITEM(
  '') );
#10747 = CARTESIAN_POINT('',(2.684770203794,4.546024882415));
#10748 = CARTESIAN_POINT('',(2.684770203794,5.575794916483));
#10749 = CARTESIAN_POINT('',(3.576577213353,5.060909899449));
#10750 = CARTESIAN_POINT('',(4.468384222911,4.546024882415));
#10751 = CARTESIAN_POINT('',(3.576577213353,4.031139865382));
#10752 = CARTESIAN_POINT('',(2.684770203794,3.516254848348));
#10753 = CARTESIAN_POINT('',(2.684770203794,4.546024882415));
#10754 = ( GEOMETRIC_REPRESENTATION_CONTEXT(2) 
PARAMETRIC_REPRESENTATION_CONTEXT() REPRESENTATION_CONTEXT('2D SPACE',''
  ) );
#10755 = ORIENTED_EDGE('',*,*,#10682,.F.);
#10756 = ADVANCED_FACE('',(#10757),#3661,.F.);
#10757 = FACE_BOUND('',#10758,.F.);
#10758 = EDGE_LOOP('',(#10759,#10760,#10783,#10804));
#10759 = ORIENTED_EDGE('',*,*,#3646,.T.);
#10760 = ORIENTED_EDGE('',*,*,#10761,.T.);
#10761 = EDGE_CURVE('',#3614,#10762,#10764,.T.);
#10762 = VERTEX_POINT('',#10763);
#10763 = CARTESIAN_POINT('',(6.379399292411,35.281315430132,
    61.708663328782));
#10764 = SURFACE_CURVE('',#10765,(#10769,#10776),.PCURVE_S1.);
#10765 = LINE('',#10766,#10767);
#10766 = CARTESIAN_POINT('',(6.379399292411,38.23030040965,
    61.708663328782));
#10767 = VECTOR('',#10768,1.);
#10768 = DIRECTION('',(0.,-1.,2.22044604925E-16));
#10769 = PCURVE('',#3661,#10770);
#10770 = DEFINITIONAL_REPRESENTATION('',(#10771),#10775);
#10771 = LINE('',#10772,#10773);
#10772 = CARTESIAN_POINT('',(3.552713678801E-15,0.));
#10773 = VECTOR('',#10774,1.);
#10774 = DIRECTION('',(0.,-1.));
#10775 = ( GEOMETRIC_REPRESENTATION_CONTEXT(2) 
PARAMETRIC_REPRESENTATION_CONTEXT() REPRESENTATION_CONTEXT('2D SPACE',''
  ) );
#10776 = PCURVE('',#3634,#10777);
#10777 = DEFINITIONAL_REPRESENTATION('',(#10778),#10782);
#10778 = LINE('',#10779,#10780);
#10779 = CARTESIAN_POINT('',(1.570796326795,0.));
#10780 = VECTOR('',#10781,1.);
#10781 = DIRECTION('',(0.,-1.));
#10782 = ( GEOMETRIC_REPRESENTATION_CONTEXT(2) 
PARAMETRIC_REPRESENTATION_CONTEXT() REPRESENTATION_CONTEXT('2D SPACE',''
  ) );
#10783 = ORIENTED_EDGE('',*,*,#10784,.T.);
#10784 = EDGE_CURVE('',#10762,#10708,#10785,.T.);
#10785 = SURFACE_CURVE('',#10786,(#10790,#10797),.PCURVE_S1.);
#10786 = LINE('',#10787,#10788);
#10787 = CARTESIAN_POINT('',(9.658707551596,35.281315430132,
    61.708663328782));
#10788 = VECTOR('',#10789,1.);
#10789 = DIRECTION('',(1.,0.,0.));
#10790 = PCURVE('',#3661,#10791);
#10791 = DEFINITIONAL_REPRESENTATION('',(#10792),#10796);
#10792 = LINE('',#10793,#10794);
#10793 = CARTESIAN_POINT('',(3.279308259184,-2.948984979518));
#10794 = VECTOR('',#10795,1.);
#10795 = DIRECTION('',(1.,0.));
#10796 = ( GEOMETRIC_REPRESENTATION_CONTEXT(2) 
PARAMETRIC_REPRESENTATION_CONTEXT() REPRESENTATION_CONTEXT('2D SPACE',''
  ) );
#10797 = PCURVE('',#10464,#10798);
#10798 = DEFINITIONAL_REPRESENTATION('',(#10799),#10803);
#10799 = LINE('',#10800,#10801);
#10800 = CARTESIAN_POINT('',(1.5495019256E-08,5.140562888788));
#10801 = VECTOR('',#10802,1.);
#10802 = DIRECTION('',(1.,0.));
#10803 = ( GEOMETRIC_REPRESENTATION_CONTEXT(2) 
PARAMETRIC_REPRESENTATION_CONTEXT() REPRESENTATION_CONTEXT('2D SPACE',''
  ) );
#10804 = ORIENTED_EDGE('',*,*,#10707,.F.);
#10805 = ADVANCED_FACE('',(#10806),#3634,.F.);
#10806 = FACE_BOUND('',#10807,.F.);
#10807 = EDGE_LOOP('',(#10808,#10809,#10810,#10836));
#10808 = ORIENTED_EDGE('',*,*,#3613,.F.);
#10809 = ORIENTED_EDGE('',*,*,#10476,.T.);
#10810 = ORIENTED_EDGE('',*,*,#10811,.T.);
#10811 = EDGE_CURVE('',#10449,#10762,#10812,.T.);
#10812 = SURFACE_CURVE('',#10813,(#10818,#10825),.PCURVE_S1.);
#10813 = CIRCLE('',#10814,0.594538006372);
#10814 = AXIS2_PLACEMENT_3D('',#10815,#10816,#10817);
#10815 = CARTESIAN_POINT('',(6.379399292411,35.281315430132,
    61.114125322409));
#10816 = DIRECTION('',(0.,1.,-2.22044604925E-16));
#10817 = DIRECTION('',(-1.,0.,0.));
#10818 = PCURVE('',#3634,#10819);
#10819 = DEFINITIONAL_REPRESENTATION('',(#10820),#10824);
#10820 = LINE('',#10821,#10822);
#10821 = CARTESIAN_POINT('',(0.,-2.948984979518));
#10822 = VECTOR('',#10823,1.);
#10823 = DIRECTION('',(1.,0.));
#10824 = ( GEOMETRIC_REPRESENTATION_CONTEXT(2) 
PARAMETRIC_REPRESENTATION_CONTEXT() REPRESENTATION_CONTEXT('2D SPACE',''
  ) );
#10825 = PCURVE('',#10464,#10826);
#10826 = DEFINITIONAL_REPRESENTATION('',(#10827),#10835);
#10827 = ( BOUNDED_CURVE() B_SPLINE_CURVE(2,(#10828,#10829,#10830,#10831
    ,#10832,#10833,#10834),.UNSPECIFIED.,.T.,.F.) 
B_SPLINE_CURVE_WITH_KNOTS((1,2,2,2,2,1),(-2.094395102393,0.,
    2.094395102393,4.188790204786,6.28318530718,8.377580409573),
.UNSPECIFIED.) CURVE() GEOMETRIC_REPRESENTATION_ITEM() 
RATIONAL_B_SPLINE_CURVE((1.,0.5,1.,0.5,1.,0.5,1.)) REPRESENTATION_ITEM(
  '') );
#10828 = CARTESIAN_POINT('',(-3.873846250062,4.546024882415));
#10829 = CARTESIAN_POINT('',(-3.873846250062,5.575794916483));
#10830 = CARTESIAN_POINT('',(-2.982039240503,5.060909899449));
#10831 = CARTESIAN_POINT('',(-2.090232230945,4.546024882415));
#10832 = CARTESIAN_POINT('',(-2.982039240503,4.031139865382));
#10833 = CARTESIAN_POINT('',(-3.873846250062,3.516254848348));
#10834 = CARTESIAN_POINT('',(-3.873846250062,4.546024882415));
#10835 = ( GEOMETRIC_REPRESENTATION_CONTEXT(2) 
PARAMETRIC_REPRESENTATION_CONTEXT() REPRESENTATION_CONTEXT('2D SPACE',''
  ) );
#10836 = ORIENTED_EDGE('',*,*,#10761,.F.);
#10837 = ADVANCED_FACE('',(#10838),#3840,.F.);
#10838 = FACE_BOUND('',#10839,.F.);
#10839 = EDGE_LOOP('',(#10840,#10841,#10864,#10892));
#10840 = ORIENTED_EDGE('',*,*,#3823,.T.);
#10841 = ORIENTED_EDGE('',*,*,#10842,.T.);
#10842 = EDGE_CURVE('',#3826,#10843,#10845,.T.);
#10843 = VERTEX_POINT('',#10844);
#10844 = CARTESIAN_POINT('',(-3.873846265557,35.281315430132,
    64.214216355636));
#10845 = SURFACE_CURVE('',#10846,(#10850,#10857),.PCURVE_S1.);
#10846 = LINE('',#10847,#10848);
#10847 = CARTESIAN_POINT('',(-3.873846265557,38.23030040965,
    64.214216355636));
#10848 = VECTOR('',#10849,1.);
#10849 = DIRECTION('',(0.,-1.,2.22044604925E-16));
#10850 = PCURVE('',#3840,#10851);
#10851 = DEFINITIONAL_REPRESENTATION('',(#10852),#10856);
#10852 = LINE('',#10853,#10854);
#10853 = CARTESIAN_POINT('',(0.,0.));
#10854 = VECTOR('',#10855,1.);
#10855 = DIRECTION('',(0.,-1.));
#10856 = ( GEOMETRIC_REPRESENTATION_CONTEXT(2) 
PARAMETRIC_REPRESENTATION_CONTEXT() REPRESENTATION_CONTEXT('2D SPACE',''
  ) );
#10857 = PCURVE('',#4047,#10858);
#10858 = DEFINITIONAL_REPRESENTATION('',(#10859),#10863);
#10859 = LINE('',#10860,#10861);
#10860 = CARTESIAN_POINT('',(6.28318530718,0.));
#10861 = VECTOR('',#10862,1.);
#10862 = DIRECTION('',(0.,-1.));
#10863 = ( GEOMETRIC_REPRESENTATION_CONTEXT(2) 
PARAMETRIC_REPRESENTATION_CONTEXT() REPRESENTATION_CONTEXT('2D SPACE',''
  ) );
#10864 = ORIENTED_EDGE('',*,*,#10865,.T.);
#10865 = EDGE_CURVE('',#10843,#10866,#10868,.T.);
#10866 = VERTEX_POINT('',#10867);
#10867 = CARTESIAN_POINT('',(-3.873846265557,35.281315430132,
    73.306266120467));
#10868 = SURFACE_CURVE('',#10869,(#10873,#10880),.PCURVE_S1.);
#10869 = LINE('',#10870,#10871);
#10870 = CARTESIAN_POINT('',(-3.873846265557,35.281315430132,
    68.760241238052));
#10871 = VECTOR('',#10872,1.);
#10872 = DIRECTION('',(0.,2.22044604925E-16,1.));
#10873 = PCURVE('',#3840,#10874);
#10874 = DEFINITIONAL_REPRESENTATION('',(#10875),#10879);
#10875 = LINE('',#10876,#10877);
#10876 = CARTESIAN_POINT('',(4.546024882415,-2.948984979518));
#10877 = VECTOR('',#10878,1.);
#10878 = DIRECTION('',(1.,0.));
#10879 = ( GEOMETRIC_REPRESENTATION_CONTEXT(2) 
PARAMETRIC_REPRESENTATION_CONTEXT() REPRESENTATION_CONTEXT('2D SPACE',''
  ) );
#10880 = PCURVE('',#10881,#10886);
#10881 = PLANE('',#10882);
#10882 = AXIS2_PLACEMENT_3D('',#10883,#10884,#10885);
#10883 = CARTESIAN_POINT('',(-1.549496818574E-08,35.281315430132,
    68.760241238052));
#10884 = DIRECTION('',(0.,-1.,2.22044604925E-16));
#10885 = DIRECTION('',(1.,0.,0.));
#10886 = DEFINITIONAL_REPRESENTATION('',(#10887),#10891);
#10887 = LINE('',#10888,#10889);
#10888 = CARTESIAN_POINT('',(-3.873846250062,-6.567227182846E-16));
#10889 = VECTOR('',#10890,1.);
#10890 = DIRECTION('',(0.,1.));
#10891 = ( GEOMETRIC_REPRESENTATION_CONTEXT(2) 
PARAMETRIC_REPRESENTATION_CONTEXT() REPRESENTATION_CONTEXT('2D SPACE',''
  ) );
#10892 = ORIENTED_EDGE('',*,*,#10893,.F.);
#10893 = EDGE_CURVE('',#3824,#10866,#10894,.T.);
#10894 = SURFACE_CURVE('',#10895,(#10899,#10906),.PCURVE_S1.);
#10895 = LINE('',#10896,#10897);
#10896 = CARTESIAN_POINT('',(-3.873846265557,38.23030040965,
    73.306266120467));
#10897 = VECTOR('',#10898,1.);
#10898 = DIRECTION('',(0.,-1.,2.22044604925E-16));
#10899 = PCURVE('',#3840,#10900);
#10900 = DEFINITIONAL_REPRESENTATION('',(#10901),#10905);
#10901 = LINE('',#10902,#10903);
#10902 = CARTESIAN_POINT('',(9.092049764831,0.));
#10903 = VECTOR('',#10904,1.);
#10904 = DIRECTION('',(0.,-1.));
#10905 = ( GEOMETRIC_REPRESENTATION_CONTEXT(2) 
PARAMETRIC_REPRESENTATION_CONTEXT() REPRESENTATION_CONTEXT('2D SPACE',''
  ) );
#10906 = PCURVE('',#3872,#10907);
#10907 = DEFINITIONAL_REPRESENTATION('',(#10908),#10912);
#10908 = LINE('',#10909,#10910);
#10909 = CARTESIAN_POINT('',(0.,0.));
#10910 = VECTOR('',#10911,1.);
#10911 = DIRECTION('',(0.,-1.));
#10912 = ( GEOMETRIC_REPRESENTATION_CONTEXT(2) 
PARAMETRIC_REPRESENTATION_CONTEXT() REPRESENTATION_CONTEXT('2D SPACE',''
  ) );
#10913 = ADVANCED_FACE('',(#10914),#4047,.F.);
#10914 = FACE_BOUND('',#10915,.F.);
#10915 = EDGE_LOOP('',(#10916,#10917,#10940,#10966));
#10916 = ORIENTED_EDGE('',*,*,#4028,.F.);
#10917 = ORIENTED_EDGE('',*,*,#10918,.T.);
#10918 = EDGE_CURVE('',#4003,#10919,#10921,.T.);
#10919 = VERTEX_POINT('',#10920);
#10920 = CARTESIAN_POINT('',(-3.279308259184,35.281315430132,
    63.619678349264));
#10921 = SURFACE_CURVE('',#10922,(#10926,#10933),.PCURVE_S1.);
#10922 = LINE('',#10923,#10924);
#10923 = CARTESIAN_POINT('',(-3.279308259184,38.23030040965,
    63.619678349264));
#10924 = VECTOR('',#10925,1.);
#10925 = DIRECTION('',(0.,-1.,2.22044604925E-16));
#10926 = PCURVE('',#4047,#10927);
#10927 = DEFINITIONAL_REPRESENTATION('',(#10928),#10932);
#10928 = LINE('',#10929,#10930);
#10929 = CARTESIAN_POINT('',(4.712388980385,0.));
#10930 = VECTOR('',#10931,1.);
#10931 = DIRECTION('',(0.,-1.));
#10932 = ( GEOMETRIC_REPRESENTATION_CONTEXT(2) 
PARAMETRIC_REPRESENTATION_CONTEXT() REPRESENTATION_CONTEXT('2D SPACE',''
  ) );
#10933 = PCURVE('',#4017,#10934);
#10934 = DEFINITIONAL_REPRESENTATION('',(#10935),#10939);
#10935 = LINE('',#10936,#10937);
#10936 = CARTESIAN_POINT('',(0.,0.));
#10937 = VECTOR('',#10938,1.);
#10938 = DIRECTION('',(0.,-1.));
#10939 = ( GEOMETRIC_REPRESENTATION_CONTEXT(2) 
PARAMETRIC_REPRESENTATION_CONTEXT() REPRESENTATION_CONTEXT('2D SPACE',''
  ) );
#10940 = ORIENTED_EDGE('',*,*,#10941,.T.);
#10941 = EDGE_CURVE('',#10919,#10843,#10942,.T.);
#10942 = SURFACE_CURVE('',#10943,(#10948,#10955),.PCURVE_S1.);
#10943 = CIRCLE('',#10944,0.594538006372);
#10944 = AXIS2_PLACEMENT_3D('',#10945,#10946,#10947);
#10945 = CARTESIAN_POINT('',(-3.279308259184,35.281315430132,
    64.214216355636));
#10946 = DIRECTION('',(0.,1.,-2.22044604925E-16));
#10947 = DIRECTION('',(-1.,0.,0.));
#10948 = PCURVE('',#4047,#10949);
#10949 = DEFINITIONAL_REPRESENTATION('',(#10950),#10954);
#10950 = LINE('',#10951,#10952);
#10951 = CARTESIAN_POINT('',(0.,-2.948984979518));
#10952 = VECTOR('',#10953,1.);
#10953 = DIRECTION('',(1.,0.));
#10954 = ( GEOMETRIC_REPRESENTATION_CONTEXT(2) 
PARAMETRIC_REPRESENTATION_CONTEXT() REPRESENTATION_CONTEXT('2D SPACE',''
  ) );
#10955 = PCURVE('',#10881,#10956);
#10956 = DEFINITIONAL_REPRESENTATION('',(#10957),#10965);
#10957 = ( BOUNDED_CURVE() B_SPLINE_CURVE(2,(#10958,#10959,#10960,#10961
    ,#10962,#10963,#10964),.UNSPECIFIED.,.T.,.F.) 
B_SPLINE_CURVE_WITH_KNOTS((1,2,2,2,2,1),(-2.094395102393,0.,
    2.094395102393,4.188790204786,6.28318530718,8.377580409573),
.UNSPECIFIED.) CURVE() GEOMETRIC_REPRESENTATION_ITEM() 
RATIONAL_B_SPLINE_CURVE((1.,0.5,1.,0.5,1.,0.5,1.)) REPRESENTATION_ITEM(
  '') );
#10958 = CARTESIAN_POINT('',(-3.873846250062,-4.546024882415));
#10959 = CARTESIAN_POINT('',(-3.873846250062,-3.516254848348));
#10960 = CARTESIAN_POINT('',(-2.982039240503,-4.031139865382));
#10961 = CARTESIAN_POINT('',(-2.090232230945,-4.546024882415));
#10962 = CARTESIAN_POINT('',(-2.982039240503,-5.060909899449));
#10963 = CARTESIAN_POINT('',(-3.873846250062,-5.575794916483));
#10964 = CARTESIAN_POINT('',(-3.873846250062,-4.546024882415));
#10965 = ( GEOMETRIC_REPRESENTATION_CONTEXT(2) 
PARAMETRIC_REPRESENTATION_CONTEXT() REPRESENTATION_CONTEXT('2D SPACE',''
  ) );
#10966 = ORIENTED_EDGE('',*,*,#10842,.F.);
#10967 = ADVANCED_FACE('',(#10968),#4017,.T.);
#10968 = FACE_BOUND('',#10969,.T.);
#10969 = EDGE_LOOP('',(#10970,#10971,#10972,#10995));
#10970 = ORIENTED_EDGE('',*,*,#4002,.T.);
#10971 = ORIENTED_EDGE('',*,*,#10918,.T.);
#10972 = ORIENTED_EDGE('',*,*,#10973,.T.);
#10973 = EDGE_CURVE('',#10919,#10974,#10976,.T.);
#10974 = VERTEX_POINT('',#10975);
#10975 = CARTESIAN_POINT('',(3.279308194672,35.281315430132,
    63.619678349264));
#10976 = SURFACE_CURVE('',#10977,(#10981,#10988),.PCURVE_S1.);
#10977 = LINE('',#10978,#10979);
#10978 = CARTESIAN_POINT('',(5.107025913276E-14,35.281315430132,
    63.619678349264));
#10979 = VECTOR('',#10980,1.);
#10980 = DIRECTION('',(1.,0.,0.));
#10981 = PCURVE('',#4017,#10982);
#10982 = DEFINITIONAL_REPRESENTATION('',(#10983),#10987);
#10983 = LINE('',#10984,#10985);
#10984 = CARTESIAN_POINT('',(3.279308259184,-2.948984979518));
#10985 = VECTOR('',#10986,1.);
#10986 = DIRECTION('',(1.,0.));
#10987 = ( GEOMETRIC_REPRESENTATION_CONTEXT(2) 
PARAMETRIC_REPRESENTATION_CONTEXT() REPRESENTATION_CONTEXT('2D SPACE',''
  ) );
#10988 = PCURVE('',#10881,#10989);
#10989 = DEFINITIONAL_REPRESENTATION('',(#10990),#10994);
#10990 = LINE('',#10991,#10992);
#10991 = CARTESIAN_POINT('',(1.5495019256E-08,-5.140562888788));
#10992 = VECTOR('',#10993,1.);
#10993 = DIRECTION('',(1.,0.));
#10994 = ( GEOMETRIC_REPRESENTATION_CONTEXT(2) 
PARAMETRIC_REPRESENTATION_CONTEXT() REPRESENTATION_CONTEXT('2D SPACE',''
  ) );
#10995 = ORIENTED_EDGE('',*,*,#10996,.F.);
#10996 = EDGE_CURVE('',#3970,#10974,#10997,.T.);
#10997 = SURFACE_CURVE('',#10998,(#11002,#11009),.PCURVE_S1.);
#10998 = LINE('',#10999,#11000);
#10999 = CARTESIAN_POINT('',(3.279308194672,38.23030040965,
    63.619678349264));
#11000 = VECTOR('',#11001,1.);
#11001 = DIRECTION('',(0.,-1.,2.22044604925E-16));
#11002 = PCURVE('',#4017,#11003);
#11003 = DEFINITIONAL_REPRESENTATION('',(#11004),#11008);
#11004 = LINE('',#11005,#11006);
#11005 = CARTESIAN_POINT('',(6.558616453856,0.));
#11006 = VECTOR('',#11007,1.);
#11007 = DIRECTION('',(0.,-1.));
#11008 = ( GEOMETRIC_REPRESENTATION_CONTEXT(2) 
PARAMETRIC_REPRESENTATION_CONTEXT() REPRESENTATION_CONTEXT('2D SPACE',''
  ) );
#11009 = PCURVE('',#3990,#11010);
#11010 = DEFINITIONAL_REPRESENTATION('',(#11011),#11015);
#11011 = LINE('',#11012,#11013);
#11012 = CARTESIAN_POINT('',(4.712388980385,0.));
#11013 = VECTOR('',#11014,1.);
#11014 = DIRECTION('',(0.,-1.));
#11015 = ( GEOMETRIC_REPRESENTATION_CONTEXT(2) 
PARAMETRIC_REPRESENTATION_CONTEXT() REPRESENTATION_CONTEXT('2D SPACE',''
  ) );
#11016 = ADVANCED_FACE('',(#11017),#3990,.F.);
#11017 = FACE_BOUND('',#11018,.F.);
#11018 = EDGE_LOOP('',(#11019,#11020,#11043,#11069));
#11019 = ORIENTED_EDGE('',*,*,#3969,.F.);
#11020 = ORIENTED_EDGE('',*,*,#11021,.T.);
#11021 = EDGE_CURVE('',#3944,#11022,#11024,.T.);
#11022 = VERTEX_POINT('',#11023);
#11023 = CARTESIAN_POINT('',(3.8738462333,35.281315430132,
    64.214216355636));
#11024 = SURFACE_CURVE('',#11025,(#11029,#11036),.PCURVE_S1.);
#11025 = LINE('',#11026,#11027);
#11026 = CARTESIAN_POINT('',(3.8738462333,38.23030040965,64.214216355636
    ));
#11027 = VECTOR('',#11028,1.);
#11028 = DIRECTION('',(0.,-1.,2.22044604925E-16));
#11029 = PCURVE('',#3990,#11030);
#11030 = DEFINITIONAL_REPRESENTATION('',(#11031),#11035);
#11031 = LINE('',#11032,#11033);
#11032 = CARTESIAN_POINT('',(3.14159265359,0.));
#11033 = VECTOR('',#11034,1.);
#11034 = DIRECTION('',(0.,-1.));
#11035 = ( GEOMETRIC_REPRESENTATION_CONTEXT(2) 
PARAMETRIC_REPRESENTATION_CONTEXT() REPRESENTATION_CONTEXT('2D SPACE',''
  ) );
#11036 = PCURVE('',#3958,#11037);
#11037 = DEFINITIONAL_REPRESENTATION('',(#11038),#11042);
#11038 = LINE('',#11039,#11040);
#11039 = CARTESIAN_POINT('',(0.,0.));
#11040 = VECTOR('',#11041,1.);
#11041 = DIRECTION('',(0.,-1.));
#11042 = ( GEOMETRIC_REPRESENTATION_CONTEXT(2) 
PARAMETRIC_REPRESENTATION_CONTEXT() REPRESENTATION_CONTEXT('2D SPACE',''
  ) );
#11043 = ORIENTED_EDGE('',*,*,#11044,.T.);
#11044 = EDGE_CURVE('',#11022,#10974,#11045,.T.);
#11045 = SURFACE_CURVE('',#11046,(#11051,#11058),.PCURVE_S1.);
#11046 = CIRCLE('',#11047,0.594538006372);
#11047 = AXIS2_PLACEMENT_3D('',#11048,#11049,#11050);
#11048 = CARTESIAN_POINT('',(3.279308194672,35.281315430132,
    64.214216355636));
#11049 = DIRECTION('',(0.,1.,-2.22044604925E-16));
#11050 = DIRECTION('',(-1.,0.,0.));
#11051 = PCURVE('',#3990,#11052);
#11052 = DEFINITIONAL_REPRESENTATION('',(#11053),#11057);
#11053 = LINE('',#11054,#11055);
#11054 = CARTESIAN_POINT('',(0.,-2.948984979518));
#11055 = VECTOR('',#11056,1.);
#11056 = DIRECTION('',(1.,0.));
#11057 = ( GEOMETRIC_REPRESENTATION_CONTEXT(2) 
PARAMETRIC_REPRESENTATION_CONTEXT() REPRESENTATION_CONTEXT('2D SPACE',''
  ) );
#11058 = PCURVE('',#10881,#11059);
#11059 = DEFINITIONAL_REPRESENTATION('',(#11060),#11068);
#11060 = ( BOUNDED_CURVE() B_SPLINE_CURVE(2,(#11061,#11062,#11063,#11064
    ,#11065,#11066,#11067),.UNSPECIFIED.,.T.,.F.) 
B_SPLINE_CURVE_WITH_KNOTS((1,2,2,2,2,1),(-2.094395102393,0.,
    2.094395102393,4.188790204786,6.28318530718,8.377580409573),
.UNSPECIFIED.) CURVE() GEOMETRIC_REPRESENTATION_ITEM() 
RATIONAL_B_SPLINE_CURVE((1.,0.5,1.,0.5,1.,0.5,1.)) REPRESENTATION_ITEM(
  '') );
#11061 = CARTESIAN_POINT('',(2.684770203794,-4.546024882415));
#11062 = CARTESIAN_POINT('',(2.684770203794,-3.516254848348));
#11063 = CARTESIAN_POINT('',(3.576577213353,-4.031139865382));
#11064 = CARTESIAN_POINT('',(4.468384222911,-4.546024882415));
#11065 = CARTESIAN_POINT('',(3.576577213353,-5.060909899449));
#11066 = CARTESIAN_POINT('',(2.684770203794,-5.575794916483));
#11067 = CARTESIAN_POINT('',(2.684770203794,-4.546024882415));
#11068 = ( GEOMETRIC_REPRESENTATION_CONTEXT(2) 
PARAMETRIC_REPRESENTATION_CONTEXT() REPRESENTATION_CONTEXT('2D SPACE',''
  ) );
#11069 = ORIENTED_EDGE('',*,*,#10996,.F.);
#11070 = ADVANCED_FACE('',(#11071),#3958,.T.);
#11071 = FACE_BOUND('',#11072,.T.);
#11072 = EDGE_LOOP('',(#11073,#11074,#11075,#11098));
#11073 = ORIENTED_EDGE('',*,*,#3943,.T.);
#11074 = ORIENTED_EDGE('',*,*,#11021,.T.);
#11075 = ORIENTED_EDGE('',*,*,#11076,.T.);
#11076 = EDGE_CURVE('',#11022,#11077,#11079,.T.);
#11077 = VERTEX_POINT('',#11078);
#11078 = CARTESIAN_POINT('',(3.8738462333,35.281315430132,
    73.306266120467));
#11079 = SURFACE_CURVE('',#11080,(#11084,#11091),.PCURVE_S1.);
#11080 = LINE('',#11081,#11082);
#11081 = CARTESIAN_POINT('',(3.873846265557,35.281315430132,
    68.760241238052));
#11082 = VECTOR('',#11083,1.);
#11083 = DIRECTION('',(0.,2.22044604925E-16,1.));
#11084 = PCURVE('',#3958,#11085);
#11085 = DEFINITIONAL_REPRESENTATION('',(#11086),#11090);
#11086 = LINE('',#11087,#11088);
#11087 = CARTESIAN_POINT('',(4.546024882415,-2.948984979518));
#11088 = VECTOR('',#11089,1.);
#11089 = DIRECTION('',(1.,0.));
#11090 = ( GEOMETRIC_REPRESENTATION_CONTEXT(2) 
PARAMETRIC_REPRESENTATION_CONTEXT() REPRESENTATION_CONTEXT('2D SPACE',''
  ) );
#11091 = PCURVE('',#10881,#11092);
#11092 = DEFINITIONAL_REPRESENTATION('',(#11093),#11097);
#11093 = LINE('',#11094,#11095);
#11094 = CARTESIAN_POINT('',(3.873846281052,-6.567227182846E-16));
#11095 = VECTOR('',#11096,1.);
#11096 = DIRECTION('',(0.,1.));
#11097 = ( GEOMETRIC_REPRESENTATION_CONTEXT(2) 
PARAMETRIC_REPRESENTATION_CONTEXT() REPRESENTATION_CONTEXT('2D SPACE',''
  ) );
#11098 = ORIENTED_EDGE('',*,*,#11099,.F.);
#11099 = EDGE_CURVE('',#3911,#11077,#11100,.T.);
#11100 = SURFACE_CURVE('',#11101,(#11105,#11112),.PCURVE_S1.);
#11101 = LINE('',#11102,#11103);
#11102 = CARTESIAN_POINT('',(3.8738462333,38.23030040965,73.306266120467
    ));
#11103 = VECTOR('',#11104,1.);
#11104 = DIRECTION('',(0.,-1.,2.22044604925E-16));
#11105 = PCURVE('',#3958,#11106);
#11106 = DEFINITIONAL_REPRESENTATION('',(#11107),#11111);
#11107 = LINE('',#11108,#11109);
#11108 = CARTESIAN_POINT('',(9.092049764831,0.));
#11109 = VECTOR('',#11110,1.);
#11110 = DIRECTION('',(0.,-1.));
#11111 = ( GEOMETRIC_REPRESENTATION_CONTEXT(2) 
PARAMETRIC_REPRESENTATION_CONTEXT() REPRESENTATION_CONTEXT('2D SPACE',''
  ) );
#11112 = PCURVE('',#3931,#11113);
#11113 = DEFINITIONAL_REPRESENTATION('',(#11114),#11118);
#11114 = LINE('',#11115,#11116);
#11115 = CARTESIAN_POINT('',(3.14159265359,0.));
#11116 = VECTOR('',#11117,1.);
#11117 = DIRECTION('',(0.,-1.));
#11118 = ( GEOMETRIC_REPRESENTATION_CONTEXT(2) 
PARAMETRIC_REPRESENTATION_CONTEXT() REPRESENTATION_CONTEXT('2D SPACE',''
  ) );
#11119 = ADVANCED_FACE('',(#11120),#3931,.F.);
#11120 = FACE_BOUND('',#11121,.F.);
#11121 = EDGE_LOOP('',(#11122,#11123,#11146,#11172));
#11122 = ORIENTED_EDGE('',*,*,#3910,.F.);
#11123 = ORIENTED_EDGE('',*,*,#11124,.T.);
#11124 = EDGE_CURVE('',#3885,#11125,#11127,.T.);
#11125 = VERTEX_POINT('',#11126);
#11126 = CARTESIAN_POINT('',(3.279308194672,35.281315430132,
    73.90080412684));
#11127 = SURFACE_CURVE('',#11128,(#11132,#11139),.PCURVE_S1.);
#11128 = LINE('',#11129,#11130);
#11129 = CARTESIAN_POINT('',(3.279308194672,38.23030040965,
    73.90080412684));
#11130 = VECTOR('',#11131,1.);
#11131 = DIRECTION('',(0.,-1.,2.22044604925E-16));
#11132 = PCURVE('',#3931,#11133);
#11133 = DEFINITIONAL_REPRESENTATION('',(#11134),#11138);
#11134 = LINE('',#11135,#11136);
#11135 = CARTESIAN_POINT('',(1.570796326795,0.));
#11136 = VECTOR('',#11137,1.);
#11137 = DIRECTION('',(0.,-1.));
#11138 = ( GEOMETRIC_REPRESENTATION_CONTEXT(2) 
PARAMETRIC_REPRESENTATION_CONTEXT() REPRESENTATION_CONTEXT('2D SPACE',''
  ) );
#11139 = PCURVE('',#3899,#11140);
#11140 = DEFINITIONAL_REPRESENTATION('',(#11141),#11145);
#11141 = LINE('',#11142,#11143);
#11142 = CARTESIAN_POINT('',(6.558616453856,0.));
#11143 = VECTOR('',#11144,1.);
#11144 = DIRECTION('',(0.,-1.));
#11145 = ( GEOMETRIC_REPRESENTATION_CONTEXT(2) 
PARAMETRIC_REPRESENTATION_CONTEXT() REPRESENTATION_CONTEXT('2D SPACE',''
  ) );
#11146 = ORIENTED_EDGE('',*,*,#11147,.T.);
#11147 = EDGE_CURVE('',#11125,#11077,#11148,.T.);
#11148 = SURFACE_CURVE('',#11149,(#11154,#11161),.PCURVE_S1.);
#11149 = CIRCLE('',#11150,0.594538006372);
#11150 = AXIS2_PLACEMENT_3D('',#11151,#11152,#11153);
#11151 = CARTESIAN_POINT('',(3.279308194672,35.281315430132,
    73.306266120467));
#11152 = DIRECTION('',(0.,1.,-2.22044604925E-16));
#11153 = DIRECTION('',(-1.,0.,0.));
#11154 = PCURVE('',#3931,#11155);
#11155 = DEFINITIONAL_REPRESENTATION('',(#11156),#11160);
#11156 = LINE('',#11157,#11158);
#11157 = CARTESIAN_POINT('',(0.,-2.948984979518));
#11158 = VECTOR('',#11159,1.);
#11159 = DIRECTION('',(1.,0.));
#11160 = ( GEOMETRIC_REPRESENTATION_CONTEXT(2) 
PARAMETRIC_REPRESENTATION_CONTEXT() REPRESENTATION_CONTEXT('2D SPACE',''
  ) );
#11161 = PCURVE('',#10881,#11162);
#11162 = DEFINITIONAL_REPRESENTATION('',(#11163),#11171);
#11163 = ( BOUNDED_CURVE() B_SPLINE_CURVE(2,(#11164,#11165,#11166,#11167
    ,#11168,#11169,#11170),.UNSPECIFIED.,.T.,.F.) 
B_SPLINE_CURVE_WITH_KNOTS((1,2,2,2,2,1),(-2.094395102393,0.,
    2.094395102393,4.188790204786,6.28318530718,8.377580409573),
.UNSPECIFIED.) CURVE() GEOMETRIC_REPRESENTATION_ITEM() 
RATIONAL_B_SPLINE_CURVE((1.,0.5,1.,0.5,1.,0.5,1.)) REPRESENTATION_ITEM(
  '') );
#11164 = CARTESIAN_POINT('',(2.684770203794,4.546024882415));
#11165 = CARTESIAN_POINT('',(2.684770203794,5.575794916483));
#11166 = CARTESIAN_POINT('',(3.576577213353,5.060909899449));
#11167 = CARTESIAN_POINT('',(4.468384222911,4.546024882415));
#11168 = CARTESIAN_POINT('',(3.576577213353,4.031139865382));
#11169 = CARTESIAN_POINT('',(2.684770203794,3.516254848348));
#11170 = CARTESIAN_POINT('',(2.684770203794,4.546024882415));
#11171 = ( GEOMETRIC_REPRESENTATION_CONTEXT(2) 
PARAMETRIC_REPRESENTATION_CONTEXT() REPRESENTATION_CONTEXT('2D SPACE',''
  ) );
#11172 = ORIENTED_EDGE('',*,*,#11099,.F.);
#11173 = ADVANCED_FACE('',(#11174),#3899,.F.);
#11174 = FACE_BOUND('',#11175,.F.);
#11175 = EDGE_LOOP('',(#11176,#11177,#11200,#11221));
#11176 = ORIENTED_EDGE('',*,*,#3884,.T.);
#11177 = ORIENTED_EDGE('',*,*,#11178,.T.);
#11178 = EDGE_CURVE('',#3852,#11179,#11181,.T.);
#11179 = VERTEX_POINT('',#11180);
#11180 = CARTESIAN_POINT('',(-3.279308259184,35.281315430132,
    73.90080412684));
#11181 = SURFACE_CURVE('',#11182,(#11186,#11193),.PCURVE_S1.);
#11182 = LINE('',#11183,#11184);
#11183 = CARTESIAN_POINT('',(-3.279308259184,38.23030040965,
    73.90080412684));
#11184 = VECTOR('',#11185,1.);
#11185 = DIRECTION('',(0.,-1.,2.22044604925E-16));
#11186 = PCURVE('',#3899,#11187);
#11187 = DEFINITIONAL_REPRESENTATION('',(#11188),#11192);
#11188 = LINE('',#11189,#11190);
#11189 = CARTESIAN_POINT('',(0.,0.));
#11190 = VECTOR('',#11191,1.);
#11191 = DIRECTION('',(0.,-1.));
#11192 = ( GEOMETRIC_REPRESENTATION_CONTEXT(2) 
PARAMETRIC_REPRESENTATION_CONTEXT() REPRESENTATION_CONTEXT('2D SPACE',''
  ) );
#11193 = PCURVE('',#3872,#11194);
#11194 = DEFINITIONAL_REPRESENTATION('',(#11195),#11199);
#11195 = LINE('',#11196,#11197);
#11196 = CARTESIAN_POINT('',(1.570796326795,0.));
#11197 = VECTOR('',#11198,1.);
#11198 = DIRECTION('',(0.,-1.));
#11199 = ( GEOMETRIC_REPRESENTATION_CONTEXT(2) 
PARAMETRIC_REPRESENTATION_CONTEXT() REPRESENTATION_CONTEXT('2D SPACE',''
  ) );
#11200 = ORIENTED_EDGE('',*,*,#11201,.T.);
#11201 = EDGE_CURVE('',#11179,#11125,#11202,.T.);
#11202 = SURFACE_CURVE('',#11203,(#11207,#11214),.PCURVE_S1.);
#11203 = LINE('',#11204,#11205);
#11204 = CARTESIAN_POINT('',(5.107025913276E-14,35.281315430132,
    73.90080412684));
#11205 = VECTOR('',#11206,1.);
#11206 = DIRECTION('',(1.,0.,0.));
#11207 = PCURVE('',#3899,#11208);
#11208 = DEFINITIONAL_REPRESENTATION('',(#11209),#11213);
#11209 = LINE('',#11210,#11211);
#11210 = CARTESIAN_POINT('',(3.279308259184,-2.948984979518));
#11211 = VECTOR('',#11212,1.);
#11212 = DIRECTION('',(1.,0.));
#11213 = ( GEOMETRIC_REPRESENTATION_CONTEXT(2) 
PARAMETRIC_REPRESENTATION_CONTEXT() REPRESENTATION_CONTEXT('2D SPACE',''
  ) );
#11214 = PCURVE('',#10881,#11215);
#11215 = DEFINITIONAL_REPRESENTATION('',(#11216),#11220);
#11216 = LINE('',#11217,#11218);
#11217 = CARTESIAN_POINT('',(1.5495019256E-08,5.140562888788));
#11218 = VECTOR('',#11219,1.);
#11219 = DIRECTION('',(1.,0.));
#11220 = ( GEOMETRIC_REPRESENTATION_CONTEXT(2) 
PARAMETRIC_REPRESENTATION_CONTEXT() REPRESENTATION_CONTEXT('2D SPACE',''
  ) );
#11221 = ORIENTED_EDGE('',*,*,#11124,.F.);
#11222 = ADVANCED_FACE('',(#11223),#3872,.F.);
#11223 = FACE_BOUND('',#11224,.F.);
#11224 = EDGE_LOOP('',(#11225,#11226,#11227,#11253));
#11225 = ORIENTED_EDGE('',*,*,#3851,.F.);
#11226 = ORIENTED_EDGE('',*,*,#10893,.T.);
#11227 = ORIENTED_EDGE('',*,*,#11228,.T.);
#11228 = EDGE_CURVE('',#10866,#11179,#11229,.T.);
#11229 = SURFACE_CURVE('',#11230,(#11235,#11242),.PCURVE_S1.);
#11230 = CIRCLE('',#11231,0.594538006372);
#11231 = AXIS2_PLACEMENT_3D('',#11232,#11233,#11234);
#11232 = CARTESIAN_POINT('',(-3.279308259184,35.281315430132,
    73.306266120467));
#11233 = DIRECTION('',(0.,1.,-2.22044604925E-16));
#11234 = DIRECTION('',(-1.,0.,0.));
#11235 = PCURVE('',#3872,#11236);
#11236 = DEFINITIONAL_REPRESENTATION('',(#11237),#11241);
#11237 = LINE('',#11238,#11239);
#11238 = CARTESIAN_POINT('',(0.,-2.948984979518));
#11239 = VECTOR('',#11240,1.);
#11240 = DIRECTION('',(1.,0.));
#11241 = ( GEOMETRIC_REPRESENTATION_CONTEXT(2) 
PARAMETRIC_REPRESENTATION_CONTEXT() REPRESENTATION_CONTEXT('2D SPACE',''
  ) );
#11242 = PCURVE('',#10881,#11243);
#11243 = DEFINITIONAL_REPRESENTATION('',(#11244),#11252);
#11244 = ( BOUNDED_CURVE() B_SPLINE_CURVE(2,(#11245,#11246,#11247,#11248
    ,#11249,#11250,#11251),.UNSPECIFIED.,.T.,.F.) 
B_SPLINE_CURVE_WITH_KNOTS((1,2,2,2,2,1),(-2.094395102393,0.,
    2.094395102393,4.188790204786,6.28318530718,8.377580409573),
.UNSPECIFIED.) CURVE() GEOMETRIC_REPRESENTATION_ITEM() 
RATIONAL_B_SPLINE_CURVE((1.,0.5,1.,0.5,1.,0.5,1.)) REPRESENTATION_ITEM(
  '') );
#11245 = CARTESIAN_POINT('',(-3.873846250062,4.546024882415));
#11246 = CARTESIAN_POINT('',(-3.873846250062,5.575794916483));
#11247 = CARTESIAN_POINT('',(-2.982039240503,5.060909899449));
#11248 = CARTESIAN_POINT('',(-2.090232230945,4.546024882415));
#11249 = CARTESIAN_POINT('',(-2.982039240503,4.031139865382));
#11250 = CARTESIAN_POINT('',(-3.873846250062,3.516254848348));
#11251 = CARTESIAN_POINT('',(-3.873846250062,4.546024882415));
#11252 = ( GEOMETRIC_REPRESENTATION_CONTEXT(2) 
PARAMETRIC_REPRESENTATION_CONTEXT() REPRESENTATION_CONTEXT('2D SPACE',''
  ) );
#11253 = ORIENTED_EDGE('',*,*,#11178,.F.);
#11254 = ADVANCED_FACE('',(#11255),#4078,.F.);
#11255 = FACE_BOUND('',#11256,.F.);
#11256 = EDGE_LOOP('',(#11257,#11258,#11281,#11309));
#11257 = ORIENTED_EDGE('',*,*,#4061,.T.);
#11258 = ORIENTED_EDGE('',*,*,#11259,.T.);
#11259 = EDGE_CURVE('',#4064,#11260,#11262,.T.);
#11260 = VERTEX_POINT('',#11261);
#11261 = CARTESIAN_POINT('',(-3.873846265557,35.281315430132,
    76.406357153694));
#11262 = SURFACE_CURVE('',#11263,(#11267,#11274),.PCURVE_S1.);
#11263 = LINE('',#11264,#11265);
#11264 = CARTESIAN_POINT('',(-3.873846265557,38.23030040965,
    76.406357153694));
#11265 = VECTOR('',#11266,1.);
#11266 = DIRECTION('',(0.,-1.,2.22044604925E-16));
#11267 = PCURVE('',#4078,#11268);
#11268 = DEFINITIONAL_REPRESENTATION('',(#11269),#11273);
#11269 = LINE('',#11270,#11271);
#11270 = CARTESIAN_POINT('',(0.,0.));
#11271 = VECTOR('',#11272,1.);
#11272 = DIRECTION('',(0.,-1.));
#11273 = ( GEOMETRIC_REPRESENTATION_CONTEXT(2) 
PARAMETRIC_REPRESENTATION_CONTEXT() REPRESENTATION_CONTEXT('2D SPACE',''
  ) );
#11274 = PCURVE('',#4285,#11275);
#11275 = DEFINITIONAL_REPRESENTATION('',(#11276),#11280);
#11276 = LINE('',#11277,#11278);
#11277 = CARTESIAN_POINT('',(6.28318530718,0.));
#11278 = VECTOR('',#11279,1.);
#11279 = DIRECTION('',(0.,-1.));
#11280 = ( GEOMETRIC_REPRESENTATION_CONTEXT(2) 
PARAMETRIC_REPRESENTATION_CONTEXT() REPRESENTATION_CONTEXT('2D SPACE',''
  ) );
#11281 = ORIENTED_EDGE('',*,*,#11282,.T.);
#11282 = EDGE_CURVE('',#11260,#11283,#11285,.T.);
#11283 = VERTEX_POINT('',#11284);
#11284 = CARTESIAN_POINT('',(-3.873846265557,35.281315430132,
    85.498406918525));
#11285 = SURFACE_CURVE('',#11286,(#11290,#11297),.PCURVE_S1.);
#11286 = LINE('',#11287,#11288);
#11287 = CARTESIAN_POINT('',(-3.873846265557,35.281315430132,
    80.95238203611));
#11288 = VECTOR('',#11289,1.);
#11289 = DIRECTION('',(0.,2.22044604925E-16,1.));
#11290 = PCURVE('',#4078,#11291);
#11291 = DEFINITIONAL_REPRESENTATION('',(#11292),#11296);
#11292 = LINE('',#11293,#11294);
#11293 = CARTESIAN_POINT('',(4.546024882415,-2.948984979518));
#11294 = VECTOR('',#11295,1.);
#11295 = DIRECTION('',(1.,0.));
#11296 = ( GEOMETRIC_REPRESENTATION_CONTEXT(2) 
PARAMETRIC_REPRESENTATION_CONTEXT() REPRESENTATION_CONTEXT('2D SPACE',''
  ) );
#11297 = PCURVE('',#11298,#11303);
#11298 = PLANE('',#11299);
#11299 = AXIS2_PLACEMENT_3D('',#11300,#11301,#11302);
#11300 = CARTESIAN_POINT('',(-1.549496818574E-08,35.281315430132,
    80.95238203611));
#11301 = DIRECTION('',(0.,-1.,2.22044604925E-16));
#11302 = DIRECTION('',(1.,0.,0.));
#11303 = DEFINITIONAL_REPRESENTATION('',(#11304),#11308);
#11304 = LINE('',#11305,#11306);
#11305 = CARTESIAN_POINT('',(-3.873846250062,-6.567227182846E-16));
#11306 = VECTOR('',#11307,1.);
#11307 = DIRECTION('',(0.,1.));
#11308 = ( GEOMETRIC_REPRESENTATION_CONTEXT(2) 
PARAMETRIC_REPRESENTATION_CONTEXT() REPRESENTATION_CONTEXT('2D SPACE',''
  ) );
#11309 = ORIENTED_EDGE('',*,*,#11310,.F.);
#11310 = EDGE_CURVE('',#4062,#11283,#11311,.T.);
#11311 = SURFACE_CURVE('',#11312,(#11316,#11323),.PCURVE_S1.);
#11312 = LINE('',#11313,#11314);
#11313 = CARTESIAN_POINT('',(-3.873846265557,38.23030040965,
    85.498406918525));
#11314 = VECTOR('',#11315,1.);
#11315 = DIRECTION('',(0.,-1.,2.22044604925E-16));
#11316 = PCURVE('',#4078,#11317);
#11317 = DEFINITIONAL_REPRESENTATION('',(#11318),#11322);
#11318 = LINE('',#11319,#11320);
#11319 = CARTESIAN_POINT('',(9.092049764831,0.));
#11320 = VECTOR('',#11321,1.);
#11321 = DIRECTION('',(0.,-1.));
#11322 = ( GEOMETRIC_REPRESENTATION_CONTEXT(2) 
PARAMETRIC_REPRESENTATION_CONTEXT() REPRESENTATION_CONTEXT('2D SPACE',''
  ) );
#11323 = PCURVE('',#4110,#11324);
#11324 = DEFINITIONAL_REPRESENTATION('',(#11325),#11329);
#11325 = LINE('',#11326,#11327);
#11326 = CARTESIAN_POINT('',(0.,0.));
#11327 = VECTOR('',#11328,1.);
#11328 = DIRECTION('',(0.,-1.));
#11329 = ( GEOMETRIC_REPRESENTATION_CONTEXT(2) 
PARAMETRIC_REPRESENTATION_CONTEXT() REPRESENTATION_CONTEXT('2D SPACE',''
  ) );
#11330 = ADVANCED_FACE('',(#11331),#4285,.F.);
#11331 = FACE_BOUND('',#11332,.F.);
#11332 = EDGE_LOOP('',(#11333,#11334,#11357,#11383));
#11333 = ORIENTED_EDGE('',*,*,#4266,.F.);
#11334 = ORIENTED_EDGE('',*,*,#11335,.T.);
#11335 = EDGE_CURVE('',#4241,#11336,#11338,.T.);
#11336 = VERTEX_POINT('',#11337);
#11337 = CARTESIAN_POINT('',(-3.279308259184,35.281315430132,
    75.811819147322));
#11338 = SURFACE_CURVE('',#11339,(#11343,#11350),.PCURVE_S1.);
#11339 = LINE('',#11340,#11341);
#11340 = CARTESIAN_POINT('',(-3.279308259184,38.23030040965,
    75.811819147322));
#11341 = VECTOR('',#11342,1.);
#11342 = DIRECTION('',(0.,-1.,2.22044604925E-16));
#11343 = PCURVE('',#4285,#11344);
#11344 = DEFINITIONAL_REPRESENTATION('',(#11345),#11349);
#11345 = LINE('',#11346,#11347);
#11346 = CARTESIAN_POINT('',(4.712388980385,0.));
#11347 = VECTOR('',#11348,1.);
#11348 = DIRECTION('',(0.,-1.));
#11349 = ( GEOMETRIC_REPRESENTATION_CONTEXT(2) 
PARAMETRIC_REPRESENTATION_CONTEXT() REPRESENTATION_CONTEXT('2D SPACE',''
  ) );
#11350 = PCURVE('',#4255,#11351);
#11351 = DEFINITIONAL_REPRESENTATION('',(#11352),#11356);
#11352 = LINE('',#11353,#11354);
#11353 = CARTESIAN_POINT('',(0.,0.));
#11354 = VECTOR('',#11355,1.);
#11355 = DIRECTION('',(0.,-1.));
#11356 = ( GEOMETRIC_REPRESENTATION_CONTEXT(2) 
PARAMETRIC_REPRESENTATION_CONTEXT() REPRESENTATION_CONTEXT('2D SPACE',''
  ) );
#11357 = ORIENTED_EDGE('',*,*,#11358,.T.);
#11358 = EDGE_CURVE('',#11336,#11260,#11359,.T.);
#11359 = SURFACE_CURVE('',#11360,(#11365,#11372),.PCURVE_S1.);
#11360 = CIRCLE('',#11361,0.594538006372);
#11361 = AXIS2_PLACEMENT_3D('',#11362,#11363,#11364);
#11362 = CARTESIAN_POINT('',(-3.279308259184,35.281315430132,
    76.406357153694));
#11363 = DIRECTION('',(0.,1.,-2.22044604925E-16));
#11364 = DIRECTION('',(-1.,0.,0.));
#11365 = PCURVE('',#4285,#11366);
#11366 = DEFINITIONAL_REPRESENTATION('',(#11367),#11371);
#11367 = LINE('',#11368,#11369);
#11368 = CARTESIAN_POINT('',(0.,-2.948984979518));
#11369 = VECTOR('',#11370,1.);
#11370 = DIRECTION('',(1.,0.));
#11371 = ( GEOMETRIC_REPRESENTATION_CONTEXT(2) 
PARAMETRIC_REPRESENTATION_CONTEXT() REPRESENTATION_CONTEXT('2D SPACE',''
  ) );
#11372 = PCURVE('',#11298,#11373);
#11373 = DEFINITIONAL_REPRESENTATION('',(#11374),#11382);
#11374 = ( BOUNDED_CURVE() B_SPLINE_CURVE(2,(#11375,#11376,#11377,#11378
    ,#11379,#11380,#11381),.UNSPECIFIED.,.T.,.F.) 
B_SPLINE_CURVE_WITH_KNOTS((1,2,2,2,2,1),(-2.094395102393,0.,
    2.094395102393,4.188790204786,6.28318530718,8.377580409573),
.UNSPECIFIED.) CURVE() GEOMETRIC_REPRESENTATION_ITEM() 
RATIONAL_B_SPLINE_CURVE((1.,0.5,1.,0.5,1.,0.5,1.)) REPRESENTATION_ITEM(
  '') );
#11375 = CARTESIAN_POINT('',(-3.873846250062,-4.546024882415));
#11376 = CARTESIAN_POINT('',(-3.873846250062,-3.516254848348));
#11377 = CARTESIAN_POINT('',(-2.982039240503,-4.031139865382));
#11378 = CARTESIAN_POINT('',(-2.090232230945,-4.546024882415));
#11379 = CARTESIAN_POINT('',(-2.982039240503,-5.060909899449));
#11380 = CARTESIAN_POINT('',(-3.873846250062,-5.575794916483));
#11381 = CARTESIAN_POINT('',(-3.873846250062,-4.546024882415));
#11382 = ( GEOMETRIC_REPRESENTATION_CONTEXT(2) 
PARAMETRIC_REPRESENTATION_CONTEXT() REPRESENTATION_CONTEXT('2D SPACE',''
  ) );
#11383 = ORIENTED_EDGE('',*,*,#11259,.F.);
#11384 = ADVANCED_FACE('',(#11385),#4255,.T.);
#11385 = FACE_BOUND('',#11386,.T.);
#11386 = EDGE_LOOP('',(#11387,#11388,#11389,#11412));
#11387 = ORIENTED_EDGE('',*,*,#4240,.T.);
#11388 = ORIENTED_EDGE('',*,*,#11335,.T.);
#11389 = ORIENTED_EDGE('',*,*,#11390,.T.);
#11390 = EDGE_CURVE('',#11336,#11391,#11393,.T.);
#11391 = VERTEX_POINT('',#11392);
#11392 = CARTESIAN_POINT('',(3.279308194672,35.281315430132,
    75.811819147322));
#11393 = SURFACE_CURVE('',#11394,(#11398,#11405),.PCURVE_S1.);
#11394 = LINE('',#11395,#11396);
#11395 = CARTESIAN_POINT('',(5.107025913276E-14,35.281315430132,
    75.811819147322));
#11396 = VECTOR('',#11397,1.);
#11397 = DIRECTION('',(1.,0.,0.));
#11398 = PCURVE('',#4255,#11399);
#11399 = DEFINITIONAL_REPRESENTATION('',(#11400),#11404);
#11400 = LINE('',#11401,#11402);
#11401 = CARTESIAN_POINT('',(3.279308259184,-2.948984979518));
#11402 = VECTOR('',#11403,1.);
#11403 = DIRECTION('',(1.,0.));
#11404 = ( GEOMETRIC_REPRESENTATION_CONTEXT(2) 
PARAMETRIC_REPRESENTATION_CONTEXT() REPRESENTATION_CONTEXT('2D SPACE',''
  ) );
#11405 = PCURVE('',#11298,#11406);
#11406 = DEFINITIONAL_REPRESENTATION('',(#11407),#11411);
#11407 = LINE('',#11408,#11409);
#11408 = CARTESIAN_POINT('',(1.5495019256E-08,-5.140562888788));
#11409 = VECTOR('',#11410,1.);
#11410 = DIRECTION('',(1.,0.));
#11411 = ( GEOMETRIC_REPRESENTATION_CONTEXT(2) 
PARAMETRIC_REPRESENTATION_CONTEXT() REPRESENTATION_CONTEXT('2D SPACE',''
  ) );
#11412 = ORIENTED_EDGE('',*,*,#11413,.F.);
#11413 = EDGE_CURVE('',#4208,#11391,#11414,.T.);
#11414 = SURFACE_CURVE('',#11415,(#11419,#11426),.PCURVE_S1.);
#11415 = LINE('',#11416,#11417);
#11416 = CARTESIAN_POINT('',(3.279308194672,38.23030040965,
    75.811819147322));
#11417 = VECTOR('',#11418,1.);
#11418 = DIRECTION('',(0.,-1.,2.22044604925E-16));
#11419 = PCURVE('',#4255,#11420);
#11420 = DEFINITIONAL_REPRESENTATION('',(#11421),#11425);
#11421 = LINE('',#11422,#11423);
#11422 = CARTESIAN_POINT('',(6.558616453856,0.));
#11423 = VECTOR('',#11424,1.);
#11424 = DIRECTION('',(0.,-1.));
#11425 = ( GEOMETRIC_REPRESENTATION_CONTEXT(2) 
PARAMETRIC_REPRESENTATION_CONTEXT() REPRESENTATION_CONTEXT('2D SPACE',''
  ) );
#11426 = PCURVE('',#4228,#11427);
#11427 = DEFINITIONAL_REPRESENTATION('',(#11428),#11432);
#11428 = LINE('',#11429,#11430);
#11429 = CARTESIAN_POINT('',(4.712388980385,0.));
#11430 = VECTOR('',#11431,1.);
#11431 = DIRECTION('',(0.,-1.));
#11432 = ( GEOMETRIC_REPRESENTATION_CONTEXT(2) 
PARAMETRIC_REPRESENTATION_CONTEXT() REPRESENTATION_CONTEXT('2D SPACE',''
  ) );
#11433 = ADVANCED_FACE('',(#11434),#4228,.F.);
#11434 = FACE_BOUND('',#11435,.F.);
#11435 = EDGE_LOOP('',(#11436,#11437,#11460,#11486));
#11436 = ORIENTED_EDGE('',*,*,#4207,.F.);
#11437 = ORIENTED_EDGE('',*,*,#11438,.T.);
#11438 = EDGE_CURVE('',#4182,#11439,#11441,.T.);
#11439 = VERTEX_POINT('',#11440);
#11440 = CARTESIAN_POINT('',(3.8738462333,35.281315430132,
    76.406357153694));
#11441 = SURFACE_CURVE('',#11442,(#11446,#11453),.PCURVE_S1.);
#11442 = LINE('',#11443,#11444);
#11443 = CARTESIAN_POINT('',(3.8738462333,38.23030040965,76.406357153694
    ));
#11444 = VECTOR('',#11445,1.);
#11445 = DIRECTION('',(0.,-1.,2.22044604925E-16));
#11446 = PCURVE('',#4228,#11447);
#11447 = DEFINITIONAL_REPRESENTATION('',(#11448),#11452);
#11448 = LINE('',#11449,#11450);
#11449 = CARTESIAN_POINT('',(3.14159265359,0.));
#11450 = VECTOR('',#11451,1.);
#11451 = DIRECTION('',(0.,-1.));
#11452 = ( GEOMETRIC_REPRESENTATION_CONTEXT(2) 
PARAMETRIC_REPRESENTATION_CONTEXT() REPRESENTATION_CONTEXT('2D SPACE',''
  ) );
#11453 = PCURVE('',#4196,#11454);
#11454 = DEFINITIONAL_REPRESENTATION('',(#11455),#11459);
#11455 = LINE('',#11456,#11457);
#11456 = CARTESIAN_POINT('',(0.,0.));
#11457 = VECTOR('',#11458,1.);
#11458 = DIRECTION('',(0.,-1.));
#11459 = ( GEOMETRIC_REPRESENTATION_CONTEXT(2) 
PARAMETRIC_REPRESENTATION_CONTEXT() REPRESENTATION_CONTEXT('2D SPACE',''
  ) );
#11460 = ORIENTED_EDGE('',*,*,#11461,.T.);
#11461 = EDGE_CURVE('',#11439,#11391,#11462,.T.);
#11462 = SURFACE_CURVE('',#11463,(#11468,#11475),.PCURVE_S1.);
#11463 = CIRCLE('',#11464,0.594538006372);
#11464 = AXIS2_PLACEMENT_3D('',#11465,#11466,#11467);
#11465 = CARTESIAN_POINT('',(3.279308194672,35.281315430132,
    76.406357153694));
#11466 = DIRECTION('',(0.,1.,-2.22044604925E-16));
#11467 = DIRECTION('',(-1.,0.,0.));
#11468 = PCURVE('',#4228,#11469);
#11469 = DEFINITIONAL_REPRESENTATION('',(#11470),#11474);
#11470 = LINE('',#11471,#11472);
#11471 = CARTESIAN_POINT('',(0.,-2.948984979518));
#11472 = VECTOR('',#11473,1.);
#11473 = DIRECTION('',(1.,0.));
#11474 = ( GEOMETRIC_REPRESENTATION_CONTEXT(2) 
PARAMETRIC_REPRESENTATION_CONTEXT() REPRESENTATION_CONTEXT('2D SPACE',''
  ) );
#11475 = PCURVE('',#11298,#11476);
#11476 = DEFINITIONAL_REPRESENTATION('',(#11477),#11485);
#11477 = ( BOUNDED_CURVE() B_SPLINE_CURVE(2,(#11478,#11479,#11480,#11481
    ,#11482,#11483,#11484),.UNSPECIFIED.,.T.,.F.) 
B_SPLINE_CURVE_WITH_KNOTS((1,2,2,2,2,1),(-2.094395102393,0.,
    2.094395102393,4.188790204786,6.28318530718,8.377580409573),
.UNSPECIFIED.) CURVE() GEOMETRIC_REPRESENTATION_ITEM() 
RATIONAL_B_SPLINE_CURVE((1.,0.5,1.,0.5,1.,0.5,1.)) REPRESENTATION_ITEM(
  '') );
#11478 = CARTESIAN_POINT('',(2.684770203794,-4.546024882415));
#11479 = CARTESIAN_POINT('',(2.684770203794,-3.516254848348));
#11480 = CARTESIAN_POINT('',(3.576577213353,-4.031139865382));
#11481 = CARTESIAN_POINT('',(4.468384222911,-4.546024882415));
#11482 = CARTESIAN_POINT('',(3.576577213353,-5.060909899449));
#11483 = CARTESIAN_POINT('',(2.684770203794,-5.575794916483));
#11484 = CARTESIAN_POINT('',(2.684770203794,-4.546024882415));
#11485 = ( GEOMETRIC_REPRESENTATION_CONTEXT(2) 
PARAMETRIC_REPRESENTATION_CONTEXT() REPRESENTATION_CONTEXT('2D SPACE',''
  ) );
#11486 = ORIENTED_EDGE('',*,*,#11413,.F.);
#11487 = ADVANCED_FACE('',(#11488),#4196,.T.);
#11488 = FACE_BOUND('',#11489,.T.);
#11489 = EDGE_LOOP('',(#11490,#11491,#11492,#11515));
#11490 = ORIENTED_EDGE('',*,*,#4181,.T.);
#11491 = ORIENTED_EDGE('',*,*,#11438,.T.);
#11492 = ORIENTED_EDGE('',*,*,#11493,.T.);
#11493 = EDGE_CURVE('',#11439,#11494,#11496,.T.);
#11494 = VERTEX_POINT('',#11495);
#11495 = CARTESIAN_POINT('',(3.8738462333,35.281315430132,
    85.498406918525));
#11496 = SURFACE_CURVE('',#11497,(#11501,#11508),.PCURVE_S1.);
#11497 = LINE('',#11498,#11499);
#11498 = CARTESIAN_POINT('',(3.873846265557,35.281315430132,
    80.95238203611));
#11499 = VECTOR('',#11500,1.);
#11500 = DIRECTION('',(0.,2.22044604925E-16,1.));
#11501 = PCURVE('',#4196,#11502);
#11502 = DEFINITIONAL_REPRESENTATION('',(#11503),#11507);
#11503 = LINE('',#11504,#11505);
#11504 = CARTESIAN_POINT('',(4.546024882415,-2.948984979518));
#11505 = VECTOR('',#11506,1.);
#11506 = DIRECTION('',(1.,0.));
#11507 = ( GEOMETRIC_REPRESENTATION_CONTEXT(2) 
PARAMETRIC_REPRESENTATION_CONTEXT() REPRESENTATION_CONTEXT('2D SPACE',''
  ) );
#11508 = PCURVE('',#11298,#11509);
#11509 = DEFINITIONAL_REPRESENTATION('',(#11510),#11514);
#11510 = LINE('',#11511,#11512);
#11511 = CARTESIAN_POINT('',(3.873846281052,-6.567227182846E-16));
#11512 = VECTOR('',#11513,1.);
#11513 = DIRECTION('',(0.,1.));
#11514 = ( GEOMETRIC_REPRESENTATION_CONTEXT(2) 
PARAMETRIC_REPRESENTATION_CONTEXT() REPRESENTATION_CONTEXT('2D SPACE',''
  ) );
#11515 = ORIENTED_EDGE('',*,*,#11516,.F.);
#11516 = EDGE_CURVE('',#4149,#11494,#11517,.T.);
#11517 = SURFACE_CURVE('',#11518,(#11522,#11529),.PCURVE_S1.);
#11518 = LINE('',#11519,#11520);
#11519 = CARTESIAN_POINT('',(3.8738462333,38.23030040965,85.498406918525
    ));
#11520 = VECTOR('',#11521,1.);
#11521 = DIRECTION('',(0.,-1.,2.22044604925E-16));
#11522 = PCURVE('',#4196,#11523);
#11523 = DEFINITIONAL_REPRESENTATION('',(#11524),#11528);
#11524 = LINE('',#11525,#11526);
#11525 = CARTESIAN_POINT('',(9.092049764831,0.));
#11526 = VECTOR('',#11527,1.);
#11527 = DIRECTION('',(0.,-1.));
#11528 = ( GEOMETRIC_REPRESENTATION_CONTEXT(2) 
PARAMETRIC_REPRESENTATION_CONTEXT() REPRESENTATION_CONTEXT('2D SPACE',''
  ) );
#11529 = PCURVE('',#4169,#11530);
#11530 = DEFINITIONAL_REPRESENTATION('',(#11531),#11535);
#11531 = LINE('',#11532,#11533);
#11532 = CARTESIAN_POINT('',(3.14159265359,0.));
#11533 = VECTOR('',#11534,1.);
#11534 = DIRECTION('',(0.,-1.));
#11535 = ( GEOMETRIC_REPRESENTATION_CONTEXT(2) 
PARAMETRIC_REPRESENTATION_CONTEXT() REPRESENTATION_CONTEXT('2D SPACE',''
  ) );
#11536 = ADVANCED_FACE('',(#11537),#4169,.F.);
#11537 = FACE_BOUND('',#11538,.F.);
#11538 = EDGE_LOOP('',(#11539,#11540,#11563,#11589));
#11539 = ORIENTED_EDGE('',*,*,#4148,.F.);
#11540 = ORIENTED_EDGE('',*,*,#11541,.T.);
#11541 = EDGE_CURVE('',#4123,#11542,#11544,.T.);
#11542 = VERTEX_POINT('',#11543);
#11543 = CARTESIAN_POINT('',(3.279308194672,35.281315430132,
    86.092944924898));
#11544 = SURFACE_CURVE('',#11545,(#11549,#11556),.PCURVE_S1.);
#11545 = LINE('',#11546,#11547);
#11546 = CARTESIAN_POINT('',(3.279308194672,38.23030040965,
    86.092944924898));
#11547 = VECTOR('',#11548,1.);
#11548 = DIRECTION('',(0.,-1.,2.22044604925E-16));
#11549 = PCURVE('',#4169,#11550);
#11550 = DEFINITIONAL_REPRESENTATION('',(#11551),#11555);
#11551 = LINE('',#11552,#11553);
#11552 = CARTESIAN_POINT('',(1.570796326795,0.));
#11553 = VECTOR('',#11554,1.);
#11554 = DIRECTION('',(0.,-1.));
#11555 = ( GEOMETRIC_REPRESENTATION_CONTEXT(2) 
PARAMETRIC_REPRESENTATION_CONTEXT() REPRESENTATION_CONTEXT('2D SPACE',''
  ) );
#11556 = PCURVE('',#4137,#11557);
#11557 = DEFINITIONAL_REPRESENTATION('',(#11558),#11562);
#11558 = LINE('',#11559,#11560);
#11559 = CARTESIAN_POINT('',(6.558616453856,0.));
#11560 = VECTOR('',#11561,1.);
#11561 = DIRECTION('',(0.,-1.));
#11562 = ( GEOMETRIC_REPRESENTATION_CONTEXT(2) 
PARAMETRIC_REPRESENTATION_CONTEXT() REPRESENTATION_CONTEXT('2D SPACE',''
  ) );
#11563 = ORIENTED_EDGE('',*,*,#11564,.T.);
#11564 = EDGE_CURVE('',#11542,#11494,#11565,.T.);
#11565 = SURFACE_CURVE('',#11566,(#11571,#11578),.PCURVE_S1.);
#11566 = CIRCLE('',#11567,0.594538006372);
#11567 = AXIS2_PLACEMENT_3D('',#11568,#11569,#11570);
#11568 = CARTESIAN_POINT('',(3.279308194672,35.281315430132,
    85.498406918525));
#11569 = DIRECTION('',(0.,1.,-2.22044604925E-16));
#11570 = DIRECTION('',(-1.,0.,0.));
#11571 = PCURVE('',#4169,#11572);
#11572 = DEFINITIONAL_REPRESENTATION('',(#11573),#11577);
#11573 = LINE('',#11574,#11575);
#11574 = CARTESIAN_POINT('',(0.,-2.948984979518));
#11575 = VECTOR('',#11576,1.);
#11576 = DIRECTION('',(1.,0.));
#11577 = ( GEOMETRIC_REPRESENTATION_CONTEXT(2) 
PARAMETRIC_REPRESENTATION_CONTEXT() REPRESENTATION_CONTEXT('2D SPACE',''
  ) );
#11578 = PCURVE('',#11298,#11579);
#11579 = DEFINITIONAL_REPRESENTATION('',(#11580),#11588);
#11580 = ( BOUNDED_CURVE() B_SPLINE_CURVE(2,(#11581,#11582,#11583,#11584
    ,#11585,#11586,#11587),.UNSPECIFIED.,.T.,.F.) 
B_SPLINE_CURVE_WITH_KNOTS((1,2,2,2,2,1),(-2.094395102393,0.,
    2.094395102393,4.188790204786,6.28318530718,8.377580409573),
.UNSPECIFIED.) CURVE() GEOMETRIC_REPRESENTATION_ITEM() 
RATIONAL_B_SPLINE_CURVE((1.,0.5,1.,0.5,1.,0.5,1.)) REPRESENTATION_ITEM(
  '') );
#11581 = CARTESIAN_POINT('',(2.684770203794,4.546024882415));
#11582 = CARTESIAN_POINT('',(2.684770203794,5.575794916483));
#11583 = CARTESIAN_POINT('',(3.576577213353,5.060909899449));
#11584 = CARTESIAN_POINT('',(4.468384222911,4.546024882415));
#11585 = CARTESIAN_POINT('',(3.576577213353,4.031139865382));
#11586 = CARTESIAN_POINT('',(2.684770203794,3.516254848348));
#11587 = CARTESIAN_POINT('',(2.684770203794,4.546024882415));
#11588 = ( GEOMETRIC_REPRESENTATION_CONTEXT(2) 
PARAMETRIC_REPRESENTATION_CONTEXT() REPRESENTATION_CONTEXT('2D SPACE',''
  ) );
#11589 = ORIENTED_EDGE('',*,*,#11516,.F.);
#11590 = ADVANCED_FACE('',(#11591),#4137,.F.);
#11591 = FACE_BOUND('',#11592,.F.);
#11592 = EDGE_LOOP('',(#11593,#11594,#11617,#11638));
#11593 = ORIENTED_EDGE('',*,*,#4122,.T.);
#11594 = ORIENTED_EDGE('',*,*,#11595,.T.);
#11595 = EDGE_CURVE('',#4090,#11596,#11598,.T.);
#11596 = VERTEX_POINT('',#11597);
#11597 = CARTESIAN_POINT('',(-3.279308259184,35.281315430132,
    86.092944924898));
#11598 = SURFACE_CURVE('',#11599,(#11603,#11610),.PCURVE_S1.);
#11599 = LINE('',#11600,#11601);
#11600 = CARTESIAN_POINT('',(-3.279308259184,38.23030040965,
    86.092944924898));
#11601 = VECTOR('',#11602,1.);
#11602 = DIRECTION('',(0.,-1.,2.22044604925E-16));
#11603 = PCURVE('',#4137,#11604);
#11604 = DEFINITIONAL_REPRESENTATION('',(#11605),#11609);
#11605 = LINE('',#11606,#11607);
#11606 = CARTESIAN_POINT('',(0.,0.));
#11607 = VECTOR('',#11608,1.);
#11608 = DIRECTION('',(0.,-1.));
#11609 = ( GEOMETRIC_REPRESENTATION_CONTEXT(2) 
PARAMETRIC_REPRESENTATION_CONTEXT() REPRESENTATION_CONTEXT('2D SPACE',''
  ) );
#11610 = PCURVE('',#4110,#11611);
#11611 = DEFINITIONAL_REPRESENTATION('',(#11612),#11616);
#11612 = LINE('',#11613,#11614);
#11613 = CARTESIAN_POINT('',(1.570796326795,0.));
#11614 = VECTOR('',#11615,1.);
#11615 = DIRECTION('',(0.,-1.));
#11616 = ( GEOMETRIC_REPRESENTATION_CONTEXT(2) 
PARAMETRIC_REPRESENTATION_CONTEXT() REPRESENTATION_CONTEXT('2D SPACE',''
  ) );
#11617 = ORIENTED_EDGE('',*,*,#11618,.T.);
#11618 = EDGE_CURVE('',#11596,#11542,#11619,.T.);
#11619 = SURFACE_CURVE('',#11620,(#11624,#11631),.PCURVE_S1.);
#11620 = LINE('',#11621,#11622);
#11621 = CARTESIAN_POINT('',(5.107025913276E-14,35.281315430132,
    86.092944924898));
#11622 = VECTOR('',#11623,1.);
#11623 = DIRECTION('',(1.,0.,0.));
#11624 = PCURVE('',#4137,#11625);
#11625 = DEFINITIONAL_REPRESENTATION('',(#11626),#11630);
#11626 = LINE('',#11627,#11628);
#11627 = CARTESIAN_POINT('',(3.279308259184,-2.948984979518));
#11628 = VECTOR('',#11629,1.);
#11629 = DIRECTION('',(1.,0.));
#11630 = ( GEOMETRIC_REPRESENTATION_CONTEXT(2) 
PARAMETRIC_REPRESENTATION_CONTEXT() REPRESENTATION_CONTEXT('2D SPACE',''
  ) );
#11631 = PCURVE('',#11298,#11632);
#11632 = DEFINITIONAL_REPRESENTATION('',(#11633),#11637);
#11633 = LINE('',#11634,#11635);
#11634 = CARTESIAN_POINT('',(1.5495019256E-08,5.140562888788));
#11635 = VECTOR('',#11636,1.);
#11636 = DIRECTION('',(1.,0.));
#11637 = ( GEOMETRIC_REPRESENTATION_CONTEXT(2) 
PARAMETRIC_REPRESENTATION_CONTEXT() REPRESENTATION_CONTEXT('2D SPACE',''
  ) );
#11638 = ORIENTED_EDGE('',*,*,#11541,.F.);
#11639 = ADVANCED_FACE('',(#11640),#4110,.F.);
#11640 = FACE_BOUND('',#11641,.F.);
#11641 = EDGE_LOOP('',(#11642,#11643,#11644,#11670));
#11642 = ORIENTED_EDGE('',*,*,#4089,.F.);
#11643 = ORIENTED_EDGE('',*,*,#11310,.T.);
#11644 = ORIENTED_EDGE('',*,*,#11645,.T.);
#11645 = EDGE_CURVE('',#11283,#11596,#11646,.T.);
#11646 = SURFACE_CURVE('',#11647,(#11652,#11659),.PCURVE_S1.);
#11647 = CIRCLE('',#11648,0.594538006372);
#11648 = AXIS2_PLACEMENT_3D('',#11649,#11650,#11651);
#11649 = CARTESIAN_POINT('',(-3.279308259184,35.281315430132,
    85.498406918525));
#11650 = DIRECTION('',(0.,1.,-2.22044604925E-16));
#11651 = DIRECTION('',(-1.,0.,0.));
#11652 = PCURVE('',#4110,#11653);
#11653 = DEFINITIONAL_REPRESENTATION('',(#11654),#11658);
#11654 = LINE('',#11655,#11656);
#11655 = CARTESIAN_POINT('',(0.,-2.948984979518));
#11656 = VECTOR('',#11657,1.);
#11657 = DIRECTION('',(1.,0.));
#11658 = ( GEOMETRIC_REPRESENTATION_CONTEXT(2) 
PARAMETRIC_REPRESENTATION_CONTEXT() REPRESENTATION_CONTEXT('2D SPACE',''
  ) );
#11659 = PCURVE('',#11298,#11660);
#11660 = DEFINITIONAL_REPRESENTATION('',(#11661),#11669);
#11661 = ( BOUNDED_CURVE() B_SPLINE_CURVE(2,(#11662,#11663,#11664,#11665
    ,#11666,#11667,#11668),.UNSPECIFIED.,.T.,.F.) 
B_SPLINE_CURVE_WITH_KNOTS((1,2,2,2,2,1),(-2.094395102393,0.,
    2.094395102393,4.188790204786,6.28318530718,8.377580409573),
.UNSPECIFIED.) CURVE() GEOMETRIC_REPRESENTATION_ITEM() 
RATIONAL_B_SPLINE_CURVE((1.,0.5,1.,0.5,1.,0.5,1.)) REPRESENTATION_ITEM(
  '') );
#11662 = CARTESIAN_POINT('',(-3.873846250062,4.546024882415));
#11663 = CARTESIAN_POINT('',(-3.873846250062,5.575794916483));
#11664 = CARTESIAN_POINT('',(-2.982039240503,5.060909899449));
#11665 = CARTESIAN_POINT('',(-2.090232230945,4.546024882415));
#11666 = CARTESIAN_POINT('',(-2.982039240503,4.031139865382));
#11667 = CARTESIAN_POINT('',(-3.873846250062,3.516254848348));
#11668 = CARTESIAN_POINT('',(-3.873846250062,4.546024882415));
#11669 = ( GEOMETRIC_REPRESENTATION_CONTEXT(2) 
PARAMETRIC_REPRESENTATION_CONTEXT() REPRESENTATION_CONTEXT('2D SPACE',''
  ) );
#11670 = ORIENTED_EDGE('',*,*,#11595,.F.);
#11671 = ADVANCED_FACE('',(#11672),#4316,.F.);
#11672 = FACE_BOUND('',#11673,.F.);
#11673 = EDGE_LOOP('',(#11674,#11675,#11698,#11726));
#11674 = ORIENTED_EDGE('',*,*,#4299,.T.);
#11675 = ORIENTED_EDGE('',*,*,#11676,.T.);
#11676 = EDGE_CURVE('',#4302,#11677,#11679,.T.);
#11677 = VERTEX_POINT('',#11678);
#11678 = CARTESIAN_POINT('',(5.784861286039,35.281315430132,
    64.214216355636));
#11679 = SURFACE_CURVE('',#11680,(#11684,#11691),.PCURVE_S1.);
#11680 = LINE('',#11681,#11682);
#11681 = CARTESIAN_POINT('',(5.784861286039,38.23030040965,
    64.214216355636));
#11682 = VECTOR('',#11683,1.);
#11683 = DIRECTION('',(0.,-1.,2.22044604925E-16));
#11684 = PCURVE('',#4316,#11685);
#11685 = DEFINITIONAL_REPRESENTATION('',(#11686),#11690);
#11686 = LINE('',#11687,#11688);
#11687 = CARTESIAN_POINT('',(0.,0.));
#11688 = VECTOR('',#11689,1.);
#11689 = DIRECTION('',(0.,-1.));
#11690 = ( GEOMETRIC_REPRESENTATION_CONTEXT(2) 
PARAMETRIC_REPRESENTATION_CONTEXT() REPRESENTATION_CONTEXT('2D SPACE',''
  ) );
#11691 = PCURVE('',#4523,#11692);
#11692 = DEFINITIONAL_REPRESENTATION('',(#11693),#11697);
#11693 = LINE('',#11694,#11695);
#11694 = CARTESIAN_POINT('',(6.28318530718,0.));
#11695 = VECTOR('',#11696,1.);
#11696 = DIRECTION('',(0.,-1.));
#11697 = ( GEOMETRIC_REPRESENTATION_CONTEXT(2) 
PARAMETRIC_REPRESENTATION_CONTEXT() REPRESENTATION_CONTEXT('2D SPACE',''
  ) );
#11698 = ORIENTED_EDGE('',*,*,#11699,.T.);
#11699 = EDGE_CURVE('',#11677,#11700,#11702,.T.);
#11700 = VERTEX_POINT('',#11701);
#11701 = CARTESIAN_POINT('',(5.784861286039,35.281315430132,
    73.306266120467));
#11702 = SURFACE_CURVE('',#11703,(#11707,#11714),.PCURVE_S1.);
#11703 = LINE('',#11704,#11705);
#11704 = CARTESIAN_POINT('',(5.784861286039,35.281315430132,
    68.760241238052));
#11705 = VECTOR('',#11706,1.);
#11706 = DIRECTION('',(0.,2.22044604925E-16,1.));
#11707 = PCURVE('',#4316,#11708);
#11708 = DEFINITIONAL_REPRESENTATION('',(#11709),#11713);
#11709 = LINE('',#11710,#11711);
#11710 = CARTESIAN_POINT('',(4.546024882415,-2.948984979518));
#11711 = VECTOR('',#11712,1.);
#11712 = DIRECTION('',(1.,0.));
#11713 = ( GEOMETRIC_REPRESENTATION_CONTEXT(2) 
PARAMETRIC_REPRESENTATION_CONTEXT() REPRESENTATION_CONTEXT('2D SPACE',''
  ) );
#11714 = PCURVE('',#11715,#11720);
#11715 = PLANE('',#11716);
#11716 = AXIS2_PLACEMENT_3D('',#11717,#11718,#11719);
#11717 = CARTESIAN_POINT('',(9.658707536101,35.281315430132,
    68.760241238052));
#11718 = DIRECTION('',(0.,-1.,2.22044604925E-16));
#11719 = DIRECTION('',(1.,0.,0.));
#11720 = DEFINITIONAL_REPRESENTATION('',(#11721),#11725);
#11721 = LINE('',#11722,#11723);
#11722 = CARTESIAN_POINT('',(-3.873846250062,-6.567227182846E-16));
#11723 = VECTOR('',#11724,1.);
#11724 = DIRECTION('',(0.,1.));
#11725 = ( GEOMETRIC_REPRESENTATION_CONTEXT(2) 
PARAMETRIC_REPRESENTATION_CONTEXT() REPRESENTATION_CONTEXT('2D SPACE',''
  ) );
#11726 = ORIENTED_EDGE('',*,*,#11727,.F.);
#11727 = EDGE_CURVE('',#4300,#11700,#11728,.T.);
#11728 = SURFACE_CURVE('',#11729,(#11733,#11740),.PCURVE_S1.);
#11729 = LINE('',#11730,#11731);
#11730 = CARTESIAN_POINT('',(5.784861286039,38.23030040965,
    73.306266120467));
#11731 = VECTOR('',#11732,1.);
#11732 = DIRECTION('',(0.,-1.,2.22044604925E-16));
#11733 = PCURVE('',#4316,#11734);
#11734 = DEFINITIONAL_REPRESENTATION('',(#11735),#11739);
#11735 = LINE('',#11736,#11737);
#11736 = CARTESIAN_POINT('',(9.092049764831,0.));
#11737 = VECTOR('',#11738,1.);
#11738 = DIRECTION('',(0.,-1.));
#11739 = ( GEOMETRIC_REPRESENTATION_CONTEXT(2) 
PARAMETRIC_REPRESENTATION_CONTEXT() REPRESENTATION_CONTEXT('2D SPACE',''
  ) );
#11740 = PCURVE('',#4348,#11741);
#11741 = DEFINITIONAL_REPRESENTATION('',(#11742),#11746);
#11742 = LINE('',#11743,#11744);
#11743 = CARTESIAN_POINT('',(0.,0.));
#11744 = VECTOR('',#11745,1.);
#11745 = DIRECTION('',(0.,-1.));
#11746 = ( GEOMETRIC_REPRESENTATION_CONTEXT(2) 
PARAMETRIC_REPRESENTATION_CONTEXT() REPRESENTATION_CONTEXT('2D SPACE',''
  ) );
#11747 = ADVANCED_FACE('',(#11748),#4523,.F.);
#11748 = FACE_BOUND('',#11749,.F.);
#11749 = EDGE_LOOP('',(#11750,#11751,#11774,#11800));
#11750 = ORIENTED_EDGE('',*,*,#4504,.F.);
#11751 = ORIENTED_EDGE('',*,*,#11752,.T.);
#11752 = EDGE_CURVE('',#4479,#11753,#11755,.T.);
#11753 = VERTEX_POINT('',#11754);
#11754 = CARTESIAN_POINT('',(6.379399292411,35.281315430132,
    63.619678349264));
#11755 = SURFACE_CURVE('',#11756,(#11760,#11767),.PCURVE_S1.);
#11756 = LINE('',#11757,#11758);
#11757 = CARTESIAN_POINT('',(6.379399292411,38.23030040965,
    63.619678349264));
#11758 = VECTOR('',#11759,1.);
#11759 = DIRECTION('',(0.,-1.,2.22044604925E-16));
#11760 = PCURVE('',#4523,#11761);
#11761 = DEFINITIONAL_REPRESENTATION('',(#11762),#11766);
#11762 = LINE('',#11763,#11764);
#11763 = CARTESIAN_POINT('',(4.712388980385,0.));
#11764 = VECTOR('',#11765,1.);
#11765 = DIRECTION('',(0.,-1.));
#11766 = ( GEOMETRIC_REPRESENTATION_CONTEXT(2) 
PARAMETRIC_REPRESENTATION_CONTEXT() REPRESENTATION_CONTEXT('2D SPACE',''
  ) );
#11767 = PCURVE('',#4493,#11768);
#11768 = DEFINITIONAL_REPRESENTATION('',(#11769),#11773);
#11769 = LINE('',#11770,#11771);
#11770 = CARTESIAN_POINT('',(3.552713678801E-15,0.));
#11771 = VECTOR('',#11772,1.);
#11772 = DIRECTION('',(0.,-1.));
#11773 = ( GEOMETRIC_REPRESENTATION_CONTEXT(2) 
PARAMETRIC_REPRESENTATION_CONTEXT() REPRESENTATION_CONTEXT('2D SPACE',''
  ) );
#11774 = ORIENTED_EDGE('',*,*,#11775,.T.);
#11775 = EDGE_CURVE('',#11753,#11677,#11776,.T.);
#11776 = SURFACE_CURVE('',#11777,(#11782,#11789),.PCURVE_S1.);
#11777 = CIRCLE('',#11778,0.594538006372);
#11778 = AXIS2_PLACEMENT_3D('',#11779,#11780,#11781);
#11779 = CARTESIAN_POINT('',(6.379399292411,35.281315430132,
    64.214216355636));
#11780 = DIRECTION('',(0.,1.,-2.22044604925E-16));
#11781 = DIRECTION('',(-1.,0.,0.));
#11782 = PCURVE('',#4523,#11783);
#11783 = DEFINITIONAL_REPRESENTATION('',(#11784),#11788);
#11784 = LINE('',#11785,#11786);
#11785 = CARTESIAN_POINT('',(0.,-2.948984979518));
#11786 = VECTOR('',#11787,1.);
#11787 = DIRECTION('',(1.,0.));
#11788 = ( GEOMETRIC_REPRESENTATION_CONTEXT(2) 
PARAMETRIC_REPRESENTATION_CONTEXT() REPRESENTATION_CONTEXT('2D SPACE',''
  ) );
#11789 = PCURVE('',#11715,#11790);
#11790 = DEFINITIONAL_REPRESENTATION('',(#11791),#11799);
#11791 = ( BOUNDED_CURVE() B_SPLINE_CURVE(2,(#11792,#11793,#11794,#11795
    ,#11796,#11797,#11798),.UNSPECIFIED.,.T.,.F.) 
B_SPLINE_CURVE_WITH_KNOTS((1,2,2,2,2,1),(-2.094395102393,0.,
    2.094395102393,4.188790204786,6.28318530718,8.377580409573),
.UNSPECIFIED.) CURVE() GEOMETRIC_REPRESENTATION_ITEM() 
RATIONAL_B_SPLINE_CURVE((1.,0.5,1.,0.5,1.,0.5,1.)) REPRESENTATION_ITEM(
  '') );
#11792 = CARTESIAN_POINT('',(-3.873846250062,-4.546024882415));
#11793 = CARTESIAN_POINT('',(-3.873846250062,-3.516254848348));
#11794 = CARTESIAN_POINT('',(-2.982039240503,-4.031139865382));
#11795 = CARTESIAN_POINT('',(-2.090232230945,-4.546024882415));
#11796 = CARTESIAN_POINT('',(-2.982039240503,-5.060909899449));
#11797 = CARTESIAN_POINT('',(-3.873846250062,-5.575794916483));
#11798 = CARTESIAN_POINT('',(-3.873846250062,-4.546024882415));
#11799 = ( GEOMETRIC_REPRESENTATION_CONTEXT(2) 
PARAMETRIC_REPRESENTATION_CONTEXT() REPRESENTATION_CONTEXT('2D SPACE',''
  ) );
#11800 = ORIENTED_EDGE('',*,*,#11676,.F.);
#11801 = ADVANCED_FACE('',(#11802),#4493,.T.);
#11802 = FACE_BOUND('',#11803,.T.);
#11803 = EDGE_LOOP('',(#11804,#11805,#11806,#11829));
#11804 = ORIENTED_EDGE('',*,*,#4478,.T.);
#11805 = ORIENTED_EDGE('',*,*,#11752,.T.);
#11806 = ORIENTED_EDGE('',*,*,#11807,.T.);
#11807 = EDGE_CURVE('',#11753,#11808,#11810,.T.);
#11808 = VERTEX_POINT('',#11809);
#11809 = CARTESIAN_POINT('',(12.938015746267,35.281315430132,
    63.619678349264));
#11810 = SURFACE_CURVE('',#11811,(#11815,#11822),.PCURVE_S1.);
#11811 = LINE('',#11812,#11813);
#11812 = CARTESIAN_POINT('',(9.658707551596,35.281315430132,
    63.619678349264));
#11813 = VECTOR('',#11814,1.);
#11814 = DIRECTION('',(1.,0.,0.));
#11815 = PCURVE('',#4493,#11816);
#11816 = DEFINITIONAL_REPRESENTATION('',(#11817),#11821);
#11817 = LINE('',#11818,#11819);
#11818 = CARTESIAN_POINT('',(3.279308259184,-2.948984979518));
#11819 = VECTOR('',#11820,1.);
#11820 = DIRECTION('',(1.,0.));
#11821 = ( GEOMETRIC_REPRESENTATION_CONTEXT(2) 
PARAMETRIC_REPRESENTATION_CONTEXT() REPRESENTATION_CONTEXT('2D SPACE',''
  ) );
#11822 = PCURVE('',#11715,#11823);
#11823 = DEFINITIONAL_REPRESENTATION('',(#11824),#11828);
#11824 = LINE('',#11825,#11826);
#11825 = CARTESIAN_POINT('',(1.5495019256E-08,-5.140562888788));
#11826 = VECTOR('',#11827,1.);
#11827 = DIRECTION('',(1.,0.));
#11828 = ( GEOMETRIC_REPRESENTATION_CONTEXT(2) 
PARAMETRIC_REPRESENTATION_CONTEXT() REPRESENTATION_CONTEXT('2D SPACE',''
  ) );
#11829 = ORIENTED_EDGE('',*,*,#11830,.F.);
#11830 = EDGE_CURVE('',#4446,#11808,#11831,.T.);
#11831 = SURFACE_CURVE('',#11832,(#11836,#11843),.PCURVE_S1.);
#11832 = LINE('',#11833,#11834);
#11833 = CARTESIAN_POINT('',(12.938015746267,38.23030040965,
    63.619678349264));
#11834 = VECTOR('',#11835,1.);
#11835 = DIRECTION('',(0.,-1.,2.22044604925E-16));
#11836 = PCURVE('',#4493,#11837);
#11837 = DEFINITIONAL_REPRESENTATION('',(#11838),#11842);
#11838 = LINE('',#11839,#11840);
#11839 = CARTESIAN_POINT('',(6.558616453856,0.));
#11840 = VECTOR('',#11841,1.);
#11841 = DIRECTION('',(0.,-1.));
#11842 = ( GEOMETRIC_REPRESENTATION_CONTEXT(2) 
PARAMETRIC_REPRESENTATION_CONTEXT() REPRESENTATION_CONTEXT('2D SPACE',''
  ) );
#11843 = PCURVE('',#4466,#11844);
#11844 = DEFINITIONAL_REPRESENTATION('',(#11845),#11849);
#11845 = LINE('',#11846,#11847);
#11846 = CARTESIAN_POINT('',(4.712388980385,0.));
#11847 = VECTOR('',#11848,1.);
#11848 = DIRECTION('',(0.,-1.));
#11849 = ( GEOMETRIC_REPRESENTATION_CONTEXT(2) 
PARAMETRIC_REPRESENTATION_CONTEXT() REPRESENTATION_CONTEXT('2D SPACE',''
  ) );
#11850 = ADVANCED_FACE('',(#11851),#4466,.F.);
#11851 = FACE_BOUND('',#11852,.F.);
#11852 = EDGE_LOOP('',(#11853,#11854,#11877,#11903));
#11853 = ORIENTED_EDGE('',*,*,#4445,.F.);
#11854 = ORIENTED_EDGE('',*,*,#11855,.T.);
#11855 = EDGE_CURVE('',#4420,#11856,#11858,.T.);
#11856 = VERTEX_POINT('',#11857);
#11857 = CARTESIAN_POINT('',(13.532553784896,35.281315430132,
    64.214216355636));
#11858 = SURFACE_CURVE('',#11859,(#11863,#11870),.PCURVE_S1.);
#11859 = LINE('',#11860,#11861);
#11860 = CARTESIAN_POINT('',(13.532553784896,38.23030040965,
    64.214216355636));
#11861 = VECTOR('',#11862,1.);
#11862 = DIRECTION('',(0.,-1.,2.22044604925E-16));
#11863 = PCURVE('',#4466,#11864);
#11864 = DEFINITIONAL_REPRESENTATION('',(#11865),#11869);
#11865 = LINE('',#11866,#11867);
#11866 = CARTESIAN_POINT('',(3.14159265359,0.));
#11867 = VECTOR('',#11868,1.);
#11868 = DIRECTION('',(0.,-1.));
#11869 = ( GEOMETRIC_REPRESENTATION_CONTEXT(2) 
PARAMETRIC_REPRESENTATION_CONTEXT() REPRESENTATION_CONTEXT('2D SPACE',''
  ) );
#11870 = PCURVE('',#4434,#11871);
#11871 = DEFINITIONAL_REPRESENTATION('',(#11872),#11876);
#11872 = LINE('',#11873,#11874);
#11873 = CARTESIAN_POINT('',(0.,0.));
#11874 = VECTOR('',#11875,1.);
#11875 = DIRECTION('',(0.,-1.));
#11876 = ( GEOMETRIC_REPRESENTATION_CONTEXT(2) 
PARAMETRIC_REPRESENTATION_CONTEXT() REPRESENTATION_CONTEXT('2D SPACE',''
  ) );
#11877 = ORIENTED_EDGE('',*,*,#11878,.T.);
#11878 = EDGE_CURVE('',#11856,#11808,#11879,.T.);
#11879 = SURFACE_CURVE('',#11880,(#11885,#11892),.PCURVE_S1.);
#11880 = CIRCLE('',#11881,0.594538006372);
#11881 = AXIS2_PLACEMENT_3D('',#11882,#11883,#11884);
#11882 = CARTESIAN_POINT('',(12.938015746267,35.281315430132,
    64.214216355636));
#11883 = DIRECTION('',(0.,1.,-2.22044604925E-16));
#11884 = DIRECTION('',(-1.,0.,0.));
#11885 = PCURVE('',#4466,#11886);
#11886 = DEFINITIONAL_REPRESENTATION('',(#11887),#11891);
#11887 = LINE('',#11888,#11889);
#11888 = CARTESIAN_POINT('',(0.,-2.948984979518));
#11889 = VECTOR('',#11890,1.);
#11890 = DIRECTION('',(1.,0.));
#11891 = ( GEOMETRIC_REPRESENTATION_CONTEXT(2) 
PARAMETRIC_REPRESENTATION_CONTEXT() REPRESENTATION_CONTEXT('2D SPACE',''
  ) );
#11892 = PCURVE('',#11715,#11893);
#11893 = DEFINITIONAL_REPRESENTATION('',(#11894),#11902);
#11894 = ( BOUNDED_CURVE() B_SPLINE_CURVE(2,(#11895,#11896,#11897,#11898
    ,#11899,#11900,#11901),.UNSPECIFIED.,.T.,.F.) 
B_SPLINE_CURVE_WITH_KNOTS((1,2,2,2,2,1),(-2.094395102393,0.,
    2.094395102393,4.188790204786,6.28318530718,8.377580409573),
.UNSPECIFIED.) CURVE() GEOMETRIC_REPRESENTATION_ITEM() 
RATIONAL_B_SPLINE_CURVE((1.,0.5,1.,0.5,1.,0.5,1.)) REPRESENTATION_ITEM(
  '') );
#11895 = CARTESIAN_POINT('',(2.684770203794,-4.546024882415));
#11896 = CARTESIAN_POINT('',(2.684770203794,-3.516254848348));
#11897 = CARTESIAN_POINT('',(3.576577213353,-4.031139865382));
#11898 = CARTESIAN_POINT('',(4.468384222911,-4.546024882415));
#11899 = CARTESIAN_POINT('',(3.576577213353,-5.060909899449));
#11900 = CARTESIAN_POINT('',(2.684770203794,-5.575794916483));
#11901 = CARTESIAN_POINT('',(2.684770203794,-4.546024882415));
#11902 = ( GEOMETRIC_REPRESENTATION_CONTEXT(2) 
PARAMETRIC_REPRESENTATION_CONTEXT() REPRESENTATION_CONTEXT('2D SPACE',''
  ) );
#11903 = ORIENTED_EDGE('',*,*,#11830,.F.);
#11904 = ADVANCED_FACE('',(#11905),#4434,.T.);
#11905 = FACE_BOUND('',#11906,.T.);
#11906 = EDGE_LOOP('',(#11907,#11908,#11909,#11932));
#11907 = ORIENTED_EDGE('',*,*,#4419,.T.);
#11908 = ORIENTED_EDGE('',*,*,#11855,.T.);
#11909 = ORIENTED_EDGE('',*,*,#11910,.T.);
#11910 = EDGE_CURVE('',#11856,#11911,#11913,.T.);
#11911 = VERTEX_POINT('',#11912);
#11912 = CARTESIAN_POINT('',(13.532553784896,35.281315430132,
    73.306266120467));
#11913 = SURFACE_CURVE('',#11914,(#11918,#11925),.PCURVE_S1.);
#11914 = LINE('',#11915,#11916);
#11915 = CARTESIAN_POINT('',(13.532553817152,35.281315430132,
    68.760241238052));
#11916 = VECTOR('',#11917,1.);
#11917 = DIRECTION('',(0.,2.22044604925E-16,1.));
#11918 = PCURVE('',#4434,#11919);
#11919 = DEFINITIONAL_REPRESENTATION('',(#11920),#11924);
#11920 = LINE('',#11921,#11922);
#11921 = CARTESIAN_POINT('',(4.546024882415,-2.948984979518));
#11922 = VECTOR('',#11923,1.);
#11923 = DIRECTION('',(1.,0.));
#11924 = ( GEOMETRIC_REPRESENTATION_CONTEXT(2) 
PARAMETRIC_REPRESENTATION_CONTEXT() REPRESENTATION_CONTEXT('2D SPACE',''
  ) );
#11925 = PCURVE('',#11715,#11926);
#11926 = DEFINITIONAL_REPRESENTATION('',(#11927),#11931);
#11927 = LINE('',#11928,#11929);
#11928 = CARTESIAN_POINT('',(3.873846281052,-6.567227182846E-16));
#11929 = VECTOR('',#11930,1.);
#11930 = DIRECTION('',(0.,1.));
#11931 = ( GEOMETRIC_REPRESENTATION_CONTEXT(2) 
PARAMETRIC_REPRESENTATION_CONTEXT() REPRESENTATION_CONTEXT('2D SPACE',''
  ) );
#11932 = ORIENTED_EDGE('',*,*,#11933,.F.);
#11933 = EDGE_CURVE('',#4387,#11911,#11934,.T.);
#11934 = SURFACE_CURVE('',#11935,(#11939,#11946),.PCURVE_S1.);
#11935 = LINE('',#11936,#11937);
#11936 = CARTESIAN_POINT('',(13.532553784896,38.23030040965,
    73.306266120467));
#11937 = VECTOR('',#11938,1.);
#11938 = DIRECTION('',(0.,-1.,2.22044604925E-16));
#11939 = PCURVE('',#4434,#11940);
#11940 = DEFINITIONAL_REPRESENTATION('',(#11941),#11945);
#11941 = LINE('',#11942,#11943);
#11942 = CARTESIAN_POINT('',(9.092049764831,0.));
#11943 = VECTOR('',#11944,1.);
#11944 = DIRECTION('',(0.,-1.));
#11945 = ( GEOMETRIC_REPRESENTATION_CONTEXT(2) 
PARAMETRIC_REPRESENTATION_CONTEXT() REPRESENTATION_CONTEXT('2D SPACE',''
  ) );
#11946 = PCURVE('',#4407,#11947);
#11947 = DEFINITIONAL_REPRESENTATION('',(#11948),#11952);
#11948 = LINE('',#11949,#11950);
#11949 = CARTESIAN_POINT('',(3.14159265359,0.));
#11950 = VECTOR('',#11951,1.);
#11951 = DIRECTION('',(0.,-1.));
#11952 = ( GEOMETRIC_REPRESENTATION_CONTEXT(2) 
PARAMETRIC_REPRESENTATION_CONTEXT() REPRESENTATION_CONTEXT('2D SPACE',''
  ) );
#11953 = ADVANCED_FACE('',(#11954),#4407,.F.);
#11954 = FACE_BOUND('',#11955,.F.);
#11955 = EDGE_LOOP('',(#11956,#11957,#11980,#12006));
#11956 = ORIENTED_EDGE('',*,*,#4386,.F.);
#11957 = ORIENTED_EDGE('',*,*,#11958,.T.);
#11958 = EDGE_CURVE('',#4361,#11959,#11961,.T.);
#11959 = VERTEX_POINT('',#11960);
#11960 = CARTESIAN_POINT('',(12.938015746267,35.281315430132,
    73.90080412684));
#11961 = SURFACE_CURVE('',#11962,(#11966,#11973),.PCURVE_S1.);
#11962 = LINE('',#11963,#11964);
#11963 = CARTESIAN_POINT('',(12.938015746267,38.23030040965,
    73.90080412684));
#11964 = VECTOR('',#11965,1.);
#11965 = DIRECTION('',(0.,-1.,2.22044604925E-16));
#11966 = PCURVE('',#4407,#11967);
#11967 = DEFINITIONAL_REPRESENTATION('',(#11968),#11972);
#11968 = LINE('',#11969,#11970);
#11969 = CARTESIAN_POINT('',(1.570796326795,0.));
#11970 = VECTOR('',#11971,1.);
#11971 = DIRECTION('',(0.,-1.));
#11972 = ( GEOMETRIC_REPRESENTATION_CONTEXT(2) 
PARAMETRIC_REPRESENTATION_CONTEXT() REPRESENTATION_CONTEXT('2D SPACE',''
  ) );
#11973 = PCURVE('',#4375,#11974);
#11974 = DEFINITIONAL_REPRESENTATION('',(#11975),#11979);
#11975 = LINE('',#11976,#11977);
#11976 = CARTESIAN_POINT('',(6.558616453856,0.));
#11977 = VECTOR('',#11978,1.);
#11978 = DIRECTION('',(0.,-1.));
#11979 = ( GEOMETRIC_REPRESENTATION_CONTEXT(2) 
PARAMETRIC_REPRESENTATION_CONTEXT() REPRESENTATION_CONTEXT('2D SPACE',''
  ) );
#11980 = ORIENTED_EDGE('',*,*,#11981,.T.);
#11981 = EDGE_CURVE('',#11959,#11911,#11982,.T.);
#11982 = SURFACE_CURVE('',#11983,(#11988,#11995),.PCURVE_S1.);
#11983 = CIRCLE('',#11984,0.594538006372);
#11984 = AXIS2_PLACEMENT_3D('',#11985,#11986,#11987);
#11985 = CARTESIAN_POINT('',(12.938015746267,35.281315430132,
    73.306266120467));
#11986 = DIRECTION('',(0.,1.,-2.22044604925E-16));
#11987 = DIRECTION('',(-1.,0.,0.));
#11988 = PCURVE('',#4407,#11989);
#11989 = DEFINITIONAL_REPRESENTATION('',(#11990),#11994);
#11990 = LINE('',#11991,#11992);
#11991 = CARTESIAN_POINT('',(0.,-2.948984979518));
#11992 = VECTOR('',#11993,1.);
#11993 = DIRECTION('',(1.,0.));
#11994 = ( GEOMETRIC_REPRESENTATION_CONTEXT(2) 
PARAMETRIC_REPRESENTATION_CONTEXT() REPRESENTATION_CONTEXT('2D SPACE',''
  ) );
#11995 = PCURVE('',#11715,#11996);
#11996 = DEFINITIONAL_REPRESENTATION('',(#11997),#12005);
#11997 = ( BOUNDED_CURVE() B_SPLINE_CURVE(2,(#11998,#11999,#12000,#12001
    ,#12002,#12003,#12004),.UNSPECIFIED.,.T.,.F.) 
B_SPLINE_CURVE_WITH_KNOTS((1,2,2,2,2,1),(-2.094395102393,0.,
    2.094395102393,4.188790204786,6.28318530718,8.377580409573),
.UNSPECIFIED.) CURVE() GEOMETRIC_REPRESENTATION_ITEM() 
RATIONAL_B_SPLINE_CURVE((1.,0.5,1.,0.5,1.,0.5,1.)) REPRESENTATION_ITEM(
  '') );
#11998 = CARTESIAN_POINT('',(2.684770203794,4.546024882415));
#11999 = CARTESIAN_POINT('',(2.684770203794,5.575794916483));
#12000 = CARTESIAN_POINT('',(3.576577213353,5.060909899449));
#12001 = CARTESIAN_POINT('',(4.468384222911,4.546024882415));
#12002 = CARTESIAN_POINT('',(3.576577213353,4.031139865382));
#12003 = CARTESIAN_POINT('',(2.684770203794,3.516254848348));
#12004 = CARTESIAN_POINT('',(2.684770203794,4.546024882415));
#12005 = ( GEOMETRIC_REPRESENTATION_CONTEXT(2) 
PARAMETRIC_REPRESENTATION_CONTEXT() REPRESENTATION_CONTEXT('2D SPACE',''
  ) );
#12006 = ORIENTED_EDGE('',*,*,#11933,.F.);
#12007 = ADVANCED_FACE('',(#12008),#4375,.F.);
#12008 = FACE_BOUND('',#12009,.F.);
#12009 = EDGE_LOOP('',(#12010,#12011,#12034,#12055));
#12010 = ORIENTED_EDGE('',*,*,#4360,.T.);
#12011 = ORIENTED_EDGE('',*,*,#12012,.T.);
#12012 = EDGE_CURVE('',#4328,#12013,#12015,.T.);
#12013 = VERTEX_POINT('',#12014);
#12014 = CARTESIAN_POINT('',(6.379399292411,35.281315430132,
    73.90080412684));
#12015 = SURFACE_CURVE('',#12016,(#12020,#12027),.PCURVE_S1.);
#12016 = LINE('',#12017,#12018);
#12017 = CARTESIAN_POINT('',(6.379399292411,38.23030040965,
    73.90080412684));
#12018 = VECTOR('',#12019,1.);
#12019 = DIRECTION('',(0.,-1.,2.22044604925E-16));
#12020 = PCURVE('',#4375,#12021);
#12021 = DEFINITIONAL_REPRESENTATION('',(#12022),#12026);
#12022 = LINE('',#12023,#12024);
#12023 = CARTESIAN_POINT('',(3.552713678801E-15,0.));
#12024 = VECTOR('',#12025,1.);
#12025 = DIRECTION('',(0.,-1.));
#12026 = ( GEOMETRIC_REPRESENTATION_CONTEXT(2) 
PARAMETRIC_REPRESENTATION_CONTEXT() REPRESENTATION_CONTEXT('2D SPACE',''
  ) );
#12027 = PCURVE('',#4348,#12028);
#12028 = DEFINITIONAL_REPRESENTATION('',(#12029),#12033);
#12029 = LINE('',#12030,#12031);
#12030 = CARTESIAN_POINT('',(1.570796326795,0.));
#12031 = VECTOR('',#12032,1.);
#12032 = DIRECTION('',(0.,-1.));
#12033 = ( GEOMETRIC_REPRESENTATION_CONTEXT(2) 
PARAMETRIC_REPRESENTATION_CONTEXT() REPRESENTATION_CONTEXT('2D SPACE',''
  ) );
#12034 = ORIENTED_EDGE('',*,*,#12035,.T.);
#12035 = EDGE_CURVE('',#12013,#11959,#12036,.T.);
#12036 = SURFACE_CURVE('',#12037,(#12041,#12048),.PCURVE_S1.);
#12037 = LINE('',#12038,#12039);
#12038 = CARTESIAN_POINT('',(9.658707551596,35.281315430132,
    73.90080412684));
#12039 = VECTOR('',#12040,1.);
#12040 = DIRECTION('',(1.,0.,0.));
#12041 = PCURVE('',#4375,#12042);
#12042 = DEFINITIONAL_REPRESENTATION('',(#12043),#12047);
#12043 = LINE('',#12044,#12045);
#12044 = CARTESIAN_POINT('',(3.279308259184,-2.948984979518));
#12045 = VECTOR('',#12046,1.);
#12046 = DIRECTION('',(1.,0.));
#12047 = ( GEOMETRIC_REPRESENTATION_CONTEXT(2) 
PARAMETRIC_REPRESENTATION_CONTEXT() REPRESENTATION_CONTEXT('2D SPACE',''
  ) );
#12048 = PCURVE('',#11715,#12049);
#12049 = DEFINITIONAL_REPRESENTATION('',(#12050),#12054);
#12050 = LINE('',#12051,#12052);
#12051 = CARTESIAN_POINT('',(1.5495019256E-08,5.140562888788));
#12052 = VECTOR('',#12053,1.);
#12053 = DIRECTION('',(1.,0.));
#12054 = ( GEOMETRIC_REPRESENTATION_CONTEXT(2) 
PARAMETRIC_REPRESENTATION_CONTEXT() REPRESENTATION_CONTEXT('2D SPACE',''
  ) );
#12055 = ORIENTED_EDGE('',*,*,#11958,.F.);
#12056 = ADVANCED_FACE('',(#12057),#4348,.F.);
#12057 = FACE_BOUND('',#12058,.F.);
#12058 = EDGE_LOOP('',(#12059,#12060,#12061,#12087));
#12059 = ORIENTED_EDGE('',*,*,#4327,.F.);
#12060 = ORIENTED_EDGE('',*,*,#11727,.T.);
#12061 = ORIENTED_EDGE('',*,*,#12062,.T.);
#12062 = EDGE_CURVE('',#11700,#12013,#12063,.T.);
#12063 = SURFACE_CURVE('',#12064,(#12069,#12076),.PCURVE_S1.);
#12064 = CIRCLE('',#12065,0.594538006372);
#12065 = AXIS2_PLACEMENT_3D('',#12066,#12067,#12068);
#12066 = CARTESIAN_POINT('',(6.379399292411,35.281315430132,
    73.306266120467));
#12067 = DIRECTION('',(0.,1.,-2.22044604925E-16));
#12068 = DIRECTION('',(-1.,0.,0.));
#12069 = PCURVE('',#4348,#12070);
#12070 = DEFINITIONAL_REPRESENTATION('',(#12071),#12075);
#12071 = LINE('',#12072,#12073);
#12072 = CARTESIAN_POINT('',(0.,-2.948984979518));
#12073 = VECTOR('',#12074,1.);
#12074 = DIRECTION('',(1.,0.));
#12075 = ( GEOMETRIC_REPRESENTATION_CONTEXT(2) 
PARAMETRIC_REPRESENTATION_CONTEXT() REPRESENTATION_CONTEXT('2D SPACE',''
  ) );
#12076 = PCURVE('',#11715,#12077);
#12077 = DEFINITIONAL_REPRESENTATION('',(#12078),#12086);
#12078 = ( BOUNDED_CURVE() B_SPLINE_CURVE(2,(#12079,#12080,#12081,#12082
    ,#12083,#12084,#12085),.UNSPECIFIED.,.T.,.F.) 
B_SPLINE_CURVE_WITH_KNOTS((1,2,2,2,2,1),(-2.094395102393,0.,
    2.094395102393,4.188790204786,6.28318530718,8.377580409573),
.UNSPECIFIED.) CURVE() GEOMETRIC_REPRESENTATION_ITEM() 
RATIONAL_B_SPLINE_CURVE((1.,0.5,1.,0.5,1.,0.5,1.)) REPRESENTATION_ITEM(
  '') );
#12079 = CARTESIAN_POINT('',(-3.873846250062,4.546024882415));
#12080 = CARTESIAN_POINT('',(-3.873846250062,5.575794916483));
#12081 = CARTESIAN_POINT('',(-2.982039240503,5.060909899449));
#12082 = CARTESIAN_POINT('',(-2.090232230945,4.546024882415));
#12083 = CARTESIAN_POINT('',(-2.982039240503,4.031139865382));
#12084 = CARTESIAN_POINT('',(-3.873846250062,3.516254848348));
#12085 = CARTESIAN_POINT('',(-3.873846250062,4.546024882415));
#12086 = ( GEOMETRIC_REPRESENTATION_CONTEXT(2) 
PARAMETRIC_REPRESENTATION_CONTEXT() REPRESENTATION_CONTEXT('2D SPACE',''
  ) );
#12087 = ORIENTED_EDGE('',*,*,#12012,.F.);
#12088 = ADVANCED_FACE('',(#12089),#4554,.F.);
#12089 = FACE_BOUND('',#12090,.F.);
#12090 = EDGE_LOOP('',(#12091,#12092,#12115,#12143));
#12091 = ORIENTED_EDGE('',*,*,#4537,.T.);
#12092 = ORIENTED_EDGE('',*,*,#12093,.T.);
#12093 = EDGE_CURVE('',#4540,#12094,#12096,.T.);
#12094 = VERTEX_POINT('',#12095);
#12095 = CARTESIAN_POINT('',(5.784861286039,35.281315430132,
    76.406357153694));
#12096 = SURFACE_CURVE('',#12097,(#12101,#12108),.PCURVE_S1.);
#12097 = LINE('',#12098,#12099);
#12098 = CARTESIAN_POINT('',(5.784861286039,38.23030040965,
    76.406357153694));
#12099 = VECTOR('',#12100,1.);
#12100 = DIRECTION('',(0.,-1.,2.22044604925E-16));
#12101 = PCURVE('',#4554,#12102);
#12102 = DEFINITIONAL_REPRESENTATION('',(#12103),#12107);
#12103 = LINE('',#12104,#12105);
#12104 = CARTESIAN_POINT('',(0.,0.));
#12105 = VECTOR('',#12106,1.);
#12106 = DIRECTION('',(0.,-1.));
#12107 = ( GEOMETRIC_REPRESENTATION_CONTEXT(2) 
PARAMETRIC_REPRESENTATION_CONTEXT() REPRESENTATION_CONTEXT('2D SPACE',''
  ) );
#12108 = PCURVE('',#4761,#12109);
#12109 = DEFINITIONAL_REPRESENTATION('',(#12110),#12114);
#12110 = LINE('',#12111,#12112);
#12111 = CARTESIAN_POINT('',(6.28318530718,0.));
#12112 = VECTOR('',#12113,1.);
#12113 = DIRECTION('',(0.,-1.));
#12114 = ( GEOMETRIC_REPRESENTATION_CONTEXT(2) 
PARAMETRIC_REPRESENTATION_CONTEXT() REPRESENTATION_CONTEXT('2D SPACE',''
  ) );
#12115 = ORIENTED_EDGE('',*,*,#12116,.T.);
#12116 = EDGE_CURVE('',#12094,#12117,#12119,.T.);
#12117 = VERTEX_POINT('',#12118);
#12118 = CARTESIAN_POINT('',(5.784861286039,35.281315430132,
    85.498406918525));
#12119 = SURFACE_CURVE('',#12120,(#12124,#12131),.PCURVE_S1.);
#12120 = LINE('',#12121,#12122);
#12121 = CARTESIAN_POINT('',(5.784861286039,35.281315430132,
    80.95238203611));
#12122 = VECTOR('',#12123,1.);
#12123 = DIRECTION('',(0.,2.22044604925E-16,1.));
#12124 = PCURVE('',#4554,#12125);
#12125 = DEFINITIONAL_REPRESENTATION('',(#12126),#12130);
#12126 = LINE('',#12127,#12128);
#12127 = CARTESIAN_POINT('',(4.546024882415,-2.948984979518));
#12128 = VECTOR('',#12129,1.);
#12129 = DIRECTION('',(1.,0.));
#12130 = ( GEOMETRIC_REPRESENTATION_CONTEXT(2) 
PARAMETRIC_REPRESENTATION_CONTEXT() REPRESENTATION_CONTEXT('2D SPACE',''
  ) );
#12131 = PCURVE('',#12132,#12137);
#12132 = PLANE('',#12133);
#12133 = AXIS2_PLACEMENT_3D('',#12134,#12135,#12136);
#12134 = CARTESIAN_POINT('',(9.658707536101,35.281315430132,
    80.95238203611));
#12135 = DIRECTION('',(0.,-1.,2.22044604925E-16));
#12136 = DIRECTION('',(1.,0.,0.));
#12137 = DEFINITIONAL_REPRESENTATION('',(#12138),#12142);
#12138 = LINE('',#12139,#12140);
#12139 = CARTESIAN_POINT('',(-3.873846250062,-6.567227182846E-16));
#12140 = VECTOR('',#12141,1.);
#12141 = DIRECTION('',(0.,1.));
#12142 = ( GEOMETRIC_REPRESENTATION_CONTEXT(2) 
PARAMETRIC_REPRESENTATION_CONTEXT() REPRESENTATION_CONTEXT('2D SPACE',''
  ) );
#12143 = ORIENTED_EDGE('',*,*,#12144,.F.);
#12144 = EDGE_CURVE('',#4538,#12117,#12145,.T.);
#12145 = SURFACE_CURVE('',#12146,(#12150,#12157),.PCURVE_S1.);
#12146 = LINE('',#12147,#12148);
#12147 = CARTESIAN_POINT('',(5.784861286039,38.23030040965,
    85.498406918525));
#12148 = VECTOR('',#12149,1.);
#12149 = DIRECTION('',(0.,-1.,2.22044604925E-16));
#12150 = PCURVE('',#4554,#12151);
#12151 = DEFINITIONAL_REPRESENTATION('',(#12152),#12156);
#12152 = LINE('',#12153,#12154);
#12153 = CARTESIAN_POINT('',(9.092049764831,0.));
#12154 = VECTOR('',#12155,1.);
#12155 = DIRECTION('',(0.,-1.));
#12156 = ( GEOMETRIC_REPRESENTATION_CONTEXT(2) 
PARAMETRIC_REPRESENTATION_CONTEXT() REPRESENTATION_CONTEXT('2D SPACE',''
  ) );
#12157 = PCURVE('',#4586,#12158);
#12158 = DEFINITIONAL_REPRESENTATION('',(#12159),#12163);
#12159 = LINE('',#12160,#12161);
#12160 = CARTESIAN_POINT('',(0.,0.));
#12161 = VECTOR('',#12162,1.);
#12162 = DIRECTION('',(0.,-1.));
#12163 = ( GEOMETRIC_REPRESENTATION_CONTEXT(2) 
PARAMETRIC_REPRESENTATION_CONTEXT() REPRESENTATION_CONTEXT('2D SPACE',''
  ) );
#12164 = ADVANCED_FACE('',(#12165),#4761,.F.);
#12165 = FACE_BOUND('',#12166,.F.);
#12166 = EDGE_LOOP('',(#12167,#12168,#12191,#12217));
#12167 = ORIENTED_EDGE('',*,*,#4742,.F.);
#12168 = ORIENTED_EDGE('',*,*,#12169,.T.);
#12169 = EDGE_CURVE('',#4717,#12170,#12172,.T.);
#12170 = VERTEX_POINT('',#12171);
#12171 = CARTESIAN_POINT('',(6.379399292411,35.281315430132,
    75.811819147322));
#12172 = SURFACE_CURVE('',#12173,(#12177,#12184),.PCURVE_S1.);
#12173 = LINE('',#12174,#12175);
#12174 = CARTESIAN_POINT('',(6.379399292411,38.23030040965,
    75.811819147322));
#12175 = VECTOR('',#12176,1.);
#12176 = DIRECTION('',(0.,-1.,2.22044604925E-16));
#12177 = PCURVE('',#4761,#12178);
#12178 = DEFINITIONAL_REPRESENTATION('',(#12179),#12183);
#12179 = LINE('',#12180,#12181);
#12180 = CARTESIAN_POINT('',(4.712388980385,0.));
#12181 = VECTOR('',#12182,1.);
#12182 = DIRECTION('',(0.,-1.));
#12183 = ( GEOMETRIC_REPRESENTATION_CONTEXT(2) 
PARAMETRIC_REPRESENTATION_CONTEXT() REPRESENTATION_CONTEXT('2D SPACE',''
  ) );
#12184 = PCURVE('',#4731,#12185);
#12185 = DEFINITIONAL_REPRESENTATION('',(#12186),#12190);
#12186 = LINE('',#12187,#12188);
#12187 = CARTESIAN_POINT('',(3.552713678801E-15,0.));
#12188 = VECTOR('',#12189,1.);
#12189 = DIRECTION('',(0.,-1.));
#12190 = ( GEOMETRIC_REPRESENTATION_CONTEXT(2) 
PARAMETRIC_REPRESENTATION_CONTEXT() REPRESENTATION_CONTEXT('2D SPACE',''
  ) );
#12191 = ORIENTED_EDGE('',*,*,#12192,.T.);
#12192 = EDGE_CURVE('',#12170,#12094,#12193,.T.);
#12193 = SURFACE_CURVE('',#12194,(#12199,#12206),.PCURVE_S1.);
#12194 = CIRCLE('',#12195,0.594538006372);
#12195 = AXIS2_PLACEMENT_3D('',#12196,#12197,#12198);
#12196 = CARTESIAN_POINT('',(6.379399292411,35.281315430132,
    76.406357153694));
#12197 = DIRECTION('',(0.,1.,-2.22044604925E-16));
#12198 = DIRECTION('',(-1.,0.,0.));
#12199 = PCURVE('',#4761,#12200);
#12200 = DEFINITIONAL_REPRESENTATION('',(#12201),#12205);
#12201 = LINE('',#12202,#12203);
#12202 = CARTESIAN_POINT('',(0.,-2.948984979518));
#12203 = VECTOR('',#12204,1.);
#12204 = DIRECTION('',(1.,0.));
#12205 = ( GEOMETRIC_REPRESENTATION_CONTEXT(2) 
PARAMETRIC_REPRESENTATION_CONTEXT() REPRESENTATION_CONTEXT('2D SPACE',''
  ) );
#12206 = PCURVE('',#12132,#12207);
#12207 = DEFINITIONAL_REPRESENTATION('',(#12208),#12216);
#12208 = ( BOUNDED_CURVE() B_SPLINE_CURVE(2,(#12209,#12210,#12211,#12212
    ,#12213,#12214,#12215),.UNSPECIFIED.,.T.,.F.) 
B_SPLINE_CURVE_WITH_KNOTS((1,2,2,2,2,1),(-2.094395102393,0.,
    2.094395102393,4.188790204786,6.28318530718,8.377580409573),
.UNSPECIFIED.) CURVE() GEOMETRIC_REPRESENTATION_ITEM() 
RATIONAL_B_SPLINE_CURVE((1.,0.5,1.,0.5,1.,0.5,1.)) REPRESENTATION_ITEM(
  '') );
#12209 = CARTESIAN_POINT('',(-3.873846250062,-4.546024882415));
#12210 = CARTESIAN_POINT('',(-3.873846250062,-3.516254848348));
#12211 = CARTESIAN_POINT('',(-2.982039240503,-4.031139865382));
#12212 = CARTESIAN_POINT('',(-2.090232230945,-4.546024882415));
#12213 = CARTESIAN_POINT('',(-2.982039240503,-5.060909899449));
#12214 = CARTESIAN_POINT('',(-3.873846250062,-5.575794916483));
#12215 = CARTESIAN_POINT('',(-3.873846250062,-4.546024882415));
#12216 = ( GEOMETRIC_REPRESENTATION_CONTEXT(2) 
PARAMETRIC_REPRESENTATION_CONTEXT() REPRESENTATION_CONTEXT('2D SPACE',''
  ) );
#12217 = ORIENTED_EDGE('',*,*,#12093,.F.);
#12218 = ADVANCED_FACE('',(#12219),#4731,.T.);
#12219 = FACE_BOUND('',#12220,.T.);
#12220 = EDGE_LOOP('',(#12221,#12222,#12223,#12246));
#12221 = ORIENTED_EDGE('',*,*,#4716,.T.);
#12222 = ORIENTED_EDGE('',*,*,#12169,.T.);
#12223 = ORIENTED_EDGE('',*,*,#12224,.T.);
#12224 = EDGE_CURVE('',#12170,#12225,#12227,.T.);
#12225 = VERTEX_POINT('',#12226);
#12226 = CARTESIAN_POINT('',(12.938015746267,35.281315430132,
    75.811819147322));
#12227 = SURFACE_CURVE('',#12228,(#12232,#12239),.PCURVE_S1.);
#12228 = LINE('',#12229,#12230);
#12229 = CARTESIAN_POINT('',(9.658707551596,35.281315430132,
    75.811819147322));
#12230 = VECTOR('',#12231,1.);
#12231 = DIRECTION('',(1.,0.,0.));
#12232 = PCURVE('',#4731,#12233);
#12233 = DEFINITIONAL_REPRESENTATION('',(#12234),#12238);
#12234 = LINE('',#12235,#12236);
#12235 = CARTESIAN_POINT('',(3.279308259184,-2.948984979518));
#12236 = VECTOR('',#12237,1.);
#12237 = DIRECTION('',(1.,0.));
#12238 = ( GEOMETRIC_REPRESENTATION_CONTEXT(2) 
PARAMETRIC_REPRESENTATION_CONTEXT() REPRESENTATION_CONTEXT('2D SPACE',''
  ) );
#12239 = PCURVE('',#12132,#12240);
#12240 = DEFINITIONAL_REPRESENTATION('',(#12241),#12245);
#12241 = LINE('',#12242,#12243);
#12242 = CARTESIAN_POINT('',(1.5495019256E-08,-5.140562888788));
#12243 = VECTOR('',#12244,1.);
#12244 = DIRECTION('',(1.,0.));
#12245 = ( GEOMETRIC_REPRESENTATION_CONTEXT(2) 
PARAMETRIC_REPRESENTATION_CONTEXT() REPRESENTATION_CONTEXT('2D SPACE',''
  ) );
#12246 = ORIENTED_EDGE('',*,*,#12247,.F.);
#12247 = EDGE_CURVE('',#4684,#12225,#12248,.T.);
#12248 = SURFACE_CURVE('',#12249,(#12253,#12260),.PCURVE_S1.);
#12249 = LINE('',#12250,#12251);
#12250 = CARTESIAN_POINT('',(12.938015746267,38.23030040965,
    75.811819147322));
#12251 = VECTOR('',#12252,1.);
#12252 = DIRECTION('',(0.,-1.,2.22044604925E-16));
#12253 = PCURVE('',#4731,#12254);
#12254 = DEFINITIONAL_REPRESENTATION('',(#12255),#12259);
#12255 = LINE('',#12256,#12257);
#12256 = CARTESIAN_POINT('',(6.558616453856,0.));
#12257 = VECTOR('',#12258,1.);
#12258 = DIRECTION('',(0.,-1.));
#12259 = ( GEOMETRIC_REPRESENTATION_CONTEXT(2) 
PARAMETRIC_REPRESENTATION_CONTEXT() REPRESENTATION_CONTEXT('2D SPACE',''
  ) );
#12260 = PCURVE('',#4704,#12261);
#12261 = DEFINITIONAL_REPRESENTATION('',(#12262),#12266);
#12262 = LINE('',#12263,#12264);
#12263 = CARTESIAN_POINT('',(4.712388980385,0.));
#12264 = VECTOR('',#12265,1.);
#12265 = DIRECTION('',(0.,-1.));
#12266 = ( GEOMETRIC_REPRESENTATION_CONTEXT(2) 
PARAMETRIC_REPRESENTATION_CONTEXT() REPRESENTATION_CONTEXT('2D SPACE',''
  ) );
#12267 = ADVANCED_FACE('',(#12268),#4704,.F.);
#12268 = FACE_BOUND('',#12269,.F.);
#12269 = EDGE_LOOP('',(#12270,#12271,#12294,#12320));
#12270 = ORIENTED_EDGE('',*,*,#4683,.F.);
#12271 = ORIENTED_EDGE('',*,*,#12272,.T.);
#12272 = EDGE_CURVE('',#4658,#12273,#12275,.T.);
#12273 = VERTEX_POINT('',#12274);
#12274 = CARTESIAN_POINT('',(13.532553784896,35.281315430132,
    76.406357153694));
#12275 = SURFACE_CURVE('',#12276,(#12280,#12287),.PCURVE_S1.);
#12276 = LINE('',#12277,#12278);
#12277 = CARTESIAN_POINT('',(13.532553784896,38.23030040965,
    76.406357153694));
#12278 = VECTOR('',#12279,1.);
#12279 = DIRECTION('',(0.,-1.,2.22044604925E-16));
#12280 = PCURVE('',#4704,#12281);
#12281 = DEFINITIONAL_REPRESENTATION('',(#12282),#12286);
#12282 = LINE('',#12283,#12284);
#12283 = CARTESIAN_POINT('',(3.14159265359,0.));
#12284 = VECTOR('',#12285,1.);
#12285 = DIRECTION('',(0.,-1.));
#12286 = ( GEOMETRIC_REPRESENTATION_CONTEXT(2) 
PARAMETRIC_REPRESENTATION_CONTEXT() REPRESENTATION_CONTEXT('2D SPACE',''
  ) );
#12287 = PCURVE('',#4672,#12288);
#12288 = DEFINITIONAL_REPRESENTATION('',(#12289),#12293);
#12289 = LINE('',#12290,#12291);
#12290 = CARTESIAN_POINT('',(0.,0.));
#12291 = VECTOR('',#12292,1.);
#12292 = DIRECTION('',(0.,-1.));
#12293 = ( GEOMETRIC_REPRESENTATION_CONTEXT(2) 
PARAMETRIC_REPRESENTATION_CONTEXT() REPRESENTATION_CONTEXT('2D SPACE',''
  ) );
#12294 = ORIENTED_EDGE('',*,*,#12295,.T.);
#12295 = EDGE_CURVE('',#12273,#12225,#12296,.T.);
#12296 = SURFACE_CURVE('',#12297,(#12302,#12309),.PCURVE_S1.);
#12297 = CIRCLE('',#12298,0.594538006372);
#12298 = AXIS2_PLACEMENT_3D('',#12299,#12300,#12301);
#12299 = CARTESIAN_POINT('',(12.938015746267,35.281315430132,
    76.406357153694));
#12300 = DIRECTION('',(0.,1.,-2.22044604925E-16));
#12301 = DIRECTION('',(-1.,0.,0.));
#12302 = PCURVE('',#4704,#12303);
#12303 = DEFINITIONAL_REPRESENTATION('',(#12304),#12308);
#12304 = LINE('',#12305,#12306);
#12305 = CARTESIAN_POINT('',(0.,-2.948984979518));
#12306 = VECTOR('',#12307,1.);
#12307 = DIRECTION('',(1.,0.));
#12308 = ( GEOMETRIC_REPRESENTATION_CONTEXT(2) 
PARAMETRIC_REPRESENTATION_CONTEXT() REPRESENTATION_CONTEXT('2D SPACE',''
  ) );
#12309 = PCURVE('',#12132,#12310);
#12310 = DEFINITIONAL_REPRESENTATION('',(#12311),#12319);
#12311 = ( BOUNDED_CURVE() B_SPLINE_CURVE(2,(#12312,#12313,#12314,#12315
    ,#12316,#12317,#12318),.UNSPECIFIED.,.T.,.F.) 
B_SPLINE_CURVE_WITH_KNOTS((1,2,2,2,2,1),(-2.094395102393,0.,
    2.094395102393,4.188790204786,6.28318530718,8.377580409573),
.UNSPECIFIED.) CURVE() GEOMETRIC_REPRESENTATION_ITEM() 
RATIONAL_B_SPLINE_CURVE((1.,0.5,1.,0.5,1.,0.5,1.)) REPRESENTATION_ITEM(
  '') );
#12312 = CARTESIAN_POINT('',(2.684770203794,-4.546024882415));
#12313 = CARTESIAN_POINT('',(2.684770203794,-3.516254848348));
#12314 = CARTESIAN_POINT('',(3.576577213353,-4.031139865382));
#12315 = CARTESIAN_POINT('',(4.468384222911,-4.546024882415));
#12316 = CARTESIAN_POINT('',(3.576577213353,-5.060909899449));
#12317 = CARTESIAN_POINT('',(2.684770203794,-5.575794916483));
#12318 = CARTESIAN_POINT('',(2.684770203794,-4.546024882415));
#12319 = ( GEOMETRIC_REPRESENTATION_CONTEXT(2) 
PARAMETRIC_REPRESENTATION_CONTEXT() REPRESENTATION_CONTEXT('2D SPACE',''
  ) );
#12320 = ORIENTED_EDGE('',*,*,#12247,.F.);
#12321 = ADVANCED_FACE('',(#12322),#4672,.T.);
#12322 = FACE_BOUND('',#12323,.T.);
#12323 = EDGE_LOOP('',(#12324,#12325,#12326,#12349));
#12324 = ORIENTED_EDGE('',*,*,#4657,.T.);
#12325 = ORIENTED_EDGE('',*,*,#12272,.T.);
#12326 = ORIENTED_EDGE('',*,*,#12327,.T.);
#12327 = EDGE_CURVE('',#12273,#12328,#12330,.T.);
#12328 = VERTEX_POINT('',#12329);
#12329 = CARTESIAN_POINT('',(13.532553784896,35.281315430132,
    85.498406918525));
#12330 = SURFACE_CURVE('',#12331,(#12335,#12342),.PCURVE_S1.);
#12331 = LINE('',#12332,#12333);
#12332 = CARTESIAN_POINT('',(13.532553817152,35.281315430132,
    80.95238203611));
#12333 = VECTOR('',#12334,1.);
#12334 = DIRECTION('',(0.,2.22044604925E-16,1.));
#12335 = PCURVE('',#4672,#12336);
#12336 = DEFINITIONAL_REPRESENTATION('',(#12337),#12341);
#12337 = LINE('',#12338,#12339);
#12338 = CARTESIAN_POINT('',(4.546024882415,-2.948984979518));
#12339 = VECTOR('',#12340,1.);
#12340 = DIRECTION('',(1.,0.));
#12341 = ( GEOMETRIC_REPRESENTATION_CONTEXT(2) 
PARAMETRIC_REPRESENTATION_CONTEXT() REPRESENTATION_CONTEXT('2D SPACE',''
  ) );
#12342 = PCURVE('',#12132,#12343);
#12343 = DEFINITIONAL_REPRESENTATION('',(#12344),#12348);
#12344 = LINE('',#12345,#12346);
#12345 = CARTESIAN_POINT('',(3.873846281052,-6.567227182846E-16));
#12346 = VECTOR('',#12347,1.);
#12347 = DIRECTION('',(0.,1.));
#12348 = ( GEOMETRIC_REPRESENTATION_CONTEXT(2) 
PARAMETRIC_REPRESENTATION_CONTEXT() REPRESENTATION_CONTEXT('2D SPACE',''
  ) );
#12349 = ORIENTED_EDGE('',*,*,#12350,.F.);
#12350 = EDGE_CURVE('',#4625,#12328,#12351,.T.);
#12351 = SURFACE_CURVE('',#12352,(#12356,#12363),.PCURVE_S1.);
#12352 = LINE('',#12353,#12354);
#12353 = CARTESIAN_POINT('',(13.532553784896,38.23030040965,
    85.498406918525));
#12354 = VECTOR('',#12355,1.);
#12355 = DIRECTION('',(0.,-1.,2.22044604925E-16));
#12356 = PCURVE('',#4672,#12357);
#12357 = DEFINITIONAL_REPRESENTATION('',(#12358),#12362);
#12358 = LINE('',#12359,#12360);
#12359 = CARTESIAN_POINT('',(9.092049764831,0.));
#12360 = VECTOR('',#12361,1.);
#12361 = DIRECTION('',(0.,-1.));
#12362 = ( GEOMETRIC_REPRESENTATION_CONTEXT(2) 
PARAMETRIC_REPRESENTATION_CONTEXT() REPRESENTATION_CONTEXT('2D SPACE',''
  ) );
#12363 = PCURVE('',#4645,#12364);
#12364 = DEFINITIONAL_REPRESENTATION('',(#12365),#12369);
#12365 = LINE('',#12366,#12367);
#12366 = CARTESIAN_POINT('',(3.14159265359,0.));
#12367 = VECTOR('',#12368,1.);
#12368 = DIRECTION('',(0.,-1.));
#12369 = ( GEOMETRIC_REPRESENTATION_CONTEXT(2) 
PARAMETRIC_REPRESENTATION_CONTEXT() REPRESENTATION_CONTEXT('2D SPACE',''
  ) );
#12370 = ADVANCED_FACE('',(#12371),#4645,.F.);
#12371 = FACE_BOUND('',#12372,.F.);
#12372 = EDGE_LOOP('',(#12373,#12374,#12397,#12423));
#12373 = ORIENTED_EDGE('',*,*,#4624,.F.);
#12374 = ORIENTED_EDGE('',*,*,#12375,.T.);
#12375 = EDGE_CURVE('',#4599,#12376,#12378,.T.);
#12376 = VERTEX_POINT('',#12377);
#12377 = CARTESIAN_POINT('',(12.938015746267,35.281315430132,
    86.092944924898));
#12378 = SURFACE_CURVE('',#12379,(#12383,#12390),.PCURVE_S1.);
#12379 = LINE('',#12380,#12381);
#12380 = CARTESIAN_POINT('',(12.938015746267,38.23030040965,
    86.092944924898));
#12381 = VECTOR('',#12382,1.);
#12382 = DIRECTION('',(0.,-1.,2.22044604925E-16));
#12383 = PCURVE('',#4645,#12384);
#12384 = DEFINITIONAL_REPRESENTATION('',(#12385),#12389);
#12385 = LINE('',#12386,#12387);
#12386 = CARTESIAN_POINT('',(1.570796326795,0.));
#12387 = VECTOR('',#12388,1.);
#12388 = DIRECTION('',(0.,-1.));
#12389 = ( GEOMETRIC_REPRESENTATION_CONTEXT(2) 
PARAMETRIC_REPRESENTATION_CONTEXT() REPRESENTATION_CONTEXT('2D SPACE',''
  ) );
#12390 = PCURVE('',#4613,#12391);
#12391 = DEFINITIONAL_REPRESENTATION('',(#12392),#12396);
#12392 = LINE('',#12393,#12394);
#12393 = CARTESIAN_POINT('',(6.558616453856,0.));
#12394 = VECTOR('',#12395,1.);
#12395 = DIRECTION('',(0.,-1.));
#12396 = ( GEOMETRIC_REPRESENTATION_CONTEXT(2) 
PARAMETRIC_REPRESENTATION_CONTEXT() REPRESENTATION_CONTEXT('2D SPACE',''
  ) );
#12397 = ORIENTED_EDGE('',*,*,#12398,.T.);
#12398 = EDGE_CURVE('',#12376,#12328,#12399,.T.);
#12399 = SURFACE_CURVE('',#12400,(#12405,#12412),.PCURVE_S1.);
#12400 = CIRCLE('',#12401,0.594538006372);
#12401 = AXIS2_PLACEMENT_3D('',#12402,#12403,#12404);
#12402 = CARTESIAN_POINT('',(12.938015746267,35.281315430132,
    85.498406918525));
#12403 = DIRECTION('',(0.,1.,-2.22044604925E-16));
#12404 = DIRECTION('',(-1.,0.,0.));
#12405 = PCURVE('',#4645,#12406);
#12406 = DEFINITIONAL_REPRESENTATION('',(#12407),#12411);
#12407 = LINE('',#12408,#12409);
#12408 = CARTESIAN_POINT('',(0.,-2.948984979518));
#12409 = VECTOR('',#12410,1.);
#12410 = DIRECTION('',(1.,0.));
#12411 = ( GEOMETRIC_REPRESENTATION_CONTEXT(2) 
PARAMETRIC_REPRESENTATION_CONTEXT() REPRESENTATION_CONTEXT('2D SPACE',''
  ) );
#12412 = PCURVE('',#12132,#12413);
#12413 = DEFINITIONAL_REPRESENTATION('',(#12414),#12422);
#12414 = ( BOUNDED_CURVE() B_SPLINE_CURVE(2,(#12415,#12416,#12417,#12418
    ,#12419,#12420,#12421),.UNSPECIFIED.,.T.,.F.) 
B_SPLINE_CURVE_WITH_KNOTS((1,2,2,2,2,1),(-2.094395102393,0.,
    2.094395102393,4.188790204786,6.28318530718,8.377580409573),
.UNSPECIFIED.) CURVE() GEOMETRIC_REPRESENTATION_ITEM() 
RATIONAL_B_SPLINE_CURVE((1.,0.5,1.,0.5,1.,0.5,1.)) REPRESENTATION_ITEM(
  '') );
#12415 = CARTESIAN_POINT('',(2.684770203794,4.546024882415));
#12416 = CARTESIAN_POINT('',(2.684770203794,5.575794916483));
#12417 = CARTESIAN_POINT('',(3.576577213353,5.060909899449));
#12418 = CARTESIAN_POINT('',(4.468384222911,4.546024882415));
#12419 = CARTESIAN_POINT('',(3.576577213353,4.031139865382));
#12420 = CARTESIAN_POINT('',(2.684770203794,3.516254848348));
#12421 = CARTESIAN_POINT('',(2.684770203794,4.546024882415));
#12422 = ( GEOMETRIC_REPRESENTATION_CONTEXT(2) 
PARAMETRIC_REPRESENTATION_CONTEXT() REPRESENTATION_CONTEXT('2D SPACE',''
  ) );
#12423 = ORIENTED_EDGE('',*,*,#12350,.F.);
#12424 = ADVANCED_FACE('',(#12425),#4613,.F.);
#12425 = FACE_BOUND('',#12426,.F.);
#12426 = EDGE_LOOP('',(#12427,#12428,#12451,#12472));
#12427 = ORIENTED_EDGE('',*,*,#4598,.T.);
#12428 = ORIENTED_EDGE('',*,*,#12429,.T.);
#12429 = EDGE_CURVE('',#4566,#12430,#12432,.T.);
#12430 = VERTEX_POINT('',#12431);
#12431 = CARTESIAN_POINT('',(6.379399292411,35.281315430132,
    86.092944924898));
#12432 = SURFACE_CURVE('',#12433,(#12437,#12444),.PCURVE_S1.);
#12433 = LINE('',#12434,#12435);
#12434 = CARTESIAN_POINT('',(6.379399292411,38.23030040965,
    86.092944924898));
#12435 = VECTOR('',#12436,1.);
#12436 = DIRECTION('',(0.,-1.,2.22044604925E-16));
#12437 = PCURVE('',#4613,#12438);
#12438 = DEFINITIONAL_REPRESENTATION('',(#12439),#12443);
#12439 = LINE('',#12440,#12441);
#12440 = CARTESIAN_POINT('',(3.552713678801E-15,0.));
#12441 = VECTOR('',#12442,1.);
#12442 = DIRECTION('',(0.,-1.));
#12443 = ( GEOMETRIC_REPRESENTATION_CONTEXT(2) 
PARAMETRIC_REPRESENTATION_CONTEXT() REPRESENTATION_CONTEXT('2D SPACE',''
  ) );
#12444 = PCURVE('',#4586,#12445);
#12445 = DEFINITIONAL_REPRESENTATION('',(#12446),#12450);
#12446 = LINE('',#12447,#12448);
#12447 = CARTESIAN_POINT('',(1.570796326795,0.));
#12448 = VECTOR('',#12449,1.);
#12449 = DIRECTION('',(0.,-1.));
#12450 = ( GEOMETRIC_REPRESENTATION_CONTEXT(2) 
PARAMETRIC_REPRESENTATION_CONTEXT() REPRESENTATION_CONTEXT('2D SPACE',''
  ) );
#12451 = ORIENTED_EDGE('',*,*,#12452,.T.);
#12452 = EDGE_CURVE('',#12430,#12376,#12453,.T.);
#12453 = SURFACE_CURVE('',#12454,(#12458,#12465),.PCURVE_S1.);
#12454 = LINE('',#12455,#12456);
#12455 = CARTESIAN_POINT('',(9.658707551596,35.281315430132,
    86.092944924898));
#12456 = VECTOR('',#12457,1.);
#12457 = DIRECTION('',(1.,0.,0.));
#12458 = PCURVE('',#4613,#12459);
#12459 = DEFINITIONAL_REPRESENTATION('',(#12460),#12464);
#12460 = LINE('',#12461,#12462);
#12461 = CARTESIAN_POINT('',(3.279308259184,-2.948984979518));
#12462 = VECTOR('',#12463,1.);
#12463 = DIRECTION('',(1.,0.));
#12464 = ( GEOMETRIC_REPRESENTATION_CONTEXT(2) 
PARAMETRIC_REPRESENTATION_CONTEXT() REPRESENTATION_CONTEXT('2D SPACE',''
  ) );
#12465 = PCURVE('',#12132,#12466);
#12466 = DEFINITIONAL_REPRESENTATION('',(#12467),#12471);
#12467 = LINE('',#12468,#12469);
#12468 = CARTESIAN_POINT('',(1.5495019256E-08,5.140562888788));
#12469 = VECTOR('',#12470,1.);
#12470 = DIRECTION('',(1.,0.));
#12471 = ( GEOMETRIC_REPRESENTATION_CONTEXT(2) 
PARAMETRIC_REPRESENTATION_CONTEXT() REPRESENTATION_CONTEXT('2D SPACE',''
  ) );
#12472 = ORIENTED_EDGE('',*,*,#12375,.F.);
#12473 = ADVANCED_FACE('',(#12474),#4586,.F.);
#12474 = FACE_BOUND('',#12475,.F.);
#12475 = EDGE_LOOP('',(#12476,#12477,#12478,#12504));
#12476 = ORIENTED_EDGE('',*,*,#4565,.F.);
#12477 = ORIENTED_EDGE('',*,*,#12144,.T.);
#12478 = ORIENTED_EDGE('',*,*,#12479,.T.);
#12479 = EDGE_CURVE('',#12117,#12430,#12480,.T.);
#12480 = SURFACE_CURVE('',#12481,(#12486,#12493),.PCURVE_S1.);
#12481 = CIRCLE('',#12482,0.594538006372);
#12482 = AXIS2_PLACEMENT_3D('',#12483,#12484,#12485);
#12483 = CARTESIAN_POINT('',(6.379399292411,35.281315430132,
    85.498406918525));
#12484 = DIRECTION('',(0.,1.,-2.22044604925E-16));
#12485 = DIRECTION('',(-1.,0.,0.));
#12486 = PCURVE('',#4586,#12487);
#12487 = DEFINITIONAL_REPRESENTATION('',(#12488),#12492);
#12488 = LINE('',#12489,#12490);
#12489 = CARTESIAN_POINT('',(0.,-2.948984979518));
#12490 = VECTOR('',#12491,1.);
#12491 = DIRECTION('',(1.,0.));
#12492 = ( GEOMETRIC_REPRESENTATION_CONTEXT(2) 
PARAMETRIC_REPRESENTATION_CONTEXT() REPRESENTATION_CONTEXT('2D SPACE',''
  ) );
#12493 = PCURVE('',#12132,#12494);
#12494 = DEFINITIONAL_REPRESENTATION('',(#12495),#12503);
#12495 = ( BOUNDED_CURVE() B_SPLINE_CURVE(2,(#12496,#12497,#12498,#12499
    ,#12500,#12501,#12502),.UNSPECIFIED.,.T.,.F.) 
B_SPLINE_CURVE_WITH_KNOTS((1,2,2,2,2,1),(-2.094395102393,0.,
    2.094395102393,4.188790204786,6.28318530718,8.377580409573),
.UNSPECIFIED.) CURVE() GEOMETRIC_REPRESENTATION_ITEM() 
RATIONAL_B_SPLINE_CURVE((1.,0.5,1.,0.5,1.,0.5,1.)) REPRESENTATION_ITEM(
  '') );
#12496 = CARTESIAN_POINT('',(-3.873846250062,4.546024882415));
#12497 = CARTESIAN_POINT('',(-3.873846250062,5.575794916483));
#12498 = CARTESIAN_POINT('',(-2.982039240503,5.060909899449));
#12499 = CARTESIAN_POINT('',(-2.090232230945,4.546024882415));
#12500 = CARTESIAN_POINT('',(-2.982039240503,4.031139865382));
#12501 = CARTESIAN_POINT('',(-3.873846250062,3.516254848348));
#12502 = CARTESIAN_POINT('',(-3.873846250062,4.546024882415));
#12503 = ( GEOMETRIC_REPRESENTATION_CONTEXT(2) 
PARAMETRIC_REPRESENTATION_CONTEXT() REPRESENTATION_CONTEXT('2D SPACE',''
  ) );
#12504 = ORIENTED_EDGE('',*,*,#12429,.F.);
#12505 = ADVANCED_FACE('',(#12506),#4800,.F.);
#12506 = FACE_BOUND('',#12507,.F.);
#12507 = EDGE_LOOP('',(#12508));
#12508 = ORIENTED_EDGE('',*,*,#4783,.T.);
#12509 = ADVANCED_FACE('',(#12510),#4855,.F.);
#12510 = FACE_BOUND('',#12511,.F.);
#12511 = EDGE_LOOP('',(#12512));
#12512 = ORIENTED_EDGE('',*,*,#4838,.T.);
#12513 = ADVANCED_FACE('',(#12514),#4910,.F.);
#12514 = FACE_BOUND('',#12515,.F.);
#12515 = EDGE_LOOP('',(#12516));
#12516 = ORIENTED_EDGE('',*,*,#4893,.T.);
#12517 = ADVANCED_FACE('',(#12518),#4965,.F.);
#12518 = FACE_BOUND('',#12519,.F.);
#12519 = EDGE_LOOP('',(#12520));
#12520 = ORIENTED_EDGE('',*,*,#4948,.T.);
#12521 = ADVANCED_FACE('',(#12522),#5043,.F.);
#12522 = FACE_BOUND('',#12523,.F.);
#12523 = EDGE_LOOP('',(#12524,#12525,#12526,#12527,#12528,#12529,#12530,
    #12531));
#12524 = ORIENTED_EDGE('',*,*,#5027,.F.);
#12525 = ORIENTED_EDGE('',*,*,#5103,.F.);
#12526 = ORIENTED_EDGE('',*,*,#5135,.T.);
#12527 = ORIENTED_EDGE('',*,*,#5206,.F.);
#12528 = ORIENTED_EDGE('',*,*,#5238,.T.);
#12529 = ORIENTED_EDGE('',*,*,#5309,.F.);
#12530 = ORIENTED_EDGE('',*,*,#5363,.F.);
#12531 = ORIENTED_EDGE('',*,*,#5390,.F.);
#12532 = ADVANCED_FACE('',(#12533),#5460,.F.);
#12533 = FACE_BOUND('',#12534,.F.);
#12534 = EDGE_LOOP('',(#12535,#12536,#12537,#12538,#12539,#12540,#12541,
    #12542));
#12535 = ORIENTED_EDGE('',*,*,#5444,.F.);
#12536 = ORIENTED_EDGE('',*,*,#5520,.F.);
#12537 = ORIENTED_EDGE('',*,*,#5552,.T.);
#12538 = ORIENTED_EDGE('',*,*,#5623,.F.);
#12539 = ORIENTED_EDGE('',*,*,#5655,.T.);
#12540 = ORIENTED_EDGE('',*,*,#5726,.F.);
#12541 = ORIENTED_EDGE('',*,*,#5780,.F.);
#12542 = ORIENTED_EDGE('',*,*,#5807,.F.);
#12543 = ADVANCED_FACE('',(#12544),#5877,.F.);
#12544 = FACE_BOUND('',#12545,.F.);
#12545 = EDGE_LOOP('',(#12546,#12547,#12548,#12549,#12550,#12551,#12552,
    #12553));
#12546 = ORIENTED_EDGE('',*,*,#5861,.F.);
#12547 = ORIENTED_EDGE('',*,*,#5937,.F.);
#12548 = ORIENTED_EDGE('',*,*,#5969,.T.);
#12549 = ORIENTED_EDGE('',*,*,#6040,.F.);
#12550 = ORIENTED_EDGE('',*,*,#6072,.T.);
#12551 = ORIENTED_EDGE('',*,*,#6143,.F.);
#12552 = ORIENTED_EDGE('',*,*,#6197,.F.);
#12553 = ORIENTED_EDGE('',*,*,#6224,.F.);
#12554 = ADVANCED_FACE('',(#12555),#6294,.F.);
#12555 = FACE_BOUND('',#12556,.F.);
#12556 = EDGE_LOOP('',(#12557,#12558,#12559,#12560,#12561,#12562,#12563,
    #12564));
#12557 = ORIENTED_EDGE('',*,*,#6278,.F.);
#12558 = ORIENTED_EDGE('',*,*,#6354,.F.);
#12559 = ORIENTED_EDGE('',*,*,#6386,.T.);
#12560 = ORIENTED_EDGE('',*,*,#6457,.F.);
#12561 = ORIENTED_EDGE('',*,*,#6489,.T.);
#12562 = ORIENTED_EDGE('',*,*,#6560,.F.);
#12563 = ORIENTED_EDGE('',*,*,#6614,.F.);
#12564 = ORIENTED_EDGE('',*,*,#6641,.F.);
#12565 = ADVANCED_FACE('',(#12566),#6711,.F.);
#12566 = FACE_BOUND('',#12567,.F.);
#12567 = EDGE_LOOP('',(#12568,#12569,#12570,#12571,#12572,#12573,#12574,
    #12575));
#12568 = ORIENTED_EDGE('',*,*,#6695,.F.);
#12569 = ORIENTED_EDGE('',*,*,#6771,.F.);
#12570 = ORIENTED_EDGE('',*,*,#6803,.T.);
#12571 = ORIENTED_EDGE('',*,*,#6874,.F.);
#12572 = ORIENTED_EDGE('',*,*,#6906,.T.);
#12573 = ORIENTED_EDGE('',*,*,#6977,.F.);
#12574 = ORIENTED_EDGE('',*,*,#7031,.F.);
#12575 = ORIENTED_EDGE('',*,*,#7058,.F.);
#12576 = ADVANCED_FACE('',(#12577),#7128,.F.);
#12577 = FACE_BOUND('',#12578,.F.);
#12578 = EDGE_LOOP('',(#12579,#12580,#12581,#12582,#12583,#12584,#12585,
    #12586));
#12579 = ORIENTED_EDGE('',*,*,#7112,.F.);
#12580 = ORIENTED_EDGE('',*,*,#7188,.F.);
#12581 = ORIENTED_EDGE('',*,*,#7220,.T.);
#12582 = ORIENTED_EDGE('',*,*,#7291,.F.);
#12583 = ORIENTED_EDGE('',*,*,#7323,.T.);
#12584 = ORIENTED_EDGE('',*,*,#7394,.F.);
#12585 = ORIENTED_EDGE('',*,*,#7448,.F.);
#12586 = ORIENTED_EDGE('',*,*,#7475,.F.);
#12587 = ADVANCED_FACE('',(#12588),#7545,.F.);
#12588 = FACE_BOUND('',#12589,.F.);
#12589 = EDGE_LOOP('',(#12590,#12591,#12592,#12593,#12594,#12595,#12596,
    #12597));
#12590 = ORIENTED_EDGE('',*,*,#7529,.F.);
#12591 = ORIENTED_EDGE('',*,*,#7605,.F.);
#12592 = ORIENTED_EDGE('',*,*,#7637,.T.);
#12593 = ORIENTED_EDGE('',*,*,#7708,.F.);
#12594 = ORIENTED_EDGE('',*,*,#7740,.T.);
#12595 = ORIENTED_EDGE('',*,*,#7811,.F.);
#12596 = ORIENTED_EDGE('',*,*,#7865,.F.);
#12597 = ORIENTED_EDGE('',*,*,#7892,.F.);
#12598 = ADVANCED_FACE('',(#12599),#7962,.F.);
#12599 = FACE_BOUND('',#12600,.F.);
#12600 = EDGE_LOOP('',(#12601,#12602,#12603,#12604,#12605,#12606,#12607,
    #12608));
#12601 = ORIENTED_EDGE('',*,*,#7946,.F.);
#12602 = ORIENTED_EDGE('',*,*,#8022,.F.);
#12603 = ORIENTED_EDGE('',*,*,#8054,.T.);
#12604 = ORIENTED_EDGE('',*,*,#8125,.F.);
#12605 = ORIENTED_EDGE('',*,*,#8157,.T.);
#12606 = ORIENTED_EDGE('',*,*,#8228,.F.);
#12607 = ORIENTED_EDGE('',*,*,#8282,.F.);
#12608 = ORIENTED_EDGE('',*,*,#8309,.F.);
#12609 = ADVANCED_FACE('',(#12610),#8379,.F.);
#12610 = FACE_BOUND('',#12611,.F.);
#12611 = EDGE_LOOP('',(#12612,#12613,#12614,#12615,#12616,#12617,#12618,
    #12619));
#12612 = ORIENTED_EDGE('',*,*,#8363,.F.);
#12613 = ORIENTED_EDGE('',*,*,#8439,.F.);
#12614 = ORIENTED_EDGE('',*,*,#8471,.T.);
#12615 = ORIENTED_EDGE('',*,*,#8542,.F.);
#12616 = ORIENTED_EDGE('',*,*,#8574,.T.);
#12617 = ORIENTED_EDGE('',*,*,#8645,.F.);
#12618 = ORIENTED_EDGE('',*,*,#8699,.F.);
#12619 = ORIENTED_EDGE('',*,*,#8726,.F.);
#12620 = ADVANCED_FACE('',(#12621),#8796,.F.);
#12621 = FACE_BOUND('',#12622,.F.);
#12622 = EDGE_LOOP('',(#12623,#12624,#12625,#12626,#12627,#12628,#12629,
    #12630));
#12623 = ORIENTED_EDGE('',*,*,#8780,.F.);
#12624 = ORIENTED_EDGE('',*,*,#8856,.F.);
#12625 = ORIENTED_EDGE('',*,*,#8888,.T.);
#12626 = ORIENTED_EDGE('',*,*,#8959,.F.);
#12627 = ORIENTED_EDGE('',*,*,#8991,.T.);
#12628 = ORIENTED_EDGE('',*,*,#9062,.F.);
#12629 = ORIENTED_EDGE('',*,*,#9116,.F.);
#12630 = ORIENTED_EDGE('',*,*,#9143,.F.);
#12631 = ADVANCED_FACE('',(#12632),#9213,.F.);
#12632 = FACE_BOUND('',#12633,.F.);
#12633 = EDGE_LOOP('',(#12634,#12635,#12636,#12637,#12638,#12639,#12640,
    #12641));
#12634 = ORIENTED_EDGE('',*,*,#9197,.F.);
#12635 = ORIENTED_EDGE('',*,*,#9273,.F.);
#12636 = ORIENTED_EDGE('',*,*,#9305,.T.);
#12637 = ORIENTED_EDGE('',*,*,#9376,.F.);
#12638 = ORIENTED_EDGE('',*,*,#9408,.T.);
#12639 = ORIENTED_EDGE('',*,*,#9479,.F.);
#12640 = ORIENTED_EDGE('',*,*,#9533,.F.);
#12641 = ORIENTED_EDGE('',*,*,#9560,.F.);
#12642 = ADVANCED_FACE('',(#12643),#9630,.F.);
#12643 = FACE_BOUND('',#12644,.F.);
#12644 = EDGE_LOOP('',(#12645,#12646,#12647,#12648,#12649,#12650,#12651,
    #12652));
#12645 = ORIENTED_EDGE('',*,*,#9614,.F.);
#12646 = ORIENTED_EDGE('',*,*,#9690,.F.);
#12647 = ORIENTED_EDGE('',*,*,#9722,.T.);
#12648 = ORIENTED_EDGE('',*,*,#9793,.F.);
#12649 = ORIENTED_EDGE('',*,*,#9825,.T.);
#12650 = ORIENTED_EDGE('',*,*,#9896,.F.);
#12651 = ORIENTED_EDGE('',*,*,#9950,.F.);
#12652 = ORIENTED_EDGE('',*,*,#9977,.F.);
#12653 = ADVANCED_FACE('',(#12654),#10047,.F.);
#12654 = FACE_BOUND('',#12655,.F.);
#12655 = EDGE_LOOP('',(#12656,#12657,#12658,#12659,#12660,#12661,#12662,
    #12663));
#12656 = ORIENTED_EDGE('',*,*,#10031,.F.);
#12657 = ORIENTED_EDGE('',*,*,#10107,.F.);
#12658 = ORIENTED_EDGE('',*,*,#10139,.T.);
#12659 = ORIENTED_EDGE('',*,*,#10210,.F.);
#12660 = ORIENTED_EDGE('',*,*,#10242,.T.);
#12661 = ORIENTED_EDGE('',*,*,#10313,.F.);
#12662 = ORIENTED_EDGE('',*,*,#10367,.F.);
#12663 = ORIENTED_EDGE('',*,*,#10394,.F.);
#12664 = ADVANCED_FACE('',(#12665),#10464,.F.);
#12665 = FACE_BOUND('',#12666,.F.);
#12666 = EDGE_LOOP('',(#12667,#12668,#12669,#12670,#12671,#12672,#12673,
    #12674));
#12667 = ORIENTED_EDGE('',*,*,#10448,.F.);
#12668 = ORIENTED_EDGE('',*,*,#10524,.F.);
#12669 = ORIENTED_EDGE('',*,*,#10556,.T.);
#12670 = ORIENTED_EDGE('',*,*,#10627,.F.);
#12671 = ORIENTED_EDGE('',*,*,#10659,.T.);
#12672 = ORIENTED_EDGE('',*,*,#10730,.F.);
#12673 = ORIENTED_EDGE('',*,*,#10784,.F.);
#12674 = ORIENTED_EDGE('',*,*,#10811,.F.);
#12675 = ADVANCED_FACE('',(#12676),#10881,.F.);
#12676 = FACE_BOUND('',#12677,.F.);
#12677 = EDGE_LOOP('',(#12678,#12679,#12680,#12681,#12682,#12683,#12684,
    #12685));
#12678 = ORIENTED_EDGE('',*,*,#10865,.F.);
#12679 = ORIENTED_EDGE('',*,*,#10941,.F.);
#12680 = ORIENTED_EDGE('',*,*,#10973,.T.);
#12681 = ORIENTED_EDGE('',*,*,#11044,.F.);
#12682 = ORIENTED_EDGE('',*,*,#11076,.T.);
#12683 = ORIENTED_EDGE('',*,*,#11147,.F.);
#12684 = ORIENTED_EDGE('',*,*,#11201,.F.);
#12685 = ORIENTED_EDGE('',*,*,#11228,.F.);
#12686 = ADVANCED_FACE('',(#12687),#11298,.F.);
#12687 = FACE_BOUND('',#12688,.F.);
#12688 = EDGE_LOOP('',(#12689,#12690,#12691,#12692,#12693,#12694,#12695,
    #12696));
#12689 = ORIENTED_EDGE('',*,*,#11282,.F.);
#12690 = ORIENTED_EDGE('',*,*,#11358,.F.);
#12691 = ORIENTED_EDGE('',*,*,#11390,.T.);
#12692 = ORIENTED_EDGE('',*,*,#11461,.F.);
#12693 = ORIENTED_EDGE('',*,*,#11493,.T.);
#12694 = ORIENTED_EDGE('',*,*,#11564,.F.);
#12695 = ORIENTED_EDGE('',*,*,#11618,.F.);
#12696 = ORIENTED_EDGE('',*,*,#11645,.F.);
#12697 = ADVANCED_FACE('',(#12698),#11715,.F.);
#12698 = FACE_BOUND('',#12699,.F.);
#12699 = EDGE_LOOP('',(#12700,#12701,#12702,#12703,#12704,#12705,#12706,
    #12707));
#12700 = ORIENTED_EDGE('',*,*,#11699,.F.);
#12701 = ORIENTED_EDGE('',*,*,#11775,.F.);
#12702 = ORIENTED_EDGE('',*,*,#11807,.T.);
#12703 = ORIENTED_EDGE('',*,*,#11878,.F.);
#12704 = ORIENTED_EDGE('',*,*,#11910,.T.);
#12705 = ORIENTED_EDGE('',*,*,#11981,.F.);
#12706 = ORIENTED_EDGE('',*,*,#12035,.F.);
#12707 = ORIENTED_EDGE('',*,*,#12062,.F.);
#12708 = ADVANCED_FACE('',(#12709),#12132,.F.);
#12709 = FACE_BOUND('',#12710,.F.);
#12710 = EDGE_LOOP('',(#12711,#12712,#12713,#12714,#12715,#12716,#12717,
    #12718));
#12711 = ORIENTED_EDGE('',*,*,#12116,.F.);
#12712 = ORIENTED_EDGE('',*,*,#12192,.F.);
#12713 = ORIENTED_EDGE('',*,*,#12224,.T.);
#12714 = ORIENTED_EDGE('',*,*,#12295,.F.);
#12715 = ORIENTED_EDGE('',*,*,#12327,.T.);
#12716 = ORIENTED_EDGE('',*,*,#12398,.F.);
#12717 = ORIENTED_EDGE('',*,*,#12452,.F.);
#12718 = ORIENTED_EDGE('',*,*,#12479,.F.);
#12719 = ( GEOMETRIC_REPRESENTATION_CONTEXT(3) 
GLOBAL_UNCERTAINTY_ASSIGNED_CONTEXT((#12723)) 
GLOBAL_UNIT_ASSIGNED_CONTEXT((#12720,#12721,#12722)) 
REPRESENTATION_CONTEXT('Context #1',
  '3D Context with UNIT and UNCERTAINTY') );
#12720 = ( LENGTH_UNIT() NAMED_UNIT(*) SI_UNIT(.MILLI.,.METRE.) );
#12721 = ( NAMED_UNIT(*) PLANE_ANGLE_UNIT() SI_UNIT($,.RADIAN.) );
#12722 = ( NAMED_UNIT(*) SI_UNIT($,.STERADIAN.) SOLID_ANGLE_UNIT() );
#12723 = UNCERTAINTY_MEASURE_WITH_UNIT(LENGTH_MEASURE(1.E-07),#12720,
  'distance_accuracy_value','confusion accuracy');
#12724 = CONTEXT_DEPENDENT_SHAPE_REPRESENTATION(#12725,#12727);
#12725 = ( REPRESENTATION_RELATIONSHIP('','',#32,#10) 
REPRESENTATION_RELATIONSHIP_WITH_TRANSFORMATION(#12726) 
SHAPE_REPRESENTATION_RELATIONSHIP() );
#12726 = ITEM_DEFINED_TRANSFORMATION('','',#11,#15);
#12727 = PRODUCT_DEFINITION_SHAPE('Placement','Placement of an item',
  #12728);
#12728 = NEXT_ASSEMBLY_USAGE_OCCURRENCE('3','=>[0:1:1:2]','',#5,#27,$);
#12729 = PRODUCT_RELATED_PRODUCT_CATEGORY('part',$,(#29));
#12730 = SHAPE_DEFINITION_REPRESENTATION(#12727,#12731);
#12731 = SHAPE_REPRESENTATION('',(#15),#12719);
#12732 = SHAPE_DEFINITION_REPRESENTATION(#12727,#12733);
#12733 = SHAPE_REPRESENTATION('',(#15),#12719);
#12734 = MECHANICAL_DESIGN_GEOMETRIC_PRESENTATION_REPRESENTATION('',(
    #12735,#12745),#12719);
#12735 = STYLED_ITEM('color',(#12736),#33);
#12736 = PRESENTATION_STYLE_ASSIGNMENT((#12737,#12743));
#12737 = SURFACE_STYLE_USAGE(.BOTH.,#12738);
#12738 = SURFACE_SIDE_STYLE('',(#12739));
#12739 = SURFACE_STYLE_FILL_AREA(#12740);
#12740 = FILL_AREA_STYLE('',(#12741));
#12741 = FILL_AREA_STYLE_COLOUR('',#12742);
#12742 = COLOUR_RGB('',0.800000010877,0.800000010877,0.819999987296);
#12743 = CURVE_STYLE('',#12744,POSITIVE_LENGTH_MEASURE(0.1),#12742);
#12744 = DRAUGHTING_PRE_DEFINED_CURVE_FONT('continuous');
#12745 = OVER_RIDING_STYLED_ITEM('overriding color',(#12746),#33,#12735
  );
#12746 = PRESENTATION_STYLE_BY_CONTEXT((#12747,#12752),#12733);
#12747 = SURFACE_STYLE_USAGE(.BOTH.,#12748);
#12748 = SURFACE_SIDE_STYLE('',(#12749));
#12749 = SURFACE_STYLE_FILL_AREA(#12750);
#12750 = FILL_AREA_STYLE('',(#12751));
#12751 = FILL_AREA_STYLE_COLOUR('',#12742);
#12752 = CURVE_STYLE('',#12753,POSITIVE_LENGTH_MEASURE(0.1),#12742);
#12753 = DRAUGHTING_PRE_DEFINED_CURVE_FONT('continuous');
ENDSEC;
END-ISO-10303-21;
